{"type":"FeatureCollection","features":[{"type":"Feature","geometry":{"type":"Polygon","coordinates":[[[77.42088111894897,28.999211711025882],[77.44383997730962,28.996110535238703],[77.44182681036324,29.01457713665182],[77.42088111894897,29.013819264611076],[77.42088111894897,28.999211711025882]]]},"properties":{"ulpin":"07456794901508","parcel_id":"93605ce2-12a2-447f-835b-be0b1f20fbe8","state":"Delhi (NCT)","state_code":"DL","state_type":"UT","state_lgd_code":"7","district_lgd_code":"95","district_name":"South West Delhi","subdistrict_lgd_code":"780","subdistrict_name":"Najafgarh Tehsil","subdistrict_type":"Tehsil / Taluk","village_lgd_code":"71092","village_name":"Dhansa","khasra_plot_no":"Mustatil 32, Killa 15/D1","recorded_area":"4.16","recorded_area_unit":"Bigha-Biswa","normalized_area_sqm":"3478.3","gis_area_sqm":"3478.3","land_use_category":"OTHER","land_use_raw":"Bhumidhari (Agricultural)","status":"ARCHIVED","data_freshness_status":"UNKNOWN","scenario_index":"19493","use_case_description":"Bank mortgage and active encumbrance","mutation_workflow_status":"REJECTED","revenue_record_id":"ROR-DL-2025-1032-0001","revenue_record_type":"Khasra Khatauni (Delhi Bhulekh / DLR Act)","khata_khewat_no":"KHT-82","khatauni_no":"KHN-182","owner_name":"Chaudhary Dharamvir Singh","owner_name_local":"चौधरी धर्मवीर सिंह","co_owners":"","tenure_type":"Tribal Community Tenure","mutation_status":"NONE","active_mutation_id":"MUT-DL-00000001","tax_demand_status":"PAID","annual_tax_inr":"185.5","deed_number":"DEED-DL-2024-432-0001","deed_type":"Sale Deed / Conveyance","sro_office":"Sub-Registrar Office, Najafgarh Tehsil","execution_date":"2024-05-10","registered_owner":"Chaudhary Dharamvir Singh","seller_name":"Previous Landholder","consideration_amount_inr":"3500000.0","stamp_duty_inr":"210000.0","survey_sketch_id":"FMB-DL-32-0001","cadastral_sheet_no":"SHT-DL-32","surveyed_area_sqm":"3478.3","survey_status":"PENDING","urban_authority":"Najafgarh Tehsil Urban Development & Town Planning Authority","zone_name":"Commercial Business District","permitted_land_use":"OTHER","building_permission_status":"PENDING","violations_reported":"False","is_encumbered":"False","encumbrance_certificate_number":"EC-DL-2024-132-0001","encumbrance_type":"NIL","financial_institution":"","mortgage_amount":"0.0","created_at":"2026-01-15T09:00:00Z","updated_at":"2026-09-24T11:30:00Z"}},{"type":"Feature","geometry":{"type":"Polygon","coordinates":[[[77.34789351110297,28.952498673550437],[77.3697765191058,28.956171844167034],[77.3722484189209,28.974155563719467],[77.34855612512303,28.976489737448752],[77.34789351110297,28.952498673550437]]]},"properties":{"ulpin":"07491167910881","parcel_id":"ef3f8603-9f05-49be-87d8-a3eab96eb17f","state":"Delhi (NCT)","state_code":"DL","state_type":"UT","state_lgd_code":"7","district_lgd_code":"95","district_name":"South West Delhi","subdistrict_lgd_code":"780","subdistrict_name":"Najafgarh Tehsil","subdistrict_type":"Tehsil / Taluk","village_lgd_code":"71092","village_name":"Dhansa","khasra_plot_no":"Mustatil 32, Killa 15/D2","recorded_area":"4.16","recorded_area_unit":"Bigha-Biswa","normalized_area_sqm":"3478.3","gis_area_sqm":"3478.3","land_use_category":"RESIDENTIAL","land_use_raw":"Bhumidhari (Agricultural)","status":"ACTIVE","data_freshness_status":"CURRENT","scenario_index":"19494","use_case_description":"Archived historical record for audit retrieval","mutation_workflow_status":"SLA_BREACHED","revenue_record_id":"ROR-DL-2025-1032-0002","revenue_record_type":"Khasra Khatauni (Delhi Bhulekh / DLR Act)","khata_khewat_no":"KHT-82","khatauni_no":"KHN-182","owner_name":"Chaudhary Dharamvir Singh","owner_name_local":"चौधरी धर्मवीर सिंह","co_owners":"","tenure_type":"Bhumiswami / Raiyati with Transferable Rights","mutation_status":"MUTATED","active_mutation_id":"","tax_demand_status":"PAID","annual_tax_inr":"185.5","deed_number":"DEED-DL-2024-432-0002","deed_type":"Sale Deed / Conveyance","sro_office":"Sub-Registrar Office, Najafgarh Tehsil","execution_date":"2024-05-10","registered_owner":"Registry Variance Owner 2","seller_name":"Previous Landholder","consideration_amount_inr":"3500000.0","stamp_duty_inr":"210000.0","survey_sketch_id":"FMB-DL-32-0002","cadastral_sheet_no":"SHT-DL-32","surveyed_area_sqm":"3478.3","survey_status":"DISPUTED","urban_authority":"Najafgarh Tehsil Urban Development & Town Planning Authority","zone_name":"Commercial Business District","permitted_land_use":"RESIDENTIAL","building_permission_status":"REJECTED","violations_reported":"False","is_encumbered":"True","encumbrance_certificate_number":"EC-DL-00000002-0002","encumbrance_type":"BANK_MORTGAGE","financial_institution":"","mortgage_amount":"0.0","created_at":"2026-01-15T09:00:00Z","updated_at":"2026-09-24T11:30:00Z"}},{"type":"Feature","geometry":{"type":"Polygon","coordinates":[[[77.46027164921387,28.539613670863705],[77.47615026203346,28.537909376999256],[77.47752283016352,28.55724313543358],[77.46027164921387,28.55873639791811],[77.46027164921387,28.539613670863705]]]},"properties":{"ulpin":"07836805142695","parcel_id":"f546491b-d1bd-4717-9410-346ec39125e5","state":"Delhi (NCT)","state_code":"DL","state_type":"UT","state_lgd_code":"7","district_lgd_code":"95","district_name":"South West Delhi","subdistrict_lgd_code":"780","subdistrict_name":"Najafgarh Tehsil","subdistrict_type":"Tehsil / Taluk","village_lgd_code":"71092","village_name":"Dhansa","khasra_plot_no":"Mustatil 32, Killa 15/D3","recorded_area":"4.16","recorded_area_unit":"Bigha-Biswa","normalized_area_sqm":"3478.3","gis_area_sqm":"3478.3","land_use_category":"COMMERCIAL","land_use_raw":"Bhumidhari (Agricultural)","status":"PENDING_MUTATION","data_freshness_status":"STALE","scenario_index":"19495","use_case_description":"Bank mortgage and active encumbrance","mutation_workflow_status":"SUBMITTED","revenue_record_id":"ROR-DL-2025-1032-0003","revenue_record_type":"Khasra Khatauni (Delhi Bhulekh / DLR Act)","khata_khewat_no":"KHT-82","khatauni_no":"KHN-182","owner_name":"Chaudhary Dharamvir Singh","owner_name_local":"चौधरी धर्मवीर सिंह","co_owners":"","tenure_type":"Bhumiswami / Freehold","mutation_status":"PENDING","active_mutation_id":"MUT-DL-00000003","tax_demand_status":"PAID","annual_tax_inr":"185.5","deed_number":"DEED-DL-2024-432-0003","deed_type":"Sale Deed / Conveyance","sro_office":"Sub-Registrar Office, Najafgarh Tehsil","execution_date":"2024-05-10","registered_owner":"Chaudhary Dharamvir Singh","seller_name":"Previous Landholder","consideration_amount_inr":"3500000.0","stamp_duty_inr":"210000.0","survey_sketch_id":"FMB-DL-32-0003","cadastral_sheet_no":"SHT-DL-32","surveyed_area_sqm":"3478.3","survey_status":"RESURVEY_REQUIRED","urban_authority":"Najafgarh Tehsil Urban Development & Town Planning Authority","zone_name":"Commercial Business District","permitted_land_use":"COMMERCIAL","building_permission_status":"NOT_APPLICABLE","violations_reported":"True","is_encumbered":"True","encumbrance_certificate_number":"EC-DL-00000003-0003","encumbrance_type":"GOVT_REVENUE_LIEN","financial_institution":"","mortgage_amount":"0.0","created_at":"2026-01-15T09:00:00Z","updated_at":"2026-09-24T11:30:00Z"}},{"type":"Feature","geometry":{"type":"Polygon","coordinates":[[[77.23711113791825,28.942273155570795],[77.25914485866988,28.94052349816176],[77.25624923738228,28.95855718684288],[77.23962660089796,28.96043623874794],[77.23711113791825,28.942273155570795]]]},"properties":{"ulpin":"07432760791266","parcel_id":"645f1b23-7512-4770-8611-c6af95492620","state":"Delhi (NCT)","state_code":"DL","state_type":"UT","state_lgd_code":"7","district_lgd_code":"95","district_name":"South West Delhi","subdistrict_lgd_code":"780","subdistrict_name":"Najafgarh Tehsil","subdistrict_type":"Tehsil / Taluk","village_lgd_code":"71092","village_name":"Dhansa","khasra_plot_no":"Mustatil 32, Killa 15/D4","recorded_area":"4.16","recorded_area_unit":"Bigha-Biswa","normalized_area_sqm":"3478.3","gis_area_sqm":"3478.3","land_use_category":"INDUSTRIAL","land_use_raw":"Bhumidhari (Agricultural)","status":"SUBDIVIDED","data_freshness_status":"UNKNOWN","scenario_index":"19496","use_case_description":"Government revenue lien and tax demand","mutation_workflow_status":"UNDER_VERIFICATION","revenue_record_id":"ROR-DL-2025-1032-0004","revenue_record_type":"Khasra Khatauni (Delhi Bhulekh / DLR Act)","khata_khewat_no":"KHT-82","khatauni_no":"KHN-182","owner_name":"Chaudhary Dharamvir Singh","owner_name_local":"चौधरी धर्मवीर सिंह","co_owners":"","tenure_type":"Leasehold","mutation_status":"UNMUTATED_TRANSACTION","active_mutation_id":"MUT-DL-00000004","tax_demand_status":"PAID","annual_tax_inr":"185.5","deed_number":"DEED-DL-2024-432-0004","deed_type":"Sale Deed / Conveyance","sro_office":"Sub-Registrar Office, Najafgarh Tehsil","execution_date":"2024-05-10","registered_owner":"Chaudhary Dharamvir Singh","seller_name":"Previous Landholder","consideration_amount_inr":"3500000.0","stamp_duty_inr":"210000.0","survey_sketch_id":"FMB-DL-32-0004","cadastral_sheet_no":"SHT-DL-32","surveyed_area_sqm":"3478.3","survey_status":"SURVEYED","urban_authority":"Najafgarh Tehsil Urban Development & Town Planning Authority","zone_name":"Commercial Business District","permitted_land_use":"INDUSTRIAL","building_permission_status":"SANCTIONED","violations_reported":"False","is_encumbered":"True","encumbrance_certificate_number":"EC-DL-00000004-0004","encumbrance_type":"COURT_ATTACHMENT","financial_institution":"","mortgage_amount":"0.0","created_at":"2026-01-15T09:00:00Z","updated_at":"2026-09-24T11:30:00Z"}},{"type":"Feature","geometry":{"type":"Polygon","coordinates":[[[77.3555227581881,28.582789904320705],[77.37649980107567,28.584329559398103],[77.37649980107567,28.60628689641854],[77.3575168928402,28.607818299564567],[77.3555227581881,28.582789904320705]]]},"properties":{"ulpin":"07687894236561","parcel_id":"4b14071d-eeab-49dd-98eb-cdaea441775d","state":"Delhi (NCT)","state_code":"DL","state_type":"UT","state_lgd_code":"7","district_lgd_code":"95","district_name":"South West Delhi","subdistrict_lgd_code":"780","subdistrict_name":"Najafgarh Tehsil","subdistrict_type":"Tehsil / Taluk","village_lgd_code":"71092","village_name":"Dhansa","khasra_plot_no":"Mustatil 32, Killa 15/D5","recorded_area":"4.16","recorded_area_unit":"Bigha-Biswa","normalized_area_sqm":"3478.3","gis_area_sqm":"3478.3","land_use_category":"AGRICULTURAL","land_use_raw":"Bhumidhari (Agricultural)","status":"AMALGAMATED","data_freshness_status":"CURRENT","scenario_index":"19497","use_case_description":"Court attachment and disputed possession","mutation_workflow_status":"NOTICE_PERIOD","revenue_record_id":"ROR-DL-2025-1032-0005","revenue_record_type":"Khasra Khatauni (Delhi Bhulekh / DLR Act)","khata_khewat_no":"KHT-82","khatauni_no":"KHN-182","owner_name":"Chaudhary Dharamvir Singh","owner_name_local":"चौधरी धर्मवीर सिंह","co_owners":"","tenure_type":"Government Grant","mutation_status":"REJECTED","active_mutation_id":"MUT-DL-00000005","tax_demand_status":"PAID","annual_tax_inr":"185.5","deed_number":"DEED-DL-2024-432-0005","deed_type":"Sale Deed / Conveyance","sro_office":"Sub-Registrar Office, Najafgarh Tehsil","execution_date":"2024-05-10","registered_owner":"Chaudhary Dharamvir Singh","seller_name":"Previous Landholder","consideration_amount_inr":"3500000.0","stamp_duty_inr":"210000.0","survey_sketch_id":"FMB-DL-32-0005","cadastral_sheet_no":"SHT-DL-32","surveyed_area_sqm":"3478.3","survey_status":"PENDING","urban_authority":"Najafgarh Tehsil Urban Development & Town Planning Authority","zone_name":"Commercial Business District","permitted_land_use":"AGRICULTURAL","building_permission_status":"PENDING","violations_reported":"False","is_encumbered":"True","encumbrance_certificate_number":"EC-DL-00000005-0005","encumbrance_type":"TRIBAL_NON_ALIENATION","financial_institution":"","mortgage_amount":"0.0","created_at":"2026-01-15T09:00:00Z","updated_at":"2026-09-24T11:30:00Z"}},{"type":"Feature","geometry":{"type":"Polygon","coordinates":[[[77.22515770866475,28.682353759839973],[77.24101509897027,28.678766398354462],[77.23955191893512,28.69634039166749],[77.22652028118479,28.69634039166749],[77.22515770866475,28.682353759839973]]]},"properties":{"ulpin":"07998506378440","parcel_id":"7f103530-623b-4452-becc-bc1a0d30340d","state":"Delhi (NCT)","state_code":"DL","state_type":"UT","state_lgd_code":"7","district_lgd_code":"95","district_name":"South West Delhi","subdistrict_lgd_code":"780","subdistrict_name":"Najafgarh Tehsil","subdistrict_type":"Tehsil / Taluk","village_lgd_code":"71092","village_name":"Dhansa","khasra_plot_no":"Mustatil 32, Killa 15/D6","recorded_area":"4.16","recorded_area_unit":"Bigha-Biswa","normalized_area_sqm":"3478.3","gis_area_sqm":"3478.3","land_use_category":"INSTITUTIONAL","land_use_raw":"Bhumidhari (Agricultural)","status":"DISPUTED","data_freshness_status":"STALE","scenario_index":"19498","use_case_description":"Tribal non-alienation protection review","mutation_workflow_status":"HEARING_SCHEDULED","revenue_record_id":"ROR-DL-2025-1032-0006","revenue_record_type":"Khasra Khatauni (Delhi Bhulekh / DLR Act)","khata_khewat_no":"KHT-82","khatauni_no":"KHN-182","owner_name":"Chaudhary Dharamvir Singh","owner_name_local":"चौधरी धर्मवीर सिंह","co_owners":"","tenure_type":"Waqf / Religious Trust","mutation_status":"DISPUTED","active_mutation_id":"MUT-DL-00000006","tax_demand_status":"PAID","annual_tax_inr":"185.5","deed_number":"DEED-DL-2024-432-0006","deed_type":"Sale Deed / Conveyance","sro_office":"Sub-Registrar Office, Najafgarh Tehsil","execution_date":"2024-05-10","registered_owner":"Chaudhary Dharamvir Singh","seller_name":"Previous Landholder","consideration_amount_inr":"3500000.0","stamp_duty_inr":"210000.0","survey_sketch_id":"FMB-DL-32-0006","cadastral_sheet_no":"SHT-DL-32","surveyed_area_sqm":"3478.3","survey_status":"DISPUTED","urban_authority":"Najafgarh Tehsil Urban Development & Town Planning Authority","zone_name":"Commercial Business District","permitted_land_use":"INSTITUTIONAL","building_permission_status":"REJECTED","violations_reported":"False","is_encumbered":"True","encumbrance_certificate_number":"EC-DL-00000006-0006","encumbrance_type":"LEASE_CHARGE","financial_institution":"","mortgage_amount":"0.0","created_at":"2026-01-15T09:00:00Z","updated_at":"2026-09-24T11:30:00Z"}},{"type":"Feature","geometry":{"type":"Polygon","coordinates":[[[77.33400067522422,28.479585661175193],[77.35485635232202,28.479585661175193],[77.3550669017041,28.500031982579834],[77.33286497303003,28.504074480330623],[77.33400067522422,28.479585661175193]]]},"properties":{"ulpin":"07637097013161","parcel_id":"72821e23-c1a4-4492-bcc7-4a3eff6d5af5","state":"Delhi (NCT)","state_code":"DL","state_type":"UT","state_lgd_code":"7","district_lgd_code":"95","district_name":"South West Delhi","subdistrict_lgd_code":"780","subdistrict_name":"Najafgarh Tehsil","subdistrict_type":"Tehsil / Taluk","village_lgd_code":"71092","village_name":"Dhansa","khasra_plot_no":"Mustatil 32, Killa 15/D7","recorded_area":"4.16","recorded_area_unit":"Bigha-Biswa","normalized_area_sqm":"3478.3","gis_area_sqm":"3478.3","land_use_category":"FOREST_GREEN_BELT","land_use_raw":"Bhumidhari (Agricultural)","status":"ARCHIVED","data_freshness_status":"UNKNOWN","scenario_index":"19499","use_case_description":"Archived historical record for audit retrieval","mutation_workflow_status":"APPROVED","revenue_record_id":"ROR-DL-2025-1032-0007","revenue_record_type":"Khasra Khatauni (Delhi Bhulekh / DLR Act)","khata_khewat_no":"KHT-82","khatauni_no":"KHN-182","owner_name":"Chaudhary Dharamvir Singh","owner_name_local":"चौधरी धर्मवीर सिंह","co_owners":"","tenure_type":"Tribal Community Tenure","mutation_status":"NONE","active_mutation_id":"MUT-DL-00000007","tax_demand_status":"PAID","annual_tax_inr":"185.5","deed_number":"DEED-DL-2024-432-0007","deed_type":"Sale Deed / Conveyance","sro_office":"Sub-Registrar Office, Najafgarh Tehsil","execution_date":"2024-05-10","registered_owner":"Registry Variance Owner 7","seller_name":"Previous Landholder","consideration_amount_inr":"3500000.0","stamp_duty_inr":"210000.0","survey_sketch_id":"FMB-DL-32-0007","cadastral_sheet_no":"SHT-DL-32","surveyed_area_sqm":"3478.3","survey_status":"RESURVEY_REQUIRED","urban_authority":"Najafgarh Tehsil Urban Development & Town Planning Authority","zone_name":"Commercial Business District","permitted_land_use":"FOREST_GREEN_BELT","building_permission_status":"NOT_APPLICABLE","violations_reported":"False","is_encumbered":"False","encumbrance_certificate_number":"EC-DL-2024-132-0007","encumbrance_type":"NIL","financial_institution":"","mortgage_amount":"0.0","created_at":"2026-01-15T09:00:00Z","updated_at":"2026-09-24T11:30:00Z"}},{"type":"Feature","geometry":{"type":"Polygon","coordinates":[[[77.25612042255129,28.646503045909036],[77.27453522521209,28.645619726876884],[77.27453522521209,28.665589373599467],[77.26008964246292,28.665252963870046],[77.25612042255129,28.646503045909036]]]},"properties":{"ulpin":"07246287202371","parcel_id":"7c515843-fb72-4cea-b176-03dc1bf24e9c","state":"Delhi (NCT)","state_code":"DL","state_type":"UT","state_lgd_code":"7","district_lgd_code":"95","district_name":"South West Delhi","subdistrict_lgd_code":"780","subdistrict_name":"Najafgarh Tehsil","subdistrict_type":"Tehsil / Taluk","village_lgd_code":"71092","village_name":"Dhansa","khasra_plot_no":"Mustatil 32, Killa 15/D8","recorded_area":"4.16","recorded_area_unit":"Bigha-Biswa","normalized_area_sqm":"3478.3","gis_area_sqm":"3478.3","land_use_category":"WATER_BODY","land_use_raw":"Bhumidhari (Agricultural)","status":"ACTIVE","data_freshness_status":"CURRENT","scenario_index":"19500","use_case_description":"Subdivision or amalgamation history review","mutation_workflow_status":"REJECTED","revenue_record_id":"ROR-DL-2025-1032-0008","revenue_record_type":"Khasra Khatauni (Delhi Bhulekh / DLR Act)","khata_khewat_no":"KHT-82","khatauni_no":"KHN-182","owner_name":"Chaudhary Dharamvir Singh","owner_name_local":"चौधरी धर्मवीर सिंह","co_owners":"","tenure_type":"Bhumiswami / Raiyati with Transferable Rights","mutation_status":"MUTATED","active_mutation_id":"","tax_demand_status":"PAID","annual_tax_inr":"185.5","deed_number":"DEED-DL-2024-432-0008","deed_type":"Sale Deed / Conveyance","sro_office":"Sub-Registrar Office, Najafgarh Tehsil","execution_date":"2024-05-10","registered_owner":"Chaudhary Dharamvir Singh","seller_name":"Previous Landholder","consideration_amount_inr":"3500000.0","stamp_duty_inr":"210000.0","survey_sketch_id":"FMB-DL-32-0008","cadastral_sheet_no":"SHT-DL-32","surveyed_area_sqm":"3478.3","survey_status":"SURVEYED","urban_authority":"Najafgarh Tehsil Urban Development & Town Planning Authority","zone_name":"Commercial Business District","permitted_land_use":"WATER_BODY","building_permission_status":"SANCTIONED","violations_reported":"False","is_encumbered":"True","encumbrance_certificate_number":"EC-DL-00000008-0008","encumbrance_type":"BANK_MORTGAGE","financial_institution":"","mortgage_amount":"0.0","created_at":"2026-01-15T09:00:00Z","updated_at":"2026-09-24T11:30:00Z"}},{"type":"Feature","geometry":{"type":"Polygon","coordinates":[[[77.24318247624461,28.566791761541868],[77.2589530322287,28.567832268400906],[77.26021744556628,28.58247281153268],[77.2421730736631,28.583165832394496],[77.24318247624461,28.566791761541868]]]},"properties":{"ulpin":"07943591397341","parcel_id":"0c558c0e-63b6-4976-a09e-0eddd197f4d1","state":"Delhi (NCT)","state_code":"DL","state_type":"UT","state_lgd_code":"7","district_lgd_code":"95","district_name":"South West Delhi","subdistrict_lgd_code":"780","subdistrict_name":"Najafgarh Tehsil","subdistrict_type":"Tehsil / Taluk","village_lgd_code":"71092","village_name":"Dhansa","khasra_plot_no":"Mustatil 32, Killa 15/D9","recorded_area":"4.16","recorded_area_unit":"Bigha-Biswa","normalized_area_sqm":"3478.3","gis_area_sqm":"3478.3","land_use_category":"MIXED_USE","land_use_raw":"Bhumidhari (Agricultural)","status":"PENDING_MUTATION","data_freshness_status":"STALE","scenario_index":"19501","use_case_description":"Archived historical record for audit retrieval","mutation_workflow_status":"SLA_BREACHED","revenue_record_id":"ROR-DL-2025-1032-0009","revenue_record_type":"Khasra Khatauni (Delhi Bhulekh / DLR Act)","khata_khewat_no":"KHT-82","khatauni_no":"KHN-182","owner_name":"Chaudhary Dharamvir Singh","owner_name_local":"चौधरी धर्मवीर सिंह","co_owners":"","tenure_type":"Bhumiswami / Freehold","mutation_status":"PENDING","active_mutation_id":"MUT-DL-00000009","tax_demand_status":"PAID","annual_tax_inr":"185.5","deed_number":"DEED-DL-2024-432-0009","deed_type":"Sale Deed / Conveyance","sro_office":"Sub-Registrar Office, Najafgarh Tehsil","execution_date":"2024-05-10","registered_owner":"Chaudhary Dharamvir Singh","seller_name":"Previous Landholder","consideration_amount_inr":"3500000.0","stamp_duty_inr":"210000.0","survey_sketch_id":"FMB-DL-32-0009","cadastral_sheet_no":"SHT-DL-32","surveyed_area_sqm":"3478.3","survey_status":"PENDING","urban_authority":"Najafgarh Tehsil Urban Development & Town Planning Authority","zone_name":"Commercial Business District","permitted_land_use":"MIXED_USE","building_permission_status":"PENDING","violations_reported":"False","is_encumbered":"True","encumbrance_certificate_number":"EC-DL-00000009-0009","encumbrance_type":"GOVT_REVENUE_LIEN","financial_institution":"","mortgage_amount":"0.0","created_at":"2026-01-15T09:00:00Z","updated_at":"2026-09-24T11:30:00Z"}},{"type":"Feature","geometry":{"type":"Polygon","coordinates":[[[77.49695479283247,28.537249464068577],[77.51403493268462,28.537455488441434],[77.51564363807564,28.561391208530658],[77.49418204417007,28.557566310083043],[77.49695479283247,28.537249464068577]]]},"properties":{"ulpin":"07713229929586","parcel_id":"1accb65b-250a-4b45-82b2-06b2e26a2fe0","state":"Delhi (NCT)","state_code":"DL","state_type":"UT","state_lgd_code":"7","district_lgd_code":"95","district_name":"South West Delhi","subdistrict_lgd_code":"780","subdistrict_name":"Najafgarh Tehsil","subdistrict_type":"Tehsil / Taluk","village_lgd_code":"71092","village_name":"Dhansa","khasra_plot_no":"Mustatil 32, Killa 15/D10","recorded_area":"4.16","recorded_area_unit":"Bigha-Biswa","normalized_area_sqm":"3478.3","gis_area_sqm":"3478.3","land_use_category":"OTHER","land_use_raw":"Bhumidhari (Agricultural)","status":"SUBDIVIDED","data_freshness_status":"UNKNOWN","scenario_index":"19502","use_case_description":"Bank mortgage and active encumbrance","mutation_workflow_status":"SUBMITTED","revenue_record_id":"ROR-DL-2025-1032-0010","revenue_record_type":"Khasra Khatauni (Delhi Bhulekh / DLR Act)","khata_khewat_no":"KHT-82","khatauni_no":"KHN-182","owner_name":"Chaudhary Dharamvir Singh","owner_name_local":"चौधरी धर्मवीर सिंह","co_owners":"","tenure_type":"Leasehold","mutation_status":"UNMUTATED_TRANSACTION","active_mutation_id":"MUT-DL-00000010","tax_demand_status":"PAID","annual_tax_inr":"185.5","deed_number":"DEED-DL-2024-432-0010","deed_type":"Sale Deed / Conveyance","sro_office":"Sub-Registrar Office, Najafgarh Tehsil","execution_date":"2024-05-10","registered_owner":"Chaudhary Dharamvir Singh","seller_name":"Previous Landholder","consideration_amount_inr":"3500000.0","stamp_duty_inr":"210000.0","survey_sketch_id":"FMB-DL-32-0010","cadastral_sheet_no":"SHT-DL-32","surveyed_area_sqm":"3478.3","survey_status":"DISPUTED","urban_authority":"Najafgarh Tehsil Urban Development & Town Planning Authority","zone_name":"Commercial Business District","permitted_land_use":"OTHER","building_permission_status":"REJECTED","violations_reported":"True","is_encumbered":"True","encumbrance_certificate_number":"EC-DL-00000010-0010","encumbrance_type":"COURT_ATTACHMENT","financial_institution":"","mortgage_amount":"0.0","created_at":"2026-01-15T09:00:00Z","updated_at":"2026-09-24T11:30:00Z"}},{"type":"Feature","geometry":{"type":"Polygon","coordinates":[[[77.20738321357669,28.579449321140668],[77.2243312089035,28.57972906719501],[77.2239479422113,28.599622473922622],[77.20889432385614,28.600311696519924],[77.20738321357669,28.579449321140668]]]},"properties":{"ulpin":"07421994855425","parcel_id":"b8a9d305-0f52-4804-a595-bb0e174dd69d","state":"Delhi (NCT)","state_code":"DL","state_type":"UT","state_lgd_code":"7","district_lgd_code":"95","district_name":"South West Delhi","subdistrict_lgd_code":"780","subdistrict_name":"Najafgarh Tehsil","subdistrict_type":"Tehsil / Taluk","village_lgd_code":"71092","village_name":"Dhansa","khasra_plot_no":"Mustatil 32, Killa 15/D11","recorded_area":"4.16","recorded_area_unit":"Bigha-Biswa","normalized_area_sqm":"3478.3","gis_area_sqm":"3478.3","land_use_category":"RESIDENTIAL","land_use_raw":"Bhumidhari (Agricultural)","status":"AMALGAMATED","data_freshness_status":"CURRENT","scenario_index":"19503","use_case_description":"Government revenue lien and tax demand","mutation_workflow_status":"UNDER_VERIFICATION","revenue_record_id":"ROR-DL-2025-1032-0011","revenue_record_type":"Khasra Khatauni (Delhi Bhulekh / DLR Act)","khata_khewat_no":"KHT-82","khatauni_no":"KHN-182","owner_name":"Chaudhary Dharamvir Singh","owner_name_local":"चौधरी धर्मवीर सिंह","co_owners":"","tenure_type":"Government Grant","mutation_status":"REJECTED","active_mutation_id":"MUT-DL-00000011","tax_demand_status":"PAID","annual_tax_inr":"185.5","deed_number":"DEED-DL-2024-432-0011","deed_type":"Sale Deed / Conveyance","sro_office":"Sub-Registrar Office, Najafgarh Tehsil","execution_date":"2024-05-10","registered_owner":"Chaudhary Dharamvir Singh","seller_name":"Previous Landholder","consideration_amount_inr":"3500000.0","stamp_duty_inr":"210000.0","survey_sketch_id":"FMB-DL-32-0011","cadastral_sheet_no":"SHT-DL-32","surveyed_area_sqm":"3478.3","survey_status":"RESURVEY_REQUIRED","urban_authority":"Najafgarh Tehsil Urban Development & Town Planning Authority","zone_name":"Commercial Business District","permitted_land_use":"RESIDENTIAL","building_permission_status":"NOT_APPLICABLE","violations_reported":"False","is_encumbered":"True","encumbrance_certificate_number":"EC-DL-00000011-0011","encumbrance_type":"TRIBAL_NON_ALIENATION","financial_institution":"","mortgage_amount":"0.0","created_at":"2026-01-15T09:00:00Z","updated_at":"2026-09-24T11:30:00Z"}},{"type":"Feature","geometry":{"type":"Polygon","coordinates":[[[77.22393760958187,28.516733741567386],[77.24232742768557,28.516733741567386],[77.24346275245048,28.533748524661647],[77.2259613177466,28.532813892559197],[77.22393760958187,28.516733741567386]]]},"properties":{"ulpin":"07268833035332","parcel_id":"0cfb736c-7cc6-45ab-93e3-59281bd434c2","state":"Delhi (NCT)","state_code":"DL","state_type":"UT","state_lgd_code":"7","district_lgd_code":"95","district_name":"South West Delhi","subdistrict_lgd_code":"780","subdistrict_name":"Najafgarh Tehsil","subdistrict_type":"Tehsil / Taluk","village_lgd_code":"71092","village_name":"Dhansa","khasra_plot_no":"Mustatil 32, Killa 15/D12","recorded_area":"4.16","recorded_area_unit":"Bigha-Biswa","normalized_area_sqm":"3478.3","gis_area_sqm":"3478.3","land_use_category":"COMMERCIAL","land_use_raw":"Bhumidhari (Agricultural)","status":"DISPUTED","data_freshness_status":"STALE","scenario_index":"19504","use_case_description":"Court attachment and disputed possession","mutation_workflow_status":"NOTICE_PERIOD","revenue_record_id":"ROR-DL-2025-1032-0012","revenue_record_type":"Khasra Khatauni (Delhi Bhulekh / DLR Act)","khata_khewat_no":"KHT-82","khatauni_no":"KHN-182","owner_name":"Chaudhary Dharamvir Singh","owner_name_local":"चौधरी धर्मवीर सिंह","co_owners":"","tenure_type":"Waqf / Religious Trust","mutation_status":"DISPUTED","active_mutation_id":"MUT-DL-00000012","tax_demand_status":"PAID","annual_tax_inr":"185.5","deed_number":"DEED-DL-2024-432-0012","deed_type":"Sale Deed / Conveyance","sro_office":"Sub-Registrar Office, Najafgarh Tehsil","execution_date":"2024-05-10","registered_owner":"Registry Variance Owner 12","seller_name":"Previous Landholder","consideration_amount_inr":"3500000.0","stamp_duty_inr":"210000.0","survey_sketch_id":"FMB-DL-32-0012","cadastral_sheet_no":"SHT-DL-32","surveyed_area_sqm":"3478.3","survey_status":"SURVEYED","urban_authority":"Najafgarh Tehsil Urban Development & Town Planning Authority","zone_name":"Commercial Business District","permitted_land_use":"COMMERCIAL","building_permission_status":"SANCTIONED","violations_reported":"False","is_encumbered":"True","encumbrance_certificate_number":"EC-DL-00000012-0012","encumbrance_type":"LEASE_CHARGE","financial_institution":"","mortgage_amount":"0.0","created_at":"2026-01-15T09:00:00Z","updated_at":"2026-09-24T11:30:00Z"}},{"type":"Feature","geometry":{"type":"Polygon","coordinates":[[[77.44383997730962,28.996110535238703],[77.46545460264362,28.99412265663155],[77.4697024526908,29.01440846924058],[77.44182681036324,29.01457713665182],[77.44383997730962,28.996110535238703]]]},"properties":{"ulpin":"07826050399997","parcel_id":"9d74ac4d-eb33-4dd4-bd20-c705a4658bf8","state":"Delhi (NCT)","state_code":"DL","state_type":"UT","state_lgd_code":"7","district_lgd_code":"95","district_name":"South West Delhi","subdistrict_lgd_code":"780","subdistrict_name":"Najafgarh Tehsil","subdistrict_type":"Tehsil / Taluk","village_lgd_code":"71092","village_name":"Dhansa","khasra_plot_no":"Mustatil 32, Killa 15/D13","recorded_area":"4.16","recorded_area_unit":"Bigha-Biswa","normalized_area_sqm":"3478.3","gis_area_sqm":"3478.3","land_use_category":"INDUSTRIAL","land_use_raw":"Bhumidhari (Agricultural)","status":"ARCHIVED","data_freshness_status":"UNKNOWN","scenario_index":"19505","use_case_description":"Cadastral area discrepancy requiring resurvey","mutation_workflow_status":"HEARING_SCHEDULED","revenue_record_id":"ROR-DL-2025-1032-0013","revenue_record_type":"Khasra Khatauni (Delhi Bhulekh / DLR Act)","khata_khewat_no":"KHT-82","khatauni_no":"KHN-182","owner_name":"Chaudhary Dharamvir Singh","owner_name_local":"चौधरी धर्मवीर सिंह","co_owners":"","tenure_type":"Tribal Community Tenure","mutation_status":"NONE","active_mutation_id":"MUT-DL-00000013","tax_demand_status":"PAID","annual_tax_inr":"185.5","deed_number":"DEED-DL-2024-432-0013","deed_type":"Sale Deed / Conveyance","sro_office":"Sub-Registrar Office, Najafgarh Tehsil","execution_date":"2024-05-10","registered_owner":"Chaudhary Dharamvir Singh","seller_name":"Previous Landholder","consideration_amount_inr":"3500000.0","stamp_duty_inr":"210000.0","survey_sketch_id":"FMB-DL-32-0013","cadastral_sheet_no":"SHT-DL-32","surveyed_area_sqm":"3478.3","survey_status":"PENDING","urban_authority":"Najafgarh Tehsil Urban Development & Town Planning Authority","zone_name":"Commercial Business District","permitted_land_use":"INDUSTRIAL","building_permission_status":"PENDING","violations_reported":"False","is_encumbered":"False","encumbrance_certificate_number":"EC-DL-2024-132-0013","encumbrance_type":"NIL","financial_institution":"","mortgage_amount":"0.0","created_at":"2026-01-15T09:00:00Z","updated_at":"2026-09-24T11:30:00Z"}},{"type":"Feature","geometry":{"type":"Polygon","coordinates":[[[77.42088111894897,28.921892047987342],[77.44661491315087,28.92277063926371],[77.44397634733694,28.94451075333188],[77.42088111894897,28.941245896936607],[77.42088111894897,28.921892047987342]]]},"properties":{"ulpin":"07131243353129","parcel_id":"4b277ca8-d919-4bca-8532-99bae58f3e71","state":"Delhi (NCT)","state_code":"DL","state_type":"UT","state_lgd_code":"7","district_lgd_code":"95","district_name":"South West Delhi","subdistrict_lgd_code":"780","subdistrict_name":"Najafgarh Tehsil","subdistrict_type":"Tehsil / Taluk","village_lgd_code":"71092","village_name":"Dhansa","khasra_plot_no":"Mustatil 32, Killa 15/D14","recorded_area":"4.16","recorded_area_unit":"Bigha-Biswa","normalized_area_sqm":"3478.3","gis_area_sqm":"3478.3","land_use_category":"AGRICULTURAL","land_use_raw":"Bhumidhari (Agricultural)","status":"ACTIVE","data_freshness_status":"CURRENT","scenario_index":"19506","use_case_description":"Lease charge and institutional tenancy","mutation_workflow_status":"APPROVED","revenue_record_id":"ROR-DL-2025-1032-0014","revenue_record_type":"Khasra Khatauni (Delhi Bhulekh / DLR Act)","khata_khewat_no":"KHT-82","khatauni_no":"KHN-182","owner_name":"Chaudhary Dharamvir Singh","owner_name_local":"चौधरी धर्मवीर सिंह","co_owners":"","tenure_type":"Bhumiswami / Raiyati with Transferable Rights","mutation_status":"MUTATED","active_mutation_id":"","tax_demand_status":"PAID","annual_tax_inr":"185.5","deed_number":"DEED-DL-2024-432-0014","deed_type":"Sale Deed / Conveyance","sro_office":"Sub-Registrar Office, Najafgarh Tehsil","execution_date":"2024-05-10","registered_owner":"Chaudhary Dharamvir Singh","seller_name":"Previous Landholder","consideration_amount_inr":"3500000.0","stamp_duty_inr":"210000.0","survey_sketch_id":"FMB-DL-32-0014","cadastral_sheet_no":"SHT-DL-32","surveyed_area_sqm":"3478.3","survey_status":"DISPUTED","urban_authority":"Najafgarh Tehsil Urban Development & Town Planning Authority","zone_name":"Commercial Business District","permitted_land_use":"AGRICULTURAL","building_permission_status":"REJECTED","violations_reported":"False","is_encumbered":"True","encumbrance_certificate_number":"EC-DL-00000014-0014","encumbrance_type":"BANK_MORTGAGE","financial_institution":"","mortgage_amount":"0.0","created_at":"2026-01-15T09:00:00Z","updated_at":"2026-09-24T11:30:00Z"}},{"type":"Feature","geometry":{"type":"Polygon","coordinates":[[[77.4790440374161,28.502037842401258],[77.49791621718704,28.502753622045066],[77.49625917687446,28.52285946118834],[77.47905933964714,28.51932556695023],[77.4790440374161,28.502037842401258]]]},"properties":{"ulpin":"07035251801269","parcel_id":"7b60680a-1f18-4b21-b0b2-38d275d4dd73","state":"Delhi (NCT)","state_code":"DL","state_type":"UT","state_lgd_code":"7","district_lgd_code":"95","district_name":"South West Delhi","subdistrict_lgd_code":"780","subdistrict_name":"Najafgarh Tehsil","subdistrict_type":"Tehsil / Taluk","village_lgd_code":"71092","village_name":"Dhansa","khasra_plot_no":"Mustatil 32, Killa 15/D15","recorded_area":"4.16","recorded_area_unit":"Bigha-Biswa","normalized_area_sqm":"3478.3","gis_area_sqm":"3478.3","land_use_category":"INSTITUTIONAL","land_use_raw":"Bhumidhari (Agricultural)","status":"PENDING_MUTATION","data_freshness_status":"STALE","scenario_index":"19507","use_case_description":"Subdivision or amalgamation history review","mutation_workflow_status":"REJECTED","revenue_record_id":"ROR-DL-2025-1032-0015","revenue_record_type":"Khasra Khatauni (Delhi Bhulekh / DLR Act)","khata_khewat_no":"KHT-82","khatauni_no":"KHN-182","owner_name":"Chaudhary Dharamvir Singh","owner_name_local":"चौधरी धर्मवीर सिंह","co_owners":"","tenure_type":"Bhumiswami / Freehold","mutation_status":"PENDING","active_mutation_id":"MUT-DL-00000015","tax_demand_status":"PAID","annual_tax_inr":"185.5","deed_number":"DEED-DL-2024-432-0015","deed_type":"Sale Deed / Conveyance","sro_office":"Sub-Registrar Office, Najafgarh Tehsil","execution_date":"2024-05-10","registered_owner":"Chaudhary Dharamvir Singh","seller_name":"Previous Landholder","consideration_amount_inr":"3500000.0","stamp_duty_inr":"210000.0","survey_sketch_id":"FMB-DL-32-0015","cadastral_sheet_no":"SHT-DL-32","surveyed_area_sqm":"3478.3","survey_status":"RESURVEY_REQUIRED","urban_authority":"Najafgarh Tehsil Urban Development & Town Planning Authority","zone_name":"Commercial Business District","permitted_land_use":"INSTITUTIONAL","building_permission_status":"NOT_APPLICABLE","violations_reported":"False","is_encumbered":"True","encumbrance_certificate_number":"EC-DL-00000015-0015","encumbrance_type":"GOVT_REVENUE_LIEN","financial_institution":"","mortgage_amount":"0.0","created_at":"2026-01-15T09:00:00Z","updated_at":"2026-09-24T11:30:00Z"}},{"type":"Feature","geometry":{"type":"Polygon","coordinates":[[[77.22316456002156,28.842638741566756],[77.23693364170296,28.842938616852706],[77.23645263515087,28.862942517003365],[77.22180106637228,28.859289435826515],[77.22316456002156,28.842638741566756]]]},"properties":{"ulpin":"07518317773297","parcel_id":"3a013878-5caf-426b-9a0a-d2d53e170b34","state":"Delhi (NCT)","state_code":"DL","state_type":"UT","state_lgd_code":"7","district_lgd_code":"95","district_name":"South West Delhi","subdistrict_lgd_code":"780","subdistrict_name":"Najafgarh Tehsil","subdistrict_type":"Tehsil / Taluk","village_lgd_code":"71092","village_name":"Dhansa","khasra_plot_no":"Mustatil 32, Killa 15/D16","recorded_area":"4.16","recorded_area_unit":"Bigha-Biswa","normalized_area_sqm":"3478.3","gis_area_sqm":"3478.3","land_use_category":"FOREST_GREEN_BELT","land_use_raw":"Bhumidhari (Agricultural)","status":"SUBDIVIDED","data_freshness_status":"UNKNOWN","scenario_index":"19508","use_case_description":"Archived historical record for audit retrieval","mutation_workflow_status":"SLA_BREACHED","revenue_record_id":"ROR-DL-2025-1032-0016","revenue_record_type":"Khasra Khatauni (Delhi Bhulekh / DLR Act)","khata_khewat_no":"KHT-82","khatauni_no":"KHN-182","owner_name":"Chaudhary Dharamvir Singh","owner_name_local":"चौधरी धर्मवीर सिंह","co_owners":"","tenure_type":"Leasehold","mutation_status":"UNMUTATED_TRANSACTION","active_mutation_id":"MUT-DL-00000016","tax_demand_status":"PAID","annual_tax_inr":"185.5","deed_number":"DEED-DL-2024-432-0016","deed_type":"Sale Deed / Conveyance","sro_office":"Sub-Registrar Office, Najafgarh Tehsil","execution_date":"2024-05-10","registered_owner":"Chaudhary Dharamvir Singh","seller_name":"Previous Landholder","consideration_amount_inr":"3500000.0","stamp_duty_inr":"210000.0","survey_sketch_id":"FMB-DL-32-0016","cadastral_sheet_no":"SHT-DL-32","surveyed_area_sqm":"3478.3","survey_status":"SURVEYED","urban_authority":"Najafgarh Tehsil Urban Development & Town Planning Authority","zone_name":"Commercial Business District","permitted_land_use":"FOREST_GREEN_BELT","building_permission_status":"SANCTIONED","violations_reported":"False","is_encumbered":"True","encumbrance_certificate_number":"EC-DL-00000016-0016","encumbrance_type":"COURT_ATTACHMENT","financial_institution":"","mortgage_amount":"0.0","created_at":"2026-01-15T09:00:00Z","updated_at":"2026-09-24T11:30:00Z"}},{"type":"Feature","geometry":{"type":"Polygon","coordinates":[[[77.31187393966732,28.687920108329113],[77.33152242705377,28.687685839418254],[77.33633347530287,28.712169626577627],[77.30936426609347,28.712169626577627],[77.31187393966732,28.687920108329113]]]},"properties":{"ulpin":"07673821730881","parcel_id":"8b847d23-0447-47c5-aa44-5ce168a33204","state":"Delhi (NCT)","state_code":"DL","state_type":"UT","state_lgd_code":"7","district_lgd_code":"95","district_name":"South West Delhi","subdistrict_lgd_code":"780","subdistrict_name":"Najafgarh Tehsil","subdistrict_type":"Tehsil / Taluk","village_lgd_code":"71092","village_name":"Dhansa","khasra_plot_no":"Mustatil 32, Killa 15/D17","recorded_area":"4.16","recorded_area_unit":"Bigha-Biswa","normalized_area_sqm":"3478.3","gis_area_sqm":"3478.3","land_use_category":"WATER_BODY","land_use_raw":"Bhumidhari (Agricultural)","status":"AMALGAMATED","data_freshness_status":"CURRENT","scenario_index":"19509","use_case_description":"Bank mortgage and active encumbrance","mutation_workflow_status":"SUBMITTED","revenue_record_id":"ROR-DL-2025-1032-0017","revenue_record_type":"Khasra Khatauni (Delhi Bhulekh / DLR Act)","khata_khewat_no":"KHT-82","khatauni_no":"KHN-182","owner_name":"Chaudhary Dharamvir Singh","owner_name_local":"चौधरी धर्मवीर सिंह","co_owners":"","tenure_type":"Government Grant","mutation_status":"REJECTED","active_mutation_id":"MUT-DL-00000017","tax_demand_status":"PAID","annual_tax_inr":"185.5","deed_number":"DEED-DL-2024-432-0017","deed_type":"Sale Deed / Conveyance","sro_office":"Sub-Registrar Office, Najafgarh Tehsil","execution_date":"2024-05-10","registered_owner":"Registry Variance Owner 17","seller_name":"Previous Landholder","consideration_amount_inr":"3500000.0","stamp_duty_inr":"210000.0","survey_sketch_id":"FMB-DL-32-0017","cadastral_sheet_no":"SHT-DL-32","surveyed_area_sqm":"3478.3","survey_status":"PENDING","urban_authority":"Najafgarh Tehsil Urban Development & Town Planning Authority","zone_name":"Commercial Business District","permitted_land_use":"WATER_BODY","building_permission_status":"PENDING","violations_reported":"True","is_encumbered":"True","encumbrance_certificate_number":"EC-DL-00000017-0017","encumbrance_type":"TRIBAL_NON_ALIENATION","financial_institution":"","mortgage_amount":"0.0","created_at":"2026-01-15T09:00:00Z","updated_at":"2026-09-24T11:30:00Z"}},{"type":"Feature","geometry":{"type":"Polygon","coordinates":[[[77.49066302909945,28.851523659136245],[77.51446792925107,28.849742572804193],[77.51446792925107,28.86594994020714],[77.48945154911651,28.86970862475161],[77.49066302909945,28.851523659136245]]]},"properties":{"ulpin":"07603368078129","parcel_id":"1ea6da8f-f02d-408e-91a0-d5a56c8df90a","state":"Delhi (NCT)","state_code":"DL","state_type":"UT","state_lgd_code":"7","district_lgd_code":"95","district_name":"South West Delhi","subdistrict_lgd_code":"780","subdistrict_name":"Najafgarh Tehsil","subdistrict_type":"Tehsil / Taluk","village_lgd_code":"71092","village_name":"Dhansa","khasra_plot_no":"Mustatil 32, Killa 15/D18","recorded_area":"4.16","recorded_area_unit":"Bigha-Biswa","normalized_area_sqm":"3478.3","gis_area_sqm":"3478.3","land_use_category":"MIXED_USE","land_use_raw":"Bhumidhari (Agricultural)","status":"DISPUTED","data_freshness_status":"STALE","scenario_index":"19510","use_case_description":"Government revenue lien and tax demand","mutation_workflow_status":"UNDER_VERIFICATION","revenue_record_id":"ROR-DL-2025-1032-0018","revenue_record_type":"Khasra Khatauni (Delhi Bhulekh / DLR Act)","khata_khewat_no":"KHT-82","khatauni_no":"KHN-182","owner_name":"Chaudhary Dharamvir Singh","owner_name_local":"चौधरी धर्मवीर सिंह","co_owners":"","tenure_type":"Waqf / Religious Trust","mutation_status":"DISPUTED","active_mutation_id":"MUT-DL-00000018","tax_demand_status":"PAID","annual_tax_inr":"185.5","deed_number":"DEED-DL-2024-432-0018","deed_type":"Sale Deed / Conveyance","sro_office":"Sub-Registrar Office, Najafgarh Tehsil","execution_date":"2024-05-10","registered_owner":"Chaudhary Dharamvir Singh","seller_name":"Previous Landholder","consideration_amount_inr":"3500000.0","stamp_duty_inr":"210000.0","survey_sketch_id":"FMB-DL-32-0018","cadastral_sheet_no":"SHT-DL-32","surveyed_area_sqm":"3478.3","survey_status":"DISPUTED","urban_authority":"Najafgarh Tehsil Urban Development & Town Planning Authority","zone_name":"Commercial Business District","permitted_land_use":"MIXED_USE","building_permission_status":"REJECTED","violations_reported":"False","is_encumbered":"True","encumbrance_certificate_number":"EC-DL-00000018-0018","encumbrance_type":"LEASE_CHARGE","financial_institution":"","mortgage_amount":"0.0","created_at":"2026-01-15T09:00:00Z","updated_at":"2026-09-24T11:30:00Z"}},{"type":"Feature","geometry":{"type":"Polygon","coordinates":[[[77.4964086163044,28.596435582618543],[77.51722617125466,28.6019827015853],[77.51584428162772,28.618808267949714],[77.49889159091704,28.61581866831537],[77.4964086163044,28.596435582618543]]]},"properties":{"ulpin":"07565857289201","parcel_id":"aa74f1ec-ddc1-44b5-af43-6482d0eeebd0","state":"Delhi (NCT)","state_code":"DL","state_type":"UT","state_lgd_code":"7","district_lgd_code":"95","district_name":"South West Delhi","subdistrict_lgd_code":"780","subdistrict_name":"Najafgarh Tehsil","subdistrict_type":"Tehsil / Taluk","village_lgd_code":"71092","village_name":"Dhansa","khasra_plot_no":"Mustatil 32, Killa 15/D19","recorded_area":"4.16","recorded_area_unit":"Bigha-Biswa","normalized_area_sqm":"3478.3","gis_area_sqm":"3478.3","land_use_category":"OTHER","land_use_raw":"Bhumidhari (Agricultural)","status":"ARCHIVED","data_freshness_status":"UNKNOWN","scenario_index":"19511","use_case_description":"Tribal non-alienation protection review","mutation_workflow_status":"NOTICE_PERIOD","revenue_record_id":"ROR-DL-2025-1032-0019","revenue_record_type":"Khasra Khatauni (Delhi Bhulekh / DLR Act)","khata_khewat_no":"KHT-82","khatauni_no":"KHN-182","owner_name":"Chaudhary Dharamvir Singh","owner_name_local":"चौधरी धर्मवीर सिंह","co_owners":"","tenure_type":"Tribal Community Tenure","mutation_status":"NONE","active_mutation_id":"MUT-DL-00000019","tax_demand_status":"PAID","annual_tax_inr":"185.5","deed_number":"DEED-DL-2024-432-0019","deed_type":"Sale Deed / Conveyance","sro_office":"Sub-Registrar Office, Najafgarh Tehsil","execution_date":"2024-05-10","registered_owner":"Chaudhary Dharamvir Singh","seller_name":"Previous Landholder","consideration_amount_inr":"3500000.0","stamp_duty_inr":"210000.0","survey_sketch_id":"FMB-DL-32-0019","cadastral_sheet_no":"SHT-DL-32","surveyed_area_sqm":"3478.3","survey_status":"RESURVEY_REQUIRED","urban_authority":"Najafgarh Tehsil Urban Development & Town Planning Authority","zone_name":"Commercial Business District","permitted_land_use":"OTHER","building_permission_status":"NOT_APPLICABLE","violations_reported":"False","is_encumbered":"False","encumbrance_certificate_number":"EC-DL-2024-132-0019","encumbrance_type":"NIL","financial_institution":"","mortgage_amount":"0.0","created_at":"2026-01-15T09:00:00Z","updated_at":"2026-09-24T11:30:00Z"}},{"type":"Feature","geometry":{"type":"Polygon","coordinates":[[[77.29112045298031,28.5433264087791],[77.3101459177847,28.542547798713393],[77.31131324223887,28.565357273744773],[77.29112045298031,28.56454079495515],[77.29112045298031,28.5433264087791]]]},"properties":{"ulpin":"07696621254994","parcel_id":"b8a3268a-0258-4736-b666-7160bb4fb276","state":"Delhi (NCT)","state_code":"DL","state_type":"UT","state_lgd_code":"7","district_lgd_code":"95","district_name":"South West Delhi","subdistrict_lgd_code":"780","subdistrict_name":"Najafgarh Tehsil","subdistrict_type":"Tehsil / Taluk","village_lgd_code":"71092","village_name":"Dhansa","khasra_plot_no":"Mustatil 32, Killa 15/D20","recorded_area":"4.16","recorded_area_unit":"Bigha-Biswa","normalized_area_sqm":"3478.3","gis_area_sqm":"3478.3","land_use_category":"RESIDENTIAL","land_use_raw":"Bhumidhari (Agricultural)","status":"ACTIVE","data_freshness_status":"CURRENT","scenario_index":"19512","use_case_description":"Tribal non-alienation protection review","mutation_workflow_status":"HEARING_SCHEDULED","revenue_record_id":"ROR-DL-2025-1032-0020","revenue_record_type":"Khasra Khatauni (Delhi Bhulekh / DLR Act)","khata_khewat_no":"KHT-82","khatauni_no":"KHN-182","owner_name":"Chaudhary Dharamvir Singh","owner_name_local":"चौधरी धर्मवीर सिंह","co_owners":"","tenure_type":"Bhumiswami / Raiyati with Transferable Rights","mutation_status":"MUTATED","active_mutation_id":"","tax_demand_status":"PAID","annual_tax_inr":"185.5","deed_number":"DEED-DL-2024-432-0020","deed_type":"Sale Deed / Conveyance","sro_office":"Sub-Registrar Office, Najafgarh Tehsil","execution_date":"2024-05-10","registered_owner":"Chaudhary Dharamvir Singh","seller_name":"Previous Landholder","consideration_amount_inr":"3500000.0","stamp_duty_inr":"210000.0","survey_sketch_id":"FMB-DL-32-0020","cadastral_sheet_no":"SHT-DL-32","surveyed_area_sqm":"3478.3","survey_status":"SURVEYED","urban_authority":"Najafgarh Tehsil Urban Development & Town Planning Authority","zone_name":"Commercial Business District","permitted_land_use":"RESIDENTIAL","building_permission_status":"SANCTIONED","violations_reported":"False","is_encumbered":"True","encumbrance_certificate_number":"EC-DL-00000020-0020","encumbrance_type":"BANK_MORTGAGE","financial_institution":"","mortgage_amount":"0.0","created_at":"2026-01-15T09:00:00Z","updated_at":"2026-09-24T11:30:00Z"}},{"type":"Feature","geometry":{"type":"Polygon","coordinates":[[[77.20129840112658,28.978388589614294],[77.22207592818155,28.981548435728158],[77.21883860580691,29.00178680697715],[77.20129840112658,29.00178680697715],[77.20129840112658,28.978388589614294]]]},"properties":{"ulpin":"07772087292495","parcel_id":"8958fc1c-11f7-42c5-9fb1-b1032453ff12","state":"Delhi (NCT)","state_code":"DL","state_type":"UT","state_lgd_code":"7","district_lgd_code":"95","district_name":"South West Delhi","subdistrict_lgd_code":"780","subdistrict_name":"Najafgarh Tehsil","subdistrict_type":"Tehsil / Taluk","village_lgd_code":"71092","village_name":"Dhansa","khasra_plot_no":"Mustatil 32, Killa 15/D21","recorded_area":"4.16","recorded_area_unit":"Bigha-Biswa","normalized_area_sqm":"3478.3","gis_area_sqm":"3478.3","land_use_category":"COMMERCIAL","land_use_raw":"Bhumidhari (Agricultural)","status":"PENDING_MUTATION","data_freshness_status":"STALE","scenario_index":"19513","use_case_description":"Lease charge and institutional tenancy","mutation_workflow_status":"APPROVED","revenue_record_id":"ROR-DL-2025-1032-0021","revenue_record_type":"Khasra Khatauni (Delhi Bhulekh / DLR Act)","khata_khewat_no":"KHT-82","khatauni_no":"KHN-182","owner_name":"Chaudhary Dharamvir Singh","owner_name_local":"चौधरी धर्मवीर सिंह","co_owners":"","tenure_type":"Bhumiswami / Freehold","mutation_status":"PENDING","active_mutation_id":"MUT-DL-00000021","tax_demand_status":"PAID","annual_tax_inr":"185.5","deed_number":"DEED-DL-2024-432-0021","deed_type":"Sale Deed / Conveyance","sro_office":"Sub-Registrar Office, Najafgarh Tehsil","execution_date":"2024-05-10","registered_owner":"Chaudhary Dharamvir Singh","seller_name":"Previous Landholder","consideration_amount_inr":"3500000.0","stamp_duty_inr":"210000.0","survey_sketch_id":"FMB-DL-32-0021","cadastral_sheet_no":"SHT-DL-32","surveyed_area_sqm":"3478.3","survey_status":"PENDING","urban_authority":"Najafgarh Tehsil Urban Development & Town Planning Authority","zone_name":"Commercial Business District","permitted_land_use":"COMMERCIAL","building_permission_status":"PENDING","violations_reported":"False","is_encumbered":"True","encumbrance_certificate_number":"EC-DL-00000021-0021","encumbrance_type":"GOVT_REVENUE_LIEN","financial_institution":"","mortgage_amount":"0.0","created_at":"2026-01-15T09:00:00Z","updated_at":"2026-09-24T11:30:00Z"}},{"type":"Feature","geometry":{"type":"Polygon","coordinates":[[[77.4916935744751,28.904478442036886],[77.51446792925107,28.902081072948548],[77.51446792925107,28.923321378095856],[77.48936220566695,28.924141386536196],[77.4916935744751,28.904478442036886]]]},"properties":{"ulpin":"07205901231317","parcel_id":"3399da77-0f7d-4f7b-931e-788d77ad179f","state":"Delhi (NCT)","state_code":"DL","state_type":"UT","state_lgd_code":"7","district_lgd_code":"95","district_name":"South West Delhi","subdistrict_lgd_code":"780","subdistrict_name":"Najafgarh Tehsil","subdistrict_type":"Tehsil / Taluk","village_lgd_code":"71092","village_name":"Dhansa","khasra_plot_no":"Mustatil 32, Killa 15/D22","recorded_area":"4.16","recorded_area_unit":"Bigha-Biswa","normalized_area_sqm":"3478.3","gis_area_sqm":"3478.3","land_use_category":"INDUSTRIAL","land_use_raw":"Bhumidhari (Agricultural)","status":"SUBDIVIDED","data_freshness_status":"UNKNOWN","scenario_index":"19514","use_case_description":"Subdivision or amalgamation history review","mutation_workflow_status":"REJECTED","revenue_record_id":"ROR-DL-2025-1032-0022","revenue_record_type":"Khasra Khatauni (Delhi Bhulekh / DLR Act)","khata_khewat_no":"KHT-82","khatauni_no":"KHN-182","owner_name":"Chaudhary Dharamvir Singh","owner_name_local":"चौधरी धर्मवीर सिंह","co_owners":"","tenure_type":"Leasehold","mutation_status":"UNMUTATED_TRANSACTION","active_mutation_id":"MUT-DL-00000022","tax_demand_status":"PAID","annual_tax_inr":"185.5","deed_number":"DEED-DL-2024-432-0022","deed_type":"Sale Deed / Conveyance","sro_office":"Sub-Registrar Office, Najafgarh Tehsil","execution_date":"2024-05-10","registered_owner":"Registry Variance Owner 22","seller_name":"Previous Landholder","consideration_amount_inr":"3500000.0","stamp_duty_inr":"210000.0","survey_sketch_id":"FMB-DL-32-0022","cadastral_sheet_no":"SHT-DL-32","surveyed_area_sqm":"3478.3","survey_status":"DISPUTED","urban_authority":"Najafgarh Tehsil Urban Development & Town Planning Authority","zone_name":"Commercial Business District","permitted_land_use":"INDUSTRIAL","building_permission_status":"REJECTED","violations_reported":"False","is_encumbered":"True","encumbrance_certificate_number":"EC-DL-00000022-0022","encumbrance_type":"COURT_ATTACHMENT","financial_institution":"","mortgage_amount":"0.0","created_at":"2026-01-15T09:00:00Z","updated_at":"2026-09-24T11:30:00Z"}},{"type":"Feature","geometry":{"type":"Polygon","coordinates":[[[77.46027164921387,28.55873639791811],[77.47752283016352,28.55724313543358],[77.47893411900267,28.57659336350582],[77.46027164921387,28.579488598695708],[77.46027164921387,28.55873639791811]]]},"properties":{"ulpin":"07676967679343","parcel_id":"61e9e5f0-6fc1-43dd-9940-83ca141c6f96","state":"Delhi (NCT)","state_code":"DL","state_type":"UT","state_lgd_code":"7","district_lgd_code":"95","district_name":"South West Delhi","subdistrict_lgd_code":"780","subdistrict_name":"Najafgarh Tehsil","subdistrict_type":"Tehsil / Taluk","village_lgd_code":"71092","village_name":"Dhansa","khasra_plot_no":"Mustatil 32, Killa 15/D23","recorded_area":"4.16","recorded_area_unit":"Bigha-Biswa","normalized_area_sqm":"3478.3","gis_area_sqm":"3478.3","land_use_category":"AGRICULTURAL","land_use_raw":"Bhumidhari (Agricultural)","status":"AMALGAMATED","data_freshness_status":"CURRENT","scenario_index":"19515","use_case_description":"Archived historical record for audit retrieval","mutation_workflow_status":"SLA_BREACHED","revenue_record_id":"ROR-DL-2025-1032-0023","revenue_record_type":"Khasra Khatauni (Delhi Bhulekh / DLR Act)","khata_khewat_no":"KHT-82","khatauni_no":"KHN-182","owner_name":"Chaudhary Dharamvir Singh","owner_name_local":"चौधरी धर्मवीर सिंह","co_owners":"","tenure_type":"Government Grant","mutation_status":"REJECTED","active_mutation_id":"MUT-DL-00000023","tax_demand_status":"PAID","annual_tax_inr":"185.5","deed_number":"DEED-DL-2024-432-0023","deed_type":"Sale Deed / Conveyance","sro_office":"Sub-Registrar Office, Najafgarh Tehsil","execution_date":"2024-05-10","registered_owner":"Chaudhary Dharamvir Singh","seller_name":"Previous Landholder","consideration_amount_inr":"3500000.0","stamp_duty_inr":"210000.0","survey_sketch_id":"FMB-DL-32-0023","cadastral_sheet_no":"SHT-DL-32","surveyed_area_sqm":"3478.3","survey_status":"RESURVEY_REQUIRED","urban_authority":"Najafgarh Tehsil Urban Development & Town Planning Authority","zone_name":"Commercial Business District","permitted_land_use":"AGRICULTURAL","building_permission_status":"NOT_APPLICABLE","violations_reported":"False","is_encumbered":"True","encumbrance_certificate_number":"EC-DL-00000023-0023","encumbrance_type":"TRIBAL_NON_ALIENATION","financial_institution":"","mortgage_amount":"0.0","created_at":"2026-01-15T09:00:00Z","updated_at":"2026-09-24T11:30:00Z"}},{"type":"Feature","geometry":{"type":"Polygon","coordinates":[[[77.53072915321009,28.57866172623168],[77.55119553765029,28.57849210993941],[77.55119553765029,28.59702638007208],[77.53405525028644,28.60104348421144],[77.53072915321009,28.57866172623168]]]},"properties":{"ulpin":"07297858208611","parcel_id":"0298f02c-05d5-46a1-893d-4c5e9bfbb404","state":"Delhi (NCT)","state_code":"DL","state_type":"UT","state_lgd_code":"7","district_lgd_code":"95","district_name":"South West Delhi","subdistrict_lgd_code":"780","subdistrict_name":"Najafgarh Tehsil","subdistrict_type":"Tehsil / Taluk","village_lgd_code":"71092","village_name":"Dhansa","khasra_plot_no":"Mustatil 32, Killa 15/D24","recorded_area":"4.16","recorded_area_unit":"Bigha-Biswa","normalized_area_sqm":"3478.3","gis_area_sqm":"3478.3","land_use_category":"INSTITUTIONAL","land_use_raw":"Bhumidhari (Agricultural)","status":"DISPUTED","data_freshness_status":"STALE","scenario_index":"19516","use_case_description":"Bank mortgage and active encumbrance","mutation_workflow_status":"SUBMITTED","revenue_record_id":"ROR-DL-2025-1032-0024","revenue_record_type":"Khasra Khatauni (Delhi Bhulekh / DLR Act)","khata_khewat_no":"KHT-82","khatauni_no":"KHN-182","owner_name":"Chaudhary Dharamvir Singh","owner_name_local":"चौधरी धर्मवीर सिंह","co_owners":"","tenure_type":"Waqf / Religious Trust","mutation_status":"DISPUTED","active_mutation_id":"MUT-DL-00000024","tax_demand_status":"PAID","annual_tax_inr":"185.5","deed_number":"DEED-DL-2024-432-0024","deed_type":"Sale Deed / Conveyance","sro_office":"Sub-Registrar Office, Najafgarh Tehsil","execution_date":"2024-05-10","registered_owner":"Chaudhary Dharamvir Singh","seller_name":"Previous Landholder","consideration_amount_inr":"3500000.0","stamp_duty_inr":"210000.0","survey_sketch_id":"FMB-DL-32-0024","cadastral_sheet_no":"SHT-DL-32","surveyed_area_sqm":"3478.3","survey_status":"SURVEYED","urban_authority":"Najafgarh Tehsil Urban Development & Town Planning Authority","zone_name":"Commercial Business District","permitted_land_use":"INSTITUTIONAL","building_permission_status":"SANCTIONED","violations_reported":"True","is_encumbered":"True","encumbrance_certificate_number":"EC-DL-00000024-0024","encumbrance_type":"LEASE_CHARGE","financial_institution":"","mortgage_amount":"0.0","created_at":"2026-01-15T09:00:00Z","updated_at":"2026-09-24T11:30:00Z"}},{"type":"Feature","geometry":{"type":"Polygon","coordinates":[[[77.46451036440116,29.049353093657047],[77.49107019599009,29.05356553599157],[77.49279357850605,29.07067147473508],[77.46441881035145,29.07067147473508],[77.46451036440116,29.049353093657047]]]},"properties":{"ulpin":"07893992114291","parcel_id":"f27798ee-1c42-4339-9b27-e8c2a6caf9b0","state":"Delhi (NCT)","state_code":"DL","state_type":"UT","state_lgd_code":"7","district_lgd_code":"95","district_name":"South West Delhi","subdistrict_lgd_code":"780","subdistrict_name":"Najafgarh Tehsil","subdistrict_type":"Tehsil / Taluk","village_lgd_code":"71092","village_name":"Dhansa","khasra_plot_no":"Mustatil 32, Killa 15/D25","recorded_area":"4.16","recorded_area_unit":"Bigha-Biswa","normalized_area_sqm":"3478.3","gis_area_sqm":"3478.3","land_use_category":"FOREST_GREEN_BELT","land_use_raw":"Bhumidhari (Agricultural)","status":"ARCHIVED","data_freshness_status":"UNKNOWN","scenario_index":"19517","use_case_description":"Pending sale mutation within statutory SLA","mutation_workflow_status":"UNDER_VERIFICATION","revenue_record_id":"ROR-DL-2025-1032-0025","revenue_record_type":"Khasra Khatauni (Delhi Bhulekh / DLR Act)","khata_khewat_no":"KHT-82","khatauni_no":"KHN-182","owner_name":"Chaudhary Dharamvir Singh","owner_name_local":"चौधरी धर्मवीर सिंह","co_owners":"","tenure_type":"Tribal Community Tenure","mutation_status":"NONE","active_mutation_id":"MUT-DL-00000025","tax_demand_status":"PAID","annual_tax_inr":"185.5","deed_number":"DEED-DL-2024-432-0025","deed_type":"Sale Deed / Conveyance","sro_office":"Sub-Registrar Office, Najafgarh Tehsil","execution_date":"2024-05-10","registered_owner":"Chaudhary Dharamvir Singh","seller_name":"Previous Landholder","consideration_amount_inr":"3500000.0","stamp_duty_inr":"210000.0","survey_sketch_id":"FMB-DL-32-0025","cadastral_sheet_no":"SHT-DL-32","surveyed_area_sqm":"3478.3","survey_status":"PENDING","urban_authority":"Najafgarh Tehsil Urban Development & Town Planning Authority","zone_name":"Commercial Business District","permitted_land_use":"FOREST_GREEN_BELT","building_permission_status":"PENDING","violations_reported":"False","is_encumbered":"False","encumbrance_certificate_number":"EC-DL-2024-132-0025","encumbrance_type":"NIL","financial_institution":"","mortgage_amount":"0.0","created_at":"2026-01-15T09:00:00Z","updated_at":"2026-09-24T11:30:00Z"}},{"type":"Feature","geometry":{"type":"Polygon","coordinates":[[[77.33494187033908,28.67102448330812],[77.3527697660778,28.671975814562405],[77.35462635560833,28.692939947581756],[77.33152242705377,28.687685839418254],[77.33494187033908,28.67102448330812]]]},"properties":{"ulpin":"07032659930855","parcel_id":"81e1178e-72c6-4906-979b-f26347ae5e95","state":"Delhi (NCT)","state_code":"DL","state_type":"UT","state_lgd_code":"7","district_lgd_code":"95","district_name":"South West Delhi","subdistrict_lgd_code":"780","subdistrict_name":"Najafgarh Tehsil","subdistrict_type":"Tehsil / Taluk","village_lgd_code":"71092","village_name":"Dhansa","khasra_plot_no":"Mustatil 32, Killa 15/D26","recorded_area":"4.16","recorded_area_unit":"Bigha-Biswa","normalized_area_sqm":"3478.3","gis_area_sqm":"3478.3","land_use_category":"WATER_BODY","land_use_raw":"Bhumidhari (Agricultural)","status":"ACTIVE","data_freshness_status":"CURRENT","scenario_index":"19518","use_case_description":"Court attachment and disputed possession","mutation_workflow_status":"NOTICE_PERIOD","revenue_record_id":"ROR-DL-2025-1032-0026","revenue_record_type":"Khasra Khatauni (Delhi Bhulekh / DLR Act)","khata_khewat_no":"KHT-82","khatauni_no":"KHN-182","owner_name":"Chaudhary Dharamvir Singh","owner_name_local":"चौधरी धर्मवीर सिंह","co_owners":"","tenure_type":"Bhumiswami / Raiyati with Transferable Rights","mutation_status":"MUTATED","active_mutation_id":"","tax_demand_status":"PAID","annual_tax_inr":"185.5","deed_number":"DEED-DL-2024-432-0026","deed_type":"Sale Deed / Conveyance","sro_office":"Sub-Registrar Office, Najafgarh Tehsil","execution_date":"2024-05-10","registered_owner":"Chaudhary Dharamvir Singh","seller_name":"Previous Landholder","consideration_amount_inr":"3500000.0","stamp_duty_inr":"210000.0","survey_sketch_id":"FMB-DL-32-0026","cadastral_sheet_no":"SHT-DL-32","surveyed_area_sqm":"3478.3","survey_status":"DISPUTED","urban_authority":"Najafgarh Tehsil Urban Development & Town Planning Authority","zone_name":"Commercial Business District","permitted_land_use":"WATER_BODY","building_permission_status":"REJECTED","violations_reported":"False","is_encumbered":"True","encumbrance_certificate_number":"EC-DL-00000026-0026","encumbrance_type":"BANK_MORTGAGE","financial_institution":"","mortgage_amount":"0.0","created_at":"2026-01-15T09:00:00Z","updated_at":"2026-09-24T11:30:00Z"}},{"type":"Feature","geometry":{"type":"Polygon","coordinates":[[[77.47615026203346,28.537909376999256],[77.49695479283247,28.537249464068577],[77.49418204417007,28.557566310083043],[77.47752283016352,28.55724313543358],[77.47615026203346,28.537909376999256]]]},"properties":{"ulpin":"07308711385858","parcel_id":"6389dabc-2aa8-4137-8d2c-7e89a124ab29","state":"Delhi (NCT)","state_code":"DL","state_type":"UT","state_lgd_code":"7","district_lgd_code":"95","district_name":"South West Delhi","subdistrict_lgd_code":"780","subdistrict_name":"Najafgarh Tehsil","subdistrict_type":"Tehsil / Taluk","village_lgd_code":"71092","village_name":"Dhansa","khasra_plot_no":"Mustatil 32, Killa 15/D27","recorded_area":"4.16","recorded_area_unit":"Bigha-Biswa","normalized_area_sqm":"3478.3","gis_area_sqm":"3478.3","land_use_category":"MIXED_USE","land_use_raw":"Bhumidhari (Agricultural)","status":"PENDING_MUTATION","data_freshness_status":"STALE","scenario_index":"19519","use_case_description":"Tribal non-alienation protection review","mutation_workflow_status":"HEARING_SCHEDULED","revenue_record_id":"ROR-DL-2025-1032-0027","revenue_record_type":"Khasra Khatauni (Delhi Bhulekh / DLR Act)","khata_khewat_no":"KHT-82","khatauni_no":"KHN-182","owner_name":"Chaudhary Dharamvir Singh","owner_name_local":"चौधरी धर्मवीर सिंह","co_owners":"","tenure_type":"Bhumiswami / Freehold","mutation_status":"PENDING","active_mutation_id":"MUT-DL-00000027","tax_demand_status":"PAID","annual_tax_inr":"185.5","deed_number":"DEED-DL-2024-432-0027","deed_type":"Sale Deed / Conveyance","sro_office":"Sub-Registrar Office, Najafgarh Tehsil","execution_date":"2024-05-10","registered_owner":"Registry Variance Owner 27","seller_name":"Previous Landholder","consideration_amount_inr":"3500000.0","stamp_duty_inr":"210000.0","survey_sketch_id":"FMB-DL-32-0027","cadastral_sheet_no":"SHT-DL-32","surveyed_area_sqm":"3478.3","survey_status":"RESURVEY_REQUIRED","urban_authority":"Najafgarh Tehsil Urban Development & Town Planning Authority","zone_name":"Commercial Business District","permitted_land_use":"MIXED_USE","building_permission_status":"NOT_APPLICABLE","violations_reported":"False","is_encumbered":"True","encumbrance_certificate_number":"EC-DL-00000027-0027","encumbrance_type":"GOVT_REVENUE_LIEN","financial_institution":"","mortgage_amount":"0.0","created_at":"2026-01-15T09:00:00Z","updated_at":"2026-09-24T11:30:00Z"}},{"type":"Feature","geometry":{"type":"Polygon","coordinates":[[[77.25978272755779,28.77704006991823],[77.2772402005943,28.77648249809267],[77.2772402005943,28.797797249715124],[77.25585456458516,28.799916938595466],[77.25978272755779,28.77704006991823]]]},"properties":{"ulpin":"07241867901302","parcel_id":"d11661e3-99cf-4ca0-bd6c-37b14cd047e1","state":"Delhi (NCT)","state_code":"DL","state_type":"UT","state_lgd_code":"7","district_lgd_code":"95","district_name":"South West Delhi","subdistrict_lgd_code":"780","subdistrict_name":"Najafgarh Tehsil","subdistrict_type":"Tehsil / Taluk","village_lgd_code":"71092","village_name":"Dhansa","khasra_plot_no":"Mustatil 32, Killa 15/D28","recorded_area":"4.16","recorded_area_unit":"Bigha-Biswa","normalized_area_sqm":"3478.3","gis_area_sqm":"3478.3","land_use_category":"OTHER","land_use_raw":"Bhumidhari (Agricultural)","status":"SUBDIVIDED","data_freshness_status":"UNKNOWN","scenario_index":"19520","use_case_description":"Lease charge and institutional tenancy","mutation_workflow_status":"APPROVED","revenue_record_id":"ROR-DL-2025-1032-0028","revenue_record_type":"Khasra Khatauni (Delhi Bhulekh / DLR Act)","khata_khewat_no":"KHT-82","khatauni_no":"KHN-182","owner_name":"Chaudhary Dharamvir Singh","owner_name_local":"चौधरी धर्मवीर सिंह","co_owners":"","tenure_type":"Leasehold","mutation_status":"UNMUTATED_TRANSACTION","active_mutation_id":"MUT-DL-00000028","tax_demand_status":"PAID","annual_tax_inr":"185.5","deed_number":"DEED-DL-2024-432-0028","deed_type":"Sale Deed / Conveyance","sro_office":"Sub-Registrar Office, Najafgarh Tehsil","execution_date":"2024-05-10","registered_owner":"Chaudhary Dharamvir Singh","seller_name":"Previous Landholder","consideration_amount_inr":"3500000.0","stamp_duty_inr":"210000.0","survey_sketch_id":"FMB-DL-32-0028","cadastral_sheet_no":"SHT-DL-32","surveyed_area_sqm":"3478.3","survey_status":"SURVEYED","urban_authority":"Najafgarh Tehsil Urban Development & Town Planning Authority","zone_name":"Commercial Business District","permitted_land_use":"OTHER","building_permission_status":"SANCTIONED","violations_reported":"False","is_encumbered":"True","encumbrance_certificate_number":"EC-DL-00000028-0028","encumbrance_type":"COURT_ATTACHMENT","financial_institution":"","mortgage_amount":"0.0","created_at":"2026-01-15T09:00:00Z","updated_at":"2026-09-24T11:30:00Z"}},{"type":"Feature","geometry":{"type":"Polygon","coordinates":[[[77.2589530322287,28.567832268400906],[77.27453522521209,28.56458385597383],[77.27453522521209,28.58421218877841],[77.26021744556628,28.58247281153268],[77.2589530322287,28.567832268400906]]]},"properties":{"ulpin":"07715938442156","parcel_id":"61af68f2-6910-4367-a944-170ef7794127","state":"Delhi (NCT)","state_code":"DL","state_type":"UT","state_lgd_code":"7","district_lgd_code":"95","district_name":"South West Delhi","subdistrict_lgd_code":"780","subdistrict_name":"Najafgarh Tehsil","subdistrict_type":"Tehsil / Taluk","village_lgd_code":"71092","village_name":"Dhansa","khasra_plot_no":"Mustatil 32, Killa 15/D29","recorded_area":"4.16","recorded_area_unit":"Bigha-Biswa","normalized_area_sqm":"3478.3","gis_area_sqm":"3478.3","land_use_category":"RESIDENTIAL","land_use_raw":"Bhumidhari (Agricultural)","status":"AMALGAMATED","data_freshness_status":"CURRENT","scenario_index":"19521","use_case_description":"Subdivision or amalgamation history review","mutation_workflow_status":"REJECTED","revenue_record_id":"ROR-DL-2025-1032-0029","revenue_record_type":"Khasra Khatauni (Delhi Bhulekh / DLR Act)","khata_khewat_no":"KHT-82","khatauni_no":"KHN-182","owner_name":"Chaudhary Dharamvir Singh","owner_name_local":"चौधरी धर्मवीर सिंह","co_owners":"","tenure_type":"Government Grant","mutation_status":"REJECTED","active_mutation_id":"MUT-DL-00000029","tax_demand_status":"PAID","annual_tax_inr":"185.5","deed_number":"DEED-DL-2024-432-0029","deed_type":"Sale Deed / Conveyance","sro_office":"Sub-Registrar Office, Najafgarh Tehsil","execution_date":"2024-05-10","registered_owner":"Chaudhary Dharamvir Singh","seller_name":"Previous Landholder","consideration_amount_inr":"3500000.0","stamp_duty_inr":"210000.0","survey_sketch_id":"FMB-DL-32-0029","cadastral_sheet_no":"SHT-DL-32","surveyed_area_sqm":"3478.3","survey_status":"PENDING","urban_authority":"Najafgarh Tehsil Urban Development & Town Planning Authority","zone_name":"Commercial Business District","permitted_land_use":"RESIDENTIAL","building_permission_status":"PENDING","violations_reported":"False","is_encumbered":"True","encumbrance_certificate_number":"EC-DL-00000029-0029","encumbrance_type":"TRIBAL_NON_ALIENATION","financial_institution":"","mortgage_amount":"0.0","created_at":"2026-01-15T09:00:00Z","updated_at":"2026-09-24T11:30:00Z"}},{"type":"Feature","geometry":{"type":"Polygon","coordinates":[[[77.44339094916724,28.978848938017777],[77.46416113219841,28.979980223929857],[77.46545460264362,28.99412265663155],[77.44383997730962,28.996110535238703],[77.44339094916724,28.978848938017777]]]},"properties":{"ulpin":"07854658788248","parcel_id":"2b2dba4d-33ca-4fe4-9f0d-9705bff8efce","state":"Delhi (NCT)","state_code":"DL","state_type":"UT","state_lgd_code":"7","district_lgd_code":"95","district_name":"South West Delhi","subdistrict_lgd_code":"780","subdistrict_name":"Najafgarh Tehsil","subdistrict_type":"Tehsil / Taluk","village_lgd_code":"71092","village_name":"Dhansa","khasra_plot_no":"Mustatil 32, Killa 15/D30","recorded_area":"4.16","recorded_area_unit":"Bigha-Biswa","normalized_area_sqm":"3478.3","gis_area_sqm":"3478.3","land_use_category":"COMMERCIAL","land_use_raw":"Bhumidhari (Agricultural)","status":"DISPUTED","data_freshness_status":"STALE","scenario_index":"19522","use_case_description":"Archived historical record for audit retrieval","mutation_workflow_status":"SLA_BREACHED","revenue_record_id":"ROR-DL-2025-1032-0030","revenue_record_type":"Khasra Khatauni (Delhi Bhulekh / DLR Act)","khata_khewat_no":"KHT-82","khatauni_no":"KHN-182","owner_name":"Chaudhary Dharamvir Singh","owner_name_local":"चौधरी धर्मवीर सिंह","co_owners":"","tenure_type":"Waqf / Religious Trust","mutation_status":"DISPUTED","active_mutation_id":"MUT-DL-00000030","tax_demand_status":"PAID","annual_tax_inr":"185.5","deed_number":"DEED-DL-2024-432-0030","deed_type":"Sale Deed / Conveyance","sro_office":"Sub-Registrar Office, Najafgarh Tehsil","execution_date":"2024-05-10","registered_owner":"Chaudhary Dharamvir Singh","seller_name":"Previous Landholder","consideration_amount_inr":"3500000.0","stamp_duty_inr":"210000.0","survey_sketch_id":"FMB-DL-32-0030","cadastral_sheet_no":"SHT-DL-32","surveyed_area_sqm":"3478.3","survey_status":"DISPUTED","urban_authority":"Najafgarh Tehsil Urban Development & Town Planning Authority","zone_name":"Commercial Business District","permitted_land_use":"COMMERCIAL","building_permission_status":"REJECTED","violations_reported":"False","is_encumbered":"True","encumbrance_certificate_number":"EC-DL-00000030-0030","encumbrance_type":"LEASE_CHARGE","financial_institution":"","mortgage_amount":"0.0","created_at":"2026-01-15T09:00:00Z","updated_at":"2026-09-24T11:30:00Z"}},{"type":"Feature","geometry":{"type":"Polygon","coordinates":[[[77.22180106637228,28.859289435826515],[77.23645263515087,28.862942517003365],[77.24177034799837,28.88064181349734],[77.22160480238848,28.881816085889046],[77.22180106637228,28.859289435826515]]]},"properties":{"ulpin":"07823921224693","parcel_id":"3d2892ca-8ecb-4b3a-8af4-e0e42f4bdde5","state":"Delhi (NCT)","state_code":"DL","state_type":"UT","state_lgd_code":"7","district_lgd_code":"95","district_name":"South West Delhi","subdistrict_lgd_code":"780","subdistrict_name":"Najafgarh Tehsil","subdistrict_type":"Tehsil / Taluk","village_lgd_code":"71092","village_name":"Dhansa","khasra_plot_no":"Mustatil 32, Killa 15/D31","recorded_area":"4.16","recorded_area_unit":"Bigha-Biswa","normalized_area_sqm":"3478.3","gis_area_sqm":"3478.3","land_use_category":"INDUSTRIAL","land_use_raw":"Bhumidhari (Agricultural)","status":"ARCHIVED","data_freshness_status":"UNKNOWN","scenario_index":"19523","use_case_description":"Bank mortgage and active encumbrance","mutation_workflow_status":"SUBMITTED","revenue_record_id":"ROR-DL-2025-1032-0031","revenue_record_type":"Khasra Khatauni (Delhi Bhulekh / DLR Act)","khata_khewat_no":"KHT-82","khatauni_no":"KHN-182","owner_name":"Chaudhary Dharamvir Singh","owner_name_local":"चौधरी धर्मवीर सिंह","co_owners":"","tenure_type":"Tribal Community Tenure","mutation_status":"NONE","active_mutation_id":"MUT-DL-00000031","tax_demand_status":"PAID","annual_tax_inr":"185.5","deed_number":"DEED-DL-2024-432-0031","deed_type":"Sale Deed / Conveyance","sro_office":"Sub-Registrar Office, Najafgarh Tehsil","execution_date":"2024-05-10","registered_owner":"Chaudhary Dharamvir Singh","seller_name":"Previous Landholder","consideration_amount_inr":"3500000.0","stamp_duty_inr":"210000.0","survey_sketch_id":"FMB-DL-32-0031","cadastral_sheet_no":"SHT-DL-32","surveyed_area_sqm":"3478.3","survey_status":"RESURVEY_REQUIRED","urban_authority":"Najafgarh Tehsil Urban Development & Town Planning Authority","zone_name":"Commercial Business District","permitted_land_use":"INDUSTRIAL","building_permission_status":"NOT_APPLICABLE","violations_reported":"True","is_encumbered":"False","encumbrance_certificate_number":"EC-DL-2024-132-0031","encumbrance_type":"NIL","financial_institution":"","mortgage_amount":"0.0","created_at":"2026-01-15T09:00:00Z","updated_at":"2026-09-24T11:30:00Z"}},{"type":"Feature","geometry":{"type":"Polygon","coordinates":[[[77.516313182726,28.5809621371775],[77.53072915321009,28.57866172623168],[77.53405525028644,28.60104348421144],[77.51722617125466,28.6019827015853],[77.516313182726,28.5809621371775]]]},"properties":{"ulpin":"07674945834747","parcel_id":"05bc22aa-c291-45dd-a373-f6492e01e739","state":"Delhi (NCT)","state_code":"DL","state_type":"UT","state_lgd_code":"7","district_lgd_code":"95","district_name":"South West Delhi","subdistrict_lgd_code":"780","subdistrict_name":"Najafgarh Tehsil","subdistrict_type":"Tehsil / Taluk","village_lgd_code":"71092","village_name":"Dhansa","khasra_plot_no":"Mustatil 32, Killa 15/D32","recorded_area":"4.16","recorded_area_unit":"Bigha-Biswa","normalized_area_sqm":"3478.3","gis_area_sqm":"3478.3","land_use_category":"AGRICULTURAL","land_use_raw":"Bhumidhari (Agricultural)","status":"ACTIVE","data_freshness_status":"CURRENT","scenario_index":"19524","use_case_description":"Government revenue lien and tax demand","mutation_workflow_status":"UNDER_VERIFICATION","revenue_record_id":"ROR-DL-2025-1032-0032","revenue_record_type":"Khasra Khatauni (Delhi Bhulekh / DLR Act)","khata_khewat_no":"KHT-82","khatauni_no":"KHN-182","owner_name":"Chaudhary Dharamvir Singh","owner_name_local":"चौधरी धर्मवीर सिंह","co_owners":"","tenure_type":"Bhumiswami / Raiyati with Transferable Rights","mutation_status":"MUTATED","active_mutation_id":"","tax_demand_status":"PAID","annual_tax_inr":"185.5","deed_number":"DEED-DL-2024-432-0032","deed_type":"Sale Deed / Conveyance","sro_office":"Sub-Registrar Office, Najafgarh Tehsil","execution_date":"2024-05-10","registered_owner":"Registry Variance Owner 32","seller_name":"Previous Landholder","consideration_amount_inr":"3500000.0","stamp_duty_inr":"210000.0","survey_sketch_id":"FMB-DL-32-0032","cadastral_sheet_no":"SHT-DL-32","surveyed_area_sqm":"3478.3","survey_status":"SURVEYED","urban_authority":"Najafgarh Tehsil Urban Development & Town Planning Authority","zone_name":"Commercial Business District","permitted_land_use":"AGRICULTURAL","building_permission_status":"SANCTIONED","violations_reported":"False","is_encumbered":"True","encumbrance_certificate_number":"EC-DL-00000032-0032","encumbrance_type":"BANK_MORTGAGE","financial_institution":"","mortgage_amount":"0.0","created_at":"2026-01-15T09:00:00Z","updated_at":"2026-09-24T11:30:00Z"}},{"type":"Feature","geometry":{"type":"Polygon","coordinates":[[[77.49458983753514,28.981362279042063],[77.51446792925107,28.976517360738292],[77.51446792925107,28.998324743000737],[77.48823637058,28.99943804844127],[77.49458983753514,28.981362279042063]]]},"properties":{"ulpin":"07079418944015","parcel_id":"83fec932-6fd7-4c2a-90a0-dbf0958633b0","state":"Delhi (NCT)","state_code":"DL","state_type":"UT","state_lgd_code":"7","district_lgd_code":"95","district_name":"South West Delhi","subdistrict_lgd_code":"780","subdistrict_name":"Najafgarh Tehsil","subdistrict_type":"Tehsil / Taluk","village_lgd_code":"71092","village_name":"Dhansa","khasra_plot_no":"Mustatil 32, Killa 15/D33","recorded_area":"4.16","recorded_area_unit":"Bigha-Biswa","normalized_area_sqm":"3478.3","gis_area_sqm":"3478.3","land_use_category":"INSTITUTIONAL","land_use_raw":"Bhumidhari (Agricultural)","status":"PENDING_MUTATION","data_freshness_status":"STALE","scenario_index":"19525","use_case_description":"Court attachment and disputed possession","mutation_workflow_status":"NOTICE_PERIOD","revenue_record_id":"ROR-DL-2025-1032-0033","revenue_record_type":"Khasra Khatauni (Delhi Bhulekh / DLR Act)","khata_khewat_no":"KHT-82","khatauni_no":"KHN-182","owner_name":"Chaudhary Dharamvir Singh","owner_name_local":"चौधरी धर्मवीर सिंह","co_owners":"","tenure_type":"Bhumiswami / Freehold","mutation_status":"PENDING","active_mutation_id":"MUT-DL-00000033","tax_demand_status":"PAID","annual_tax_inr":"185.5","deed_number":"DEED-DL-2024-432-0033","deed_type":"Sale Deed / Conveyance","sro_office":"Sub-Registrar Office, Najafgarh Tehsil","execution_date":"2024-05-10","registered_owner":"Chaudhary Dharamvir Singh","seller_name":"Previous Landholder","consideration_amount_inr":"3500000.0","stamp_duty_inr":"210000.0","survey_sketch_id":"FMB-DL-32-0033","cadastral_sheet_no":"SHT-DL-32","surveyed_area_sqm":"3478.3","survey_status":"PENDING","urban_authority":"Najafgarh Tehsil Urban Development & Town Planning Authority","zone_name":"Commercial Business District","permitted_land_use":"INSTITUTIONAL","building_permission_status":"PENDING","violations_reported":"False","is_encumbered":"True","encumbrance_certificate_number":"EC-DL-00000033-0033","encumbrance_type":"GOVT_REVENUE_LIEN","financial_institution":"","mortgage_amount":"0.0","created_at":"2026-01-15T09:00:00Z","updated_at":"2026-09-24T11:30:00Z"}},{"type":"Feature","geometry":{"type":"Polygon","coordinates":[[[77.51403493268462,28.537455488441434],[77.53047888834847,28.5392927469518],[77.53068449964238,28.560312483812513],[77.51564363807564,28.561391208530658],[77.51403493268462,28.537455488441434]]]},"properties":{"ulpin":"07528237502336","parcel_id":"876d2372-8fc0-4ea8-a9f1-8a142c99ec22","state":"Delhi (NCT)","state_code":"DL","state_type":"UT","state_lgd_code":"7","district_lgd_code":"95","district_name":"South West Delhi","subdistrict_lgd_code":"780","subdistrict_name":"Najafgarh Tehsil","subdistrict_type":"Tehsil / Taluk","village_lgd_code":"71092","village_name":"Dhansa","khasra_plot_no":"Mustatil 32, Killa 15/D34","recorded_area":"4.16","recorded_area_unit":"Bigha-Biswa","normalized_area_sqm":"3478.3","gis_area_sqm":"3478.3","land_use_category":"FOREST_GREEN_BELT","land_use_raw":"Bhumidhari (Agricultural)","status":"SUBDIVIDED","data_freshness_status":"UNKNOWN","scenario_index":"19526","use_case_description":"Tribal non-alienation protection review","mutation_workflow_status":"HEARING_SCHEDULED","revenue_record_id":"ROR-DL-2025-1032-0034","revenue_record_type":"Khasra Khatauni (Delhi Bhulekh / DLR Act)","khata_khewat_no":"KHT-82","khatauni_no":"KHN-182","owner_name":"Chaudhary Dharamvir Singh","owner_name_local":"चौधरी धर्मवीर सिंह","co_owners":"","tenure_type":"Leasehold","mutation_status":"UNMUTATED_TRANSACTION","active_mutation_id":"MUT-DL-00000034","tax_demand_status":"PAID","annual_tax_inr":"185.5","deed_number":"DEED-DL-2024-432-0034","deed_type":"Sale Deed / Conveyance","sro_office":"Sub-Registrar Office, Najafgarh Tehsil","execution_date":"2024-05-10","registered_owner":"Chaudhary Dharamvir Singh","seller_name":"Previous Landholder","consideration_amount_inr":"3500000.0","stamp_duty_inr":"210000.0","survey_sketch_id":"FMB-DL-32-0034","cadastral_sheet_no":"SHT-DL-32","surveyed_area_sqm":"3478.3","survey_status":"DISPUTED","urban_authority":"Najafgarh Tehsil Urban Development & Town Planning Authority","zone_name":"Commercial Business District","permitted_land_use":"FOREST_GREEN_BELT","building_permission_status":"REJECTED","violations_reported":"False","is_encumbered":"True","encumbrance_certificate_number":"EC-DL-00000034-0034","encumbrance_type":"COURT_ATTACHMENT","financial_institution":"","mortgage_amount":"0.0","created_at":"2026-01-15T09:00:00Z","updated_at":"2026-09-24T11:30:00Z"}},{"type":"Feature","geometry":{"type":"Polygon","coordinates":[[[77.29112045298031,28.49784631768524],[77.3157545722899,28.49924432653308],[77.3118772980723,28.521362388480743],[77.29112045298031,28.52320408828716],[77.29112045298031,28.49784631768524]]]},"properties":{"ulpin":"07525839775072","parcel_id":"45a988e2-85e4-4553-8745-296bcb4dca3d","state":"Delhi (NCT)","state_code":"DL","state_type":"UT","state_lgd_code":"7","district_lgd_code":"95","district_name":"South West Delhi","subdistrict_lgd_code":"780","subdistrict_name":"Najafgarh Tehsil","subdistrict_type":"Tehsil / Taluk","village_lgd_code":"71092","village_name":"Dhansa","khasra_plot_no":"Mustatil 32, Killa 15/D35","recorded_area":"4.16","recorded_area_unit":"Bigha-Biswa","normalized_area_sqm":"3478.3","gis_area_sqm":"3478.3","land_use_category":"WATER_BODY","land_use_raw":"Bhumidhari (Agricultural)","status":"AMALGAMATED","data_freshness_status":"CURRENT","scenario_index":"19527","use_case_description":"Lease charge and institutional tenancy","mutation_workflow_status":"APPROVED","revenue_record_id":"ROR-DL-2025-1032-0035","revenue_record_type":"Khasra Khatauni (Delhi Bhulekh / DLR Act)","khata_khewat_no":"KHT-82","khatauni_no":"KHN-182","owner_name":"Chaudhary Dharamvir Singh","owner_name_local":"चौधरी धर्मवीर सिंह","co_owners":"","tenure_type":"Government Grant","mutation_status":"REJECTED","active_mutation_id":"MUT-DL-00000035","tax_demand_status":"PAID","annual_tax_inr":"185.5","deed_number":"DEED-DL-2024-432-0035","deed_type":"Sale Deed / Conveyance","sro_office":"Sub-Registrar Office, Najafgarh Tehsil","execution_date":"2024-05-10","registered_owner":"Chaudhary Dharamvir Singh","seller_name":"Previous Landholder","consideration_amount_inr":"3500000.0","stamp_duty_inr":"210000.0","survey_sketch_id":"FMB-DL-32-0035","cadastral_sheet_no":"SHT-DL-32","surveyed_area_sqm":"3478.3","survey_status":"RESURVEY_REQUIRED","urban_authority":"Najafgarh Tehsil Urban Development & Town Planning Authority","zone_name":"Commercial Business District","permitted_land_use":"WATER_BODY","building_permission_status":"NOT_APPLICABLE","violations_reported":"False","is_encumbered":"True","encumbrance_certificate_number":"EC-DL-00000035-0035","encumbrance_type":"TRIBAL_NON_ALIENATION","financial_institution":"","mortgage_amount":"0.0","created_at":"2026-01-15T09:00:00Z","updated_at":"2026-09-24T11:30:00Z"}},{"type":"Feature","geometry":{"type":"Polygon","coordinates":[[[77.31966619738373,29.053201637572847],[77.3482545162341,29.053287370592013],[77.34774101919842,29.071814326673305],[77.32105701155801,29.071814326673305],[77.31966619738373,29.053201637572847]]]},"properties":{"ulpin":"07819610798417","parcel_id":"3fcb75f6-5b1c-48b9-b56c-9d2cccb47919","state":"Delhi (NCT)","state_code":"DL","state_type":"UT","state_lgd_code":"7","district_lgd_code":"95","district_name":"South West Delhi","subdistrict_lgd_code":"780","subdistrict_name":"Najafgarh Tehsil","subdistrict_type":"Tehsil / Taluk","village_lgd_code":"71092","village_name":"Dhansa","khasra_plot_no":"Mustatil 32, Killa 15/D36","recorded_area":"4.16","recorded_area_unit":"Bigha-Biswa","normalized_area_sqm":"3478.3","gis_area_sqm":"3478.3","land_use_category":"MIXED_USE","land_use_raw":"Bhumidhari (Agricultural)","status":"DISPUTED","data_freshness_status":"STALE","scenario_index":"19528","use_case_description":"Subdivision or amalgamation history review","mutation_workflow_status":"REJECTED","revenue_record_id":"ROR-DL-2025-1032-0036","revenue_record_type":"Khasra Khatauni (Delhi Bhulekh / DLR Act)","khata_khewat_no":"KHT-82","khatauni_no":"KHN-182","owner_name":"Chaudhary Dharamvir Singh","owner_name_local":"चौधरी धर्मवीर सिंह","co_owners":"","tenure_type":"Waqf / Religious Trust","mutation_status":"DISPUTED","active_mutation_id":"MUT-DL-00000036","tax_demand_status":"PAID","annual_tax_inr":"185.5","deed_number":"DEED-DL-2024-432-0036","deed_type":"Sale Deed / Conveyance","sro_office":"Sub-Registrar Office, Najafgarh Tehsil","execution_date":"2024-05-10","registered_owner":"Chaudhary Dharamvir Singh","seller_name":"Previous Landholder","consideration_amount_inr":"3500000.0","stamp_duty_inr":"210000.0","survey_sketch_id":"FMB-DL-32-0036","cadastral_sheet_no":"SHT-DL-32","surveyed_area_sqm":"3478.3","survey_status":"SURVEYED","urban_authority":"Najafgarh Tehsil Urban Development & Town Planning Authority","zone_name":"Commercial Business District","permitted_land_use":"MIXED_USE","building_permission_status":"SANCTIONED","violations_reported":"False","is_encumbered":"True","encumbrance_certificate_number":"EC-DL-00000036-0036","encumbrance_type":"LEASE_CHARGE","financial_institution":"","mortgage_amount":"0.0","created_at":"2026-01-15T09:00:00Z","updated_at":"2026-09-24T11:30:00Z"}},{"type":"Feature","geometry":{"type":"Polygon","coordinates":[[[77.31999486977882,28.976552394032662],[77.34855612512303,28.976489737448752],[77.34684954032117,28.994908383773318],[77.32192021925133,28.99491581650703],[77.31999486977882,28.976552394032662]]]},"properties":{"ulpin":"07288274636898","parcel_id":"7470def6-34c5-4a5d-b5c8-12a7e63480e8","state":"Delhi (NCT)","state_code":"DL","state_type":"UT","state_lgd_code":"7","district_lgd_code":"95","district_name":"South West Delhi","subdistrict_lgd_code":"780","subdistrict_name":"Najafgarh Tehsil","subdistrict_type":"Tehsil / Taluk","village_lgd_code":"71092","village_name":"Dhansa","khasra_plot_no":"Mustatil 32, Killa 15/D37","recorded_area":"4.16","recorded_area_unit":"Bigha-Biswa","normalized_area_sqm":"3478.3","gis_area_sqm":"3478.3","land_use_category":"OTHER","land_use_raw":"Bhumidhari (Agricultural)","status":"ARCHIVED","data_freshness_status":"UNKNOWN","scenario_index":"19529","use_case_description":"Archived historical record for audit retrieval","mutation_workflow_status":"SLA_BREACHED","revenue_record_id":"ROR-DL-2025-1032-0037","revenue_record_type":"Khasra Khatauni (Delhi Bhulekh / DLR Act)","khata_khewat_no":"KHT-82","khatauni_no":"KHN-182","owner_name":"Chaudhary Dharamvir Singh","owner_name_local":"चौधरी धर्मवीर सिंह","co_owners":"","tenure_type":"Tribal Community Tenure","mutation_status":"NONE","active_mutation_id":"MUT-DL-00000037","tax_demand_status":"PAID","annual_tax_inr":"185.5","deed_number":"DEED-DL-2024-432-0037","deed_type":"Sale Deed / Conveyance","sro_office":"Sub-Registrar Office, Najafgarh Tehsil","execution_date":"2024-05-10","registered_owner":"Registry Variance Owner 37","seller_name":"Previous Landholder","consideration_amount_inr":"3500000.0","stamp_duty_inr":"210000.0","survey_sketch_id":"FMB-DL-32-0037","cadastral_sheet_no":"SHT-DL-32","surveyed_area_sqm":"3478.3","survey_status":"PENDING","urban_authority":"Najafgarh Tehsil Urban Development & Town Planning Authority","zone_name":"Commercial Business District","permitted_land_use":"OTHER","building_permission_status":"PENDING","violations_reported":"False","is_encumbered":"False","encumbrance_certificate_number":"EC-DL-2024-132-0037","encumbrance_type":"NIL","financial_institution":"","mortgage_amount":"0.0","created_at":"2026-01-15T09:00:00Z","updated_at":"2026-09-24T11:30:00Z"}},{"type":"Feature","geometry":{"type":"Polygon","coordinates":[[[77.20129840112658,28.964411593911766],[77.22168127355307,28.963891684027654],[77.22207592818155,28.981548435728158],[77.20129840112658,28.978388589614294],[77.20129840112658,28.964411593911766]]]},"properties":{"ulpin":"07547023088197","parcel_id":"ffc1ef08-e901-4a57-b1ee-a8c30c006081","state":"Delhi (NCT)","state_code":"DL","state_type":"UT","state_lgd_code":"7","district_lgd_code":"95","district_name":"South West Delhi","subdistrict_lgd_code":"780","subdistrict_name":"Najafgarh Tehsil","subdistrict_type":"Tehsil / Taluk","village_lgd_code":"71092","village_name":"Dhansa","khasra_plot_no":"Mustatil 32, Killa 15/D38","recorded_area":"4.16","recorded_area_unit":"Bigha-Biswa","normalized_area_sqm":"3478.3","gis_area_sqm":"3478.3","land_use_category":"RESIDENTIAL","land_use_raw":"Bhumidhari (Agricultural)","status":"ACTIVE","data_freshness_status":"CURRENT","scenario_index":"19530","use_case_description":"Bank mortgage and active encumbrance","mutation_workflow_status":"SUBMITTED","revenue_record_id":"ROR-DL-2025-1032-0038","revenue_record_type":"Khasra Khatauni (Delhi Bhulekh / DLR Act)","khata_khewat_no":"KHT-82","khatauni_no":"KHN-182","owner_name":"Chaudhary Dharamvir Singh","owner_name_local":"चौधरी धर्मवीर सिंह","co_owners":"","tenure_type":"Bhumiswami / Raiyati with Transferable Rights","mutation_status":"MUTATED","active_mutation_id":"","tax_demand_status":"PAID","annual_tax_inr":"185.5","deed_number":"DEED-DL-2024-432-0038","deed_type":"Sale Deed / Conveyance","sro_office":"Sub-Registrar Office, Najafgarh Tehsil","execution_date":"2024-05-10","registered_owner":"Chaudhary Dharamvir Singh","seller_name":"Previous Landholder","consideration_amount_inr":"3500000.0","stamp_duty_inr":"210000.0","survey_sketch_id":"FMB-DL-32-0038","cadastral_sheet_no":"SHT-DL-32","surveyed_area_sqm":"3478.3","survey_status":"DISPUTED","urban_authority":"Najafgarh Tehsil Urban Development & Town Planning Authority","zone_name":"Commercial Business District","permitted_land_use":"RESIDENTIAL","building_permission_status":"REJECTED","violations_reported":"True","is_encumbered":"True","encumbrance_certificate_number":"EC-DL-00000038-0038","encumbrance_type":"BANK_MORTGAGE","financial_institution":"","mortgage_amount":"0.0","created_at":"2026-01-15T09:00:00Z","updated_at":"2026-09-24T11:30:00Z"}},{"type":"Feature","geometry":{"type":"Polygon","coordinates":[[[77.53123409332446,28.481215327329373],[77.55119553765029,28.4784142194921],[77.55119553765029,28.503375115759685],[77.53572350804707,28.498996652893386],[77.53123409332446,28.481215327329373]]]},"properties":{"ulpin":"07626476166206","parcel_id":"444a1d0b-0b5b-451f-981a-137b7bfadeed","state":"Delhi (NCT)","state_code":"DL","state_type":"UT","state_lgd_code":"7","district_lgd_code":"95","district_name":"South West Delhi","subdistrict_lgd_code":"780","subdistrict_name":"Najafgarh Tehsil","subdistrict_type":"Tehsil / Taluk","village_lgd_code":"71092","village_name":"Dhansa","khasra_plot_no":"Mustatil 32, Killa 15/D39","recorded_area":"4.16","recorded_area_unit":"Bigha-Biswa","normalized_area_sqm":"3478.3","gis_area_sqm":"3478.3","land_use_category":"COMMERCIAL","land_use_raw":"Bhumidhari (Agricultural)","status":"PENDING_MUTATION","data_freshness_status":"STALE","scenario_index":"19531","use_case_description":"Government revenue lien and tax demand","mutation_workflow_status":"UNDER_VERIFICATION","revenue_record_id":"ROR-DL-2025-1032-0039","revenue_record_type":"Khasra Khatauni (Delhi Bhulekh / DLR Act)","khata_khewat_no":"KHT-82","khatauni_no":"KHN-182","owner_name":"Chaudhary Dharamvir Singh","owner_name_local":"चौधरी धर्मवीर सिंह","co_owners":"","tenure_type":"Bhumiswami / Freehold","mutation_status":"PENDING","active_mutation_id":"MUT-DL-00000039","tax_demand_status":"PAID","annual_tax_inr":"185.5","deed_number":"DEED-DL-2024-432-0039","deed_type":"Sale Deed / Conveyance","sro_office":"Sub-Registrar Office, Najafgarh Tehsil","execution_date":"2024-05-10","registered_owner":"Chaudhary Dharamvir Singh","seller_name":"Previous Landholder","consideration_amount_inr":"3500000.0","stamp_duty_inr":"210000.0","survey_sketch_id":"FMB-DL-32-0039","cadastral_sheet_no":"SHT-DL-32","surveyed_area_sqm":"3478.3","survey_status":"RESURVEY_REQUIRED","urban_authority":"Najafgarh Tehsil Urban Development & Town Planning Authority","zone_name":"Commercial Business District","permitted_land_use":"COMMERCIAL","building_permission_status":"NOT_APPLICABLE","violations_reported":"False","is_encumbered":"True","encumbrance_certificate_number":"EC-DL-00000039-0039","encumbrance_type":"GOVT_REVENUE_LIEN","financial_institution":"","mortgage_amount":"0.0","created_at":"2026-01-15T09:00:00Z","updated_at":"2026-09-24T11:30:00Z"}},{"type":"Feature","geometry":{"type":"Polygon","coordinates":[[[77.37011299133911,28.937698835532284],[77.39488404598974,28.935581796399337],[77.39488404598974,28.95672184260038],[77.3697765191058,28.956171844167034],[77.37011299133911,28.937698835532284]]]},"properties":{"ulpin":"07432409392058","parcel_id":"76c76903-e51b-4dd8-b2c5-d804e63f35ce","state":"Delhi (NCT)","state_code":"DL","state_type":"UT","state_lgd_code":"7","district_lgd_code":"95","district_name":"South West Delhi","subdistrict_lgd_code":"780","subdistrict_name":"Najafgarh Tehsil","subdistrict_type":"Tehsil / Taluk","village_lgd_code":"71092","village_name":"Dhansa","khasra_plot_no":"Mustatil 32, Killa 15/D40","recorded_area":"4.16","recorded_area_unit":"Bigha-Biswa","normalized_area_sqm":"3478.3","gis_area_sqm":"3478.3","land_use_category":"INDUSTRIAL","land_use_raw":"Bhumidhari (Agricultural)","status":"SUBDIVIDED","data_freshness_status":"UNKNOWN","scenario_index":"19532","use_case_description":"Court attachment and disputed possession","mutation_workflow_status":"NOTICE_PERIOD","revenue_record_id":"ROR-DL-2025-1032-0040","revenue_record_type":"Khasra Khatauni (Delhi Bhulekh / DLR Act)","khata_khewat_no":"KHT-82","khatauni_no":"KHN-182","owner_name":"Chaudhary Dharamvir Singh","owner_name_local":"चौधरी धर्मवीर सिंह","co_owners":"","tenure_type":"Leasehold","mutation_status":"UNMUTATED_TRANSACTION","active_mutation_id":"MUT-DL-00000040","tax_demand_status":"PAID","annual_tax_inr":"185.5","deed_number":"DEED-DL-2024-432-0040","deed_type":"Sale Deed / Conveyance","sro_office":"Sub-Registrar Office, Najafgarh Tehsil","execution_date":"2024-05-10","registered_owner":"Chaudhary Dharamvir Singh","seller_name":"Previous Landholder","consideration_amount_inr":"3500000.0","stamp_duty_inr":"210000.0","survey_sketch_id":"FMB-DL-32-0040","cadastral_sheet_no":"SHT-DL-32","surveyed_area_sqm":"3478.3","survey_status":"SURVEYED","urban_authority":"Najafgarh Tehsil Urban Development & Town Planning Authority","zone_name":"Commercial Business District","permitted_land_use":"INDUSTRIAL","building_permission_status":"SANCTIONED","violations_reported":"False","is_encumbered":"True","encumbrance_certificate_number":"EC-DL-00000040-0040","encumbrance_type":"COURT_ATTACHMENT","financial_institution":"","mortgage_amount":"0.0","created_at":"2026-01-15T09:00:00Z","updated_at":"2026-09-24T11:30:00Z"}},{"type":"Feature","geometry":{"type":"Polygon","coordinates":[[[77.31131324223887,28.565357273744773],[77.33475655920768,28.566711317639996],[77.33445491365737,28.584625250268353],[77.30955972759213,28.583655034056633],[77.31131324223887,28.565357273744773]]]},"properties":{"ulpin":"07283206510363","parcel_id":"3eed979e-1d30-4385-ab1c-c69f274edc34","state":"Delhi (NCT)","state_code":"DL","state_type":"UT","state_lgd_code":"7","district_lgd_code":"95","district_name":"South West Delhi","subdistrict_lgd_code":"780","subdistrict_name":"Najafgarh Tehsil","subdistrict_type":"Tehsil / Taluk","village_lgd_code":"71092","village_name":"Dhansa","khasra_plot_no":"Mustatil 32, Killa 15/D41","recorded_area":"4.16","recorded_area_unit":"Bigha-Biswa","normalized_area_sqm":"3478.3","gis_area_sqm":"3478.3","land_use_category":"AGRICULTURAL","land_use_raw":"Bhumidhari (Agricultural)","status":"AMALGAMATED","data_freshness_status":"CURRENT","scenario_index":"19533","use_case_description":"Tribal non-alienation protection review","mutation_workflow_status":"HEARING_SCHEDULED","revenue_record_id":"ROR-DL-2025-1032-0041","revenue_record_type":"Khasra Khatauni (Delhi Bhulekh / DLR Act)","khata_khewat_no":"KHT-82","khatauni_no":"KHN-182","owner_name":"Chaudhary Dharamvir Singh","owner_name_local":"चौधरी धर्मवीर सिंह","co_owners":"","tenure_type":"Government Grant","mutation_status":"REJECTED","active_mutation_id":"MUT-DL-00000041","tax_demand_status":"PAID","annual_tax_inr":"185.5","deed_number":"DEED-DL-2024-432-0041","deed_type":"Sale Deed / Conveyance","sro_office":"Sub-Registrar Office, Najafgarh Tehsil","execution_date":"2024-05-10","registered_owner":"Chaudhary Dharamvir Singh","seller_name":"Previous Landholder","consideration_amount_inr":"3500000.0","stamp_duty_inr":"210000.0","survey_sketch_id":"FMB-DL-32-0041","cadastral_sheet_no":"SHT-DL-32","surveyed_area_sqm":"3478.3","survey_status":"PENDING","urban_authority":"Najafgarh Tehsil Urban Development & Town Planning Authority","zone_name":"Commercial Business District","permitted_land_use":"AGRICULTURAL","building_permission_status":"PENDING","violations_reported":"False","is_encumbered":"True","encumbrance_certificate_number":"EC-DL-00000041-0041","encumbrance_type":"TRIBAL_NON_ALIENATION","financial_institution":"","mortgage_amount":"0.0","created_at":"2026-01-15T09:00:00Z","updated_at":"2026-09-24T11:30:00Z"}},{"type":"Feature","geometry":{"type":"Polygon","coordinates":[[[77.42088111894897,29.03588625293908],[77.44425644733334,29.036621115071824],[77.44344736979012,29.05149412401897],[77.42088111894897,29.049619736190092],[77.42088111894897,29.03588625293908]]]},"properties":{"ulpin":"07048156946715","parcel_id":"d226f56b-ced0-4919-b84f-21ec24e9c5a9","state":"Delhi (NCT)","state_code":"DL","state_type":"UT","state_lgd_code":"7","district_lgd_code":"95","district_name":"South West Delhi","subdistrict_lgd_code":"780","subdistrict_name":"Najafgarh Tehsil","subdistrict_type":"Tehsil / Taluk","village_lgd_code":"71092","village_name":"Dhansa","khasra_plot_no":"Mustatil 32, Killa 15/D42","recorded_area":"4.16","recorded_area_unit":"Bigha-Biswa","normalized_area_sqm":"3478.3","gis_area_sqm":"3478.3","land_use_category":"INSTITUTIONAL","land_use_raw":"Bhumidhari (Agricultural)","status":"DISPUTED","data_freshness_status":"STALE","scenario_index":"19534","use_case_description":"Lease charge and institutional tenancy","mutation_workflow_status":"APPROVED","revenue_record_id":"ROR-DL-2025-1032-0042","revenue_record_type":"Khasra Khatauni (Delhi Bhulekh / DLR Act)","khata_khewat_no":"KHT-82","khatauni_no":"KHN-182","owner_name":"Chaudhary Dharamvir Singh","owner_name_local":"चौधरी धर्मवीर सिंह","co_owners":"","tenure_type":"Waqf / Religious Trust","mutation_status":"DISPUTED","active_mutation_id":"MUT-DL-00000042","tax_demand_status":"PAID","annual_tax_inr":"185.5","deed_number":"DEED-DL-2024-432-0042","deed_type":"Sale Deed / Conveyance","sro_office":"Sub-Registrar Office, Najafgarh Tehsil","execution_date":"2024-05-10","registered_owner":"Registry Variance Owner 42","seller_name":"Previous Landholder","consideration_amount_inr":"3500000.0","stamp_duty_inr":"210000.0","survey_sketch_id":"FMB-DL-32-0042","cadastral_sheet_no":"SHT-DL-32","surveyed_area_sqm":"3478.3","survey_status":"DISPUTED","urban_authority":"Najafgarh Tehsil Urban Development & Town Planning Authority","zone_name":"Commercial Business District","permitted_land_use":"INSTITUTIONAL","building_permission_status":"REJECTED","violations_reported":"False","is_encumbered":"True","encumbrance_certificate_number":"EC-DL-00000042-0042","encumbrance_type":"LEASE_CHARGE","financial_institution":"","mortgage_amount":"0.0","created_at":"2026-01-15T09:00:00Z","updated_at":"2026-09-24T11:30:00Z"}},{"type":"Feature","geometry":{"type":"Polygon","coordinates":[[[77.4644697177014,28.868905075967152],[77.48945154911651,28.86970862475161],[77.49284920943299,28.884632403155322],[77.46423976622265,28.88892282757404],[77.4644697177014,28.868905075967152]]]},"properties":{"ulpin":"07493912148493","parcel_id":"99ed034a-4e76-4266-8232-15914e669c4b","state":"Delhi (NCT)","state_code":"DL","state_type":"UT","state_lgd_code":"7","district_lgd_code":"95","district_name":"South West Delhi","subdistrict_lgd_code":"780","subdistrict_name":"Najafgarh Tehsil","subdistrict_type":"Tehsil / Taluk","village_lgd_code":"71092","village_name":"Dhansa","khasra_plot_no":"Mustatil 32, Killa 15/D43","recorded_area":"4.16","recorded_area_unit":"Bigha-Biswa","normalized_area_sqm":"3478.3","gis_area_sqm":"3478.3","land_use_category":"FOREST_GREEN_BELT","land_use_raw":"Bhumidhari (Agricultural)","status":"ARCHIVED","data_freshness_status":"UNKNOWN","scenario_index":"19535","use_case_description":"Cadastral area discrepancy requiring resurvey","mutation_workflow_status":"REJECTED","revenue_record_id":"ROR-DL-2025-1032-0043","revenue_record_type":"Khasra Khatauni (Delhi Bhulekh / DLR Act)","khata_khewat_no":"KHT-82","khatauni_no":"KHN-182","owner_name":"Chaudhary Dharamvir Singh","owner_name_local":"चौधरी धर्मवीर सिंह","co_owners":"","tenure_type":"Tribal Community Tenure","mutation_status":"NONE","active_mutation_id":"MUT-DL-00000043","tax_demand_status":"PAID","annual_tax_inr":"185.5","deed_number":"DEED-DL-2024-432-0043","deed_type":"Sale Deed / Conveyance","sro_office":"Sub-Registrar Office, Najafgarh Tehsil","execution_date":"2024-05-10","registered_owner":"Chaudhary Dharamvir Singh","seller_name":"Previous Landholder","consideration_amount_inr":"3500000.0","stamp_duty_inr":"210000.0","survey_sketch_id":"FMB-DL-32-0043","cadastral_sheet_no":"SHT-DL-32","surveyed_area_sqm":"3478.3","survey_status":"RESURVEY_REQUIRED","urban_authority":"Najafgarh Tehsil Urban Development & Town Planning Authority","zone_name":"Commercial Business District","permitted_land_use":"FOREST_GREEN_BELT","building_permission_status":"NOT_APPLICABLE","violations_reported":"False","is_encumbered":"False","encumbrance_certificate_number":"EC-DL-2024-132-0043","encumbrance_type":"NIL","financial_institution":"","mortgage_amount":"0.0","created_at":"2026-01-15T09:00:00Z","updated_at":"2026-09-24T11:30:00Z"}},{"type":"Feature","geometry":{"type":"Polygon","coordinates":[[[77.33171879909747,28.52488048201019],[77.35427409018004,28.523458899604442],[77.3546992270488,28.54473742350979],[77.33489363213228,28.545872509444724],[77.33171879909747,28.52488048201019]]]},"properties":{"ulpin":"07800691970377","parcel_id":"83d71af5-b648-4d11-a002-a525b1bbf87d","state":"Delhi (NCT)","state_code":"DL","state_type":"UT","state_lgd_code":"7","district_lgd_code":"95","district_name":"South West Delhi","subdistrict_lgd_code":"780","subdistrict_name":"Najafgarh Tehsil","subdistrict_type":"Tehsil / Taluk","village_lgd_code":"71092","village_name":"Dhansa","khasra_plot_no":"Mustatil 32, Killa 15/D44","recorded_area":"4.16","recorded_area_unit":"Bigha-Biswa","normalized_area_sqm":"3478.3","gis_area_sqm":"3478.3","land_use_category":"WATER_BODY","land_use_raw":"Bhumidhari (Agricultural)","status":"ACTIVE","data_freshness_status":"CURRENT","scenario_index":"19536","use_case_description":"Archived historical record for audit retrieval","mutation_workflow_status":"SLA_BREACHED","revenue_record_id":"ROR-DL-2025-1032-0044","revenue_record_type":"Khasra Khatauni (Delhi Bhulekh / DLR Act)","khata_khewat_no":"KHT-82","khatauni_no":"KHN-182","owner_name":"Chaudhary Dharamvir Singh","owner_name_local":"चौधरी धर्मवीर सिंह","co_owners":"","tenure_type":"Bhumiswami / Raiyati with Transferable Rights","mutation_status":"MUTATED","active_mutation_id":"","tax_demand_status":"PAID","annual_tax_inr":"185.5","deed_number":"DEED-DL-2024-432-0044","deed_type":"Sale Deed / Conveyance","sro_office":"Sub-Registrar Office, Najafgarh Tehsil","execution_date":"2024-05-10","registered_owner":"Chaudhary Dharamvir Singh","seller_name":"Previous Landholder","consideration_amount_inr":"3500000.0","stamp_duty_inr":"210000.0","survey_sketch_id":"FMB-DL-32-0044","cadastral_sheet_no":"SHT-DL-32","surveyed_area_sqm":"3478.3","survey_status":"SURVEYED","urban_authority":"Najafgarh Tehsil Urban Development & Town Planning Authority","zone_name":"Commercial Business District","permitted_land_use":"WATER_BODY","building_permission_status":"SANCTIONED","violations_reported":"False","is_encumbered":"True","encumbrance_certificate_number":"EC-DL-00000044-0044","encumbrance_type":"BANK_MORTGAGE","financial_institution":"","mortgage_amount":"0.0","created_at":"2026-01-15T09:00:00Z","updated_at":"2026-09-24T11:30:00Z"}},{"type":"Feature","geometry":{"type":"Polygon","coordinates":[[[77.4697024526908,29.01440846924058],[77.4923725171316,29.016299302074778],[77.49419734141256,29.035590326404485],[77.46712016507792,29.033482436247127],[77.4697024526908,29.01440846924058]]]},"properties":{"ulpin":"07355561675004","parcel_id":"83bdc39d-5771-4dbd-a969-fd09f4d7706d","state":"Delhi (NCT)","state_code":"DL","state_type":"UT","state_lgd_code":"7","district_lgd_code":"95","district_name":"South West Delhi","subdistrict_lgd_code":"780","subdistrict_name":"Najafgarh Tehsil","subdistrict_type":"Tehsil / Taluk","village_lgd_code":"71092","village_name":"Dhansa","khasra_plot_no":"Mustatil 32, Killa 15/D45","recorded_area":"4.16","recorded_area_unit":"Bigha-Biswa","normalized_area_sqm":"3478.3","gis_area_sqm":"3478.3","land_use_category":"MIXED_USE","land_use_raw":"Bhumidhari (Agricultural)","status":"PENDING_MUTATION","data_freshness_status":"STALE","scenario_index":"19537","use_case_description":"Bank mortgage and active encumbrance","mutation_workflow_status":"SUBMITTED","revenue_record_id":"ROR-DL-2025-1032-0045","revenue_record_type":"Khasra Khatauni (Delhi Bhulekh / DLR Act)","khata_khewat_no":"KHT-82","khatauni_no":"KHN-182","owner_name":"Chaudhary Dharamvir Singh","owner_name_local":"चौधरी धर्मवीर सिंह","co_owners":"","tenure_type":"Bhumiswami / Freehold","mutation_status":"PENDING","active_mutation_id":"MUT-DL-00000045","tax_demand_status":"PAID","annual_tax_inr":"185.5","deed_number":"DEED-DL-2024-432-0045","deed_type":"Sale Deed / Conveyance","sro_office":"Sub-Registrar Office, Najafgarh Tehsil","execution_date":"2024-05-10","registered_owner":"Chaudhary Dharamvir Singh","seller_name":"Previous Landholder","consideration_amount_inr":"3500000.0","stamp_duty_inr":"210000.0","survey_sketch_id":"FMB-DL-32-0045","cadastral_sheet_no":"SHT-DL-32","surveyed_area_sqm":"3478.3","survey_status":"PENDING","urban_authority":"Najafgarh Tehsil Urban Development & Town Planning Authority","zone_name":"Commercial Business District","permitted_land_use":"MIXED_USE","building_permission_status":"PENDING","violations_reported":"True","is_encumbered":"True","encumbrance_certificate_number":"EC-DL-00000045-0045","encumbrance_type":"GOVT_REVENUE_LIEN","financial_institution":"","mortgage_amount":"0.0","created_at":"2026-01-15T09:00:00Z","updated_at":"2026-09-24T11:30:00Z"}},{"type":"Feature","geometry":{"type":"Polygon","coordinates":[[[77.46027164921387,28.483142852179864],[77.476722043292,28.47904894140924],[77.4790440374161,28.502037842401258],[77.46027164921387,28.50199184063015],[77.46027164921387,28.483142852179864]]]},"properties":{"ulpin":"07068599596067","parcel_id":"0f1e7c10-dab6-4417-98ab-d6db406b51f9","state":"Delhi (NCT)","state_code":"DL","state_type":"UT","state_lgd_code":"7","district_lgd_code":"95","district_name":"South West Delhi","subdistrict_lgd_code":"780","subdistrict_name":"Najafgarh Tehsil","subdistrict_type":"Tehsil / Taluk","village_lgd_code":"71092","village_name":"Dhansa","khasra_plot_no":"Mustatil 32, Killa 15/D46","recorded_area":"4.16","recorded_area_unit":"Bigha-Biswa","normalized_area_sqm":"3478.3","gis_area_sqm":"3478.3","land_use_category":"OTHER","land_use_raw":"Bhumidhari (Agricultural)","status":"SUBDIVIDED","data_freshness_status":"UNKNOWN","scenario_index":"19538","use_case_description":"Government revenue lien and tax demand","mutation_workflow_status":"UNDER_VERIFICATION","revenue_record_id":"ROR-DL-2025-1032-0046","revenue_record_type":"Khasra Khatauni (Delhi Bhulekh / DLR Act)","khata_khewat_no":"KHT-82","khatauni_no":"KHN-182","owner_name":"Chaudhary Dharamvir Singh","owner_name_local":"चौधरी धर्मवीर सिंह","co_owners":"","tenure_type":"Leasehold","mutation_status":"UNMUTATED_TRANSACTION","active_mutation_id":"MUT-DL-00000046","tax_demand_status":"PAID","annual_tax_inr":"185.5","deed_number":"DEED-DL-2024-432-0046","deed_type":"Sale Deed / Conveyance","sro_office":"Sub-Registrar Office, Najafgarh Tehsil","execution_date":"2024-05-10","registered_owner":"Chaudhary Dharamvir Singh","seller_name":"Previous Landholder","consideration_amount_inr":"3500000.0","stamp_duty_inr":"210000.0","survey_sketch_id":"FMB-DL-32-0046","cadastral_sheet_no":"SHT-DL-32","surveyed_area_sqm":"3478.3","survey_status":"DISPUTED","urban_authority":"Najafgarh Tehsil Urban Development & Town Planning Authority","zone_name":"Commercial Business District","permitted_land_use":"OTHER","building_permission_status":"REJECTED","violations_reported":"False","is_encumbered":"True","encumbrance_certificate_number":"EC-DL-00000046-0046","encumbrance_type":"COURT_ATTACHMENT","financial_institution":"","mortgage_amount":"0.0","created_at":"2026-01-15T09:00:00Z","updated_at":"2026-09-24T11:30:00Z"}},{"type":"Feature","geometry":{"type":"Polygon","coordinates":[[[77.19344769878386,28.584386537020848],[77.20738321357669,28.579449321140668],[77.20889432385614,28.600311696519924],[77.19344769878386,28.59820785160207],[77.19344769878386,28.584386537020848]]]},"properties":{"ulpin":"07526730369398","parcel_id":"13bd7716-0be9-48c9-b748-df4ffae635d1","state":"Delhi (NCT)","state_code":"DL","state_type":"UT","state_lgd_code":"7","district_lgd_code":"95","district_name":"South West Delhi","subdistrict_lgd_code":"780","subdistrict_name":"Najafgarh Tehsil","subdistrict_type":"Tehsil / Taluk","village_lgd_code":"71092","village_name":"Dhansa","khasra_plot_no":"Mustatil 32, Killa 15/D47","recorded_area":"4.16","recorded_area_unit":"Bigha-Biswa","normalized_area_sqm":"3478.3","gis_area_sqm":"3478.3","land_use_category":"RESIDENTIAL","land_use_raw":"Bhumidhari (Agricultural)","status":"AMALGAMATED","data_freshness_status":"CURRENT","scenario_index":"19539","use_case_description":"Court attachment and disputed possession","mutation_workflow_status":"NOTICE_PERIOD","revenue_record_id":"ROR-DL-2025-1032-0047","revenue_record_type":"Khasra Khatauni (Delhi Bhulekh / DLR Act)","khata_khewat_no":"KHT-82","khatauni_no":"KHN-182","owner_name":"Chaudhary Dharamvir Singh","owner_name_local":"चौधरी धर्मवीर सिंह","co_owners":"","tenure_type":"Government Grant","mutation_status":"REJECTED","active_mutation_id":"MUT-DL-00000047","tax_demand_status":"PAID","annual_tax_inr":"185.5","deed_number":"DEED-DL-2024-432-0047","deed_type":"Sale Deed / Conveyance","sro_office":"Sub-Registrar Office, Najafgarh Tehsil","execution_date":"2024-05-10","registered_owner":"Registry Variance Owner 47","seller_name":"Previous Landholder","consideration_amount_inr":"3500000.0","stamp_duty_inr":"210000.0","survey_sketch_id":"FMB-DL-32-0047","cadastral_sheet_no":"SHT-DL-32","surveyed_area_sqm":"3478.3","survey_status":"RESURVEY_REQUIRED","urban_authority":"Najafgarh Tehsil Urban Development & Town Planning Authority","zone_name":"Commercial Business District","permitted_land_use":"RESIDENTIAL","building_permission_status":"NOT_APPLICABLE","violations_reported":"False","is_encumbered":"True","encumbrance_certificate_number":"EC-DL-00000047-0047","encumbrance_type":"TRIBAL_NON_ALIENATION","financial_institution":"","mortgage_amount":"0.0","created_at":"2026-01-15T09:00:00Z","updated_at":"2026-09-24T11:30:00Z"}},{"type":"Feature","geometry":{"type":"Polygon","coordinates":[[[77.19344769878386,28.53337071463358],[77.20860277919948,28.533046109589783],[77.20883874288855,28.55113018827073],[77.19344769878386,28.550555953848963],[77.19344769878386,28.53337071463358]]]},"properties":{"ulpin":"07676449318699","parcel_id":"a15d1d21-8104-4cd9-846e-aba600469f32","state":"Delhi (NCT)","state_code":"DL","state_type":"UT","state_lgd_code":"7","district_lgd_code":"95","district_name":"South West Delhi","subdistrict_lgd_code":"780","subdistrict_name":"Najafgarh Tehsil","subdistrict_type":"Tehsil / Taluk","village_lgd_code":"71092","village_name":"Dhansa","khasra_plot_no":"Mustatil 32, Killa 15/D48","recorded_area":"4.16","recorded_area_unit":"Bigha-Biswa","normalized_area_sqm":"3478.3","gis_area_sqm":"3478.3","land_use_category":"COMMERCIAL","land_use_raw":"Bhumidhari (Agricultural)","status":"DISPUTED","data_freshness_status":"STALE","scenario_index":"19540","use_case_description":"Tribal non-alienation protection review","mutation_workflow_status":"HEARING_SCHEDULED","revenue_record_id":"ROR-DL-2025-1032-0048","revenue_record_type":"Khasra Khatauni (Delhi Bhulekh / DLR Act)","khata_khewat_no":"KHT-82","khatauni_no":"KHN-182","owner_name":"Chaudhary Dharamvir Singh","owner_name_local":"चौधरी धर्मवीर सिंह","co_owners":"","tenure_type":"Waqf / Religious Trust","mutation_status":"DISPUTED","active_mutation_id":"MUT-DL-00000048","tax_demand_status":"PAID","annual_tax_inr":"185.5","deed_number":"DEED-DL-2024-432-0048","deed_type":"Sale Deed / Conveyance","sro_office":"Sub-Registrar Office, Najafgarh Tehsil","execution_date":"2024-05-10","registered_owner":"Chaudhary Dharamvir Singh","seller_name":"Previous Landholder","consideration_amount_inr":"3500000.0","stamp_duty_inr":"210000.0","survey_sketch_id":"FMB-DL-32-0048","cadastral_sheet_no":"SHT-DL-32","surveyed_area_sqm":"3478.3","survey_status":"SURVEYED","urban_authority":"Najafgarh Tehsil Urban Development & Town Planning Authority","zone_name":"Commercial Business District","permitted_land_use":"COMMERCIAL","building_permission_status":"SANCTIONED","violations_reported":"False","is_encumbered":"True","encumbrance_certificate_number":"EC-DL-00000048-0048","encumbrance_type":"LEASE_CHARGE","financial_institution":"","mortgage_amount":"0.0","created_at":"2026-01-15T09:00:00Z","updated_at":"2026-09-24T11:30:00Z"}},{"type":"Feature","geometry":{"type":"Polygon","coordinates":[[[77.29112045298031,28.56454079495515],[77.31131324223887,28.565357273744773],[77.30955972759213,28.583655034056633],[77.29112045298031,28.58623415799635],[77.29112045298031,28.56454079495515]]]},"properties":{"ulpin":"07136453565117","parcel_id":"22b1d34b-1cdc-4b75-802d-84d1fbf96529","state":"Delhi (NCT)","state_code":"DL","state_type":"UT","state_lgd_code":"7","district_lgd_code":"95","district_name":"South West Delhi","subdistrict_lgd_code":"780","subdistrict_name":"Najafgarh Tehsil","subdistrict_type":"Tehsil / Taluk","village_lgd_code":"71092","village_name":"Dhansa","khasra_plot_no":"Mustatil 32, Killa 15/D49","recorded_area":"4.16","recorded_area_unit":"Bigha-Biswa","normalized_area_sqm":"3478.3","gis_area_sqm":"3478.3","land_use_category":"INDUSTRIAL","land_use_raw":"Bhumidhari (Agricultural)","status":"ARCHIVED","data_freshness_status":"UNKNOWN","scenario_index":"19541","use_case_description":"Tribal non-alienation protection review","mutation_workflow_status":"APPROVED","revenue_record_id":"ROR-DL-2025-1032-0049","revenue_record_type":"Khasra Khatauni (Delhi Bhulekh / DLR Act)","khata_khewat_no":"KHT-82","khatauni_no":"KHN-182","owner_name":"Chaudhary Dharamvir Singh","owner_name_local":"चौधरी धर्मवीर सिंह","co_owners":"","tenure_type":"Tribal Community Tenure","mutation_status":"NONE","active_mutation_id":"MUT-DL-00000049","tax_demand_status":"PAID","annual_tax_inr":"185.5","deed_number":"DEED-DL-2024-432-0049","deed_type":"Sale Deed / Conveyance","sro_office":"Sub-Registrar Office, Najafgarh Tehsil","execution_date":"2024-05-10","registered_owner":"Chaudhary Dharamvir Singh","seller_name":"Previous Landholder","consideration_amount_inr":"3500000.0","stamp_duty_inr":"210000.0","survey_sketch_id":"FMB-DL-32-0049","cadastral_sheet_no":"SHT-DL-32","surveyed_area_sqm":"3478.3","survey_status":"PENDING","urban_authority":"Najafgarh Tehsil Urban Development & Town Planning Authority","zone_name":"Commercial Business District","permitted_land_use":"INDUSTRIAL","building_permission_status":"PENDING","violations_reported":"False","is_encumbered":"False","encumbrance_certificate_number":"EC-DL-2024-132-0049","encumbrance_type":"NIL","financial_institution":"","mortgage_amount":"0.0","created_at":"2026-01-15T09:00:00Z","updated_at":"2026-09-24T11:30:00Z"}},{"type":"Feature","geometry":{"type":"Polygon","coordinates":[[[77.23693364170296,28.842938616852706],[77.25648655585445,28.838854396375723],[77.25572168183915,28.86164066599796],[77.23645263515087,28.862942517003365],[77.23693364170296,28.842938616852706]]]},"properties":{"ulpin":"07537138340490","parcel_id":"2724dae4-c7f5-4e19-9601-3a48802ce6ee","state":"Delhi (NCT)","state_code":"DL","state_type":"UT","state_lgd_code":"7","district_lgd_code":"95","district_name":"South West Delhi","subdistrict_lgd_code":"780","subdistrict_name":"Najafgarh Tehsil","subdistrict_type":"Tehsil / Taluk","village_lgd_code":"71092","village_name":"Dhansa","khasra_plot_no":"Mustatil 32, Killa 15/D50","recorded_area":"4.16","recorded_area_unit":"Bigha-Biswa","normalized_area_sqm":"3478.3","gis_area_sqm":"3478.3","land_use_category":"AGRICULTURAL","land_use_raw":"Bhumidhari (Agricultural)","status":"ACTIVE","data_freshness_status":"CURRENT","scenario_index":"19542","use_case_description":"Subdivision or amalgamation history review","mutation_workflow_status":"REJECTED","revenue_record_id":"ROR-DL-2025-1032-0050","revenue_record_type":"Khasra Khatauni (Delhi Bhulekh / DLR Act)","khata_khewat_no":"KHT-82","khatauni_no":"KHN-182","owner_name":"Chaudhary Dharamvir Singh","owner_name_local":"चौधरी धर्मवीर सिंह","co_owners":"","tenure_type":"Bhumiswami / Raiyati with Transferable Rights","mutation_status":"MUTATED","active_mutation_id":"","tax_demand_status":"PAID","annual_tax_inr":"185.5","deed_number":"DEED-DL-2024-432-0050","deed_type":"Sale Deed / Conveyance","sro_office":"Sub-Registrar Office, Najafgarh Tehsil","execution_date":"2024-05-10","registered_owner":"Chaudhary Dharamvir Singh","seller_name":"Previous Landholder","consideration_amount_inr":"3500000.0","stamp_duty_inr":"210000.0","survey_sketch_id":"FMB-DL-32-0050","cadastral_sheet_no":"SHT-DL-32","surveyed_area_sqm":"3478.3","survey_status":"DISPUTED","urban_authority":"Najafgarh Tehsil Urban Development & Town Planning Authority","zone_name":"Commercial Business District","permitted_land_use":"AGRICULTURAL","building_permission_status":"REJECTED","violations_reported":"False","is_encumbered":"True","encumbrance_certificate_number":"EC-DL-00000050-0050","encumbrance_type":"BANK_MORTGAGE","financial_institution":"","mortgage_amount":"0.0","created_at":"2026-01-15T09:00:00Z","updated_at":"2026-09-24T11:30:00Z"}},{"type":"Feature","geometry":{"type":"Polygon","coordinates":[[[77.49625917687446,28.52285946118834],[77.51544342086567,28.522112917252826],[77.51403493268462,28.537455488441434],[77.49695479283247,28.537249464068577],[77.49625917687446,28.52285946118834]]]},"properties":{"ulpin":"07114107242456","parcel_id":"9a467cca-ff76-4ac1-ac17-2b6273b7685b","state":"Delhi (NCT)","state_code":"DL","state_type":"UT","state_lgd_code":"7","district_lgd_code":"95","district_name":"South West Delhi","subdistrict_lgd_code":"780","subdistrict_name":"Najafgarh Tehsil","subdistrict_type":"Tehsil / Taluk","village_lgd_code":"71092","village_name":"Dhansa","khasra_plot_no":"Mustatil 32, Killa 15/D51","recorded_area":"4.16","recorded_area_unit":"Bigha-Biswa","normalized_area_sqm":"3478.3","gis_area_sqm":"3478.3","land_use_category":"INSTITUTIONAL","land_use_raw":"Bhumidhari (Agricultural)","status":"PENDING_MUTATION","data_freshness_status":"STALE","scenario_index":"19543","use_case_description":"Archived historical record for audit retrieval","mutation_workflow_status":"SLA_BREACHED","revenue_record_id":"ROR-DL-2025-1032-0051","revenue_record_type":"Khasra Khatauni (Delhi Bhulekh / DLR Act)","khata_khewat_no":"KHT-82","khatauni_no":"KHN-182","owner_name":"Chaudhary Dharamvir Singh","owner_name_local":"चौधरी धर्मवीर सिंह","co_owners":"","tenure_type":"Bhumiswami / Freehold","mutation_status":"PENDING","active_mutation_id":"MUT-DL-00000051","tax_demand_status":"PAID","annual_tax_inr":"185.5","deed_number":"DEED-DL-2024-432-0051","deed_type":"Sale Deed / Conveyance","sro_office":"Sub-Registrar Office, Najafgarh Tehsil","execution_date":"2024-05-10","registered_owner":"Chaudhary Dharamvir Singh","seller_name":"Previous Landholder","consideration_amount_inr":"3500000.0","stamp_duty_inr":"210000.0","survey_sketch_id":"FMB-DL-32-0051","cadastral_sheet_no":"SHT-DL-32","surveyed_area_sqm":"3478.3","survey_status":"RESURVEY_REQUIRED","urban_authority":"Najafgarh Tehsil Urban Development & Town Planning Authority","zone_name":"Commercial Business District","permitted_land_use":"INSTITUTIONAL","building_permission_status":"NOT_APPLICABLE","violations_reported":"False","is_encumbered":"True","encumbrance_certificate_number":"EC-DL-00000051-0051","encumbrance_type":"GOVT_REVENUE_LIEN","financial_institution":"","mortgage_amount":"0.0","created_at":"2026-01-15T09:00:00Z","updated_at":"2026-09-24T11:30:00Z"}},{"type":"Feature","geometry":{"type":"Polygon","coordinates":[[[77.35485635232202,28.479585661175193],[77.37649980107567,28.479585661175193],[77.37649980107567,28.502942039761503],[77.3550669017041,28.500031982579834],[77.35485635232202,28.479585661175193]]]},"properties":{"ulpin":"07883694342808","parcel_id":"92a68209-5969-4ea3-a45a-b91359b375c2","state":"Delhi (NCT)","state_code":"DL","state_type":"UT","state_lgd_code":"7","district_lgd_code":"95","district_name":"South West Delhi","subdistrict_lgd_code":"780","subdistrict_name":"Najafgarh Tehsil","subdistrict_type":"Tehsil / Taluk","village_lgd_code":"71092","village_name":"Dhansa","khasra_plot_no":"Mustatil 32, Killa 15/D52","recorded_area":"4.16","recorded_area_unit":"Bigha-Biswa","normalized_area_sqm":"3478.3","gis_area_sqm":"3478.3","land_use_category":"FOREST_GREEN_BELT","land_use_raw":"Bhumidhari (Agricultural)","status":"SUBDIVIDED","data_freshness_status":"UNKNOWN","scenario_index":"19544","use_case_description":"Bank mortgage and active encumbrance","mutation_workflow_status":"SUBMITTED","revenue_record_id":"ROR-DL-2025-1032-0052","revenue_record_type":"Khasra Khatauni (Delhi Bhulekh / DLR Act)","khata_khewat_no":"KHT-82","khatauni_no":"KHN-182","owner_name":"Chaudhary Dharamvir Singh","owner_name_local":"चौधरी धर्मवीर सिंह","co_owners":"","tenure_type":"Leasehold","mutation_status":"UNMUTATED_TRANSACTION","active_mutation_id":"MUT-DL-00000052","tax_demand_status":"PAID","annual_tax_inr":"185.5","deed_number":"DEED-DL-2024-432-0052","deed_type":"Sale Deed / Conveyance","sro_office":"Sub-Registrar Office, Najafgarh Tehsil","execution_date":"2024-05-10","registered_owner":"Registry Variance Owner 52","seller_name":"Previous Landholder","consideration_amount_inr":"3500000.0","stamp_duty_inr":"210000.0","survey_sketch_id":"FMB-DL-32-0052","cadastral_sheet_no":"SHT-DL-32","surveyed_area_sqm":"3478.3","survey_status":"SURVEYED","urban_authority":"Najafgarh Tehsil Urban Development & Town Planning Authority","zone_name":"Commercial Business District","permitted_land_use":"FOREST_GREEN_BELT","building_permission_status":"SANCTIONED","violations_reported":"True","is_encumbered":"True","encumbrance_certificate_number":"EC-DL-00000052-0052","encumbrance_type":"COURT_ATTACHMENT","financial_institution":"","mortgage_amount":"0.0","created_at":"2026-01-15T09:00:00Z","updated_at":"2026-09-24T11:30:00Z"}},{"type":"Feature","geometry":{"type":"Polygon","coordinates":[[[77.44358708742848,28.903579464384666],[77.47022165978521,28.907083906791218],[77.4683561558112,28.922695865172702],[77.44661491315087,28.92277063926371],[77.44358708742848,28.903579464384666]]]},"properties":{"ulpin":"07527354345981","parcel_id":"b3ad2a03-aad8-4819-ac66-3b48e47fff1f","state":"Delhi (NCT)","state_code":"DL","state_type":"UT","state_lgd_code":"7","district_lgd_code":"95","district_name":"South West Delhi","subdistrict_lgd_code":"780","subdistrict_name":"Najafgarh Tehsil","subdistrict_type":"Tehsil / Taluk","village_lgd_code":"71092","village_name":"Dhansa","khasra_plot_no":"Mustatil 32, Killa 15/D53","recorded_area":"4.16","recorded_area_unit":"Bigha-Biswa","normalized_area_sqm":"3478.3","gis_area_sqm":"3478.3","land_use_category":"WATER_BODY","land_use_raw":"Bhumidhari (Agricultural)","status":"AMALGAMATED","data_freshness_status":"CURRENT","scenario_index":"19545","use_case_description":"Government revenue lien and tax demand","mutation_workflow_status":"UNDER_VERIFICATION","revenue_record_id":"ROR-DL-2025-1032-0053","revenue_record_type":"Khasra Khatauni (Delhi Bhulekh / DLR Act)","khata_khewat_no":"KHT-82","khatauni_no":"KHN-182","owner_name":"Chaudhary Dharamvir Singh","owner_name_local":"चौधरी धर्मवीर सिंह","co_owners":"","tenure_type":"Government Grant","mutation_status":"REJECTED","active_mutation_id":"MUT-DL-00000053","tax_demand_status":"PAID","annual_tax_inr":"185.5","deed_number":"DEED-DL-2024-432-0053","deed_type":"Sale Deed / Conveyance","sro_office":"Sub-Registrar Office, Najafgarh Tehsil","execution_date":"2024-05-10","registered_owner":"Chaudhary Dharamvir Singh","seller_name":"Previous Landholder","consideration_amount_inr":"3500000.0","stamp_duty_inr":"210000.0","survey_sketch_id":"FMB-DL-32-0053","cadastral_sheet_no":"SHT-DL-32","surveyed_area_sqm":"3478.3","survey_status":"PENDING","urban_authority":"Najafgarh Tehsil Urban Development & Town Planning Authority","zone_name":"Commercial Business District","permitted_land_use":"WATER_BODY","building_permission_status":"PENDING","violations_reported":"False","is_encumbered":"True","encumbrance_certificate_number":"EC-DL-00000053-0053","encumbrance_type":"TRIBAL_NON_ALIENATION","financial_institution":"","mortgage_amount":"0.0","created_at":"2026-01-15T09:00:00Z","updated_at":"2026-09-24T11:30:00Z"}},{"type":"Feature","geometry":{"type":"Polygon","coordinates":[[[77.311249899498,28.647803882472115],[77.33536337507893,28.64828682529063],[77.33494187033908,28.67102448330812],[77.31016153870398,28.66765751382564],[77.311249899498,28.647803882472115]]]},"properties":{"ulpin":"07442763474891","parcel_id":"18836aa4-bd6e-4cd8-a141-768a49e61660","state":"Delhi (NCT)","state_code":"DL","state_type":"UT","state_lgd_code":"7","district_lgd_code":"95","district_name":"South West Delhi","subdistrict_lgd_code":"780","subdistrict_name":"Najafgarh Tehsil","subdistrict_type":"Tehsil / Taluk","village_lgd_code":"71092","village_name":"Dhansa","khasra_plot_no":"Mustatil 32, Killa 15/D54","recorded_area":"4.16","recorded_area_unit":"Bigha-Biswa","normalized_area_sqm":"3478.3","gis_area_sqm":"3478.3","land_use_category":"MIXED_USE","land_use_raw":"Bhumidhari (Agricultural)","status":"DISPUTED","data_freshness_status":"STALE","scenario_index":"19546","use_case_description":"Court attachment and disputed possession","mutation_workflow_status":"NOTICE_PERIOD","revenue_record_id":"ROR-DL-2025-1032-0054","revenue_record_type":"Khasra Khatauni (Delhi Bhulekh / DLR Act)","khata_khewat_no":"KHT-82","khatauni_no":"KHN-182","owner_name":"Chaudhary Dharamvir Singh","owner_name_local":"चौधरी धर्मवीर सिंह","co_owners":"","tenure_type":"Waqf / Religious Trust","mutation_status":"DISPUTED","active_mutation_id":"MUT-DL-00000054","tax_demand_status":"PAID","annual_tax_inr":"185.5","deed_number":"DEED-DL-2024-432-0054","deed_type":"Sale Deed / Conveyance","sro_office":"Sub-Registrar Office, Najafgarh Tehsil","execution_date":"2024-05-10","registered_owner":"Chaudhary Dharamvir Singh","seller_name":"Previous Landholder","consideration_amount_inr":"3500000.0","stamp_duty_inr":"210000.0","survey_sketch_id":"FMB-DL-32-0054","cadastral_sheet_no":"SHT-DL-32","surveyed_area_sqm":"3478.3","survey_status":"DISPUTED","urban_authority":"Najafgarh Tehsil Urban Development & Town Planning Authority","zone_name":"Commercial Business District","permitted_land_use":"MIXED_USE","building_permission_status":"REJECTED","violations_reported":"False","is_encumbered":"True","encumbrance_certificate_number":"EC-DL-00000054-0054","encumbrance_type":"LEASE_CHARGE","financial_institution":"","mortgage_amount":"0.0","created_at":"2026-01-15T09:00:00Z","updated_at":"2026-09-24T11:30:00Z"}},{"type":"Feature","geometry":{"type":"Polygon","coordinates":[[[77.2283542602324,28.6477452075667],[77.24212031526709,28.64994320862772],[77.24388862445751,28.66428864246338],[77.2238333645176,28.664389313670902],[77.2283542602324,28.6477452075667]]]},"properties":{"ulpin":"07542689337291","parcel_id":"a578c014-49e8-4d0a-9516-701f1fb8fe08","state":"Delhi (NCT)","state_code":"DL","state_type":"UT","state_lgd_code":"7","district_lgd_code":"95","district_name":"South West Delhi","subdistrict_lgd_code":"780","subdistrict_name":"Najafgarh Tehsil","subdistrict_type":"Tehsil / Taluk","village_lgd_code":"71092","village_name":"Dhansa","khasra_plot_no":"Mustatil 32, Killa 15/D55","recorded_area":"4.16","recorded_area_unit":"Bigha-Biswa","normalized_area_sqm":"3478.3","gis_area_sqm":"3478.3","land_use_category":"OTHER","land_use_raw":"Bhumidhari (Agricultural)","status":"ARCHIVED","data_freshness_status":"UNKNOWN","scenario_index":"19547","use_case_description":"Pending sale mutation within statutory SLA","mutation_workflow_status":"HEARING_SCHEDULED","revenue_record_id":"ROR-DL-2025-1032-0055","revenue_record_type":"Khasra Khatauni (Delhi Bhulekh / DLR Act)","khata_khewat_no":"KHT-82","khatauni_no":"KHN-182","owner_name":"Chaudhary Dharamvir Singh","owner_name_local":"चौधरी धर्मवीर सिंह","co_owners":"","tenure_type":"Tribal Community Tenure","mutation_status":"NONE","active_mutation_id":"MUT-DL-00000055","tax_demand_status":"PAID","annual_tax_inr":"185.5","deed_number":"DEED-DL-2024-432-0055","deed_type":"Sale Deed / Conveyance","sro_office":"Sub-Registrar Office, Najafgarh Tehsil","execution_date":"2024-05-10","registered_owner":"Chaudhary Dharamvir Singh","seller_name":"Previous Landholder","consideration_amount_inr":"3500000.0","stamp_duty_inr":"210000.0","survey_sketch_id":"FMB-DL-32-0055","cadastral_sheet_no":"SHT-DL-32","surveyed_area_sqm":"3478.3","survey_status":"RESURVEY_REQUIRED","urban_authority":"Najafgarh Tehsil Urban Development & Town Planning Authority","zone_name":"Commercial Business District","permitted_land_use":"OTHER","building_permission_status":"NOT_APPLICABLE","violations_reported":"False","is_encumbered":"False","encumbrance_certificate_number":"EC-DL-2024-132-0055","encumbrance_type":"NIL","financial_institution":"","mortgage_amount":"0.0","created_at":"2026-01-15T09:00:00Z","updated_at":"2026-09-24T11:30:00Z"}},{"type":"Feature","geometry":{"type":"Polygon","coordinates":[[[77.20976941509366,28.56750961190213],[77.22793337883849,28.56741346603283],[77.2243312089035,28.57972906719501],[77.20738321357669,28.579449321140668],[77.20976941509366,28.56750961190213]]]},"properties":{"ulpin":"07067382778568","parcel_id":"f4a2bed9-fdff-46df-9dff-4e36cf0fc20b","state":"Delhi (NCT)","state_code":"DL","state_type":"UT","state_lgd_code":"7","district_lgd_code":"95","district_name":"South West Delhi","subdistrict_lgd_code":"780","subdistrict_name":"Najafgarh Tehsil","subdistrict_type":"Tehsil / Taluk","village_lgd_code":"71092","village_name":"Dhansa","khasra_plot_no":"Mustatil 32, Killa 15/D56","recorded_area":"4.16","recorded_area_unit":"Bigha-Biswa","normalized_area_sqm":"3478.3","gis_area_sqm":"3478.3","land_use_category":"RESIDENTIAL","land_use_raw":"Bhumidhari (Agricultural)","status":"ACTIVE","data_freshness_status":"CURRENT","scenario_index":"19548","use_case_description":"Lease charge and institutional tenancy","mutation_workflow_status":"APPROVED","revenue_record_id":"ROR-DL-2025-1032-0056","revenue_record_type":"Khasra Khatauni (Delhi Bhulekh / DLR Act)","khata_khewat_no":"KHT-82","khatauni_no":"KHN-182","owner_name":"Chaudhary Dharamvir Singh","owner_name_local":"चौधरी धर्मवीर सिंह","co_owners":"","tenure_type":"Bhumiswami / Raiyati with Transferable Rights","mutation_status":"MUTATED","active_mutation_id":"","tax_demand_status":"PAID","annual_tax_inr":"185.5","deed_number":"DEED-DL-2024-432-0056","deed_type":"Sale Deed / Conveyance","sro_office":"Sub-Registrar Office, Najafgarh Tehsil","execution_date":"2024-05-10","registered_owner":"Chaudhary Dharamvir Singh","seller_name":"Previous Landholder","consideration_amount_inr":"3500000.0","stamp_duty_inr":"210000.0","survey_sketch_id":"FMB-DL-32-0056","cadastral_sheet_no":"SHT-DL-32","surveyed_area_sqm":"3478.3","survey_status":"SURVEYED","urban_authority":"Najafgarh Tehsil Urban Development & Town Planning Authority","zone_name":"Commercial Business District","permitted_land_use":"RESIDENTIAL","building_permission_status":"SANCTIONED","violations_reported":"False","is_encumbered":"True","encumbrance_certificate_number":"EC-DL-00000056-0056","encumbrance_type":"BANK_MORTGAGE","financial_institution":"","mortgage_amount":"0.0","created_at":"2026-01-15T09:00:00Z","updated_at":"2026-09-24T11:30:00Z"}},{"type":"Feature","geometry":{"type":"Polygon","coordinates":[[[77.33152242705377,28.687685839418254],[77.35462635560833,28.692939947581756],[77.35695269048703,28.712169626577627],[77.33633347530287,28.712169626577627],[77.33152242705377,28.687685839418254]]]},"properties":{"ulpin":"07539179390802","parcel_id":"5236f6d5-b1e3-4134-98e0-25e90c45231b","state":"Delhi (NCT)","state_code":"DL","state_type":"UT","state_lgd_code":"7","district_lgd_code":"95","district_name":"South West Delhi","subdistrict_lgd_code":"780","subdistrict_name":"Najafgarh Tehsil","subdistrict_type":"Tehsil / Taluk","village_lgd_code":"71092","village_name":"Dhansa","khasra_plot_no":"Mustatil 32, Killa 15/D57","recorded_area":"4.16","recorded_area_unit":"Bigha-Biswa","normalized_area_sqm":"3478.3","gis_area_sqm":"3478.3","land_use_category":"COMMERCIAL","land_use_raw":"Bhumidhari (Agricultural)","status":"PENDING_MUTATION","data_freshness_status":"STALE","scenario_index":"19549","use_case_description":"Subdivision or amalgamation history review","mutation_workflow_status":"REJECTED","revenue_record_id":"ROR-DL-2025-1032-0057","revenue_record_type":"Khasra Khatauni (Delhi Bhulekh / DLR Act)","khata_khewat_no":"KHT-82","khatauni_no":"KHN-182","owner_name":"Chaudhary Dharamvir Singh","owner_name_local":"चौधरी धर्मवीर सिंह","co_owners":"","tenure_type":"Bhumiswami / Freehold","mutation_status":"PENDING","active_mutation_id":"MUT-DL-00000057","tax_demand_status":"PAID","annual_tax_inr":"185.5","deed_number":"DEED-DL-2024-432-0057","deed_type":"Sale Deed / Conveyance","sro_office":"Sub-Registrar Office, Najafgarh Tehsil","execution_date":"2024-05-10","registered_owner":"Registry Variance Owner 57","seller_name":"Previous Landholder","consideration_amount_inr":"3500000.0","stamp_duty_inr":"210000.0","survey_sketch_id":"FMB-DL-32-0057","cadastral_sheet_no":"SHT-DL-32","surveyed_area_sqm":"3478.3","survey_status":"PENDING","urban_authority":"Najafgarh Tehsil Urban Development & Town Planning Authority","zone_name":"Commercial Business District","permitted_land_use":"COMMERCIAL","building_permission_status":"PENDING","violations_reported":"False","is_encumbered":"True","encumbrance_certificate_number":"EC-DL-00000057-0057","encumbrance_type":"GOVT_REVENUE_LIEN","financial_institution":"","mortgage_amount":"0.0","created_at":"2026-01-15T09:00:00Z","updated_at":"2026-09-24T11:30:00Z"}},{"type":"Feature","geometry":{"type":"Polygon","coordinates":[[[77.47732164527149,28.6174004994692],[77.49889159091704,28.61581866831537],[77.49801544772218,28.638253626191847],[77.48094979001829,28.638253626191847],[77.47732164527149,28.6174004994692]]]},"properties":{"ulpin":"07662723307862","parcel_id":"ceb3abb9-d6a7-4a05-9a83-ac5499ba5035","state":"Delhi (NCT)","state_code":"DL","state_type":"UT","state_lgd_code":"7","district_lgd_code":"95","district_name":"South West Delhi","subdistrict_lgd_code":"780","subdistrict_name":"Najafgarh Tehsil","subdistrict_type":"Tehsil / Taluk","village_lgd_code":"71092","village_name":"Dhansa","khasra_plot_no":"Mustatil 32, Killa 15/D58","recorded_area":"4.16","recorded_area_unit":"Bigha-Biswa","normalized_area_sqm":"3478.3","gis_area_sqm":"3478.3","land_use_category":"INDUSTRIAL","land_use_raw":"Bhumidhari (Agricultural)","status":"SUBDIVIDED","data_freshness_status":"UNKNOWN","scenario_index":"19550","use_case_description":"Archived historical record for audit retrieval","mutation_workflow_status":"SLA_BREACHED","revenue_record_id":"ROR-DL-2025-1032-0058","revenue_record_type":"Khasra Khatauni (Delhi Bhulekh / DLR Act)","khata_khewat_no":"KHT-82","khatauni_no":"KHN-182","owner_name":"Chaudhary Dharamvir Singh","owner_name_local":"चौधरी धर्मवीर सिंह","co_owners":"","tenure_type":"Leasehold","mutation_status":"UNMUTATED_TRANSACTION","active_mutation_id":"MUT-DL-00000058","tax_demand_status":"PAID","annual_tax_inr":"185.5","deed_number":"DEED-DL-2024-432-0058","deed_type":"Sale Deed / Conveyance","sro_office":"Sub-Registrar Office, Najafgarh Tehsil","execution_date":"2024-05-10","registered_owner":"Chaudhary Dharamvir Singh","seller_name":"Previous Landholder","consideration_amount_inr":"3500000.0","stamp_duty_inr":"210000.0","survey_sketch_id":"FMB-DL-32-0058","cadastral_sheet_no":"SHT-DL-32","surveyed_area_sqm":"3478.3","survey_status":"DISPUTED","urban_authority":"Najafgarh Tehsil Urban Development & Town Planning Authority","zone_name":"Commercial Business District","permitted_land_use":"INDUSTRIAL","building_permission_status":"REJECTED","violations_reported":"False","is_encumbered":"True","encumbrance_certificate_number":"EC-DL-00000058-0058","encumbrance_type":"COURT_ATTACHMENT","financial_institution":"","mortgage_amount":"0.0","created_at":"2026-01-15T09:00:00Z","updated_at":"2026-09-24T11:30:00Z"}},{"type":"Feature","geometry":{"type":"Polygon","coordinates":[[[77.25825783247122,28.5309282702604],[77.27453522521209,28.531168308510868],[77.27453522521209,28.54838891092602],[77.26060629573625,28.5500801316222],[77.25825783247122,28.5309282702604]]]},"properties":{"ulpin":"07304101796376","parcel_id":"f63a8496-23bb-4b85-9aec-aa28499b6373","state":"Delhi (NCT)","state_code":"DL","state_type":"UT","state_lgd_code":"7","district_lgd_code":"95","district_name":"South West Delhi","subdistrict_lgd_code":"780","subdistrict_name":"Najafgarh Tehsil","subdistrict_type":"Tehsil / Taluk","village_lgd_code":"71092","village_name":"Dhansa","khasra_plot_no":"Mustatil 32, Killa 15/D59","recorded_area":"4.16","recorded_area_unit":"Bigha-Biswa","normalized_area_sqm":"3478.3","gis_area_sqm":"3478.3","land_use_category":"AGRICULTURAL","land_use_raw":"Bhumidhari (Agricultural)","status":"AMALGAMATED","data_freshness_status":"CURRENT","scenario_index":"19551","use_case_description":"Bank mortgage and active encumbrance","mutation_workflow_status":"SUBMITTED","revenue_record_id":"ROR-DL-2025-1032-0059","revenue_record_type":"Khasra Khatauni (Delhi Bhulekh / DLR Act)","khata_khewat_no":"KHT-82","khatauni_no":"KHN-182","owner_name":"Chaudhary Dharamvir Singh","owner_name_local":"चौधरी धर्मवीर सिंह","co_owners":"","tenure_type":"Government Grant","mutation_status":"REJECTED","active_mutation_id":"MUT-DL-00000059","tax_demand_status":"PAID","annual_tax_inr":"185.5","deed_number":"DEED-DL-2024-432-0059","deed_type":"Sale Deed / Conveyance","sro_office":"Sub-Registrar Office, Najafgarh Tehsil","execution_date":"2024-05-10","registered_owner":"Chaudhary Dharamvir Singh","seller_name":"Previous Landholder","consideration_amount_inr":"3500000.0","stamp_duty_inr":"210000.0","survey_sketch_id":"FMB-DL-32-0059","cadastral_sheet_no":"SHT-DL-32","surveyed_area_sqm":"3478.3","survey_status":"RESURVEY_REQUIRED","urban_authority":"Najafgarh Tehsil Urban Development & Town Planning Authority","zone_name":"Commercial Business District","permitted_land_use":"AGRICULTURAL","building_permission_status":"NOT_APPLICABLE","violations_reported":"True","is_encumbered":"True","encumbrance_certificate_number":"EC-DL-00000059-0059","encumbrance_type":"TRIBAL_NON_ALIENATION","financial_institution":"","mortgage_amount":"0.0","created_at":"2026-01-15T09:00:00Z","updated_at":"2026-09-24T11:30:00Z"}},{"type":"Feature","geometry":{"type":"Polygon","coordinates":[[[77.23962660089796,28.96043623874794],[77.25624923738228,28.95855718684288],[77.2558266885629,28.983013479028706],[77.23881347048739,28.98287008610127],[77.23962660089796,28.96043623874794]]]},"properties":{"ulpin":"07420646059036","parcel_id":"91f6a437-84da-4828-a432-4f4474b8a110","state":"Delhi (NCT)","state_code":"DL","state_type":"UT","state_lgd_code":"7","district_lgd_code":"95","district_name":"South West Delhi","subdistrict_lgd_code":"780","subdistrict_name":"Najafgarh Tehsil","subdistrict_type":"Tehsil / Taluk","village_lgd_code":"71092","village_name":"Dhansa","khasra_plot_no":"Mustatil 32, Killa 15/D60","recorded_area":"4.16","recorded_area_unit":"Bigha-Biswa","normalized_area_sqm":"3478.3","gis_area_sqm":"3478.3","land_use_category":"INSTITUTIONAL","land_use_raw":"Bhumidhari (Agricultural)","status":"DISPUTED","data_freshness_status":"STALE","scenario_index":"19552","use_case_description":"Government revenue lien and tax demand","mutation_workflow_status":"UNDER_VERIFICATION","revenue_record_id":"ROR-DL-2025-1032-0060","revenue_record_type":"Khasra Khatauni (Delhi Bhulekh / DLR Act)","khata_khewat_no":"KHT-82","khatauni_no":"KHN-182","owner_name":"Chaudhary Dharamvir Singh","owner_name_local":"चौधरी धर्मवीर सिंह","co_owners":"","tenure_type":"Waqf / Religious Trust","mutation_status":"DISPUTED","active_mutation_id":"MUT-DL-00000060","tax_demand_status":"PAID","annual_tax_inr":"185.5","deed_number":"DEED-DL-2024-432-0060","deed_type":"Sale Deed / Conveyance","sro_office":"Sub-Registrar Office, Najafgarh Tehsil","execution_date":"2024-05-10","registered_owner":"Chaudhary Dharamvir Singh","seller_name":"Previous Landholder","consideration_amount_inr":"3500000.0","stamp_duty_inr":"210000.0","survey_sketch_id":"FMB-DL-32-0060","cadastral_sheet_no":"SHT-DL-32","surveyed_area_sqm":"3478.3","survey_status":"SURVEYED","urban_authority":"Najafgarh Tehsil Urban Development & Town Planning Authority","zone_name":"Commercial Business District","permitted_land_use":"INSTITUTIONAL","building_permission_status":"SANCTIONED","violations_reported":"False","is_encumbered":"True","encumbrance_certificate_number":"EC-DL-00000060-0060","encumbrance_type":"LEASE_CHARGE","financial_institution":"","mortgage_amount":"0.0","created_at":"2026-01-15T09:00:00Z","updated_at":"2026-09-24T11:30:00Z"}},{"type":"Feature","geometry":{"type":"Polygon","coordinates":[[[77.42088111894897,28.867044641524796],[77.44094959152355,28.86825382416912],[77.44344592737147,28.88870858335187],[77.42088111894897,28.884498334601073],[77.42088111894897,28.867044641524796]]]},"properties":{"ulpin":"07856741174832","parcel_id":"ec119dc9-13e7-404a-bddf-dfca56cf9589","state":"Delhi (NCT)","state_code":"DL","state_type":"UT","state_lgd_code":"7","district_lgd_code":"95","district_name":"South West Delhi","subdistrict_lgd_code":"780","subdistrict_name":"Najafgarh Tehsil","subdistrict_type":"Tehsil / Taluk","village_lgd_code":"71092","village_name":"Dhansa","khasra_plot_no":"Mustatil 32, Killa 15/D61","recorded_area":"4.16","recorded_area_unit":"Bigha-Biswa","normalized_area_sqm":"3478.3","gis_area_sqm":"3478.3","land_use_category":"FOREST_GREEN_BELT","land_use_raw":"Bhumidhari (Agricultural)","status":"ARCHIVED","data_freshness_status":"UNKNOWN","scenario_index":"19553","use_case_description":"Bank mortgage and active encumbrance","mutation_workflow_status":"NOTICE_PERIOD","revenue_record_id":"ROR-DL-2025-1032-0061","revenue_record_type":"Khasra Khatauni (Delhi Bhulekh / DLR Act)","khata_khewat_no":"KHT-82","khatauni_no":"KHN-182","owner_name":"Chaudhary Dharamvir Singh","owner_name_local":"चौधरी धर्मवीर सिंह","co_owners":"","tenure_type":"Tribal Community Tenure","mutation_status":"NONE","active_mutation_id":"MUT-DL-00000061","tax_demand_status":"PAID","annual_tax_inr":"185.5","deed_number":"DEED-DL-2024-432-0061","deed_type":"Sale Deed / Conveyance","sro_office":"Sub-Registrar Office, Najafgarh Tehsil","execution_date":"2024-05-10","registered_owner":"Chaudhary Dharamvir Singh","seller_name":"Previous Landholder","consideration_amount_inr":"3500000.0","stamp_duty_inr":"210000.0","survey_sketch_id":"FMB-DL-32-0061","cadastral_sheet_no":"SHT-DL-32","surveyed_area_sqm":"3478.3","survey_status":"PENDING","urban_authority":"Najafgarh Tehsil Urban Development & Town Planning Authority","zone_name":"Commercial Business District","permitted_land_use":"FOREST_GREEN_BELT","building_permission_status":"PENDING","violations_reported":"False","is_encumbered":"False","encumbrance_certificate_number":"EC-DL-2024-132-0061","encumbrance_type":"NIL","financial_institution":"","mortgage_amount":"0.0","created_at":"2026-01-15T09:00:00Z","updated_at":"2026-09-24T11:30:00Z"}},{"type":"Feature","geometry":{"type":"Polygon","coordinates":[[[77.2591030691422,28.920339252172703],[77.2772402005943,28.921409278584385],[77.2772402005943,28.9409744110718],[77.25914485866988,28.94052349816176],[77.2591030691422,28.920339252172703]]]},"properties":{"ulpin":"07956663480524","parcel_id":"b03fe83d-c4fc-4270-8bc0-d495dd0d4bb9","state":"Delhi (NCT)","state_code":"DL","state_type":"UT","state_lgd_code":"7","district_lgd_code":"95","district_name":"South West Delhi","subdistrict_lgd_code":"780","subdistrict_name":"Najafgarh Tehsil","subdistrict_type":"Tehsil / Taluk","village_lgd_code":"71092","village_name":"Dhansa","khasra_plot_no":"Mustatil 32, Killa 15/D62","recorded_area":"4.16","recorded_area_unit":"Bigha-Biswa","normalized_area_sqm":"3478.3","gis_area_sqm":"3478.3","land_use_category":"WATER_BODY","land_use_raw":"Bhumidhari (Agricultural)","status":"ACTIVE","data_freshness_status":"CURRENT","scenario_index":"19554","use_case_description":"Tribal non-alienation protection review","mutation_workflow_status":"HEARING_SCHEDULED","revenue_record_id":"ROR-DL-2025-1032-0062","revenue_record_type":"Khasra Khatauni (Delhi Bhulekh / DLR Act)","khata_khewat_no":"KHT-82","khatauni_no":"KHN-182","owner_name":"Chaudhary Dharamvir Singh","owner_name_local":"चौधरी धर्मवीर सिंह","co_owners":"","tenure_type":"Bhumiswami / Raiyati with Transferable Rights","mutation_status":"MUTATED","active_mutation_id":"","tax_demand_status":"PAID","annual_tax_inr":"185.5","deed_number":"DEED-DL-2024-432-0062","deed_type":"Sale Deed / Conveyance","sro_office":"Sub-Registrar Office, Najafgarh Tehsil","execution_date":"2024-05-10","registered_owner":"Registry Variance Owner 62","seller_name":"Previous Landholder","consideration_amount_inr":"3500000.0","stamp_duty_inr":"210000.0","survey_sketch_id":"FMB-DL-32-0062","cadastral_sheet_no":"SHT-DL-32","surveyed_area_sqm":"3478.3","survey_status":"DISPUTED","urban_authority":"Najafgarh Tehsil Urban Development & Town Planning Authority","zone_name":"Commercial Business District","permitted_land_use":"WATER_BODY","building_permission_status":"REJECTED","violations_reported":"False","is_encumbered":"True","encumbrance_certificate_number":"EC-DL-00000062-0062","encumbrance_type":"BANK_MORTGAGE","financial_institution":"","mortgage_amount":"0.0","created_at":"2026-01-15T09:00:00Z","updated_at":"2026-09-24T11:30:00Z"}},{"type":"Feature","geometry":{"type":"Polygon","coordinates":[[[77.2106522785833,28.631239981291447],[77.2283286262489,28.63263327814867],[77.2283542602324,28.6477452075667],[77.20902472671658,28.645438550653537],[77.2106522785833,28.631239981291447]]]},"properties":{"ulpin":"07202900027935","parcel_id":"72ce98bd-b381-444b-bb49-a3e4621c4b74","state":"Delhi (NCT)","state_code":"DL","state_type":"UT","state_lgd_code":"7","district_lgd_code":"95","district_name":"South West Delhi","subdistrict_lgd_code":"780","subdistrict_name":"Najafgarh Tehsil","subdistrict_type":"Tehsil / Taluk","village_lgd_code":"71092","village_name":"Dhansa","khasra_plot_no":"Mustatil 32, Killa 15/D63","recorded_area":"4.16","recorded_area_unit":"Bigha-Biswa","normalized_area_sqm":"3478.3","gis_area_sqm":"3478.3","land_use_category":"MIXED_USE","land_use_raw":"Bhumidhari (Agricultural)","status":"PENDING_MUTATION","data_freshness_status":"STALE","scenario_index":"19555","use_case_description":"Lease charge and institutional tenancy","mutation_workflow_status":"APPROVED","revenue_record_id":"ROR-DL-2025-1032-0063","revenue_record_type":"Khasra Khatauni (Delhi Bhulekh / DLR Act)","khata_khewat_no":"KHT-82","khatauni_no":"KHN-182","owner_name":"Chaudhary Dharamvir Singh","owner_name_local":"चौधरी धर्मवीर सिंह","co_owners":"","tenure_type":"Bhumiswami / Freehold","mutation_status":"PENDING","active_mutation_id":"MUT-DL-00000063","tax_demand_status":"PAID","annual_tax_inr":"185.5","deed_number":"DEED-DL-2024-432-0063","deed_type":"Sale Deed / Conveyance","sro_office":"Sub-Registrar Office, Najafgarh Tehsil","execution_date":"2024-05-10","registered_owner":"Chaudhary Dharamvir Singh","seller_name":"Previous Landholder","consideration_amount_inr":"3500000.0","stamp_duty_inr":"210000.0","survey_sketch_id":"FMB-DL-32-0063","cadastral_sheet_no":"SHT-DL-32","surveyed_area_sqm":"3478.3","survey_status":"RESURVEY_REQUIRED","urban_authority":"Najafgarh Tehsil Urban Development & Town Planning Authority","zone_name":"Commercial Business District","permitted_land_use":"MIXED_USE","building_permission_status":"NOT_APPLICABLE","violations_reported":"False","is_encumbered":"True","encumbrance_certificate_number":"EC-DL-00000063-0063","encumbrance_type":"GOVT_REVENUE_LIEN","financial_institution":"","mortgage_amount":"0.0","created_at":"2026-01-15T09:00:00Z","updated_at":"2026-09-24T11:30:00Z"}},{"type":"Feature","geometry":{"type":"Polygon","coordinates":[[[77.20129840112658,28.900357717136465],[77.22004553594225,28.898016193281848],[77.22097779650552,28.918364940843972],[77.20129840112658,28.921994430485206],[77.20129840112658,28.900357717136465]]]},"properties":{"ulpin":"07544087495315","parcel_id":"85bf2efb-d758-4a14-b71b-13eacc25cb32","state":"Delhi (NCT)","state_code":"DL","state_type":"UT","state_lgd_code":"7","district_lgd_code":"95","district_name":"South West Delhi","subdistrict_lgd_code":"780","subdistrict_name":"Najafgarh Tehsil","subdistrict_type":"Tehsil / Taluk","village_lgd_code":"71092","village_name":"Dhansa","khasra_plot_no":"Mustatil 32, Killa 15/D64","recorded_area":"4.16","recorded_area_unit":"Bigha-Biswa","normalized_area_sqm":"3478.3","gis_area_sqm":"3478.3","land_use_category":"OTHER","land_use_raw":"Bhumidhari (Agricultural)","status":"SUBDIVIDED","data_freshness_status":"UNKNOWN","scenario_index":"19556","use_case_description":"Subdivision or amalgamation history review","mutation_workflow_status":"REJECTED","revenue_record_id":"ROR-DL-2025-1032-0064","revenue_record_type":"Khasra Khatauni (Delhi Bhulekh / DLR Act)","khata_khewat_no":"KHT-82","khatauni_no":"KHN-182","owner_name":"Chaudhary Dharamvir Singh","owner_name_local":"चौधरी धर्मवीर सिंह","co_owners":"","tenure_type":"Leasehold","mutation_status":"UNMUTATED_TRANSACTION","active_mutation_id":"MUT-DL-00000064","tax_demand_status":"PAID","annual_tax_inr":"185.5","deed_number":"DEED-DL-2024-432-0064","deed_type":"Sale Deed / Conveyance","sro_office":"Sub-Registrar Office, Najafgarh Tehsil","execution_date":"2024-05-10","registered_owner":"Chaudhary Dharamvir Singh","seller_name":"Previous Landholder","consideration_amount_inr":"3500000.0","stamp_duty_inr":"210000.0","survey_sketch_id":"FMB-DL-32-0064","cadastral_sheet_no":"SHT-DL-32","surveyed_area_sqm":"3478.3","survey_status":"SURVEYED","urban_authority":"Najafgarh Tehsil Urban Development & Town Planning Authority","zone_name":"Commercial Business District","permitted_land_use":"OTHER","building_permission_status":"SANCTIONED","violations_reported":"False","is_encumbered":"True","encumbrance_certificate_number":"EC-DL-00000064-0064","encumbrance_type":"COURT_ATTACHMENT","financial_institution":"","mortgage_amount":"0.0","created_at":"2026-01-15T09:00:00Z","updated_at":"2026-09-24T11:30:00Z"}},{"type":"Feature","geometry":{"type":"Polygon","coordinates":[[[77.49751167830692,28.461096832127026],[77.5134108632281,28.461096832127026],[77.5132476237869,28.48259466871311],[77.49928371859541,28.479993084419547],[77.49751167830692,28.461096832127026]]]},"properties":{"ulpin":"07224366309186","parcel_id":"c4de6385-b8e0-4b90-b34e-83e987060acd","state":"Delhi (NCT)","state_code":"DL","state_type":"UT","state_lgd_code":"7","district_lgd_code":"95","district_name":"South West Delhi","subdistrict_lgd_code":"780","subdistrict_name":"Najafgarh Tehsil","subdistrict_type":"Tehsil / Taluk","village_lgd_code":"71092","village_name":"Dhansa","khasra_plot_no":"Mustatil 32, Killa 15/D65","recorded_area":"4.16","recorded_area_unit":"Bigha-Biswa","normalized_area_sqm":"3478.3","gis_area_sqm":"3478.3","land_use_category":"RESIDENTIAL","land_use_raw":"Bhumidhari (Agricultural)","status":"AMALGAMATED","data_freshness_status":"CURRENT","scenario_index":"19557","use_case_description":"Archived historical record for audit retrieval","mutation_workflow_status":"SLA_BREACHED","revenue_record_id":"ROR-DL-2025-1032-0065","revenue_record_type":"Khasra Khatauni (Delhi Bhulekh / DLR Act)","khata_khewat_no":"KHT-82","khatauni_no":"KHN-182","owner_name":"Chaudhary Dharamvir Singh","owner_name_local":"चौधरी धर्मवीर सिंह","co_owners":"","tenure_type":"Government Grant","mutation_status":"REJECTED","active_mutation_id":"MUT-DL-00000065","tax_demand_status":"PAID","annual_tax_inr":"185.5","deed_number":"DEED-DL-2024-432-0065","deed_type":"Sale Deed / Conveyance","sro_office":"Sub-Registrar Office, Najafgarh Tehsil","execution_date":"2024-05-10","registered_owner":"Chaudhary Dharamvir Singh","seller_name":"Previous Landholder","consideration_amount_inr":"3500000.0","stamp_duty_inr":"210000.0","survey_sketch_id":"FMB-DL-32-0065","cadastral_sheet_no":"SHT-DL-32","surveyed_area_sqm":"3478.3","survey_status":"PENDING","urban_authority":"Najafgarh Tehsil Urban Development & Town Planning Authority","zone_name":"Commercial Business District","permitted_land_use":"RESIDENTIAL","building_permission_status":"PENDING","violations_reported":"False","is_encumbered":"True","encumbrance_certificate_number":"EC-DL-00000065-0065","encumbrance_type":"TRIBAL_NON_ALIENATION","financial_institution":"","mortgage_amount":"0.0","created_at":"2026-01-15T09:00:00Z","updated_at":"2026-09-24T11:30:00Z"}},{"type":"Feature","geometry":{"type":"Polygon","coordinates":[[[77.46027164921387,28.599263753077505],[77.47702828229998,28.59637064275139],[77.47732164527149,28.6174004994692],[77.46027164921387,28.615708085691463],[77.46027164921387,28.599263753077505]]]},"properties":{"ulpin":"07613977643163","parcel_id":"d1219e88-7226-4478-af86-09d3d74e5217","state":"Delhi (NCT)","state_code":"DL","state_type":"UT","state_lgd_code":"7","district_lgd_code":"95","district_name":"South West Delhi","subdistrict_lgd_code":"780","subdistrict_name":"Najafgarh Tehsil","subdistrict_type":"Tehsil / Taluk","village_lgd_code":"71092","village_name":"Dhansa","khasra_plot_no":"Mustatil 32, Killa 15/D66","recorded_area":"4.16","recorded_area_unit":"Bigha-Biswa","normalized_area_sqm":"3478.3","gis_area_sqm":"3478.3","land_use_category":"COMMERCIAL","land_use_raw":"Bhumidhari (Agricultural)","status":"DISPUTED","data_freshness_status":"STALE","scenario_index":"19558","use_case_description":"Bank mortgage and active encumbrance","mutation_workflow_status":"SUBMITTED","revenue_record_id":"ROR-DL-2025-1032-0066","revenue_record_type":"Khasra Khatauni (Delhi Bhulekh / DLR Act)","khata_khewat_no":"KHT-82","khatauni_no":"KHN-182","owner_name":"Chaudhary Dharamvir Singh","owner_name_local":"चौधरी धर्मवीर सिंह","co_owners":"","tenure_type":"Waqf / Religious Trust","mutation_status":"DISPUTED","active_mutation_id":"MUT-DL-00000066","tax_demand_status":"PAID","annual_tax_inr":"185.5","deed_number":"DEED-DL-2024-432-0066","deed_type":"Sale Deed / Conveyance","sro_office":"Sub-Registrar Office, Najafgarh Tehsil","execution_date":"2024-05-10","registered_owner":"Chaudhary Dharamvir Singh","seller_name":"Previous Landholder","consideration_amount_inr":"3500000.0","stamp_duty_inr":"210000.0","survey_sketch_id":"FMB-DL-32-0066","cadastral_sheet_no":"SHT-DL-32","surveyed_area_sqm":"3478.3","survey_status":"DISPUTED","urban_authority":"Najafgarh Tehsil Urban Development & Town Planning Authority","zone_name":"Commercial Business District","permitted_land_use":"COMMERCIAL","building_permission_status":"REJECTED","violations_reported":"True","is_encumbered":"True","encumbrance_certificate_number":"EC-DL-00000066-0066","encumbrance_type":"LEASE_CHARGE","financial_institution":"","mortgage_amount":"0.0","created_at":"2026-01-15T09:00:00Z","updated_at":"2026-09-24T11:30:00Z"}},{"type":"Feature","geometry":{"type":"Polygon","coordinates":[[[77.20883874288855,28.55113018827073],[77.22773921822484,28.550357799959183],[77.22793337883849,28.56741346603283],[77.20976941509366,28.56750961190213],[77.20883874288855,28.55113018827073]]]},"properties":{"ulpin":"07630107332472","parcel_id":"be612fa4-1cfe-4217-bf1b-419a06bc15c5","state":"Delhi (NCT)","state_code":"DL","state_type":"UT","state_lgd_code":"7","district_lgd_code":"95","district_name":"South West Delhi","subdistrict_lgd_code":"780","subdistrict_name":"Najafgarh Tehsil","subdistrict_type":"Tehsil / Taluk","village_lgd_code":"71092","village_name":"Dhansa","khasra_plot_no":"Mustatil 32, Killa 15/D67","recorded_area":"4.16","recorded_area_unit":"Bigha-Biswa","normalized_area_sqm":"3478.3","gis_area_sqm":"3478.3","land_use_category":"INDUSTRIAL","land_use_raw":"Bhumidhari (Agricultural)","status":"ARCHIVED","data_freshness_status":"UNKNOWN","scenario_index":"19559","use_case_description":"Archived historical record for audit retrieval","mutation_workflow_status":"UNDER_VERIFICATION","revenue_record_id":"ROR-DL-2025-1032-0067","revenue_record_type":"Khasra Khatauni (Delhi Bhulekh / DLR Act)","khata_khewat_no":"KHT-82","khatauni_no":"KHN-182","owner_name":"Chaudhary Dharamvir Singh","owner_name_local":"चौधरी धर्मवीर सिंह","co_owners":"","tenure_type":"Tribal Community Tenure","mutation_status":"NONE","active_mutation_id":"MUT-DL-00000067","tax_demand_status":"PAID","annual_tax_inr":"185.5","deed_number":"DEED-DL-2024-432-0067","deed_type":"Sale Deed / Conveyance","sro_office":"Sub-Registrar Office, Najafgarh Tehsil","execution_date":"2024-05-10","registered_owner":"Registry Variance Owner 67","seller_name":"Previous Landholder","consideration_amount_inr":"3500000.0","stamp_duty_inr":"210000.0","survey_sketch_id":"FMB-DL-32-0067","cadastral_sheet_no":"SHT-DL-32","surveyed_area_sqm":"3478.3","survey_status":"RESURVEY_REQUIRED","urban_authority":"Najafgarh Tehsil Urban Development & Town Planning Authority","zone_name":"Commercial Business District","permitted_land_use":"INDUSTRIAL","building_permission_status":"NOT_APPLICABLE","violations_reported":"False","is_encumbered":"False","encumbrance_certificate_number":"EC-DL-2024-132-0067","encumbrance_type":"NIL","financial_institution":"","mortgage_amount":"0.0","created_at":"2026-01-15T09:00:00Z","updated_at":"2026-09-24T11:30:00Z"}},{"type":"Feature","geometry":{"type":"Polygon","coordinates":[[[77.44397634733694,28.94451075333188],[77.47059489051067,28.94111224557827],[77.4676517075173,28.958149200839006],[77.44374164996619,28.960260948810063],[77.44397634733694,28.94451075333188]]]},"properties":{"ulpin":"07780601129968","parcel_id":"087027a2-0574-442b-a8c5-6397d953e003","state":"Delhi (NCT)","state_code":"DL","state_type":"UT","state_lgd_code":"7","district_lgd_code":"95","district_name":"South West Delhi","subdistrict_lgd_code":"780","subdistrict_name":"Najafgarh Tehsil","subdistrict_type":"Tehsil / Taluk","village_lgd_code":"71092","village_name":"Dhansa","khasra_plot_no":"Mustatil 32, Killa 15/D68","recorded_area":"4.16","recorded_area_unit":"Bigha-Biswa","normalized_area_sqm":"3478.3","gis_area_sqm":"3478.3","land_use_category":"AGRICULTURAL","land_use_raw":"Bhumidhari (Agricultural)","status":"ACTIVE","data_freshness_status":"CURRENT","scenario_index":"19560","use_case_description":"Court attachment and disputed possession","mutation_workflow_status":"NOTICE_PERIOD","revenue_record_id":"ROR-DL-2025-1032-0068","revenue_record_type":"Khasra Khatauni (Delhi Bhulekh / DLR Act)","khata_khewat_no":"KHT-82","khatauni_no":"KHN-182","owner_name":"Chaudhary Dharamvir Singh","owner_name_local":"चौधरी धर्मवीर सिंह","co_owners":"","tenure_type":"Bhumiswami / Raiyati with Transferable Rights","mutation_status":"MUTATED","active_mutation_id":"","tax_demand_status":"PAID","annual_tax_inr":"185.5","deed_number":"DEED-DL-2024-432-0068","deed_type":"Sale Deed / Conveyance","sro_office":"Sub-Registrar Office, Najafgarh Tehsil","execution_date":"2024-05-10","registered_owner":"Chaudhary Dharamvir Singh","seller_name":"Previous Landholder","consideration_amount_inr":"3500000.0","stamp_duty_inr":"210000.0","survey_sketch_id":"FMB-DL-32-0068","cadastral_sheet_no":"SHT-DL-32","surveyed_area_sqm":"3478.3","survey_status":"SURVEYED","urban_authority":"Najafgarh Tehsil Urban Development & Town Planning Authority","zone_name":"Commercial Business District","permitted_land_use":"AGRICULTURAL","building_permission_status":"SANCTIONED","violations_reported":"False","is_encumbered":"True","encumbrance_certificate_number":"EC-DL-00000068-0068","encumbrance_type":"BANK_MORTGAGE","financial_institution":"","mortgage_amount":"0.0","created_at":"2026-01-15T09:00:00Z","updated_at":"2026-09-24T11:30:00Z"}},{"type":"Feature","geometry":{"type":"Polygon","coordinates":[[[77.51285886001553,28.502685124024936],[77.53572350804707,28.498996652893386],[77.53034367604498,28.519666024226357],[77.51544342086567,28.522112917252826],[77.51285886001553,28.502685124024936]]]},"properties":{"ulpin":"07408420724272","parcel_id":"3bc6153e-5a61-4968-81ae-e45ba9b03d44","state":"Delhi (NCT)","state_code":"DL","state_type":"UT","state_lgd_code":"7","district_lgd_code":"95","district_name":"South West Delhi","subdistrict_lgd_code":"780","subdistrict_name":"Najafgarh Tehsil","subdistrict_type":"Tehsil / Taluk","village_lgd_code":"71092","village_name":"Dhansa","khasra_plot_no":"Mustatil 32, Killa 15/D69","recorded_area":"4.16","recorded_area_unit":"Bigha-Biswa","normalized_area_sqm":"3478.3","gis_area_sqm":"3478.3","land_use_category":"INSTITUTIONAL","land_use_raw":"Bhumidhari (Agricultural)","status":"PENDING_MUTATION","data_freshness_status":"STALE","scenario_index":"19561","use_case_description":"Tribal non-alienation protection review","mutation_workflow_status":"HEARING_SCHEDULED","revenue_record_id":"ROR-DL-2025-1032-0069","revenue_record_type":"Khasra Khatauni (Delhi Bhulekh / DLR Act)","khata_khewat_no":"KHT-82","khatauni_no":"KHN-182","owner_name":"Chaudhary Dharamvir Singh","owner_name_local":"चौधरी धर्मवीर सिंह","co_owners":"","tenure_type":"Bhumiswami / Freehold","mutation_status":"PENDING","active_mutation_id":"MUT-DL-00000069","tax_demand_status":"PAID","annual_tax_inr":"185.5","deed_number":"DEED-DL-2024-432-0069","deed_type":"Sale Deed / Conveyance","sro_office":"Sub-Registrar Office, Najafgarh Tehsil","execution_date":"2024-05-10","registered_owner":"Chaudhary Dharamvir Singh","seller_name":"Previous Landholder","consideration_amount_inr":"3500000.0","stamp_duty_inr":"210000.0","survey_sketch_id":"FMB-DL-32-0069","cadastral_sheet_no":"SHT-DL-32","surveyed_area_sqm":"3478.3","survey_status":"PENDING","urban_authority":"Najafgarh Tehsil Urban Development & Town Planning Authority","zone_name":"Commercial Business District","permitted_land_use":"INSTITUTIONAL","building_permission_status":"PENDING","violations_reported":"False","is_encumbered":"True","encumbrance_certificate_number":"EC-DL-00000069-0069","encumbrance_type":"GOVT_REVENUE_LIEN","financial_institution":"","mortgage_amount":"0.0","created_at":"2026-01-15T09:00:00Z","updated_at":"2026-09-24T11:30:00Z"}},{"type":"Feature","geometry":{"type":"Polygon","coordinates":[[[77.3546992270488,28.54473742350979],[77.37649980107567,28.540695232657125],[77.37649980107567,28.563689426646114],[77.35327549375738,28.56654046605411],[77.3546992270488,28.54473742350979]]]},"properties":{"ulpin":"07801688707861","parcel_id":"5846cc93-617c-45f6-b582-71271828b8c1","state":"Delhi (NCT)","state_code":"DL","state_type":"UT","state_lgd_code":"7","district_lgd_code":"95","district_name":"South West Delhi","subdistrict_lgd_code":"780","subdistrict_name":"Najafgarh Tehsil","subdistrict_type":"Tehsil / Taluk","village_lgd_code":"71092","village_name":"Dhansa","khasra_plot_no":"Mustatil 32, Killa 15/D70","recorded_area":"4.16","recorded_area_unit":"Bigha-Biswa","normalized_area_sqm":"3478.3","gis_area_sqm":"3478.3","land_use_category":"FOREST_GREEN_BELT","land_use_raw":"Bhumidhari (Agricultural)","status":"SUBDIVIDED","data_freshness_status":"UNKNOWN","scenario_index":"19562","use_case_description":"Lease charge and institutional tenancy","mutation_workflow_status":"APPROVED","revenue_record_id":"ROR-DL-2025-1032-0070","revenue_record_type":"Khasra Khatauni (Delhi Bhulekh / DLR Act)","khata_khewat_no":"KHT-82","khatauni_no":"KHN-182","owner_name":"Chaudhary Dharamvir Singh","owner_name_local":"चौधरी धर्मवीर सिंह","co_owners":"","tenure_type":"Leasehold","mutation_status":"UNMUTATED_TRANSACTION","active_mutation_id":"MUT-DL-00000070","tax_demand_status":"PAID","annual_tax_inr":"185.5","deed_number":"DEED-DL-2024-432-0070","deed_type":"Sale Deed / Conveyance","sro_office":"Sub-Registrar Office, Najafgarh Tehsil","execution_date":"2024-05-10","registered_owner":"Chaudhary Dharamvir Singh","seller_name":"Previous Landholder","consideration_amount_inr":"3500000.0","stamp_duty_inr":"210000.0","survey_sketch_id":"FMB-DL-32-0070","cadastral_sheet_no":"SHT-DL-32","surveyed_area_sqm":"3478.3","survey_status":"DISPUTED","urban_authority":"Najafgarh Tehsil Urban Development & Town Planning Authority","zone_name":"Commercial Business District","permitted_land_use":"FOREST_GREEN_BELT","building_permission_status":"REJECTED","violations_reported":"False","is_encumbered":"True","encumbrance_certificate_number":"EC-DL-00000070-0070","encumbrance_type":"COURT_ATTACHMENT","financial_institution":"","mortgage_amount":"0.0","created_at":"2026-01-15T09:00:00Z","updated_at":"2026-09-24T11:30:00Z"}},{"type":"Feature","geometry":{"type":"Polygon","coordinates":[[[77.49889159091704,28.61581866831537],[77.51584428162772,28.618808267949714],[77.51249627708835,28.638253626191847],[77.49801544772218,28.638253626191847],[77.49889159091704,28.61581866831537]]]},"properties":{"ulpin":"07965174335985","parcel_id":"0a0af28a-ef6b-42d9-879e-3cc4c570518e","state":"Delhi (NCT)","state_code":"DL","state_type":"UT","state_lgd_code":"7","district_lgd_code":"95","district_name":"South West Delhi","subdistrict_lgd_code":"780","subdistrict_name":"Najafgarh Tehsil","subdistrict_type":"Tehsil / Taluk","village_lgd_code":"71092","village_name":"Dhansa","khasra_plot_no":"Mustatil 32, Killa 15/D71","recorded_area":"4.16","recorded_area_unit":"Bigha-Biswa","normalized_area_sqm":"3478.3","gis_area_sqm":"3478.3","land_use_category":"WATER_BODY","land_use_raw":"Bhumidhari (Agricultural)","status":"AMALGAMATED","data_freshness_status":"CURRENT","scenario_index":"19563","use_case_description":"Subdivision or amalgamation history review","mutation_workflow_status":"REJECTED","revenue_record_id":"ROR-DL-2025-1032-0071","revenue_record_type":"Khasra Khatauni (Delhi Bhulekh / DLR Act)","khata_khewat_no":"KHT-82","khatauni_no":"KHN-182","owner_name":"Chaudhary Dharamvir Singh","owner_name_local":"चौधरी धर्मवीर सिंह","co_owners":"","tenure_type":"Government Grant","mutation_status":"REJECTED","active_mutation_id":"MUT-DL-00000071","tax_demand_status":"PAID","annual_tax_inr":"185.5","deed_number":"DEED-DL-2024-432-0071","deed_type":"Sale Deed / Conveyance","sro_office":"Sub-Registrar Office, Najafgarh Tehsil","execution_date":"2024-05-10","registered_owner":"Chaudhary Dharamvir Singh","seller_name":"Previous Landholder","consideration_amount_inr":"3500000.0","stamp_duty_inr":"210000.0","survey_sketch_id":"FMB-DL-32-0071","cadastral_sheet_no":"SHT-DL-32","surveyed_area_sqm":"3478.3","survey_status":"RESURVEY_REQUIRED","urban_authority":"Najafgarh Tehsil Urban Development & Town Planning Authority","zone_name":"Commercial Business District","permitted_land_use":"WATER_BODY","building_permission_status":"NOT_APPLICABLE","violations_reported":"False","is_encumbered":"True","encumbrance_certificate_number":"EC-DL-00000071-0071","encumbrance_type":"TRIBAL_NON_ALIENATION","financial_institution":"","mortgage_amount":"0.0","created_at":"2026-01-15T09:00:00Z","updated_at":"2026-09-24T11:30:00Z"}},{"type":"Feature","geometry":{"type":"Polygon","coordinates":[[[77.3550669017041,28.500031982579834],[77.37649980107567,28.502942039761503],[77.37649980107567,28.522339507252074],[77.35427409018004,28.523458899604442],[77.3550669017041,28.500031982579834]]]},"properties":{"ulpin":"07720389789605","parcel_id":"33423c7e-8b89-4e11-bf73-4283d286bd9f","state":"Delhi (NCT)","state_code":"DL","state_type":"UT","state_lgd_code":"7","district_lgd_code":"95","district_name":"South West Delhi","subdistrict_lgd_code":"780","subdistrict_name":"Najafgarh Tehsil","subdistrict_type":"Tehsil / Taluk","village_lgd_code":"71092","village_name":"Dhansa","khasra_plot_no":"Mustatil 32, Killa 15/D72","recorded_area":"4.16","recorded_area_unit":"Bigha-Biswa","normalized_area_sqm":"3478.3","gis_area_sqm":"3478.3","land_use_category":"MIXED_USE","land_use_raw":"Bhumidhari (Agricultural)","status":"DISPUTED","data_freshness_status":"STALE","scenario_index":"19564","use_case_description":"Archived historical record for audit retrieval","mutation_workflow_status":"SLA_BREACHED","revenue_record_id":"ROR-DL-2025-1032-0072","revenue_record_type":"Khasra Khatauni (Delhi Bhulekh / DLR Act)","khata_khewat_no":"KHT-82","khatauni_no":"KHN-182","owner_name":"Chaudhary Dharamvir Singh","owner_name_local":"चौधरी धर्मवीर सिंह","co_owners":"","tenure_type":"Waqf / Religious Trust","mutation_status":"DISPUTED","active_mutation_id":"MUT-DL-00000072","tax_demand_status":"PAID","annual_tax_inr":"185.5","deed_number":"DEED-DL-2024-432-0072","deed_type":"Sale Deed / Conveyance","sro_office":"Sub-Registrar Office, Najafgarh Tehsil","execution_date":"2024-05-10","registered_owner":"Registry Variance Owner 72","seller_name":"Previous Landholder","consideration_amount_inr":"3500000.0","stamp_duty_inr":"210000.0","survey_sketch_id":"FMB-DL-32-0072","cadastral_sheet_no":"SHT-DL-32","surveyed_area_sqm":"3478.3","survey_status":"SURVEYED","urban_authority":"Najafgarh Tehsil Urban Development & Town Planning Authority","zone_name":"Commercial Business District","permitted_land_use":"MIXED_USE","building_permission_status":"SANCTIONED","violations_reported":"False","is_encumbered":"True","encumbrance_certificate_number":"EC-DL-00000072-0072","encumbrance_type":"LEASE_CHARGE","financial_institution":"","mortgage_amount":"0.0","created_at":"2026-01-15T09:00:00Z","updated_at":"2026-09-24T11:30:00Z"}},{"type":"Feature","geometry":{"type":"Polygon","coordinates":[[[77.37380259310548,29.013824915293128],[77.39488404598974,29.011180649699586],[77.39488404598974,29.0301517097427],[77.37091621251837,29.030163347544494],[77.37380259310548,29.013824915293128]]]},"properties":{"ulpin":"07354181171140","parcel_id":"10b57775-f4c7-4460-bca3-b4ea69c8d253","state":"Delhi (NCT)","state_code":"DL","state_type":"UT","state_lgd_code":"7","district_lgd_code":"95","district_name":"South West Delhi","subdistrict_lgd_code":"780","subdistrict_name":"Najafgarh Tehsil","subdistrict_type":"Tehsil / Taluk","village_lgd_code":"71092","village_name":"Dhansa","khasra_plot_no":"Mustatil 32, Killa 15/D73","recorded_area":"4.16","recorded_area_unit":"Bigha-Biswa","normalized_area_sqm":"3478.3","gis_area_sqm":"3478.3","land_use_category":"OTHER","land_use_raw":"Bhumidhari (Agricultural)","status":"ARCHIVED","data_freshness_status":"UNKNOWN","scenario_index":"19565","use_case_description":"Cadastral area discrepancy requiring resurvey","mutation_workflow_status":"SUBMITTED","revenue_record_id":"ROR-DL-2025-1032-0073","revenue_record_type":"Khasra Khatauni (Delhi Bhulekh / DLR Act)","khata_khewat_no":"KHT-82","khatauni_no":"KHN-182","owner_name":"Chaudhary Dharamvir Singh","owner_name_local":"चौधरी धर्मवीर सिंह","co_owners":"","tenure_type":"Tribal Community Tenure","mutation_status":"NONE","active_mutation_id":"MUT-DL-00000073","tax_demand_status":"PAID","annual_tax_inr":"185.5","deed_number":"DEED-DL-2024-432-0073","deed_type":"Sale Deed / Conveyance","sro_office":"Sub-Registrar Office, Najafgarh Tehsil","execution_date":"2024-05-10","registered_owner":"Chaudhary Dharamvir Singh","seller_name":"Previous Landholder","consideration_amount_inr":"3500000.0","stamp_duty_inr":"210000.0","survey_sketch_id":"FMB-DL-32-0073","cadastral_sheet_no":"SHT-DL-32","surveyed_area_sqm":"3478.3","survey_status":"PENDING","urban_authority":"Najafgarh Tehsil Urban Development & Town Planning Authority","zone_name":"Commercial Business District","permitted_land_use":"OTHER","building_permission_status":"PENDING","violations_reported":"True","is_encumbered":"False","encumbrance_certificate_number":"EC-DL-2024-132-0073","encumbrance_type":"NIL","financial_institution":"","mortgage_amount":"0.0","created_at":"2026-01-15T09:00:00Z","updated_at":"2026-09-24T11:30:00Z"}},{"type":"Feature","geometry":{"type":"Polygon","coordinates":[[[77.34480314028158,28.88053254128208],[77.3681640131588,28.878261965967763],[77.37352730341432,28.894781523374466],[77.34815945170038,28.894957037184124],[77.34480314028158,28.88053254128208]]]},"properties":{"ulpin":"07953743874091","parcel_id":"842df54d-25e6-44f3-99ba-f10fda7e01bd","state":"Delhi (NCT)","state_code":"DL","state_type":"UT","state_lgd_code":"7","district_lgd_code":"95","district_name":"South West Delhi","subdistrict_lgd_code":"780","subdistrict_name":"Najafgarh Tehsil","subdistrict_type":"Tehsil / Taluk","village_lgd_code":"71092","village_name":"Dhansa","khasra_plot_no":"Mustatil 32, Killa 15/D74","recorded_area":"4.16","recorded_area_unit":"Bigha-Biswa","normalized_area_sqm":"3478.3","gis_area_sqm":"3478.3","land_use_category":"RESIDENTIAL","land_use_raw":"Bhumidhari (Agricultural)","status":"ACTIVE","data_freshness_status":"CURRENT","scenario_index":"19566","use_case_description":"Government revenue lien and tax demand","mutation_workflow_status":"UNDER_VERIFICATION","revenue_record_id":"ROR-DL-2025-1032-0074","revenue_record_type":"Khasra Khatauni (Delhi Bhulekh / DLR Act)","khata_khewat_no":"KHT-82","khatauni_no":"KHN-182","owner_name":"Chaudhary Dharamvir Singh","owner_name_local":"चौधरी धर्मवीर सिंह","co_owners":"","tenure_type":"Bhumiswami / Raiyati with Transferable Rights","mutation_status":"MUTATED","active_mutation_id":"","tax_demand_status":"PAID","annual_tax_inr":"185.5","deed_number":"DEED-DL-2024-432-0074","deed_type":"Sale Deed / Conveyance","sro_office":"Sub-Registrar Office, Najafgarh Tehsil","execution_date":"2024-05-10","registered_owner":"Chaudhary Dharamvir Singh","seller_name":"Previous Landholder","consideration_amount_inr":"3500000.0","stamp_duty_inr":"210000.0","survey_sketch_id":"FMB-DL-32-0074","cadastral_sheet_no":"SHT-DL-32","surveyed_area_sqm":"3478.3","survey_status":"DISPUTED","urban_authority":"Najafgarh Tehsil Urban Development & Town Planning Authority","zone_name":"Commercial Business District","permitted_land_use":"RESIDENTIAL","building_permission_status":"REJECTED","violations_reported":"False","is_encumbered":"True","encumbrance_certificate_number":"EC-DL-00000074-0074","encumbrance_type":"BANK_MORTGAGE","financial_institution":"","mortgage_amount":"0.0","created_at":"2026-01-15T09:00:00Z","updated_at":"2026-09-24T11:30:00Z"}},{"type":"Feature","geometry":{"type":"Polygon","coordinates":[[[77.31016153870398,28.66765751382564],[77.33494187033908,28.67102448330812],[77.33152242705377,28.687685839418254],[77.31187393966732,28.687920108329113],[77.31016153870398,28.66765751382564]]]},"properties":{"ulpin":"07117382415904","parcel_id":"5b112de4-5d59-4af7-9c17-3a0789ba43b8","state":"Delhi (NCT)","state_code":"DL","state_type":"UT","state_lgd_code":"7","district_lgd_code":"95","district_name":"South West Delhi","subdistrict_lgd_code":"780","subdistrict_name":"Najafgarh Tehsil","subdistrict_type":"Tehsil / Taluk","village_lgd_code":"71092","village_name":"Dhansa","khasra_plot_no":"Mustatil 32, Killa 15/D75","recorded_area":"4.16","recorded_area_unit":"Bigha-Biswa","normalized_area_sqm":"3478.3","gis_area_sqm":"3478.3","land_use_category":"COMMERCIAL","land_use_raw":"Bhumidhari (Agricultural)","status":"PENDING_MUTATION","data_freshness_status":"STALE","scenario_index":"19567","use_case_description":"Court attachment and disputed possession","mutation_workflow_status":"NOTICE_PERIOD","revenue_record_id":"ROR-DL-2025-1032-0075","revenue_record_type":"Khasra Khatauni (Delhi Bhulekh / DLR Act)","khata_khewat_no":"KHT-82","khatauni_no":"KHN-182","owner_name":"Chaudhary Dharamvir Singh","owner_name_local":"चौधरी धर्मवीर सिंह","co_owners":"","tenure_type":"Bhumiswami / Freehold","mutation_status":"PENDING","active_mutation_id":"MUT-DL-00000075","tax_demand_status":"PAID","annual_tax_inr":"185.5","deed_number":"DEED-DL-2024-432-0075","deed_type":"Sale Deed / Conveyance","sro_office":"Sub-Registrar Office, Najafgarh Tehsil","execution_date":"2024-05-10","registered_owner":"Chaudhary Dharamvir Singh","seller_name":"Previous Landholder","consideration_amount_inr":"3500000.0","stamp_duty_inr":"210000.0","survey_sketch_id":"FMB-DL-32-0075","cadastral_sheet_no":"SHT-DL-32","surveyed_area_sqm":"3478.3","survey_status":"RESURVEY_REQUIRED","urban_authority":"Najafgarh Tehsil Urban Development & Town Planning Authority","zone_name":"Commercial Business District","permitted_land_use":"COMMERCIAL","building_permission_status":"NOT_APPLICABLE","violations_reported":"False","is_encumbered":"True","encumbrance_certificate_number":"EC-DL-00000075-0075","encumbrance_type":"GOVT_REVENUE_LIEN","financial_institution":"","mortgage_amount":"0.0","created_at":"2026-01-15T09:00:00Z","updated_at":"2026-09-24T11:30:00Z"}},{"type":"Feature","geometry":{"type":"Polygon","coordinates":[[[77.44344736979012,29.05149412401897],[77.46451036440116,29.049353093657047],[77.46441881035145,29.07067147473508],[77.44409360407582,29.07067147473508],[77.44344736979012,29.05149412401897]]]},"properties":{"ulpin":"07217592550196","parcel_id":"4762115f-6d47-4508-8455-ac4e3e354a81","state":"Delhi (NCT)","state_code":"DL","state_type":"UT","state_lgd_code":"7","district_lgd_code":"95","district_name":"South West Delhi","subdistrict_lgd_code":"780","subdistrict_name":"Najafgarh Tehsil","subdistrict_type":"Tehsil / Taluk","village_lgd_code":"71092","village_name":"Dhansa","khasra_plot_no":"Mustatil 32, Killa 15/D76","recorded_area":"4.16","recorded_area_unit":"Bigha-Biswa","normalized_area_sqm":"3478.3","gis_area_sqm":"3478.3","land_use_category":"INDUSTRIAL","land_use_raw":"Bhumidhari (Agricultural)","status":"SUBDIVIDED","data_freshness_status":"UNKNOWN","scenario_index":"19568","use_case_description":"Tribal non-alienation protection review","mutation_workflow_status":"HEARING_SCHEDULED","revenue_record_id":"ROR-DL-2025-1032-0076","revenue_record_type":"Khasra Khatauni (Delhi Bhulekh / DLR Act)","khata_khewat_no":"KHT-82","khatauni_no":"KHN-182","owner_name":"Chaudhary Dharamvir Singh","owner_name_local":"चौधरी धर्मवीर सिंह","co_owners":"","tenure_type":"Leasehold","mutation_status":"UNMUTATED_TRANSACTION","active_mutation_id":"MUT-DL-00000076","tax_demand_status":"PAID","annual_tax_inr":"185.5","deed_number":"DEED-DL-2024-432-0076","deed_type":"Sale Deed / Conveyance","sro_office":"Sub-Registrar Office, Najafgarh Tehsil","execution_date":"2024-05-10","registered_owner":"Chaudhary Dharamvir Singh","seller_name":"Previous Landholder","consideration_amount_inr":"3500000.0","stamp_duty_inr":"210000.0","survey_sketch_id":"FMB-DL-32-0076","cadastral_sheet_no":"SHT-DL-32","surveyed_area_sqm":"3478.3","survey_status":"SURVEYED","urban_authority":"Najafgarh Tehsil Urban Development & Town Planning Authority","zone_name":"Commercial Business District","permitted_land_use":"INDUSTRIAL","building_permission_status":"SANCTIONED","violations_reported":"False","is_encumbered":"True","encumbrance_certificate_number":"EC-DL-00000076-0076","encumbrance_type":"COURT_ATTACHMENT","financial_institution":"","mortgage_amount":"0.0","created_at":"2026-01-15T09:00:00Z","updated_at":"2026-09-24T11:30:00Z"}},{"type":"Feature","geometry":{"type":"Polygon","coordinates":[[[77.53405525028644,28.60104348421144],[77.55119553765029,28.59702638007208],[77.55119553765029,28.617703246070402],[77.53021085278938,28.615829834492075],[77.53405525028644,28.60104348421144]]]},"properties":{"ulpin":"07516953451455","parcel_id":"6ed301c4-db94-48f6-a7ca-304b46758698","state":"Delhi (NCT)","state_code":"DL","state_type":"UT","state_lgd_code":"7","district_lgd_code":"95","district_name":"South West Delhi","subdistrict_lgd_code":"780","subdistrict_name":"Najafgarh Tehsil","subdistrict_type":"Tehsil / Taluk","village_lgd_code":"71092","village_name":"Dhansa","khasra_plot_no":"Mustatil 32, Killa 15/D77","recorded_area":"4.16","recorded_area_unit":"Bigha-Biswa","normalized_area_sqm":"3478.3","gis_area_sqm":"3478.3","land_use_category":"AGRICULTURAL","land_use_raw":"Bhumidhari (Agricultural)","status":"AMALGAMATED","data_freshness_status":"CURRENT","scenario_index":"19569","use_case_description":"Lease charge and institutional tenancy","mutation_workflow_status":"APPROVED","revenue_record_id":"ROR-DL-2025-1032-0077","revenue_record_type":"Khasra Khatauni (Delhi Bhulekh / DLR Act)","khata_khewat_no":"KHT-82","khatauni_no":"KHN-182","owner_name":"Chaudhary Dharamvir Singh","owner_name_local":"चौधरी धर्मवीर सिंह","co_owners":"","tenure_type":"Government Grant","mutation_status":"REJECTED","active_mutation_id":"MUT-DL-00000077","tax_demand_status":"PAID","annual_tax_inr":"185.5","deed_number":"DEED-DL-2024-432-0077","deed_type":"Sale Deed / Conveyance","sro_office":"Sub-Registrar Office, Najafgarh Tehsil","execution_date":"2024-05-10","registered_owner":"Registry Variance Owner 77","seller_name":"Previous Landholder","consideration_amount_inr":"3500000.0","stamp_duty_inr":"210000.0","survey_sketch_id":"FMB-DL-32-0077","cadastral_sheet_no":"SHT-DL-32","surveyed_area_sqm":"3478.3","survey_status":"PENDING","urban_authority":"Najafgarh Tehsil Urban Development & Town Planning Authority","zone_name":"Commercial Business District","permitted_land_use":"AGRICULTURAL","building_permission_status":"PENDING","violations_reported":"False","is_encumbered":"True","encumbrance_certificate_number":"EC-DL-00000077-0077","encumbrance_type":"TRIBAL_NON_ALIENATION","financial_institution":"","mortgage_amount":"0.0","created_at":"2026-01-15T09:00:00Z","updated_at":"2026-09-24T11:30:00Z"}},{"type":"Feature","geometry":{"type":"Polygon","coordinates":[[[77.47893411900267,28.57659336350582],[77.49640903929476,28.57707217612704],[77.4964086163044,28.596435582618543],[77.47702828229998,28.59637064275139],[77.47893411900267,28.57659336350582]]]},"properties":{"ulpin":"07603140221956","parcel_id":"2f98a1b0-7cd4-4458-910c-140d04703523","state":"Delhi (NCT)","state_code":"DL","state_type":"UT","state_lgd_code":"7","district_lgd_code":"95","district_name":"South West Delhi","subdistrict_lgd_code":"780","subdistrict_name":"Najafgarh Tehsil","subdistrict_type":"Tehsil / Taluk","village_lgd_code":"71092","village_name":"Dhansa","khasra_plot_no":"Mustatil 32, Killa 15/D78","recorded_area":"4.16","recorded_area_unit":"Bigha-Biswa","normalized_area_sqm":"3478.3","gis_area_sqm":"3478.3","land_use_category":"INSTITUTIONAL","land_use_raw":"Bhumidhari (Agricultural)","status":"DISPUTED","data_freshness_status":"STALE","scenario_index":"19570","use_case_description":"Subdivision or amalgamation history review","mutation_workflow_status":"REJECTED","revenue_record_id":"ROR-DL-2025-1032-0078","revenue_record_type":"Khasra Khatauni (Delhi Bhulekh / DLR Act)","khata_khewat_no":"KHT-82","khatauni_no":"KHN-182","owner_name":"Chaudhary Dharamvir Singh","owner_name_local":"चौधरी धर्मवीर सिंह","co_owners":"","tenure_type":"Waqf / Religious Trust","mutation_status":"DISPUTED","active_mutation_id":"MUT-DL-00000078","tax_demand_status":"PAID","annual_tax_inr":"185.5","deed_number":"DEED-DL-2024-432-0078","deed_type":"Sale Deed / Conveyance","sro_office":"Sub-Registrar Office, Najafgarh Tehsil","execution_date":"2024-05-10","registered_owner":"Chaudhary Dharamvir Singh","seller_name":"Previous Landholder","consideration_amount_inr":"3500000.0","stamp_duty_inr":"210000.0","survey_sketch_id":"FMB-DL-32-0078","cadastral_sheet_no":"SHT-DL-32","surveyed_area_sqm":"3478.3","survey_status":"DISPUTED","urban_authority":"Najafgarh Tehsil Urban Development & Town Planning Authority","zone_name":"Commercial Business District","permitted_land_use":"INSTITUTIONAL","building_permission_status":"REJECTED","violations_reported":"False","is_encumbered":"True","encumbrance_certificate_number":"EC-DL-00000078-0078","encumbrance_type":"LEASE_CHARGE","financial_institution":"","mortgage_amount":"0.0","created_at":"2026-01-15T09:00:00Z","updated_at":"2026-09-24T11:30:00Z"}},{"type":"Feature","geometry":{"type":"Polygon","coordinates":[[[77.49928371859541,28.479993084419547],[77.5132476237869,28.48259466871311],[77.51285886001553,28.502685124024936],[77.49791621718704,28.502753622045066],[77.49928371859541,28.479993084419547]]]},"properties":{"ulpin":"07261197443707","parcel_id":"5c5bbf40-1193-47bb-b7ea-c2441119b235","state":"Delhi (NCT)","state_code":"DL","state_type":"UT","state_lgd_code":"7","district_lgd_code":"95","district_name":"South West Delhi","subdistrict_lgd_code":"780","subdistrict_name":"Najafgarh Tehsil","subdistrict_type":"Tehsil / Taluk","village_lgd_code":"71092","village_name":"Dhansa","khasra_plot_no":"Mustatil 32, Killa 15/D79","recorded_area":"4.16","recorded_area_unit":"Bigha-Biswa","normalized_area_sqm":"3478.3","gis_area_sqm":"3478.3","land_use_category":"FOREST_GREEN_BELT","land_use_raw":"Bhumidhari (Agricultural)","status":"ARCHIVED","data_freshness_status":"UNKNOWN","scenario_index":"19571","use_case_description":"Tribal non-alienation protection review","mutation_workflow_status":"SLA_BREACHED","revenue_record_id":"ROR-DL-2025-1032-0079","revenue_record_type":"Khasra Khatauni (Delhi Bhulekh / DLR Act)","khata_khewat_no":"KHT-82","khatauni_no":"KHN-182","owner_name":"Chaudhary Dharamvir Singh","owner_name_local":"चौधरी धर्मवीर सिंह","co_owners":"","tenure_type":"Tribal Community Tenure","mutation_status":"NONE","active_mutation_id":"MUT-DL-00000079","tax_demand_status":"PAID","annual_tax_inr":"185.5","deed_number":"DEED-DL-2024-432-0079","deed_type":"Sale Deed / Conveyance","sro_office":"Sub-Registrar Office, Najafgarh Tehsil","execution_date":"2024-05-10","registered_owner":"Chaudhary Dharamvir Singh","seller_name":"Previous Landholder","consideration_amount_inr":"3500000.0","stamp_duty_inr":"210000.0","survey_sketch_id":"FMB-DL-32-0079","cadastral_sheet_no":"SHT-DL-32","surveyed_area_sqm":"3478.3","survey_status":"RESURVEY_REQUIRED","urban_authority":"Najafgarh Tehsil Urban Development & Town Planning Authority","zone_name":"Commercial Business District","permitted_land_use":"FOREST_GREEN_BELT","building_permission_status":"NOT_APPLICABLE","violations_reported":"False","is_encumbered":"False","encumbrance_certificate_number":"EC-DL-2024-132-0079","encumbrance_type":"NIL","financial_institution":"","mortgage_amount":"0.0","created_at":"2026-01-15T09:00:00Z","updated_at":"2026-09-24T11:30:00Z"}},{"type":"Feature","geometry":{"type":"Polygon","coordinates":[[[77.20954701923468,28.616439301635847],[77.22353929889701,28.614029554288983],[77.2283286262489,28.63263327814867],[77.2106522785833,28.631239981291447],[77.20954701923468,28.616439301635847]]]},"properties":{"ulpin":"07178554583103","parcel_id":"e0cd45fa-7aa5-4a34-b060-3b34d8c60ae2","state":"Delhi (NCT)","state_code":"DL","state_type":"UT","state_lgd_code":"7","district_lgd_code":"95","district_name":"South West Delhi","subdistrict_lgd_code":"780","subdistrict_name":"Najafgarh Tehsil","subdistrict_type":"Tehsil / Taluk","village_lgd_code":"71092","village_name":"Dhansa","khasra_plot_no":"Mustatil 32, Killa 15/D80","recorded_area":"4.16","recorded_area_unit":"Bigha-Biswa","normalized_area_sqm":"3478.3","gis_area_sqm":"3478.3","land_use_category":"WATER_BODY","land_use_raw":"Bhumidhari (Agricultural)","status":"ACTIVE","data_freshness_status":"CURRENT","scenario_index":"19572","use_case_description":"Bank mortgage and active encumbrance","mutation_workflow_status":"SUBMITTED","revenue_record_id":"ROR-DL-2025-1032-0080","revenue_record_type":"Khasra Khatauni (Delhi Bhulekh / DLR Act)","khata_khewat_no":"KHT-82","khatauni_no":"KHN-182","owner_name":"Chaudhary Dharamvir Singh","owner_name_local":"चौधरी धर्मवीर सिंह","co_owners":"","tenure_type":"Bhumiswami / Raiyati with Transferable Rights","mutation_status":"MUTATED","active_mutation_id":"","tax_demand_status":"PAID","annual_tax_inr":"185.5","deed_number":"DEED-DL-2024-432-0080","deed_type":"Sale Deed / Conveyance","sro_office":"Sub-Registrar Office, Najafgarh Tehsil","execution_date":"2024-05-10","registered_owner":"Chaudhary Dharamvir Singh","seller_name":"Previous Landholder","consideration_amount_inr":"3500000.0","stamp_duty_inr":"210000.0","survey_sketch_id":"FMB-DL-32-0080","cadastral_sheet_no":"SHT-DL-32","surveyed_area_sqm":"3478.3","survey_status":"SURVEYED","urban_authority":"Najafgarh Tehsil Urban Development & Town Planning Authority","zone_name":"Commercial Business District","permitted_land_use":"WATER_BODY","building_permission_status":"SANCTIONED","violations_reported":"True","is_encumbered":"True","encumbrance_certificate_number":"EC-DL-00000080-0080","encumbrance_type":"BANK_MORTGAGE","financial_institution":"","mortgage_amount":"0.0","created_at":"2026-01-15T09:00:00Z","updated_at":"2026-09-24T11:30:00Z"}},{"type":"Feature","geometry":{"type":"Polygon","coordinates":[[[77.3101459177847,28.542547798713393],[77.33489363213228,28.545872509444724],[77.33475655920768,28.566711317639996],[77.31131324223887,28.565357273744773],[77.3101459177847,28.542547798713393]]]},"properties":{"ulpin":"07821549344274","parcel_id":"0373d164-9ba0-4699-83a8-ab35cff6f19f","state":"Delhi (NCT)","state_code":"DL","state_type":"UT","state_lgd_code":"7","district_lgd_code":"95","district_name":"South West Delhi","subdistrict_lgd_code":"780","subdistrict_name":"Najafgarh Tehsil","subdistrict_type":"Tehsil / Taluk","village_lgd_code":"71092","village_name":"Dhansa","khasra_plot_no":"Mustatil 32, Killa 15/D81","recorded_area":"4.16","recorded_area_unit":"Bigha-Biswa","normalized_area_sqm":"3478.3","gis_area_sqm":"3478.3","land_use_category":"MIXED_USE","land_use_raw":"Bhumidhari (Agricultural)","status":"PENDING_MUTATION","data_freshness_status":"STALE","scenario_index":"19573","use_case_description":"Government revenue lien and tax demand","mutation_workflow_status":"UNDER_VERIFICATION","revenue_record_id":"ROR-DL-2025-1032-0081","revenue_record_type":"Khasra Khatauni (Delhi Bhulekh / DLR Act)","khata_khewat_no":"KHT-82","khatauni_no":"KHN-182","owner_name":"Chaudhary Dharamvir Singh","owner_name_local":"चौधरी धर्मवीर सिंह","co_owners":"","tenure_type":"Bhumiswami / Freehold","mutation_status":"PENDING","active_mutation_id":"MUT-DL-00000081","tax_demand_status":"PAID","annual_tax_inr":"185.5","deed_number":"DEED-DL-2024-432-0081","deed_type":"Sale Deed / Conveyance","sro_office":"Sub-Registrar Office, Najafgarh Tehsil","execution_date":"2024-05-10","registered_owner":"Chaudhary Dharamvir Singh","seller_name":"Previous Landholder","consideration_amount_inr":"3500000.0","stamp_duty_inr":"210000.0","survey_sketch_id":"FMB-DL-32-0081","cadastral_sheet_no":"SHT-DL-32","surveyed_area_sqm":"3478.3","survey_status":"PENDING","urban_authority":"Najafgarh Tehsil Urban Development & Town Planning Authority","zone_name":"Commercial Business District","permitted_land_use":"MIXED_USE","building_permission_status":"PENDING","violations_reported":"False","is_encumbered":"True","encumbrance_certificate_number":"EC-DL-00000081-0081","encumbrance_type":"GOVT_REVENUE_LIEN","financial_institution":"","mortgage_amount":"0.0","created_at":"2026-01-15T09:00:00Z","updated_at":"2026-09-24T11:30:00Z"}},{"type":"Feature","geometry":{"type":"Polygon","coordinates":[[[77.2383436873175,28.77651518532278],[77.25978272755779,28.77704006991823],[77.25585456458516,28.799916938595466],[77.24026334844429,28.79916177242478],[77.2383436873175,28.77651518532278]]]},"properties":{"ulpin":"07727546942128","parcel_id":"7b349303-443a-4f59-9659-b8579208eaf6","state":"Delhi (NCT)","state_code":"DL","state_type":"UT","state_lgd_code":"7","district_lgd_code":"95","district_name":"South West Delhi","subdistrict_lgd_code":"780","subdistrict_name":"Najafgarh Tehsil","subdistrict_type":"Tehsil / Taluk","village_lgd_code":"71092","village_name":"Dhansa","khasra_plot_no":"Mustatil 32, Killa 15/D82","recorded_area":"4.16","recorded_area_unit":"Bigha-Biswa","normalized_area_sqm":"3478.3","gis_area_sqm":"3478.3","land_use_category":"OTHER","land_use_raw":"Bhumidhari (Agricultural)","status":"SUBDIVIDED","data_freshness_status":"UNKNOWN","scenario_index":"19574","use_case_description":"Court attachment and disputed possession","mutation_workflow_status":"NOTICE_PERIOD","revenue_record_id":"ROR-DL-2025-1032-0082","revenue_record_type":"Khasra Khatauni (Delhi Bhulekh / DLR Act)","khata_khewat_no":"KHT-82","khatauni_no":"KHN-182","owner_name":"Chaudhary Dharamvir Singh","owner_name_local":"चौधरी धर्मवीर सिंह","co_owners":"","tenure_type":"Leasehold","mutation_status":"UNMUTATED_TRANSACTION","active_mutation_id":"MUT-DL-00000082","tax_demand_status":"PAID","annual_tax_inr":"185.5","deed_number":"DEED-DL-2024-432-0082","deed_type":"Sale Deed / Conveyance","sro_office":"Sub-Registrar Office, Najafgarh Tehsil","execution_date":"2024-05-10","registered_owner":"Registry Variance Owner 82","seller_name":"Previous Landholder","consideration_amount_inr":"3500000.0","stamp_duty_inr":"210000.0","survey_sketch_id":"FMB-DL-32-0082","cadastral_sheet_no":"SHT-DL-32","surveyed_area_sqm":"3478.3","survey_status":"DISPUTED","urban_authority":"Najafgarh Tehsil Urban Development & Town Planning Authority","zone_name":"Commercial Business District","permitted_land_use":"OTHER","building_permission_status":"REJECTED","violations_reported":"False","is_encumbered":"True","encumbrance_certificate_number":"EC-DL-00000082-0082","encumbrance_type":"COURT_ATTACHMENT","financial_institution":"","mortgage_amount":"0.0","created_at":"2026-01-15T09:00:00Z","updated_at":"2026-09-24T11:30:00Z"}},{"type":"Feature","geometry":{"type":"Polygon","coordinates":[[[77.3364898544701,28.605212478285498],[77.3575168928402,28.607818299564567],[77.35461876819684,28.627856311285736],[77.33441180444554,28.62832070239523],[77.3364898544701,28.605212478285498]]]},"properties":{"ulpin":"07843881999778","parcel_id":"be81534a-1451-4f36-a3a6-64971ed3676b","state":"Delhi (NCT)","state_code":"DL","state_type":"UT","state_lgd_code":"7","district_lgd_code":"95","district_name":"South West Delhi","subdistrict_lgd_code":"780","subdistrict_name":"Najafgarh Tehsil","subdistrict_type":"Tehsil / Taluk","village_lgd_code":"71092","village_name":"Dhansa","khasra_plot_no":"Mustatil 32, Killa 15/D83","recorded_area":"4.16","recorded_area_unit":"Bigha-Biswa","normalized_area_sqm":"3478.3","gis_area_sqm":"3478.3","land_use_category":"RESIDENTIAL","land_use_raw":"Bhumidhari (Agricultural)","status":"AMALGAMATED","data_freshness_status":"CURRENT","scenario_index":"19575","use_case_description":"Tribal non-alienation protection review","mutation_workflow_status":"HEARING_SCHEDULED","revenue_record_id":"ROR-DL-2025-1032-0083","revenue_record_type":"Khasra Khatauni (Delhi Bhulekh / DLR Act)","khata_khewat_no":"KHT-82","khatauni_no":"KHN-182","owner_name":"Chaudhary Dharamvir Singh","owner_name_local":"चौधरी धर्मवीर सिंह","co_owners":"","tenure_type":"Government Grant","mutation_status":"REJECTED","active_mutation_id":"MUT-DL-00000083","tax_demand_status":"PAID","annual_tax_inr":"185.5","deed_number":"DEED-DL-2024-432-0083","deed_type":"Sale Deed / Conveyance","sro_office":"Sub-Registrar Office, Najafgarh Tehsil","execution_date":"2024-05-10","registered_owner":"Chaudhary Dharamvir Singh","seller_name":"Previous Landholder","consideration_amount_inr":"3500000.0","stamp_duty_inr":"210000.0","survey_sketch_id":"FMB-DL-32-0083","cadastral_sheet_no":"SHT-DL-32","surveyed_area_sqm":"3478.3","survey_status":"RESURVEY_REQUIRED","urban_authority":"Najafgarh Tehsil Urban Development & Town Planning Authority","zone_name":"Commercial Business District","permitted_land_use":"RESIDENTIAL","building_permission_status":"NOT_APPLICABLE","violations_reported":"False","is_encumbered":"True","encumbrance_certificate_number":"EC-DL-00000083-0083","encumbrance_type":"TRIBAL_NON_ALIENATION","financial_institution":"","mortgage_amount":"0.0","created_at":"2026-01-15T09:00:00Z","updated_at":"2026-09-24T11:30:00Z"}},{"type":"Feature","geometry":{"type":"Polygon","coordinates":[[[77.42088111894897,28.958692494415185],[77.44374164996619,28.960260948810063],[77.44339094916724,28.978848938017777],[77.42088111894897,28.975564394469814],[77.42088111894897,28.958692494415185]]]},"properties":{"ulpin":"07295998464937","parcel_id":"7fd9710e-00ba-4eab-b178-d580af61d077","state":"Delhi (NCT)","state_code":"DL","state_type":"UT","state_lgd_code":"7","district_lgd_code":"95","district_name":"South West Delhi","subdistrict_lgd_code":"780","subdistrict_name":"Najafgarh Tehsil","subdistrict_type":"Tehsil / Taluk","village_lgd_code":"71092","village_name":"Dhansa","khasra_plot_no":"Mustatil 32, Killa 15/D84","recorded_area":"4.16","recorded_area_unit":"Bigha-Biswa","normalized_area_sqm":"3478.3","gis_area_sqm":"3478.3","land_use_category":"COMMERCIAL","land_use_raw":"Bhumidhari (Agricultural)","status":"DISPUTED","data_freshness_status":"STALE","scenario_index":"19576","use_case_description":"Lease charge and institutional tenancy","mutation_workflow_status":"APPROVED","revenue_record_id":"ROR-DL-2025-1032-0084","revenue_record_type":"Khasra Khatauni (Delhi Bhulekh / DLR Act)","khata_khewat_no":"KHT-82","khatauni_no":"KHN-182","owner_name":"Chaudhary Dharamvir Singh","owner_name_local":"चौधरी धर्मवीर सिंह","co_owners":"","tenure_type":"Waqf / Religious Trust","mutation_status":"DISPUTED","active_mutation_id":"MUT-DL-00000084","tax_demand_status":"PAID","annual_tax_inr":"185.5","deed_number":"DEED-DL-2024-432-0084","deed_type":"Sale Deed / Conveyance","sro_office":"Sub-Registrar Office, Najafgarh Tehsil","execution_date":"2024-05-10","registered_owner":"Chaudhary Dharamvir Singh","seller_name":"Previous Landholder","consideration_amount_inr":"3500000.0","stamp_duty_inr":"210000.0","survey_sketch_id":"FMB-DL-32-0084","cadastral_sheet_no":"SHT-DL-32","surveyed_area_sqm":"3478.3","survey_status":"SURVEYED","urban_authority":"Najafgarh Tehsil Urban Development & Town Planning Authority","zone_name":"Commercial Business District","permitted_land_use":"COMMERCIAL","building_permission_status":"SANCTIONED","violations_reported":"False","is_encumbered":"True","encumbrance_certificate_number":"EC-DL-00000084-0084","encumbrance_type":"LEASE_CHARGE","financial_institution":"","mortgage_amount":"0.0","created_at":"2026-01-15T09:00:00Z","updated_at":"2026-09-24T11:30:00Z"}},{"type":"Feature","geometry":{"type":"Polygon","coordinates":[[[77.44099806904369,28.831037000823912],[77.4680082928112,28.831037000823912],[77.46948930149709,28.848787840230315],[77.44166171328877,28.847499314113332],[77.44099806904369,28.831037000823912]]]},"properties":{"ulpin":"07885565760456","parcel_id":"1f11ff85-f219-4f41-98f1-57713f4e0783","state":"Delhi (NCT)","state_code":"DL","state_type":"UT","state_lgd_code":"7","district_lgd_code":"95","district_name":"South West Delhi","subdistrict_lgd_code":"780","subdistrict_name":"Najafgarh Tehsil","subdistrict_type":"Tehsil / Taluk","village_lgd_code":"71092","village_name":"Dhansa","khasra_plot_no":"Mustatil 32, Killa 15/D85","recorded_area":"4.16","recorded_area_unit":"Bigha-Biswa","normalized_area_sqm":"3478.3","gis_area_sqm":"3478.3","land_use_category":"INDUSTRIAL","land_use_raw":"Bhumidhari (Agricultural)","status":"ARCHIVED","data_freshness_status":"UNKNOWN","scenario_index":"19577","use_case_description":"Pending sale mutation within statutory SLA","mutation_workflow_status":"REJECTED","revenue_record_id":"ROR-DL-2025-1032-0085","revenue_record_type":"Khasra Khatauni (Delhi Bhulekh / DLR Act)","khata_khewat_no":"KHT-82","khatauni_no":"KHN-182","owner_name":"Chaudhary Dharamvir Singh","owner_name_local":"चौधरी धर्मवीर सिंह","co_owners":"","tenure_type":"Tribal Community Tenure","mutation_status":"NONE","active_mutation_id":"MUT-DL-00000085","tax_demand_status":"PAID","annual_tax_inr":"185.5","deed_number":"DEED-DL-2024-432-0085","deed_type":"Sale Deed / Conveyance","sro_office":"Sub-Registrar Office, Najafgarh Tehsil","execution_date":"2024-05-10","registered_owner":"Chaudhary Dharamvir Singh","seller_name":"Previous Landholder","consideration_amount_inr":"3500000.0","stamp_duty_inr":"210000.0","survey_sketch_id":"FMB-DL-32-0085","cadastral_sheet_no":"SHT-DL-32","surveyed_area_sqm":"3478.3","survey_status":"PENDING","urban_authority":"Najafgarh Tehsil Urban Development & Town Planning Authority","zone_name":"Commercial Business District","permitted_land_use":"INDUSTRIAL","building_permission_status":"PENDING","violations_reported":"False","is_encumbered":"False","encumbrance_certificate_number":"EC-DL-2024-132-0085","encumbrance_type":"NIL","financial_institution":"","mortgage_amount":"0.0","created_at":"2026-01-15T09:00:00Z","updated_at":"2026-09-24T11:30:00Z"}},{"type":"Feature","geometry":{"type":"Polygon","coordinates":[[[77.24195526635437,28.82190806940053],[77.26088597337294,28.819933997855056],[77.25648655585445,28.838854396375723],[77.23693364170296,28.842938616852706],[77.24195526635437,28.82190806940053]]]},"properties":{"ulpin":"07824606614269","parcel_id":"72d9663f-e93b-44b0-9e89-88714acdb92e","state":"Delhi (NCT)","state_code":"DL","state_type":"UT","state_lgd_code":"7","district_lgd_code":"95","district_name":"South West Delhi","subdistrict_lgd_code":"780","subdistrict_name":"Najafgarh Tehsil","subdistrict_type":"Tehsil / Taluk","village_lgd_code":"71092","village_name":"Dhansa","khasra_plot_no":"Mustatil 32, Killa 15/D86","recorded_area":"4.16","recorded_area_unit":"Bigha-Biswa","normalized_area_sqm":"3478.3","gis_area_sqm":"3478.3","land_use_category":"AGRICULTURAL","land_use_raw":"Bhumidhari (Agricultural)","status":"ACTIVE","data_freshness_status":"CURRENT","scenario_index":"19578","use_case_description":"Archived historical record for audit retrieval","mutation_workflow_status":"SLA_BREACHED","revenue_record_id":"ROR-DL-2025-1032-0086","revenue_record_type":"Khasra Khatauni (Delhi Bhulekh / DLR Act)","khata_khewat_no":"KHT-82","khatauni_no":"KHN-182","owner_name":"Chaudhary Dharamvir Singh","owner_name_local":"चौधरी धर्मवीर सिंह","co_owners":"","tenure_type":"Bhumiswami / Raiyati with Transferable Rights","mutation_status":"MUTATED","active_mutation_id":"","tax_demand_status":"PAID","annual_tax_inr":"185.5","deed_number":"DEED-DL-2024-432-0086","deed_type":"Sale Deed / Conveyance","sro_office":"Sub-Registrar Office, Najafgarh Tehsil","execution_date":"2024-05-10","registered_owner":"Chaudhary Dharamvir Singh","seller_name":"Previous Landholder","consideration_amount_inr":"3500000.0","stamp_duty_inr":"210000.0","survey_sketch_id":"FMB-DL-32-0086","cadastral_sheet_no":"SHT-DL-32","surveyed_area_sqm":"3478.3","survey_status":"DISPUTED","urban_authority":"Najafgarh Tehsil Urban Development & Town Planning Authority","zone_name":"Commercial Business District","permitted_land_use":"AGRICULTURAL","building_permission_status":"REJECTED","violations_reported":"False","is_encumbered":"True","encumbrance_certificate_number":"EC-DL-00000086-0086","encumbrance_type":"BANK_MORTGAGE","financial_institution":"","mortgage_amount":"0.0","created_at":"2026-01-15T09:00:00Z","updated_at":"2026-09-24T11:30:00Z"}},{"type":"Feature","geometry":{"type":"Polygon","coordinates":[[[77.22207592818155,28.981548435728158],[77.23881347048739,28.98287008610127],[77.24173063914228,29.00178680697715],[77.21883860580691,29.00178680697715],[77.22207592818155,28.981548435728158]]]},"properties":{"ulpin":"07644312330681","parcel_id":"3e2fa9bd-1837-477d-95e0-4c8a4542bcf6","state":"Delhi (NCT)","state_code":"DL","state_type":"UT","state_lgd_code":"7","district_lgd_code":"95","district_name":"South West Delhi","subdistrict_lgd_code":"780","subdistrict_name":"Najafgarh Tehsil","subdistrict_type":"Tehsil / Taluk","village_lgd_code":"71092","village_name":"Dhansa","khasra_plot_no":"Mustatil 32, Killa 15/D87","recorded_area":"4.16","recorded_area_unit":"Bigha-Biswa","normalized_area_sqm":"3478.3","gis_area_sqm":"3478.3","land_use_category":"INSTITUTIONAL","land_use_raw":"Bhumidhari (Agricultural)","status":"PENDING_MUTATION","data_freshness_status":"STALE","scenario_index":"19579","use_case_description":"Bank mortgage and active encumbrance","mutation_workflow_status":"SUBMITTED","revenue_record_id":"ROR-DL-2025-1032-0087","revenue_record_type":"Khasra Khatauni (Delhi Bhulekh / DLR Act)","khata_khewat_no":"KHT-82","khatauni_no":"KHN-182","owner_name":"Chaudhary Dharamvir Singh","owner_name_local":"चौधरी धर्मवीर सिंह","co_owners":"","tenure_type":"Bhumiswami / Freehold","mutation_status":"PENDING","active_mutation_id":"MUT-DL-00000087","tax_demand_status":"PAID","annual_tax_inr":"185.5","deed_number":"DEED-DL-2024-432-0087","deed_type":"Sale Deed / Conveyance","sro_office":"Sub-Registrar Office, Najafgarh Tehsil","execution_date":"2024-05-10","registered_owner":"Registry Variance Owner 87","seller_name":"Previous Landholder","consideration_amount_inr":"3500000.0","stamp_duty_inr":"210000.0","survey_sketch_id":"FMB-DL-32-0087","cadastral_sheet_no":"SHT-DL-32","surveyed_area_sqm":"3478.3","survey_status":"RESURVEY_REQUIRED","urban_authority":"Najafgarh Tehsil Urban Development & Town Planning Authority","zone_name":"Commercial Business District","permitted_land_use":"INSTITUTIONAL","building_permission_status":"NOT_APPLICABLE","violations_reported":"True","is_encumbered":"True","encumbrance_certificate_number":"EC-DL-00000087-0087","encumbrance_type":"GOVT_REVENUE_LIEN","financial_institution":"","mortgage_amount":"0.0","created_at":"2026-01-15T09:00:00Z","updated_at":"2026-09-24T11:30:00Z"}},{"type":"Feature","geometry":{"type":"Polygon","coordinates":[[[77.25914485866988,28.94052349816176],[77.2772402005943,28.9409744110718],[77.2772402005943,28.958139692934616],[77.25624923738228,28.95855718684288],[77.25914485866988,28.94052349816176]]]},"properties":{"ulpin":"07859877909564","parcel_id":"e698823f-adaa-4292-b38b-7e9008429f44","state":"Delhi (NCT)","state_code":"DL","state_type":"UT","state_lgd_code":"7","district_lgd_code":"95","district_name":"South West Delhi","subdistrict_lgd_code":"780","subdistrict_name":"Najafgarh Tehsil","subdistrict_type":"Tehsil / Taluk","village_lgd_code":"71092","village_name":"Dhansa","khasra_plot_no":"Mustatil 32, Killa 15/D88","recorded_area":"4.16","recorded_area_unit":"Bigha-Biswa","normalized_area_sqm":"3478.3","gis_area_sqm":"3478.3","land_use_category":"FOREST_GREEN_BELT","land_use_raw":"Bhumidhari (Agricultural)","status":"SUBDIVIDED","data_freshness_status":"UNKNOWN","scenario_index":"19580","use_case_description":"Government revenue lien and tax demand","mutation_workflow_status":"UNDER_VERIFICATION","revenue_record_id":"ROR-DL-2025-1032-0088","revenue_record_type":"Khasra Khatauni (Delhi Bhulekh / DLR Act)","khata_khewat_no":"KHT-82","khatauni_no":"KHN-182","owner_name":"Chaudhary Dharamvir Singh","owner_name_local":"चौधरी धर्मवीर सिंह","co_owners":"","tenure_type":"Leasehold","mutation_status":"UNMUTATED_TRANSACTION","active_mutation_id":"MUT-DL-00000088","tax_demand_status":"PAID","annual_tax_inr":"185.5","deed_number":"DEED-DL-2024-432-0088","deed_type":"Sale Deed / Conveyance","sro_office":"Sub-Registrar Office, Najafgarh Tehsil","execution_date":"2024-05-10","registered_owner":"Chaudhary Dharamvir Singh","seller_name":"Previous Landholder","consideration_amount_inr":"3500000.0","stamp_duty_inr":"210000.0","survey_sketch_id":"FMB-DL-32-0088","cadastral_sheet_no":"SHT-DL-32","surveyed_area_sqm":"3478.3","survey_status":"SURVEYED","urban_authority":"Najafgarh Tehsil Urban Development & Town Planning Authority","zone_name":"Commercial Business District","permitted_land_use":"FOREST_GREEN_BELT","building_permission_status":"SANCTIONED","violations_reported":"False","is_encumbered":"True","encumbrance_certificate_number":"EC-DL-00000088-0088","encumbrance_type":"COURT_ATTACHMENT","financial_institution":"","mortgage_amount":"0.0","created_at":"2026-01-15T09:00:00Z","updated_at":"2026-09-24T11:30:00Z"}},{"type":"Feature","geometry":{"type":"Polygon","coordinates":[[[77.49640903929476,28.57707217612704],[77.516313182726,28.5809621371775],[77.51722617125466,28.6019827015853],[77.4964086163044,28.596435582618543],[77.49640903929476,28.57707217612704]]]},"properties":{"ulpin":"07503980999744","parcel_id":"56ea4c2b-80d7-4b16-8b8b-82fe234bb602","state":"Delhi (NCT)","state_code":"DL","state_type":"UT","state_lgd_code":"7","district_lgd_code":"95","district_name":"South West Delhi","subdistrict_lgd_code":"780","subdistrict_name":"Najafgarh Tehsil","subdistrict_type":"Tehsil / Taluk","village_lgd_code":"71092","village_name":"Dhansa","khasra_plot_no":"Mustatil 32, Killa 15/D89","recorded_area":"4.16","recorded_area_unit":"Bigha-Biswa","normalized_area_sqm":"3478.3","gis_area_sqm":"3478.3","land_use_category":"WATER_BODY","land_use_raw":"Bhumidhari (Agricultural)","status":"AMALGAMATED","data_freshness_status":"CURRENT","scenario_index":"19581","use_case_description":"Court attachment and disputed possession","mutation_workflow_status":"NOTICE_PERIOD","revenue_record_id":"ROR-DL-2025-1032-0089","revenue_record_type":"Khasra Khatauni (Delhi Bhulekh / DLR Act)","khata_khewat_no":"KHT-82","khatauni_no":"KHN-182","owner_name":"Chaudhary Dharamvir Singh","owner_name_local":"चौधरी धर्मवीर सिंह","co_owners":"","tenure_type":"Government Grant","mutation_status":"REJECTED","active_mutation_id":"MUT-DL-00000089","tax_demand_status":"PAID","annual_tax_inr":"185.5","deed_number":"DEED-DL-2024-432-0089","deed_type":"Sale Deed / Conveyance","sro_office":"Sub-Registrar Office, Najafgarh Tehsil","execution_date":"2024-05-10","registered_owner":"Chaudhary Dharamvir Singh","seller_name":"Previous Landholder","consideration_amount_inr":"3500000.0","stamp_duty_inr":"210000.0","survey_sketch_id":"FMB-DL-32-0089","cadastral_sheet_no":"SHT-DL-32","surveyed_area_sqm":"3478.3","survey_status":"PENDING","urban_authority":"Najafgarh Tehsil Urban Development & Town Planning Authority","zone_name":"Commercial Business District","permitted_land_use":"WATER_BODY","building_permission_status":"PENDING","violations_reported":"False","is_encumbered":"True","encumbrance_certificate_number":"EC-DL-00000089-0089","encumbrance_type":"TRIBAL_NON_ALIENATION","financial_institution":"","mortgage_amount":"0.0","created_at":"2026-01-15T09:00:00Z","updated_at":"2026-09-24T11:30:00Z"}},{"type":"Feature","geometry":{"type":"Polygon","coordinates":[[[77.22168127355307,28.963891684027654],[77.23962660089796,28.96043623874794],[77.23881347048739,28.98287008610127],[77.22207592818155,28.981548435728158],[77.22168127355307,28.963891684027654]]]},"properties":{"ulpin":"07799565848380","parcel_id":"1fddbd1e-9806-4922-a2d3-6fa0902e5e18","state":"Delhi (NCT)","state_code":"DL","state_type":"UT","state_lgd_code":"7","district_lgd_code":"95","district_name":"South West Delhi","subdistrict_lgd_code":"780","subdistrict_name":"Najafgarh Tehsil","subdistrict_type":"Tehsil / Taluk","village_lgd_code":"71092","village_name":"Dhansa","khasra_plot_no":"Mustatil 32, Killa 15/D90","recorded_area":"4.16","recorded_area_unit":"Bigha-Biswa","normalized_area_sqm":"3478.3","gis_area_sqm":"3478.3","land_use_category":"MIXED_USE","land_use_raw":"Bhumidhari (Agricultural)","status":"DISPUTED","data_freshness_status":"STALE","scenario_index":"19582","use_case_description":"Tribal non-alienation protection review","mutation_workflow_status":"HEARING_SCHEDULED","revenue_record_id":"ROR-DL-2025-1032-0090","revenue_record_type":"Khasra Khatauni (Delhi Bhulekh / DLR Act)","khata_khewat_no":"KHT-82","khatauni_no":"KHN-182","owner_name":"Chaudhary Dharamvir Singh","owner_name_local":"चौधरी धर्मवीर सिंह","co_owners":"","tenure_type":"Waqf / Religious Trust","mutation_status":"DISPUTED","active_mutation_id":"MUT-DL-00000090","tax_demand_status":"PAID","annual_tax_inr":"185.5","deed_number":"DEED-DL-2024-432-0090","deed_type":"Sale Deed / Conveyance","sro_office":"Sub-Registrar Office, Najafgarh Tehsil","execution_date":"2024-05-10","registered_owner":"Chaudhary Dharamvir Singh","seller_name":"Previous Landholder","consideration_amount_inr":"3500000.0","stamp_duty_inr":"210000.0","survey_sketch_id":"FMB-DL-32-0090","cadastral_sheet_no":"SHT-DL-32","surveyed_area_sqm":"3478.3","survey_status":"DISPUTED","urban_authority":"Najafgarh Tehsil Urban Development & Town Planning Authority","zone_name":"Commercial Business District","permitted_land_use":"MIXED_USE","building_permission_status":"REJECTED","violations_reported":"False","is_encumbered":"True","encumbrance_certificate_number":"EC-DL-00000090-0090","encumbrance_type":"LEASE_CHARGE","financial_institution":"","mortgage_amount":"0.0","created_at":"2026-01-15T09:00:00Z","updated_at":"2026-09-24T11:30:00Z"}},{"type":"Feature","geometry":{"type":"Polygon","coordinates":[[[77.24346275245048,28.533748524661647],[77.25825783247122,28.5309282702604],[77.26060629573625,28.5500801316222],[77.24259281129899,28.550365433516117],[77.24346275245048,28.533748524661647]]]},"properties":{"ulpin":"07311865264364","parcel_id":"6a819317-c83b-44cc-b14f-2d2177eb6f46","state":"Delhi (NCT)","state_code":"DL","state_type":"UT","state_lgd_code":"7","district_lgd_code":"95","district_name":"South West Delhi","subdistrict_lgd_code":"780","subdistrict_name":"Najafgarh Tehsil","subdistrict_type":"Tehsil / Taluk","village_lgd_code":"71092","village_name":"Dhansa","khasra_plot_no":"Mustatil 32, Killa 15/D91","recorded_area":"4.16","recorded_area_unit":"Bigha-Biswa","normalized_area_sqm":"3478.3","gis_area_sqm":"3478.3","land_use_category":"OTHER","land_use_raw":"Bhumidhari (Agricultural)","status":"ARCHIVED","data_freshness_status":"UNKNOWN","scenario_index":"19583","use_case_description":"Bank mortgage and active encumbrance","mutation_workflow_status":"APPROVED","revenue_record_id":"ROR-DL-2025-1032-0091","revenue_record_type":"Khasra Khatauni (Delhi Bhulekh / DLR Act)","khata_khewat_no":"KHT-82","khatauni_no":"KHN-182","owner_name":"Chaudhary Dharamvir Singh","owner_name_local":"चौधरी धर्मवीर सिंह","co_owners":"","tenure_type":"Tribal Community Tenure","mutation_status":"NONE","active_mutation_id":"MUT-DL-00000091","tax_demand_status":"PAID","annual_tax_inr":"185.5","deed_number":"DEED-DL-2024-432-0091","deed_type":"Sale Deed / Conveyance","sro_office":"Sub-Registrar Office, Najafgarh Tehsil","execution_date":"2024-05-10","registered_owner":"Chaudhary Dharamvir Singh","seller_name":"Previous Landholder","consideration_amount_inr":"3500000.0","stamp_duty_inr":"210000.0","survey_sketch_id":"FMB-DL-32-0091","cadastral_sheet_no":"SHT-DL-32","surveyed_area_sqm":"3478.3","survey_status":"RESURVEY_REQUIRED","urban_authority":"Najafgarh Tehsil Urban Development & Town Planning Authority","zone_name":"Commercial Business District","permitted_land_use":"OTHER","building_permission_status":"NOT_APPLICABLE","violations_reported":"False","is_encumbered":"False","encumbrance_certificate_number":"EC-DL-2024-132-0091","encumbrance_type":"NIL","financial_institution":"","mortgage_amount":"0.0","created_at":"2026-01-15T09:00:00Z","updated_at":"2026-09-24T11:30:00Z"}},{"type":"Feature","geometry":{"type":"Polygon","coordinates":[[[77.21196584771323,28.516733741567386],[77.22393760958187,28.516733741567386],[77.2259613177466,28.532813892559197],[77.20860277919948,28.533046109589783],[77.21196584771323,28.516733741567386]]]},"properties":{"ulpin":"07796561664657","parcel_id":"3e1c86c1-3407-45fb-b84f-f8a86c97b750","state":"Delhi (NCT)","state_code":"DL","state_type":"UT","state_lgd_code":"7","district_lgd_code":"95","district_name":"South West Delhi","subdistrict_lgd_code":"780","subdistrict_name":"Najafgarh Tehsil","subdistrict_type":"Tehsil / Taluk","village_lgd_code":"71092","village_name":"Dhansa","khasra_plot_no":"Mustatil 32, Killa 15/D92","recorded_area":"4.16","recorded_area_unit":"Bigha-Biswa","normalized_area_sqm":"3478.3","gis_area_sqm":"3478.3","land_use_category":"RESIDENTIAL","land_use_raw":"Bhumidhari (Agricultural)","status":"ACTIVE","data_freshness_status":"CURRENT","scenario_index":"19584","use_case_description":"Subdivision or amalgamation history review","mutation_workflow_status":"REJECTED","revenue_record_id":"ROR-DL-2025-1032-0092","revenue_record_type":"Khasra Khatauni (Delhi Bhulekh / DLR Act)","khata_khewat_no":"KHT-82","khatauni_no":"KHN-182","owner_name":"Chaudhary Dharamvir Singh","owner_name_local":"चौधरी धर्मवीर सिंह","co_owners":"","tenure_type":"Bhumiswami / Raiyati with Transferable Rights","mutation_status":"MUTATED","active_mutation_id":"","tax_demand_status":"PAID","annual_tax_inr":"185.5","deed_number":"DEED-DL-2024-432-0092","deed_type":"Sale Deed / Conveyance","sro_office":"Sub-Registrar Office, Najafgarh Tehsil","execution_date":"2024-05-10","registered_owner":"Registry Variance Owner 92","seller_name":"Previous Landholder","consideration_amount_inr":"3500000.0","stamp_duty_inr":"210000.0","survey_sketch_id":"FMB-DL-32-0092","cadastral_sheet_no":"SHT-DL-32","surveyed_area_sqm":"3478.3","survey_status":"SURVEYED","urban_authority":"Najafgarh Tehsil Urban Development & Town Planning Authority","zone_name":"Commercial Business District","permitted_land_use":"RESIDENTIAL","building_permission_status":"SANCTIONED","violations_reported":"False","is_encumbered":"True","encumbrance_certificate_number":"EC-DL-00000092-0092","encumbrance_type":"BANK_MORTGAGE","financial_institution":"","mortgage_amount":"0.0","created_at":"2026-01-15T09:00:00Z","updated_at":"2026-09-24T11:30:00Z"}},{"type":"Feature","geometry":{"type":"Polygon","coordinates":[[[77.23731959690672,28.759222665759857],[77.25987563182343,28.759222665759857],[77.25978272755779,28.77704006991823],[77.2383436873175,28.77651518532278],[77.23731959690672,28.759222665759857]]]},"properties":{"ulpin":"07426901579646","parcel_id":"31464b6b-0c1e-469a-8d85-086956faa21c","state":"Delhi (NCT)","state_code":"DL","state_type":"UT","state_lgd_code":"7","district_lgd_code":"95","district_name":"South West Delhi","subdistrict_lgd_code":"780","subdistrict_name":"Najafgarh Tehsil","subdistrict_type":"Tehsil / Taluk","village_lgd_code":"71092","village_name":"Dhansa","khasra_plot_no":"Mustatil 32, Killa 15/D93","recorded_area":"4.16","recorded_area_unit":"Bigha-Biswa","normalized_area_sqm":"3478.3","gis_area_sqm":"3478.3","land_use_category":"COMMERCIAL","land_use_raw":"Bhumidhari (Agricultural)","status":"PENDING_MUTATION","data_freshness_status":"STALE","scenario_index":"19585","use_case_description":"Archived historical record for audit retrieval","mutation_workflow_status":"SLA_BREACHED","revenue_record_id":"ROR-DL-2025-1032-0093","revenue_record_type":"Khasra Khatauni (Delhi Bhulekh / DLR Act)","khata_khewat_no":"KHT-82","khatauni_no":"KHN-182","owner_name":"Chaudhary Dharamvir Singh","owner_name_local":"चौधरी धर्मवीर सिंह","co_owners":"","tenure_type":"Bhumiswami / Freehold","mutation_status":"PENDING","active_mutation_id":"MUT-DL-00000093","tax_demand_status":"PAID","annual_tax_inr":"185.5","deed_number":"DEED-DL-2024-432-0093","deed_type":"Sale Deed / Conveyance","sro_office":"Sub-Registrar Office, Najafgarh Tehsil","execution_date":"2024-05-10","registered_owner":"Chaudhary Dharamvir Singh","seller_name":"Previous Landholder","consideration_amount_inr":"3500000.0","stamp_duty_inr":"210000.0","survey_sketch_id":"FMB-DL-32-0093","cadastral_sheet_no":"SHT-DL-32","surveyed_area_sqm":"3478.3","survey_status":"PENDING","urban_authority":"Najafgarh Tehsil Urban Development & Town Planning Authority","zone_name":"Commercial Business District","permitted_land_use":"COMMERCIAL","building_permission_status":"PENDING","violations_reported":"False","is_encumbered":"True","encumbrance_certificate_number":"EC-DL-00000093-0093","encumbrance_type":"GOVT_REVENUE_LIEN","financial_institution":"","mortgage_amount":"0.0","created_at":"2026-01-15T09:00:00Z","updated_at":"2026-09-24T11:30:00Z"}},{"type":"Feature","geometry":{"type":"Polygon","coordinates":[[[77.29112045298031,28.58623415799635],[77.30955972759213,28.583655034056633],[77.31474889813987,28.60420277448189],[77.29112045298031,28.608421590842227],[77.29112045298031,28.58623415799635]]]},"properties":{"ulpin":"07717935717105","parcel_id":"77d190df-03f7-4e16-b315-4dbc18094264","state":"Delhi (NCT)","state_code":"DL","state_type":"UT","state_lgd_code":"7","district_lgd_code":"95","district_name":"South West Delhi","subdistrict_lgd_code":"780","subdistrict_name":"Najafgarh Tehsil","subdistrict_type":"Tehsil / Taluk","village_lgd_code":"71092","village_name":"Dhansa","khasra_plot_no":"Mustatil 32, Killa 15/D94","recorded_area":"4.16","recorded_area_unit":"Bigha-Biswa","normalized_area_sqm":"3478.3","gis_area_sqm":"3478.3","land_use_category":"INDUSTRIAL","land_use_raw":"Bhumidhari (Agricultural)","status":"SUBDIVIDED","data_freshness_status":"UNKNOWN","scenario_index":"19586","use_case_description":"Bank mortgage and active encumbrance","mutation_workflow_status":"SUBMITTED","revenue_record_id":"ROR-DL-2025-1032-0094","revenue_record_type":"Khasra Khatauni (Delhi Bhulekh / DLR Act)","khata_khewat_no":"KHT-82","khatauni_no":"KHN-182","owner_name":"Chaudhary Dharamvir Singh","owner_name_local":"चौधरी धर्मवीर सिंह","co_owners":"","tenure_type":"Leasehold","mutation_status":"UNMUTATED_TRANSACTION","active_mutation_id":"MUT-DL-00000094","tax_demand_status":"PAID","annual_tax_inr":"185.5","deed_number":"DEED-DL-2024-432-0094","deed_type":"Sale Deed / Conveyance","sro_office":"Sub-Registrar Office, Najafgarh Tehsil","execution_date":"2024-05-10","registered_owner":"Chaudhary Dharamvir Singh","seller_name":"Previous Landholder","consideration_amount_inr":"3500000.0","stamp_duty_inr":"210000.0","survey_sketch_id":"FMB-DL-32-0094","cadastral_sheet_no":"SHT-DL-32","surveyed_area_sqm":"3478.3","survey_status":"DISPUTED","urban_authority":"Najafgarh Tehsil Urban Development & Town Planning Authority","zone_name":"Commercial Business District","permitted_land_use":"INDUSTRIAL","building_permission_status":"REJECTED","violations_reported":"True","is_encumbered":"True","encumbrance_certificate_number":"EC-DL-00000094-0094","encumbrance_type":"COURT_ATTACHMENT","financial_institution":"","mortgage_amount":"0.0","created_at":"2026-01-15T09:00:00Z","updated_at":"2026-09-24T11:30:00Z"}},{"type":"Feature","geometry":{"type":"Polygon","coordinates":[[[77.19344769878386,28.59820785160207],[77.20889432385614,28.600311696519924],[77.20954701923468,28.616439301635847],[77.19344769878386,28.61342650141589],[77.19344769878386,28.59820785160207]]]},"properties":{"ulpin":"07319163656192","parcel_id":"709a3c3f-dd6c-4ab5-88ab-97e702242414","state":"Delhi (NCT)","state_code":"DL","state_type":"UT","state_lgd_code":"7","district_lgd_code":"95","district_name":"South West Delhi","subdistrict_lgd_code":"780","subdistrict_name":"Najafgarh Tehsil","subdistrict_type":"Tehsil / Taluk","village_lgd_code":"71092","village_name":"Dhansa","khasra_plot_no":"Mustatil 32, Killa 15/D95","recorded_area":"4.16","recorded_area_unit":"Bigha-Biswa","normalized_area_sqm":"3478.3","gis_area_sqm":"3478.3","land_use_category":"AGRICULTURAL","land_use_raw":"Bhumidhari (Agricultural)","status":"AMALGAMATED","data_freshness_status":"CURRENT","scenario_index":"19587","use_case_description":"Government revenue lien and tax demand","mutation_workflow_status":"UNDER_VERIFICATION","revenue_record_id":"ROR-DL-2025-1032-0095","revenue_record_type":"Khasra Khatauni (Delhi Bhulekh / DLR Act)","khata_khewat_no":"KHT-82","khatauni_no":"KHN-182","owner_name":"Chaudhary Dharamvir Singh","owner_name_local":"चौधरी धर्मवीर सिंह","co_owners":"","tenure_type":"Government Grant","mutation_status":"REJECTED","active_mutation_id":"MUT-DL-00000095","tax_demand_status":"PAID","annual_tax_inr":"185.5","deed_number":"DEED-DL-2024-432-0095","deed_type":"Sale Deed / Conveyance","sro_office":"Sub-Registrar Office, Najafgarh Tehsil","execution_date":"2024-05-10","registered_owner":"Chaudhary Dharamvir Singh","seller_name":"Previous Landholder","consideration_amount_inr":"3500000.0","stamp_duty_inr":"210000.0","survey_sketch_id":"FMB-DL-32-0095","cadastral_sheet_no":"SHT-DL-32","surveyed_area_sqm":"3478.3","survey_status":"RESURVEY_REQUIRED","urban_authority":"Najafgarh Tehsil Urban Development & Town Planning Authority","zone_name":"Commercial Business District","permitted_land_use":"AGRICULTURAL","building_permission_status":"NOT_APPLICABLE","violations_reported":"False","is_encumbered":"True","encumbrance_certificate_number":"EC-DL-00000095-0095","encumbrance_type":"TRIBAL_NON_ALIENATION","financial_institution":"","mortgage_amount":"0.0","created_at":"2026-01-15T09:00:00Z","updated_at":"2026-09-24T11:30:00Z"}},{"type":"Feature","geometry":{"type":"Polygon","coordinates":[[[77.22004553594225,28.898016193281848],[77.23917780569063,28.901216639795347],[77.23782470616096,28.91793877277045],[77.22097779650552,28.918364940843972],[77.22004553594225,28.898016193281848]]]},"properties":{"ulpin":"07736502926943","parcel_id":"23dcde2f-cbab-42d8-ae02-1e06548db512","state":"Delhi (NCT)","state_code":"DL","state_type":"UT","state_lgd_code":"7","district_lgd_code":"95","district_name":"South West Delhi","subdistrict_lgd_code":"780","subdistrict_name":"Najafgarh Tehsil","subdistrict_type":"Tehsil / Taluk","village_lgd_code":"71092","village_name":"Dhansa","khasra_plot_no":"Mustatil 32, Killa 15/D96","recorded_area":"4.16","recorded_area_unit":"Bigha-Biswa","normalized_area_sqm":"3478.3","gis_area_sqm":"3478.3","land_use_category":"INSTITUTIONAL","land_use_raw":"Bhumidhari (Agricultural)","status":"DISPUTED","data_freshness_status":"STALE","scenario_index":"19588","use_case_description":"Court attachment and disputed possession","mutation_workflow_status":"NOTICE_PERIOD","revenue_record_id":"ROR-DL-2025-1032-0096","revenue_record_type":"Khasra Khatauni (Delhi Bhulekh / DLR Act)","khata_khewat_no":"KHT-82","khatauni_no":"KHN-182","owner_name":"Chaudhary Dharamvir Singh","owner_name_local":"चौधरी धर्मवीर सिंह","co_owners":"","tenure_type":"Waqf / Religious Trust","mutation_status":"DISPUTED","active_mutation_id":"MUT-DL-00000096","tax_demand_status":"PAID","annual_tax_inr":"185.5","deed_number":"DEED-DL-2024-432-0096","deed_type":"Sale Deed / Conveyance","sro_office":"Sub-Registrar Office, Najafgarh Tehsil","execution_date":"2024-05-10","registered_owner":"Chaudhary Dharamvir Singh","seller_name":"Previous Landholder","consideration_amount_inr":"3500000.0","stamp_duty_inr":"210000.0","survey_sketch_id":"FMB-DL-32-0096","cadastral_sheet_no":"SHT-DL-32","surveyed_area_sqm":"3478.3","survey_status":"SURVEYED","urban_authority":"Najafgarh Tehsil Urban Development & Town Planning Authority","zone_name":"Commercial Business District","permitted_land_use":"INSTITUTIONAL","building_permission_status":"SANCTIONED","violations_reported":"False","is_encumbered":"True","encumbrance_certificate_number":"EC-DL-00000096-0096","encumbrance_type":"LEASE_CHARGE","financial_institution":"","mortgage_amount":"0.0","created_at":"2026-01-15T09:00:00Z","updated_at":"2026-09-24T11:30:00Z"}},{"type":"Feature","geometry":{"type":"Polygon","coordinates":[[[77.20889432385614,28.600311696519924],[77.2239479422113,28.599622473922622],[77.22353929889701,28.614029554288983],[77.20954701923468,28.616439301635847],[77.20889432385614,28.600311696519924]]]},"properties":{"ulpin":"07171387368597","parcel_id":"78e66139-58a4-4cbb-b978-4d092621229f","state":"Delhi (NCT)","state_code":"DL","state_type":"UT","state_lgd_code":"7","district_lgd_code":"95","district_name":"South West Delhi","subdistrict_lgd_code":"780","subdistrict_name":"Najafgarh Tehsil","subdistrict_type":"Tehsil / Taluk","village_lgd_code":"71092","village_name":"Dhansa","khasra_plot_no":"Mustatil 32, Killa 15/D97","recorded_area":"4.16","recorded_area_unit":"Bigha-Biswa","normalized_area_sqm":"3478.3","gis_area_sqm":"3478.3","land_use_category":"FOREST_GREEN_BELT","land_use_raw":"Bhumidhari (Agricultural)","status":"ARCHIVED","data_freshness_status":"UNKNOWN","scenario_index":"19589","use_case_description":"Archived historical record for audit retrieval","mutation_workflow_status":"HEARING_SCHEDULED","revenue_record_id":"ROR-DL-2025-1032-0097","revenue_record_type":"Khasra Khatauni (Delhi Bhulekh / DLR Act)","khata_khewat_no":"KHT-82","khatauni_no":"KHN-182","owner_name":"Chaudhary Dharamvir Singh","owner_name_local":"चौधरी धर्मवीर सिंह","co_owners":"","tenure_type":"Tribal Community Tenure","mutation_status":"NONE","active_mutation_id":"MUT-DL-00000097","tax_demand_status":"PAID","annual_tax_inr":"185.5","deed_number":"DEED-DL-2024-432-0097","deed_type":"Sale Deed / Conveyance","sro_office":"Sub-Registrar Office, Najafgarh Tehsil","execution_date":"2024-05-10","registered_owner":"Registry Variance Owner 97","seller_name":"Previous Landholder","consideration_amount_inr":"3500000.0","stamp_duty_inr":"210000.0","survey_sketch_id":"FMB-DL-32-0097","cadastral_sheet_no":"SHT-DL-32","surveyed_area_sqm":"3478.3","survey_status":"PENDING","urban_authority":"Najafgarh Tehsil Urban Development & Town Planning Authority","zone_name":"Commercial Business District","permitted_land_use":"FOREST_GREEN_BELT","building_permission_status":"PENDING","violations_reported":"False","is_encumbered":"False","encumbrance_certificate_number":"EC-DL-2024-132-0097","encumbrance_type":"NIL","financial_institution":"","mortgage_amount":"0.0","created_at":"2026-01-15T09:00:00Z","updated_at":"2026-09-24T11:30:00Z"}},{"type":"Feature","geometry":{"type":"Polygon","coordinates":[[[77.42088111894897,29.049619736190092],[77.44344736979012,29.05149412401897],[77.44409360407582,29.07067147473508],[77.42088111894897,29.07067147473508],[77.42088111894897,29.049619736190092]]]},"properties":{"ulpin":"07154468913469","parcel_id":"deff0137-eccd-4463-91f6-20b75aee502a","state":"Delhi (NCT)","state_code":"DL","state_type":"UT","state_lgd_code":"7","district_lgd_code":"95","district_name":"South West Delhi","subdistrict_lgd_code":"780","subdistrict_name":"Najafgarh Tehsil","subdistrict_type":"Tehsil / Taluk","village_lgd_code":"71092","village_name":"Dhansa","khasra_plot_no":"Mustatil 32, Killa 15/D98","recorded_area":"4.16","recorded_area_unit":"Bigha-Biswa","normalized_area_sqm":"3478.3","gis_area_sqm":"3478.3","land_use_category":"WATER_BODY","land_use_raw":"Bhumidhari (Agricultural)","status":"ACTIVE","data_freshness_status":"CURRENT","scenario_index":"19590","use_case_description":"Lease charge and institutional tenancy","mutation_workflow_status":"APPROVED","revenue_record_id":"ROR-DL-2025-1032-0098","revenue_record_type":"Khasra Khatauni (Delhi Bhulekh / DLR Act)","khata_khewat_no":"KHT-82","khatauni_no":"KHN-182","owner_name":"Chaudhary Dharamvir Singh","owner_name_local":"चौधरी धर्मवीर सिंह","co_owners":"","tenure_type":"Bhumiswami / Raiyati with Transferable Rights","mutation_status":"MUTATED","active_mutation_id":"","tax_demand_status":"PAID","annual_tax_inr":"185.5","deed_number":"DEED-DL-2024-432-0098","deed_type":"Sale Deed / Conveyance","sro_office":"Sub-Registrar Office, Najafgarh Tehsil","execution_date":"2024-05-10","registered_owner":"Chaudhary Dharamvir Singh","seller_name":"Previous Landholder","consideration_amount_inr":"3500000.0","stamp_duty_inr":"210000.0","survey_sketch_id":"FMB-DL-32-0098","cadastral_sheet_no":"SHT-DL-32","surveyed_area_sqm":"3478.3","survey_status":"DISPUTED","urban_authority":"Najafgarh Tehsil Urban Development & Town Planning Authority","zone_name":"Commercial Business District","permitted_land_use":"WATER_BODY","building_permission_status":"REJECTED","violations_reported":"False","is_encumbered":"True","encumbrance_certificate_number":"EC-DL-00000098-0098","encumbrance_type":"BANK_MORTGAGE","financial_institution":"","mortgage_amount":"0.0","created_at":"2026-01-15T09:00:00Z","updated_at":"2026-09-24T11:30:00Z"}},{"type":"Feature","geometry":{"type":"Polygon","coordinates":[[[77.44094959152355,28.86825382416912],[77.4644697177014,28.868905075967152],[77.46423976622265,28.88892282757404],[77.44344592737147,28.88870858335187],[77.44094959152355,28.86825382416912]]]},"properties":{"ulpin":"07178207562992","parcel_id":"15fd18af-7978-44fb-ab7b-77c62e0efbc1","state":"Delhi (NCT)","state_code":"DL","state_type":"UT","state_lgd_code":"7","district_lgd_code":"95","district_name":"South West Delhi","subdistrict_lgd_code":"780","subdistrict_name":"Najafgarh Tehsil","subdistrict_type":"Tehsil / Taluk","village_lgd_code":"71092","village_name":"Dhansa","khasra_plot_no":"Mustatil 32, Killa 15/D99","recorded_area":"4.16","recorded_area_unit":"Bigha-Biswa","normalized_area_sqm":"3478.3","gis_area_sqm":"3478.3","land_use_category":"MIXED_USE","land_use_raw":"Bhumidhari (Agricultural)","status":"PENDING_MUTATION","data_freshness_status":"STALE","scenario_index":"19591","use_case_description":"Subdivision or amalgamation history review","mutation_workflow_status":"REJECTED","revenue_record_id":"ROR-DL-2025-1032-0099","revenue_record_type":"Khasra Khatauni (Delhi Bhulekh / DLR Act)","khata_khewat_no":"KHT-82","khatauni_no":"KHN-182","owner_name":"Chaudhary Dharamvir Singh","owner_name_local":"चौधरी धर्मवीर सिंह","co_owners":"","tenure_type":"Bhumiswami / Freehold","mutation_status":"PENDING","active_mutation_id":"MUT-DL-00000099","tax_demand_status":"PAID","annual_tax_inr":"185.5","deed_number":"DEED-DL-2024-432-0099","deed_type":"Sale Deed / Conveyance","sro_office":"Sub-Registrar Office, Najafgarh Tehsil","execution_date":"2024-05-10","registered_owner":"Chaudhary Dharamvir Singh","seller_name":"Previous Landholder","consideration_amount_inr":"3500000.0","stamp_duty_inr":"210000.0","survey_sketch_id":"FMB-DL-32-0099","cadastral_sheet_no":"SHT-DL-32","surveyed_area_sqm":"3478.3","survey_status":"RESURVEY_REQUIRED","urban_authority":"Najafgarh Tehsil Urban Development & Town Planning Authority","zone_name":"Commercial Business District","permitted_land_use":"MIXED_USE","building_permission_status":"NOT_APPLICABLE","violations_reported":"False","is_encumbered":"True","encumbrance_certificate_number":"EC-DL-00000099-0099","encumbrance_type":"GOVT_REVENUE_LIEN","financial_institution":"","mortgage_amount":"0.0","created_at":"2026-01-15T09:00:00Z","updated_at":"2026-09-24T11:30:00Z"}},{"type":"Feature","geometry":{"type":"Polygon","coordinates":[[[77.21174517206103,28.665206689776813],[77.2238333645176,28.664389313670902],[77.22515770866475,28.682353759839973],[77.20906368766103,28.679487914085332],[77.21174517206103,28.665206689776813]]]},"properties":{"ulpin":"07907407371171","parcel_id":"78d8804f-e5e1-40d6-b17e-6598c9d27386","state":"Delhi (NCT)","state_code":"DL","state_type":"UT","state_lgd_code":"7","district_lgd_code":"95","district_name":"South West Delhi","subdistrict_lgd_code":"780","subdistrict_name":"Najafgarh Tehsil","subdistrict_type":"Tehsil / Taluk","village_lgd_code":"71092","village_name":"Dhansa","khasra_plot_no":"Mustatil 32, Killa 15/D100","recorded_area":"4.16","recorded_area_unit":"Bigha-Biswa","normalized_area_sqm":"3478.3","gis_area_sqm":"3478.3","land_use_category":"OTHER","land_use_raw":"Bhumidhari (Agricultural)","status":"SUBDIVIDED","data_freshness_status":"UNKNOWN","scenario_index":"19592","use_case_description":"Archived historical record for audit retrieval","mutation_workflow_status":"SLA_BREACHED","revenue_record_id":"ROR-DL-2025-1032-0100","revenue_record_type":"Khasra Khatauni (Delhi Bhulekh / DLR Act)","khata_khewat_no":"KHT-82","khatauni_no":"KHN-182","owner_name":"Chaudhary Dharamvir Singh","owner_name_local":"चौधरी धर्मवीर सिंह","co_owners":"","tenure_type":"Leasehold","mutation_status":"UNMUTATED_TRANSACTION","active_mutation_id":"MUT-DL-00000100","tax_demand_status":"PAID","annual_tax_inr":"185.5","deed_number":"DEED-DL-2024-432-0100","deed_type":"Sale Deed / Conveyance","sro_office":"Sub-Registrar Office, Najafgarh Tehsil","execution_date":"2024-05-10","registered_owner":"Chaudhary Dharamvir Singh","seller_name":"Previous Landholder","consideration_amount_inr":"3500000.0","stamp_duty_inr":"210000.0","survey_sketch_id":"FMB-DL-32-0100","cadastral_sheet_no":"SHT-DL-32","surveyed_area_sqm":"3478.3","survey_status":"SURVEYED","urban_authority":"Najafgarh Tehsil Urban Development & Town Planning Authority","zone_name":"Commercial Business District","permitted_land_use":"OTHER","building_permission_status":"SANCTIONED","violations_reported":"False","is_encumbered":"True","encumbrance_certificate_number":"EC-DL-00000100-0100","encumbrance_type":"COURT_ATTACHMENT","financial_institution":"","mortgage_amount":"0.0","created_at":"2026-01-15T09:00:00Z","updated_at":"2026-09-24T11:30:00Z"}},{"type":"Feature","geometry":{"type":"Polygon","coordinates":[[[77.42088111894897,28.884498334601073],[77.44344592737147,28.88870858335187],[77.44358708742848,28.903579464384666],[77.42088111894897,28.901859838059313],[77.42088111894897,28.884498334601073]]]},"properties":{"ulpin":"07772162637206","parcel_id":"300ed176-3ec8-4d23-bdb9-ada6468ddc5d","state":"Delhi (NCT)","state_code":"DL","state_type":"UT","state_lgd_code":"7","district_lgd_code":"95","district_name":"South West Delhi","subdistrict_lgd_code":"780","subdistrict_name":"Najafgarh Tehsil","subdistrict_type":"Tehsil / Taluk","village_lgd_code":"71092","village_name":"Dhansa","khasra_plot_no":"Mustatil 32, Killa 15/D101","recorded_area":"4.16","recorded_area_unit":"Bigha-Biswa","normalized_area_sqm":"3478.3","gis_area_sqm":"3478.3","land_use_category":"RESIDENTIAL","land_use_raw":"Bhumidhari (Agricultural)","status":"AMALGAMATED","data_freshness_status":"CURRENT","scenario_index":"19593","use_case_description":"Bank mortgage and active encumbrance","mutation_workflow_status":"SUBMITTED","revenue_record_id":"ROR-DL-2025-1032-0101","revenue_record_type":"Khasra Khatauni (Delhi Bhulekh / DLR Act)","khata_khewat_no":"KHT-82","khatauni_no":"KHN-182","owner_name":"Chaudhary Dharamvir Singh","owner_name_local":"चौधरी धर्मवीर सिंह","co_owners":"","tenure_type":"Government Grant","mutation_status":"REJECTED","active_mutation_id":"MUT-DL-00000101","tax_demand_status":"PAID","annual_tax_inr":"185.5","deed_number":"DEED-DL-2024-432-0101","deed_type":"Sale Deed / Conveyance","sro_office":"Sub-Registrar Office, Najafgarh Tehsil","execution_date":"2024-05-10","registered_owner":"Chaudhary Dharamvir Singh","seller_name":"Previous Landholder","consideration_amount_inr":"3500000.0","stamp_duty_inr":"210000.0","survey_sketch_id":"FMB-DL-32-0101","cadastral_sheet_no":"SHT-DL-32","surveyed_area_sqm":"3478.3","survey_status":"PENDING","urban_authority":"Najafgarh Tehsil Urban Development & Town Planning Authority","zone_name":"Commercial Business District","permitted_land_use":"RESIDENTIAL","building_permission_status":"PENDING","violations_reported":"True","is_encumbered":"True","encumbrance_certificate_number":"EC-DL-00000101-0101","encumbrance_type":"TRIBAL_NON_ALIENATION","financial_institution":"","mortgage_amount":"0.0","created_at":"2026-01-15T09:00:00Z","updated_at":"2026-09-24T11:30:00Z"}},{"type":"Feature","geometry":{"type":"Polygon","coordinates":[[[77.37091621251837,29.030163347544494],[77.39488404598974,29.0301517097427],[77.39488404598974,29.053565959490474],[77.37225762812297,29.0495371033698],[77.37091621251837,29.030163347544494]]]},"properties":{"ulpin":"07035842356703","parcel_id":"c03f7ac0-dcbb-48dc-90b8-8c7ae4aea7fe","state":"Delhi (NCT)","state_code":"DL","state_type":"UT","state_lgd_code":"7","district_lgd_code":"95","district_name":"South West Delhi","subdistrict_lgd_code":"780","subdistrict_name":"Najafgarh Tehsil","subdistrict_type":"Tehsil / Taluk","village_lgd_code":"71092","village_name":"Dhansa","khasra_plot_no":"Mustatil 32, Killa 15/D102","recorded_area":"4.16","recorded_area_unit":"Bigha-Biswa","normalized_area_sqm":"3478.3","gis_area_sqm":"3478.3","land_use_category":"COMMERCIAL","land_use_raw":"Bhumidhari (Agricultural)","status":"DISPUTED","data_freshness_status":"STALE","scenario_index":"19594","use_case_description":"Government revenue lien and tax demand","mutation_workflow_status":"UNDER_VERIFICATION","revenue_record_id":"ROR-DL-2025-1032-0102","revenue_record_type":"Khasra Khatauni (Delhi Bhulekh / DLR Act)","khata_khewat_no":"KHT-82","khatauni_no":"KHN-182","owner_name":"Chaudhary Dharamvir Singh","owner_name_local":"चौधरी धर्मवीर सिंह","co_owners":"","tenure_type":"Waqf / Religious Trust","mutation_status":"DISPUTED","active_mutation_id":"MUT-DL-00000102","tax_demand_status":"PAID","annual_tax_inr":"185.5","deed_number":"DEED-DL-2024-432-0102","deed_type":"Sale Deed / Conveyance","sro_office":"Sub-Registrar Office, Najafgarh Tehsil","execution_date":"2024-05-10","registered_owner":"Registry Variance Owner 102","seller_name":"Previous Landholder","consideration_amount_inr":"3500000.0","stamp_duty_inr":"210000.0","survey_sketch_id":"FMB-DL-32-0102","cadastral_sheet_no":"SHT-DL-32","surveyed_area_sqm":"3478.3","survey_status":"DISPUTED","urban_authority":"Najafgarh Tehsil Urban Development & Town Planning Authority","zone_name":"Commercial Business District","permitted_land_use":"COMMERCIAL","building_permission_status":"REJECTED","violations_reported":"False","is_encumbered":"True","encumbrance_certificate_number":"EC-DL-00000102-0102","encumbrance_type":"LEASE_CHARGE","financial_institution":"","mortgage_amount":"0.0","created_at":"2026-01-15T09:00:00Z","updated_at":"2026-09-24T11:30:00Z"}},{"type":"Feature","geometry":{"type":"Polygon","coordinates":[[[77.34815945170038,28.894957037184124],[77.37352730341432,28.894781523374466],[77.37437084291014,28.91388255652008],[77.34328163395985,28.91526031930706],[77.34815945170038,28.894957037184124]]]},"properties":{"ulpin":"07955771653422","parcel_id":"d4293a7b-29e6-4d14-98d6-0bbbd1f0c34c","state":"Delhi (NCT)","state_code":"DL","state_type":"UT","state_lgd_code":"7","district_lgd_code":"95","district_name":"South West Delhi","subdistrict_lgd_code":"780","subdistrict_name":"Najafgarh Tehsil","subdistrict_type":"Tehsil / Taluk","village_lgd_code":"71092","village_name":"Dhansa","khasra_plot_no":"Mustatil 32, Killa 15/D103","recorded_area":"4.16","recorded_area_unit":"Bigha-Biswa","normalized_area_sqm":"3478.3","gis_area_sqm":"3478.3","land_use_category":"INDUSTRIAL","land_use_raw":"Bhumidhari (Agricultural)","status":"ARCHIVED","data_freshness_status":"UNKNOWN","scenario_index":"19595","use_case_description":"Cadastral area discrepancy requiring resurvey","mutation_workflow_status":"NOTICE_PERIOD","revenue_record_id":"ROR-DL-2025-1032-0103","revenue_record_type":"Khasra Khatauni (Delhi Bhulekh / DLR Act)","khata_khewat_no":"KHT-82","khatauni_no":"KHN-182","owner_name":"Chaudhary Dharamvir Singh","owner_name_local":"चौधरी धर्मवीर सिंह","co_owners":"","tenure_type":"Tribal Community Tenure","mutation_status":"NONE","active_mutation_id":"MUT-DL-00000103","tax_demand_status":"PAID","annual_tax_inr":"185.5","deed_number":"DEED-DL-2024-432-0103","deed_type":"Sale Deed / Conveyance","sro_office":"Sub-Registrar Office, Najafgarh Tehsil","execution_date":"2024-05-10","registered_owner":"Chaudhary Dharamvir Singh","seller_name":"Previous Landholder","consideration_amount_inr":"3500000.0","stamp_duty_inr":"210000.0","survey_sketch_id":"FMB-DL-32-0103","cadastral_sheet_no":"SHT-DL-32","surveyed_area_sqm":"3478.3","survey_status":"RESURVEY_REQUIRED","urban_authority":"Najafgarh Tehsil Urban Development & Town Planning Authority","zone_name":"Commercial Business District","permitted_land_use":"INDUSTRIAL","building_permission_status":"NOT_APPLICABLE","violations_reported":"False","is_encumbered":"False","encumbrance_certificate_number":"EC-DL-2024-132-0103","encumbrance_type":"NIL","financial_institution":"","mortgage_amount":"0.0","created_at":"2026-01-15T09:00:00Z","updated_at":"2026-09-24T11:30:00Z"}},{"type":"Feature","geometry":{"type":"Polygon","coordinates":[[[77.31474889813987,28.60420277448189],[77.3364898544701,28.605212478285498],[77.33441180444554,28.62832070239523],[77.31378164650607,28.625188309561803],[77.31474889813987,28.60420277448189]]]},"properties":{"ulpin":"07466030785235","parcel_id":"0db0308d-5519-4132-9ae0-c8c7e4e1872b","state":"Delhi (NCT)","state_code":"DL","state_type":"UT","state_lgd_code":"7","district_lgd_code":"95","district_name":"South West Delhi","subdistrict_lgd_code":"780","subdistrict_name":"Najafgarh Tehsil","subdistrict_type":"Tehsil / Taluk","village_lgd_code":"71092","village_name":"Dhansa","khasra_plot_no":"Mustatil 32, Killa 15/D104","recorded_area":"4.16","recorded_area_unit":"Bigha-Biswa","normalized_area_sqm":"3478.3","gis_area_sqm":"3478.3","land_use_category":"AGRICULTURAL","land_use_raw":"Bhumidhari (Agricultural)","status":"ACTIVE","data_freshness_status":"CURRENT","scenario_index":"19596","use_case_description":"Tribal non-alienation protection review","mutation_workflow_status":"HEARING_SCHEDULED","revenue_record_id":"ROR-DL-2025-1032-0104","revenue_record_type":"Khasra Khatauni (Delhi Bhulekh / DLR Act)","khata_khewat_no":"KHT-82","khatauni_no":"KHN-182","owner_name":"Chaudhary Dharamvir Singh","owner_name_local":"चौधरी धर्मवीर सिंह","co_owners":"","tenure_type":"Bhumiswami / Raiyati with Transferable Rights","mutation_status":"MUTATED","active_mutation_id":"","tax_demand_status":"PAID","annual_tax_inr":"185.5","deed_number":"DEED-DL-2024-432-0104","deed_type":"Sale Deed / Conveyance","sro_office":"Sub-Registrar Office, Najafgarh Tehsil","execution_date":"2024-05-10","registered_owner":"Chaudhary Dharamvir Singh","seller_name":"Previous Landholder","consideration_amount_inr":"3500000.0","stamp_duty_inr":"210000.0","survey_sketch_id":"FMB-DL-32-0104","cadastral_sheet_no":"SHT-DL-32","surveyed_area_sqm":"3478.3","survey_status":"SURVEYED","urban_authority":"Najafgarh Tehsil Urban Development & Town Planning Authority","zone_name":"Commercial Business District","permitted_land_use":"AGRICULTURAL","building_permission_status":"SANCTIONED","violations_reported":"False","is_encumbered":"True","encumbrance_certificate_number":"EC-DL-00000104-0104","encumbrance_type":"BANK_MORTGAGE","financial_institution":"","mortgage_amount":"0.0","created_at":"2026-01-15T09:00:00Z","updated_at":"2026-09-24T11:30:00Z"}},{"type":"Feature","geometry":{"type":"Polygon","coordinates":[[[77.47752283016352,28.55724313543358],[77.49418204417007,28.557566310083043],[77.49640903929476,28.57707217612704],[77.47893411900267,28.57659336350582],[77.47752283016352,28.55724313543358]]]},"properties":{"ulpin":"07313204573349","parcel_id":"23906182-5f95-4076-8bb5-cefed01b89e9","state":"Delhi (NCT)","state_code":"DL","state_type":"UT","state_lgd_code":"7","district_lgd_code":"95","district_name":"South West Delhi","subdistrict_lgd_code":"780","subdistrict_name":"Najafgarh Tehsil","subdistrict_type":"Tehsil / Taluk","village_lgd_code":"71092","village_name":"Dhansa","khasra_plot_no":"Mustatil 32, Killa 15/D105","recorded_area":"4.16","recorded_area_unit":"Bigha-Biswa","normalized_area_sqm":"3478.3","gis_area_sqm":"3478.3","land_use_category":"INSTITUTIONAL","land_use_raw":"Bhumidhari (Agricultural)","status":"PENDING_MUTATION","data_freshness_status":"STALE","scenario_index":"19597","use_case_description":"Lease charge and institutional tenancy","mutation_workflow_status":"APPROVED","revenue_record_id":"ROR-DL-2025-1032-0105","revenue_record_type":"Khasra Khatauni (Delhi Bhulekh / DLR Act)","khata_khewat_no":"KHT-82","khatauni_no":"KHN-182","owner_name":"Chaudhary Dharamvir Singh","owner_name_local":"चौधरी धर्मवीर सिंह","co_owners":"","tenure_type":"Bhumiswami / Freehold","mutation_status":"PENDING","active_mutation_id":"MUT-DL-00000105","tax_demand_status":"PAID","annual_tax_inr":"185.5","deed_number":"DEED-DL-2024-432-0105","deed_type":"Sale Deed / Conveyance","sro_office":"Sub-Registrar Office, Najafgarh Tehsil","execution_date":"2024-05-10","registered_owner":"Chaudhary Dharamvir Singh","seller_name":"Previous Landholder","consideration_amount_inr":"3500000.0","stamp_duty_inr":"210000.0","survey_sketch_id":"FMB-DL-32-0105","cadastral_sheet_no":"SHT-DL-32","surveyed_area_sqm":"3478.3","survey_status":"PENDING","urban_authority":"Najafgarh Tehsil Urban Development & Town Planning Authority","zone_name":"Commercial Business District","permitted_land_use":"INSTITUTIONAL","building_permission_status":"PENDING","violations_reported":"False","is_encumbered":"True","encumbrance_certificate_number":"EC-DL-00000105-0105","encumbrance_type":"GOVT_REVENUE_LIEN","financial_institution":"","mortgage_amount":"0.0","created_at":"2026-01-15T09:00:00Z","updated_at":"2026-09-24T11:30:00Z"}},{"type":"Feature","geometry":{"type":"Polygon","coordinates":[[[77.30955972759213,28.583655034056633],[77.33445491365737,28.584625250268353],[77.3364898544701,28.605212478285498],[77.31474889813987,28.60420277448189],[77.30955972759213,28.583655034056633]]]},"properties":{"ulpin":"07447105769944","parcel_id":"b335e418-531f-44c5-b8bd-4905ad7441f6","state":"Delhi (NCT)","state_code":"DL","state_type":"UT","state_lgd_code":"7","district_lgd_code":"95","district_name":"South West Delhi","subdistrict_lgd_code":"780","subdistrict_name":"Najafgarh Tehsil","subdistrict_type":"Tehsil / Taluk","village_lgd_code":"71092","village_name":"Dhansa","khasra_plot_no":"Mustatil 32, Killa 15/D106","recorded_area":"4.16","recorded_area_unit":"Bigha-Biswa","normalized_area_sqm":"3478.3","gis_area_sqm":"3478.3","land_use_category":"FOREST_GREEN_BELT","land_use_raw":"Bhumidhari (Agricultural)","status":"SUBDIVIDED","data_freshness_status":"UNKNOWN","scenario_index":"19598","use_case_description":"Subdivision or amalgamation history review","mutation_workflow_status":"REJECTED","revenue_record_id":"ROR-DL-2025-1032-0106","revenue_record_type":"Khasra Khatauni (Delhi Bhulekh / DLR Act)","khata_khewat_no":"KHT-82","khatauni_no":"KHN-182","owner_name":"Chaudhary Dharamvir Singh","owner_name_local":"चौधरी धर्मवीर सिंह","co_owners":"","tenure_type":"Leasehold","mutation_status":"UNMUTATED_TRANSACTION","active_mutation_id":"MUT-DL-00000106","tax_demand_status":"PAID","annual_tax_inr":"185.5","deed_number":"DEED-DL-2024-432-0106","deed_type":"Sale Deed / Conveyance","sro_office":"Sub-Registrar Office, Najafgarh Tehsil","execution_date":"2024-05-10","registered_owner":"Chaudhary Dharamvir Singh","seller_name":"Previous Landholder","consideration_amount_inr":"3500000.0","stamp_duty_inr":"210000.0","survey_sketch_id":"FMB-DL-32-0106","cadastral_sheet_no":"SHT-DL-32","surveyed_area_sqm":"3478.3","survey_status":"DISPUTED","urban_authority":"Najafgarh Tehsil Urban Development & Town Planning Authority","zone_name":"Commercial Business District","permitted_land_use":"FOREST_GREEN_BELT","building_permission_status":"REJECTED","violations_reported":"False","is_encumbered":"True","encumbrance_certificate_number":"EC-DL-00000106-0106","encumbrance_type":"COURT_ATTACHMENT","financial_institution":"","mortgage_amount":"0.0","created_at":"2026-01-15T09:00:00Z","updated_at":"2026-09-24T11:30:00Z"}},{"type":"Feature","geometry":{"type":"Polygon","coordinates":[[[77.21817954386319,28.79986771937757],[77.24026334844429,28.79916177242478],[77.24195526635437,28.82190806940053],[77.22273479996609,28.816999570809596],[77.21817954386319,28.79986771937757]]]},"properties":{"ulpin":"07186424842966","parcel_id":"2bfedf07-e857-4347-b75c-c54801bdab1b","state":"Delhi (NCT)","state_code":"DL","state_type":"UT","state_lgd_code":"7","district_lgd_code":"95","district_name":"South West Delhi","subdistrict_lgd_code":"780","subdistrict_name":"Najafgarh Tehsil","subdistrict_type":"Tehsil / Taluk","village_lgd_code":"71092","village_name":"Dhansa","khasra_plot_no":"Mustatil 32, Killa 15/D107","recorded_area":"4.16","recorded_area_unit":"Bigha-Biswa","normalized_area_sqm":"3478.3","gis_area_sqm":"3478.3","land_use_category":"WATER_BODY","land_use_raw":"Bhumidhari (Agricultural)","status":"AMALGAMATED","data_freshness_status":"CURRENT","scenario_index":"19599","use_case_description":"Archived historical record for audit retrieval","mutation_workflow_status":"SLA_BREACHED","revenue_record_id":"ROR-DL-2025-1032-0107","revenue_record_type":"Khasra Khatauni (Delhi Bhulekh / DLR Act)","khata_khewat_no":"KHT-82","khatauni_no":"KHN-182","owner_name":"Chaudhary Dharamvir Singh","owner_name_local":"चौधरी धर्मवीर सिंह","co_owners":"","tenure_type":"Government Grant","mutation_status":"REJECTED","active_mutation_id":"MUT-DL-00000107","tax_demand_status":"PAID","annual_tax_inr":"185.5","deed_number":"DEED-DL-2024-432-0107","deed_type":"Sale Deed / Conveyance","sro_office":"Sub-Registrar Office, Najafgarh Tehsil","execution_date":"2024-05-10","registered_owner":"Registry Variance Owner 107","seller_name":"Previous Landholder","consideration_amount_inr":"3500000.0","stamp_duty_inr":"210000.0","survey_sketch_id":"FMB-DL-32-0107","cadastral_sheet_no":"SHT-DL-32","surveyed_area_sqm":"3478.3","survey_status":"RESURVEY_REQUIRED","urban_authority":"Najafgarh Tehsil Urban Development & Town Planning Authority","zone_name":"Commercial Business District","permitted_land_use":"WATER_BODY","building_permission_status":"NOT_APPLICABLE","violations_reported":"False","is_encumbered":"True","encumbrance_certificate_number":"EC-DL-00000107-0107","encumbrance_type":"TRIBAL_NON_ALIENATION","financial_institution":"","mortgage_amount":"0.0","created_at":"2026-01-15T09:00:00Z","updated_at":"2026-09-24T11:30:00Z"}},{"type":"Feature","geometry":{"type":"Polygon","coordinates":[[[77.46027164921387,28.579488598695708],[77.47893411900267,28.57659336350582],[77.47702828229998,28.59637064275139],[77.46027164921387,28.599263753077505],[77.46027164921387,28.579488598695708]]]},"properties":{"ulpin":"07182374150365","parcel_id":"e5909d83-b93b-4785-9caf-eb2892e85daa","state":"Delhi (NCT)","state_code":"DL","state_type":"UT","state_lgd_code":"7","district_lgd_code":"95","district_name":"South West Delhi","subdistrict_lgd_code":"780","subdistrict_name":"Najafgarh Tehsil","subdistrict_type":"Tehsil / Taluk","village_lgd_code":"71092","village_name":"Dhansa","khasra_plot_no":"Mustatil 32, Killa 15/D108","recorded_area":"4.16","recorded_area_unit":"Bigha-Biswa","normalized_area_sqm":"3478.3","gis_area_sqm":"3478.3","land_use_category":"MIXED_USE","land_use_raw":"Bhumidhari (Agricultural)","status":"DISPUTED","data_freshness_status":"STALE","scenario_index":"19600","use_case_description":"Bank mortgage and active encumbrance","mutation_workflow_status":"SUBMITTED","revenue_record_id":"ROR-DL-2025-1032-0108","revenue_record_type":"Khasra Khatauni (Delhi Bhulekh / DLR Act)","khata_khewat_no":"KHT-82","khatauni_no":"KHN-182","owner_name":"Chaudhary Dharamvir Singh","owner_name_local":"चौधरी धर्मवीर सिंह","co_owners":"","tenure_type":"Waqf / Religious Trust","mutation_status":"DISPUTED","active_mutation_id":"MUT-DL-00000108","tax_demand_status":"PAID","annual_tax_inr":"185.5","deed_number":"DEED-DL-2024-432-0108","deed_type":"Sale Deed / Conveyance","sro_office":"Sub-Registrar Office, Najafgarh Tehsil","execution_date":"2024-05-10","registered_owner":"Chaudhary Dharamvir Singh","seller_name":"Previous Landholder","consideration_amount_inr":"3500000.0","stamp_duty_inr":"210000.0","survey_sketch_id":"FMB-DL-32-0108","cadastral_sheet_no":"SHT-DL-32","surveyed_area_sqm":"3478.3","survey_status":"SURVEYED","urban_authority":"Najafgarh Tehsil Urban Development & Town Planning Authority","zone_name":"Commercial Business District","permitted_land_use":"MIXED_USE","building_permission_status":"SANCTIONED","violations_reported":"True","is_encumbered":"True","encumbrance_certificate_number":"EC-DL-00000108-0108","encumbrance_type":"LEASE_CHARGE","financial_institution":"","mortgage_amount":"0.0","created_at":"2026-01-15T09:00:00Z","updated_at":"2026-09-24T11:30:00Z"}},{"type":"Feature","geometry":{"type":"Polygon","coordinates":[[[77.22793337883849,28.56741346603283],[77.24318247624461,28.566791761541868],[77.2421730736631,28.583165832394496],[77.2243312089035,28.57972906719501],[77.22793337883849,28.56741346603283]]]},"properties":{"ulpin":"07717730941159","parcel_id":"6d45990c-5027-4733-a18b-7d5ea5fd0a86","state":"Delhi (NCT)","state_code":"DL","state_type":"UT","state_lgd_code":"7","district_lgd_code":"95","district_name":"South West Delhi","subdistrict_lgd_code":"780","subdistrict_name":"Najafgarh Tehsil","subdistrict_type":"Tehsil / Taluk","village_lgd_code":"71092","village_name":"Dhansa","khasra_plot_no":"Mustatil 32, Killa 15/D109","recorded_area":"4.16","recorded_area_unit":"Bigha-Biswa","normalized_area_sqm":"3478.3","gis_area_sqm":"3478.3","land_use_category":"OTHER","land_use_raw":"Bhumidhari (Agricultural)","status":"ARCHIVED","data_freshness_status":"UNKNOWN","scenario_index":"19601","use_case_description":"Tribal non-alienation protection review","mutation_workflow_status":"UNDER_VERIFICATION","revenue_record_id":"ROR-DL-2025-1032-0109","revenue_record_type":"Khasra Khatauni (Delhi Bhulekh / DLR Act)","khata_khewat_no":"KHT-82","khatauni_no":"KHN-182","owner_name":"Chaudhary Dharamvir Singh","owner_name_local":"चौधरी धर्मवीर सिंह","co_owners":"","tenure_type":"Tribal Community Tenure","mutation_status":"NONE","active_mutation_id":"MUT-DL-00000109","tax_demand_status":"PAID","annual_tax_inr":"185.5","deed_number":"DEED-DL-2024-432-0109","deed_type":"Sale Deed / Conveyance","sro_office":"Sub-Registrar Office, Najafgarh Tehsil","execution_date":"2024-05-10","registered_owner":"Chaudhary Dharamvir Singh","seller_name":"Previous Landholder","consideration_amount_inr":"3500000.0","stamp_duty_inr":"210000.0","survey_sketch_id":"FMB-DL-32-0109","cadastral_sheet_no":"SHT-DL-32","surveyed_area_sqm":"3478.3","survey_status":"PENDING","urban_authority":"Najafgarh Tehsil Urban Development & Town Planning Authority","zone_name":"Commercial Business District","permitted_land_use":"OTHER","building_permission_status":"PENDING","violations_reported":"False","is_encumbered":"False","encumbrance_certificate_number":"EC-DL-2024-132-0109","encumbrance_type":"NIL","financial_institution":"","mortgage_amount":"0.0","created_at":"2026-01-15T09:00:00Z","updated_at":"2026-09-24T11:30:00Z"}},{"type":"Feature","geometry":{"type":"Polygon","coordinates":[[[77.31872138938063,29.035880433458082],[77.34689060224868,29.032539922167743],[77.3482545162341,29.053287370592013],[77.31966619738373,29.053201637572847],[77.31872138938063,29.035880433458082]]]},"properties":{"ulpin":"07839168477779","parcel_id":"9b9a5b22-393b-4835-9615-61c03f01eea7","state":"Delhi (NCT)","state_code":"DL","state_type":"UT","state_lgd_code":"7","district_lgd_code":"95","district_name":"South West Delhi","subdistrict_lgd_code":"780","subdistrict_name":"Najafgarh Tehsil","subdistrict_type":"Tehsil / Taluk","village_lgd_code":"71092","village_name":"Dhansa","khasra_plot_no":"Mustatil 32, Killa 15/D110","recorded_area":"4.16","recorded_area_unit":"Bigha-Biswa","normalized_area_sqm":"3478.3","gis_area_sqm":"3478.3","land_use_category":"RESIDENTIAL","land_use_raw":"Bhumidhari (Agricultural)","status":"ACTIVE","data_freshness_status":"CURRENT","scenario_index":"19602","use_case_description":"Court attachment and disputed possession","mutation_workflow_status":"NOTICE_PERIOD","revenue_record_id":"ROR-DL-2025-1032-0110","revenue_record_type":"Khasra Khatauni (Delhi Bhulekh / DLR Act)","khata_khewat_no":"KHT-82","khatauni_no":"KHN-182","owner_name":"Chaudhary Dharamvir Singh","owner_name_local":"चौधरी धर्मवीर सिंह","co_owners":"","tenure_type":"Bhumiswami / Raiyati with Transferable Rights","mutation_status":"MUTATED","active_mutation_id":"","tax_demand_status":"PAID","annual_tax_inr":"185.5","deed_number":"DEED-DL-2024-432-0110","deed_type":"Sale Deed / Conveyance","sro_office":"Sub-Registrar Office, Najafgarh Tehsil","execution_date":"2024-05-10","registered_owner":"Chaudhary Dharamvir Singh","seller_name":"Previous Landholder","consideration_amount_inr":"3500000.0","stamp_duty_inr":"210000.0","survey_sketch_id":"FMB-DL-32-0110","cadastral_sheet_no":"SHT-DL-32","surveyed_area_sqm":"3478.3","survey_status":"DISPUTED","urban_authority":"Najafgarh Tehsil Urban Development & Town Planning Authority","zone_name":"Commercial Business District","permitted_land_use":"RESIDENTIAL","building_permission_status":"REJECTED","violations_reported":"False","is_encumbered":"True","encumbrance_certificate_number":"EC-DL-00000110-0110","encumbrance_type":"BANK_MORTGAGE","financial_institution":"","mortgage_amount":"0.0","created_at":"2026-01-15T09:00:00Z","updated_at":"2026-09-24T11:30:00Z"}},{"type":"Feature","geometry":{"type":"Polygon","coordinates":[[[77.42088111894897,28.85043903107442],[77.44166171328877,28.847499314113332],[77.44094959152355,28.86825382416912],[77.42088111894897,28.867044641524796],[77.42088111894897,28.85043903107442]]]},"properties":{"ulpin":"07376493927468","parcel_id":"91257c2e-1b00-44e5-ad32-5bf1ada46860","state":"Delhi (NCT)","state_code":"DL","state_type":"UT","state_lgd_code":"7","district_lgd_code":"95","district_name":"South West Delhi","subdistrict_lgd_code":"780","subdistrict_name":"Najafgarh Tehsil","subdistrict_type":"Tehsil / Taluk","village_lgd_code":"71092","village_name":"Dhansa","khasra_plot_no":"Mustatil 32, Killa 15/D111","recorded_area":"4.16","recorded_area_unit":"Bigha-Biswa","normalized_area_sqm":"3478.3","gis_area_sqm":"3478.3","land_use_category":"COMMERCIAL","land_use_raw":"Bhumidhari (Agricultural)","status":"PENDING_MUTATION","data_freshness_status":"STALE","scenario_index":"19603","use_case_description":"Tribal non-alienation protection review","mutation_workflow_status":"HEARING_SCHEDULED","revenue_record_id":"ROR-DL-2025-1032-0111","revenue_record_type":"Khasra Khatauni (Delhi Bhulekh / DLR Act)","khata_khewat_no":"KHT-82","khatauni_no":"KHN-182","owner_name":"Chaudhary Dharamvir Singh","owner_name_local":"चौधरी धर्मवीर सिंह","co_owners":"","tenure_type":"Bhumiswami / Freehold","mutation_status":"PENDING","active_mutation_id":"MUT-DL-00000111","tax_demand_status":"PAID","annual_tax_inr":"185.5","deed_number":"DEED-DL-2024-432-0111","deed_type":"Sale Deed / Conveyance","sro_office":"Sub-Registrar Office, Najafgarh Tehsil","execution_date":"2024-05-10","registered_owner":"Chaudhary Dharamvir Singh","seller_name":"Previous Landholder","consideration_amount_inr":"3500000.0","stamp_duty_inr":"210000.0","survey_sketch_id":"FMB-DL-32-0111","cadastral_sheet_no":"SHT-DL-32","surveyed_area_sqm":"3478.3","survey_status":"RESURVEY_REQUIRED","urban_authority":"Najafgarh Tehsil Urban Development & Town Planning Authority","zone_name":"Commercial Business District","permitted_land_use":"COMMERCIAL","building_permission_status":"NOT_APPLICABLE","violations_reported":"False","is_encumbered":"True","encumbrance_certificate_number":"EC-DL-00000111-0111","encumbrance_type":"GOVT_REVENUE_LIEN","financial_institution":"","mortgage_amount":"0.0","created_at":"2026-01-15T09:00:00Z","updated_at":"2026-09-24T11:30:00Z"}},{"type":"Feature","geometry":{"type":"Polygon","coordinates":[[[77.20129840112658,28.842527446420615],[77.22316456002156,28.842638741566756],[77.22180106637228,28.859289435826515],[77.20129840112658,28.86271500320888],[77.20129840112658,28.842527446420615]]]},"properties":{"ulpin":"07683937571111","parcel_id":"4b6f246d-cc15-4415-b089-97587cdc2022","state":"Delhi (NCT)","state_code":"DL","state_type":"UT","state_lgd_code":"7","district_lgd_code":"95","district_name":"South West Delhi","subdistrict_lgd_code":"780","subdistrict_name":"Najafgarh Tehsil","subdistrict_type":"Tehsil / Taluk","village_lgd_code":"71092","village_name":"Dhansa","khasra_plot_no":"Mustatil 32, Killa 15/D112","recorded_area":"4.16","recorded_area_unit":"Bigha-Biswa","normalized_area_sqm":"3478.3","gis_area_sqm":"3478.3","land_use_category":"INDUSTRIAL","land_use_raw":"Bhumidhari (Agricultural)","status":"SUBDIVIDED","data_freshness_status":"UNKNOWN","scenario_index":"19604","use_case_description":"Lease charge and institutional tenancy","mutation_workflow_status":"APPROVED","revenue_record_id":"ROR-DL-2025-1032-0112","revenue_record_type":"Khasra Khatauni (Delhi Bhulekh / DLR Act)","khata_khewat_no":"KHT-82","khatauni_no":"KHN-182","owner_name":"Chaudhary Dharamvir Singh","owner_name_local":"चौधरी धर्मवीर सिंह","co_owners":"","tenure_type":"Leasehold","mutation_status":"UNMUTATED_TRANSACTION","active_mutation_id":"MUT-DL-00000112","tax_demand_status":"PAID","annual_tax_inr":"185.5","deed_number":"DEED-DL-2024-432-0112","deed_type":"Sale Deed / Conveyance","sro_office":"Sub-Registrar Office, Najafgarh Tehsil","execution_date":"2024-05-10","registered_owner":"Registry Variance Owner 112","seller_name":"Previous Landholder","consideration_amount_inr":"3500000.0","stamp_duty_inr":"210000.0","survey_sketch_id":"FMB-DL-32-0112","cadastral_sheet_no":"SHT-DL-32","surveyed_area_sqm":"3478.3","survey_status":"SURVEYED","urban_authority":"Najafgarh Tehsil Urban Development & Town Planning Authority","zone_name":"Commercial Business District","permitted_land_use":"INDUSTRIAL","building_permission_status":"SANCTIONED","violations_reported":"False","is_encumbered":"True","encumbrance_certificate_number":"EC-DL-00000112-0112","encumbrance_type":"COURT_ATTACHMENT","financial_institution":"","mortgage_amount":"0.0","created_at":"2026-01-15T09:00:00Z","updated_at":"2026-09-24T11:30:00Z"}},{"type":"Feature","geometry":{"type":"Polygon","coordinates":[[[77.46416113219841,28.979980223929857],[77.49458983753514,28.981362279042063],[77.48823637058,28.99943804844127],[77.46545460264362,28.99412265663155],[77.46416113219841,28.979980223929857]]]},"properties":{"ulpin":"07669456870866","parcel_id":"76cfd32c-efcd-40d5-aa5c-58ec0ece3324","state":"Delhi (NCT)","state_code":"DL","state_type":"UT","state_lgd_code":"7","district_lgd_code":"95","district_name":"South West Delhi","subdistrict_lgd_code":"780","subdistrict_name":"Najafgarh Tehsil","subdistrict_type":"Tehsil / Taluk","village_lgd_code":"71092","village_name":"Dhansa","khasra_plot_no":"Mustatil 32, Killa 15/D113","recorded_area":"4.16","recorded_area_unit":"Bigha-Biswa","normalized_area_sqm":"3478.3","gis_area_sqm":"3478.3","land_use_category":"AGRICULTURAL","land_use_raw":"Bhumidhari (Agricultural)","status":"AMALGAMATED","data_freshness_status":"CURRENT","scenario_index":"19605","use_case_description":"Subdivision or amalgamation history review","mutation_workflow_status":"REJECTED","revenue_record_id":"ROR-DL-2025-1032-0113","revenue_record_type":"Khasra Khatauni (Delhi Bhulekh / DLR Act)","khata_khewat_no":"KHT-82","khatauni_no":"KHN-182","owner_name":"Chaudhary Dharamvir Singh","owner_name_local":"चौधरी धर्मवीर सिंह","co_owners":"","tenure_type":"Government Grant","mutation_status":"REJECTED","active_mutation_id":"MUT-DL-00000113","tax_demand_status":"PAID","annual_tax_inr":"185.5","deed_number":"DEED-DL-2024-432-0113","deed_type":"Sale Deed / Conveyance","sro_office":"Sub-Registrar Office, Najafgarh Tehsil","execution_date":"2024-05-10","registered_owner":"Chaudhary Dharamvir Singh","seller_name":"Previous Landholder","consideration_amount_inr":"3500000.0","stamp_duty_inr":"210000.0","survey_sketch_id":"FMB-DL-32-0113","cadastral_sheet_no":"SHT-DL-32","surveyed_area_sqm":"3478.3","survey_status":"PENDING","urban_authority":"Najafgarh Tehsil Urban Development & Town Planning Authority","zone_name":"Commercial Business District","permitted_land_use":"AGRICULTURAL","building_permission_status":"PENDING","violations_reported":"False","is_encumbered":"True","encumbrance_certificate_number":"EC-DL-00000113-0113","encumbrance_type":"TRIBAL_NON_ALIENATION","financial_institution":"","mortgage_amount":"0.0","created_at":"2026-01-15T09:00:00Z","updated_at":"2026-09-24T11:30:00Z"}},{"type":"Feature","geometry":{"type":"Polygon","coordinates":[[[77.46948930149709,28.848787840230315],[77.49066302909945,28.851523659136245],[77.48945154911651,28.86970862475161],[77.4644697177014,28.868905075967152],[77.46948930149709,28.848787840230315]]]},"properties":{"ulpin":"07730461979897","parcel_id":"a3eb3366-3236-46ff-8ad8-cfffd3e33dec","state":"Delhi (NCT)","state_code":"DL","state_type":"UT","state_lgd_code":"7","district_lgd_code":"95","district_name":"South West Delhi","subdistrict_lgd_code":"780","subdistrict_name":"Najafgarh Tehsil","subdistrict_type":"Tehsil / Taluk","village_lgd_code":"71092","village_name":"Dhansa","khasra_plot_no":"Mustatil 32, Killa 15/D114","recorded_area":"4.16","recorded_area_unit":"Bigha-Biswa","normalized_area_sqm":"3478.3","gis_area_sqm":"3478.3","land_use_category":"INSTITUTIONAL","land_use_raw":"Bhumidhari (Agricultural)","status":"DISPUTED","data_freshness_status":"STALE","scenario_index":"19606","use_case_description":"Archived historical record for audit retrieval","mutation_workflow_status":"SLA_BREACHED","revenue_record_id":"ROR-DL-2025-1032-0114","revenue_record_type":"Khasra Khatauni (Delhi Bhulekh / DLR Act)","khata_khewat_no":"KHT-82","khatauni_no":"KHN-182","owner_name":"Chaudhary Dharamvir Singh","owner_name_local":"चौधरी धर्मवीर सिंह","co_owners":"","tenure_type":"Waqf / Religious Trust","mutation_status":"DISPUTED","active_mutation_id":"MUT-DL-00000114","tax_demand_status":"PAID","annual_tax_inr":"185.5","deed_number":"DEED-DL-2024-432-0114","deed_type":"Sale Deed / Conveyance","sro_office":"Sub-Registrar Office, Najafgarh Tehsil","execution_date":"2024-05-10","registered_owner":"Chaudhary Dharamvir Singh","seller_name":"Previous Landholder","consideration_amount_inr":"3500000.0","stamp_duty_inr":"210000.0","survey_sketch_id":"FMB-DL-32-0114","cadastral_sheet_no":"SHT-DL-32","surveyed_area_sqm":"3478.3","survey_status":"DISPUTED","urban_authority":"Najafgarh Tehsil Urban Development & Town Planning Authority","zone_name":"Commercial Business District","permitted_land_use":"INSTITUTIONAL","building_permission_status":"REJECTED","violations_reported":"False","is_encumbered":"True","encumbrance_certificate_number":"EC-DL-00000114-0114","encumbrance_type":"LEASE_CHARGE","financial_institution":"","mortgage_amount":"0.0","created_at":"2026-01-15T09:00:00Z","updated_at":"2026-09-24T11:30:00Z"}},{"type":"Feature","geometry":{"type":"Polygon","coordinates":[[[77.46545460264362,28.99412265663155],[77.48823637058,28.99943804844127],[77.4923725171316,29.016299302074778],[77.4697024526908,29.01440846924058],[77.46545460264362,28.99412265663155]]]},"properties":{"ulpin":"07199334023902","parcel_id":"5eb87c89-6bc6-4090-9d66-e2a93aea6a54","state":"Delhi (NCT)","state_code":"DL","state_type":"UT","state_lgd_code":"7","district_lgd_code":"95","district_name":"South West Delhi","subdistrict_lgd_code":"780","subdistrict_name":"Najafgarh Tehsil","subdistrict_type":"Tehsil / Taluk","village_lgd_code":"71092","village_name":"Dhansa","khasra_plot_no":"Mustatil 32, Killa 15/D115","recorded_area":"4.16","recorded_area_unit":"Bigha-Biswa","normalized_area_sqm":"3478.3","gis_area_sqm":"3478.3","land_use_category":"FOREST_GREEN_BELT","land_use_raw":"Bhumidhari (Agricultural)","status":"ARCHIVED","data_freshness_status":"UNKNOWN","scenario_index":"19607","use_case_description":"Pending sale mutation within statutory SLA","mutation_workflow_status":"SUBMITTED","revenue_record_id":"ROR-DL-2025-1032-0115","revenue_record_type":"Khasra Khatauni (Delhi Bhulekh / DLR Act)","khata_khewat_no":"KHT-82","khatauni_no":"KHN-182","owner_name":"Chaudhary Dharamvir Singh","owner_name_local":"चौधरी धर्मवीर सिंह","co_owners":"","tenure_type":"Tribal Community Tenure","mutation_status":"NONE","active_mutation_id":"MUT-DL-00000115","tax_demand_status":"PAID","annual_tax_inr":"185.5","deed_number":"DEED-DL-2024-432-0115","deed_type":"Sale Deed / Conveyance","sro_office":"Sub-Registrar Office, Najafgarh Tehsil","execution_date":"2024-05-10","registered_owner":"Chaudhary Dharamvir Singh","seller_name":"Previous Landholder","consideration_amount_inr":"3500000.0","stamp_duty_inr":"210000.0","survey_sketch_id":"FMB-DL-32-0115","cadastral_sheet_no":"SHT-DL-32","surveyed_area_sqm":"3478.3","survey_status":"RESURVEY_REQUIRED","urban_authority":"Najafgarh Tehsil Urban Development & Town Planning Authority","zone_name":"Commercial Business District","permitted_land_use":"FOREST_GREEN_BELT","building_permission_status":"NOT_APPLICABLE","violations_reported":"True","is_encumbered":"False","encumbrance_certificate_number":"EC-DL-2024-132-0115","encumbrance_type":"NIL","financial_institution":"","mortgage_amount":"0.0","created_at":"2026-01-15T09:00:00Z","updated_at":"2026-09-24T11:30:00Z"}},{"type":"Feature","geometry":{"type":"Polygon","coordinates":[[[77.3118772980723,28.521362388480743],[77.33171879909747,28.52488048201019],[77.33489363213228,28.545872509444724],[77.3101459177847,28.542547798713393],[77.3118772980723,28.521362388480743]]]},"properties":{"ulpin":"07327956674969","parcel_id":"6ee5dc5a-8ec3-49d0-8447-f92bbf7bb21a","state":"Delhi (NCT)","state_code":"DL","state_type":"UT","state_lgd_code":"7","district_lgd_code":"95","district_name":"South West Delhi","subdistrict_lgd_code":"780","subdistrict_name":"Najafgarh Tehsil","subdistrict_type":"Tehsil / Taluk","village_lgd_code":"71092","village_name":"Dhansa","khasra_plot_no":"Mustatil 32, Killa 15/D116","recorded_area":"4.16","recorded_area_unit":"Bigha-Biswa","normalized_area_sqm":"3478.3","gis_area_sqm":"3478.3","land_use_category":"WATER_BODY","land_use_raw":"Bhumidhari (Agricultural)","status":"ACTIVE","data_freshness_status":"CURRENT","scenario_index":"19608","use_case_description":"Government revenue lien and tax demand","mutation_workflow_status":"UNDER_VERIFICATION","revenue_record_id":"ROR-DL-2025-1032-0116","revenue_record_type":"Khasra Khatauni (Delhi Bhulekh / DLR Act)","khata_khewat_no":"KHT-82","khatauni_no":"KHN-182","owner_name":"Chaudhary Dharamvir Singh","owner_name_local":"चौधरी धर्मवीर सिंह","co_owners":"","tenure_type":"Bhumiswami / Raiyati with Transferable Rights","mutation_status":"MUTATED","active_mutation_id":"","tax_demand_status":"PAID","annual_tax_inr":"185.5","deed_number":"DEED-DL-2024-432-0116","deed_type":"Sale Deed / Conveyance","sro_office":"Sub-Registrar Office, Najafgarh Tehsil","execution_date":"2024-05-10","registered_owner":"Chaudhary Dharamvir Singh","seller_name":"Previous Landholder","consideration_amount_inr":"3500000.0","stamp_duty_inr":"210000.0","survey_sketch_id":"FMB-DL-32-0116","cadastral_sheet_no":"SHT-DL-32","surveyed_area_sqm":"3478.3","survey_status":"SURVEYED","urban_authority":"Najafgarh Tehsil Urban Development & Town Planning Authority","zone_name":"Commercial Business District","permitted_land_use":"WATER_BODY","building_permission_status":"SANCTIONED","violations_reported":"False","is_encumbered":"True","encumbrance_certificate_number":"EC-DL-00000116-0116","encumbrance_type":"BANK_MORTGAGE","financial_institution":"","mortgage_amount":"0.0","created_at":"2026-01-15T09:00:00Z","updated_at":"2026-09-24T11:30:00Z"}},{"type":"Feature","geometry":{"type":"Polygon","coordinates":[[[77.29112045298031,28.651087404146207],[77.311249899498,28.647803882472115],[77.31016153870398,28.66765751382564],[77.29112045298031,28.66844912772333],[77.29112045298031,28.651087404146207]]]},"properties":{"ulpin":"07851586022089","parcel_id":"703c0d19-fc7b-470d-95f4-8df45f0961db","state":"Delhi (NCT)","state_code":"DL","state_type":"UT","state_lgd_code":"7","district_lgd_code":"95","district_name":"South West Delhi","subdistrict_lgd_code":"780","subdistrict_name":"Najafgarh Tehsil","subdistrict_type":"Tehsil / Taluk","village_lgd_code":"71092","village_name":"Dhansa","khasra_plot_no":"Mustatil 32, Killa 15/D117","recorded_area":"4.16","recorded_area_unit":"Bigha-Biswa","normalized_area_sqm":"3478.3","gis_area_sqm":"3478.3","land_use_category":"MIXED_USE","land_use_raw":"Bhumidhari (Agricultural)","status":"PENDING_MUTATION","data_freshness_status":"STALE","scenario_index":"19609","use_case_description":"Court attachment and disputed possession","mutation_workflow_status":"NOTICE_PERIOD","revenue_record_id":"ROR-DL-2025-1032-0117","revenue_record_type":"Khasra Khatauni (Delhi Bhulekh / DLR Act)","khata_khewat_no":"KHT-82","khatauni_no":"KHN-182","owner_name":"Chaudhary Dharamvir Singh","owner_name_local":"चौधरी धर्मवीर सिंह","co_owners":"","tenure_type":"Bhumiswami / Freehold","mutation_status":"PENDING","active_mutation_id":"MUT-DL-00000117","tax_demand_status":"PAID","annual_tax_inr":"185.5","deed_number":"DEED-DL-2024-432-0117","deed_type":"Sale Deed / Conveyance","sro_office":"Sub-Registrar Office, Najafgarh Tehsil","execution_date":"2024-05-10","registered_owner":"Registry Variance Owner 117","seller_name":"Previous Landholder","consideration_amount_inr":"3500000.0","stamp_duty_inr":"210000.0","survey_sketch_id":"FMB-DL-32-0117","cadastral_sheet_no":"SHT-DL-32","surveyed_area_sqm":"3478.3","survey_status":"PENDING","urban_authority":"Najafgarh Tehsil Urban Development & Town Planning Authority","zone_name":"Commercial Business District","permitted_land_use":"MIXED_USE","building_permission_status":"PENDING","violations_reported":"False","is_encumbered":"True","encumbrance_certificate_number":"EC-DL-00000117-0117","encumbrance_type":"GOVT_REVENUE_LIEN","financial_institution":"","mortgage_amount":"0.0","created_at":"2026-01-15T09:00:00Z","updated_at":"2026-09-24T11:30:00Z"}},{"type":"Feature","geometry":{"type":"Polygon","coordinates":[[[77.20129840112658,28.776605531708125],[77.22321621574831,28.7763752094676],[77.21817954386319,28.79986771937757],[77.20129840112658,28.802086359916334],[77.20129840112658,28.776605531708125]]]},"properties":{"ulpin":"07291430530151","parcel_id":"d9d9eb5f-c940-40b6-b647-6b84f14d206a","state":"Delhi (NCT)","state_code":"DL","state_type":"UT","state_lgd_code":"7","district_lgd_code":"95","district_name":"South West Delhi","subdistrict_lgd_code":"780","subdistrict_name":"Najafgarh Tehsil","subdistrict_type":"Tehsil / Taluk","village_lgd_code":"71092","village_name":"Dhansa","khasra_plot_no":"Mustatil 32, Killa 15/D118","recorded_area":"4.16","recorded_area_unit":"Bigha-Biswa","normalized_area_sqm":"3478.3","gis_area_sqm":"3478.3","land_use_category":"OTHER","land_use_raw":"Bhumidhari (Agricultural)","status":"SUBDIVIDED","data_freshness_status":"UNKNOWN","scenario_index":"19610","use_case_description":"Tribal non-alienation protection review","mutation_workflow_status":"HEARING_SCHEDULED","revenue_record_id":"ROR-DL-2025-1032-0118","revenue_record_type":"Khasra Khatauni (Delhi Bhulekh / DLR Act)","khata_khewat_no":"KHT-82","khatauni_no":"KHN-182","owner_name":"Chaudhary Dharamvir Singh","owner_name_local":"चौधरी धर्मवीर सिंह","co_owners":"","tenure_type":"Leasehold","mutation_status":"UNMUTATED_TRANSACTION","active_mutation_id":"MUT-DL-00000118","tax_demand_status":"PAID","annual_tax_inr":"185.5","deed_number":"DEED-DL-2024-432-0118","deed_type":"Sale Deed / Conveyance","sro_office":"Sub-Registrar Office, Najafgarh Tehsil","execution_date":"2024-05-10","registered_owner":"Chaudhary Dharamvir Singh","seller_name":"Previous Landholder","consideration_amount_inr":"3500000.0","stamp_duty_inr":"210000.0","survey_sketch_id":"FMB-DL-32-0118","cadastral_sheet_no":"SHT-DL-32","surveyed_area_sqm":"3478.3","survey_status":"DISPUTED","urban_authority":"Najafgarh Tehsil Urban Development & Town Planning Authority","zone_name":"Commercial Business District","permitted_land_use":"OTHER","building_permission_status":"REJECTED","violations_reported":"False","is_encumbered":"True","encumbrance_certificate_number":"EC-DL-00000118-0118","encumbrance_type":"COURT_ATTACHMENT","financial_institution":"","mortgage_amount":"0.0","created_at":"2026-01-15T09:00:00Z","updated_at":"2026-09-24T11:30:00Z"}},{"type":"Feature","geometry":{"type":"Polygon","coordinates":[[[77.20129840112658,28.921994430485206],[77.22097779650552,28.918364940843972],[77.22100090916408,28.943452819224785],[77.20129840112658,28.938139193232367],[77.20129840112658,28.921994430485206]]]},"properties":{"ulpin":"07097343368001","parcel_id":"7dd32e6c-0a09-4e0b-8c90-d1b68ea3c43a","state":"Delhi (NCT)","state_code":"DL","state_type":"UT","state_lgd_code":"7","district_lgd_code":"95","district_name":"South West Delhi","subdistrict_lgd_code":"780","subdistrict_name":"Najafgarh Tehsil","subdistrict_type":"Tehsil / Taluk","village_lgd_code":"71092","village_name":"Dhansa","khasra_plot_no":"Mustatil 32, Killa 15/D119","recorded_area":"4.16","recorded_area_unit":"Bigha-Biswa","normalized_area_sqm":"3478.3","gis_area_sqm":"3478.3","land_use_category":"RESIDENTIAL","land_use_raw":"Bhumidhari (Agricultural)","status":"AMALGAMATED","data_freshness_status":"CURRENT","scenario_index":"19611","use_case_description":"Lease charge and institutional tenancy","mutation_workflow_status":"APPROVED","revenue_record_id":"ROR-DL-2025-1032-0119","revenue_record_type":"Khasra Khatauni (Delhi Bhulekh / DLR Act)","khata_khewat_no":"KHT-82","khatauni_no":"KHN-182","owner_name":"Chaudhary Dharamvir Singh","owner_name_local":"चौधरी धर्मवीर सिंह","co_owners":"","tenure_type":"Government Grant","mutation_status":"REJECTED","active_mutation_id":"MUT-DL-00000119","tax_demand_status":"PAID","annual_tax_inr":"185.5","deed_number":"DEED-DL-2024-432-0119","deed_type":"Sale Deed / Conveyance","sro_office":"Sub-Registrar Office, Najafgarh Tehsil","execution_date":"2024-05-10","registered_owner":"Chaudhary Dharamvir Singh","seller_name":"Previous Landholder","consideration_amount_inr":"3500000.0","stamp_duty_inr":"210000.0","survey_sketch_id":"FMB-DL-32-0119","cadastral_sheet_no":"SHT-DL-32","surveyed_area_sqm":"3478.3","survey_status":"RESURVEY_REQUIRED","urban_authority":"Najafgarh Tehsil Urban Development & Town Planning Authority","zone_name":"Commercial Business District","permitted_land_use":"RESIDENTIAL","building_permission_status":"NOT_APPLICABLE","violations_reported":"False","is_encumbered":"True","encumbrance_certificate_number":"EC-DL-00000119-0119","encumbrance_type":"TRIBAL_NON_ALIENATION","financial_institution":"","mortgage_amount":"0.0","created_at":"2026-01-15T09:00:00Z","updated_at":"2026-09-24T11:30:00Z"}},{"type":"Feature","geometry":{"type":"Polygon","coordinates":[[[77.22160480238848,28.881816085889046],[77.24177034799837,28.88064181349734],[77.23917780569063,28.901216639795347],[77.22004553594225,28.898016193281848],[77.22160480238848,28.881816085889046]]]},"properties":{"ulpin":"07703924275930","parcel_id":"4456b3db-4b63-4963-83ad-d98a3be0c45c","state":"Delhi (NCT)","state_code":"DL","state_type":"UT","state_lgd_code":"7","district_lgd_code":"95","district_name":"South West Delhi","subdistrict_lgd_code":"780","subdistrict_name":"Najafgarh Tehsil","subdistrict_type":"Tehsil / Taluk","village_lgd_code":"71092","village_name":"Dhansa","khasra_plot_no":"Mustatil 32, Killa 15/D120","recorded_area":"4.16","recorded_area_unit":"Bigha-Biswa","normalized_area_sqm":"3478.3","gis_area_sqm":"3478.3","land_use_category":"COMMERCIAL","land_use_raw":"Bhumidhari (Agricultural)","status":"DISPUTED","data_freshness_status":"STALE","scenario_index":"19612","use_case_description":"Subdivision or amalgamation history review","mutation_workflow_status":"REJECTED","revenue_record_id":"ROR-DL-2025-1032-0120","revenue_record_type":"Khasra Khatauni (Delhi Bhulekh / DLR Act)","khata_khewat_no":"KHT-82","khatauni_no":"KHN-182","owner_name":"Chaudhary Dharamvir Singh","owner_name_local":"चौधरी धर्मवीर सिंह","co_owners":"","tenure_type":"Waqf / Religious Trust","mutation_status":"DISPUTED","active_mutation_id":"MUT-DL-00000120","tax_demand_status":"PAID","annual_tax_inr":"185.5","deed_number":"DEED-DL-2024-432-0120","deed_type":"Sale Deed / Conveyance","sro_office":"Sub-Registrar Office, Najafgarh Tehsil","execution_date":"2024-05-10","registered_owner":"Chaudhary Dharamvir Singh","seller_name":"Previous Landholder","consideration_amount_inr":"3500000.0","stamp_duty_inr":"210000.0","survey_sketch_id":"FMB-DL-32-0120","cadastral_sheet_no":"SHT-DL-32","surveyed_area_sqm":"3478.3","survey_status":"SURVEYED","urban_authority":"Najafgarh Tehsil Urban Development & Town Planning Authority","zone_name":"Commercial Business District","permitted_land_use":"COMMERCIAL","building_permission_status":"SANCTIONED","violations_reported":"False","is_encumbered":"True","encumbrance_certificate_number":"EC-DL-00000120-0120","encumbrance_type":"LEASE_CHARGE","financial_institution":"","mortgage_amount":"0.0","created_at":"2026-01-15T09:00:00Z","updated_at":"2026-09-24T11:30:00Z"}},{"type":"Feature","geometry":{"type":"Polygon","coordinates":[[[77.37436693371086,28.860584382315224],[77.39488404598974,28.85777300597735],[77.39488404598974,28.877609454178632],[77.3681640131588,28.878261965967763],[77.37436693371086,28.860584382315224]]]},"properties":{"ulpin":"07915239996153","parcel_id":"b926131a-68f1-4ae0-af59-0697311a7509","state":"Delhi (NCT)","state_code":"DL","state_type":"UT","state_lgd_code":"7","district_lgd_code":"95","district_name":"South West Delhi","subdistrict_lgd_code":"780","subdistrict_name":"Najafgarh Tehsil","subdistrict_type":"Tehsil / Taluk","village_lgd_code":"71092","village_name":"Dhansa","khasra_plot_no":"Mustatil 32, Killa 15/D121","recorded_area":"4.16","recorded_area_unit":"Bigha-Biswa","normalized_area_sqm":"3478.3","gis_area_sqm":"3478.3","land_use_category":"INDUSTRIAL","land_use_raw":"Bhumidhari (Agricultural)","status":"ARCHIVED","data_freshness_status":"UNKNOWN","scenario_index":"19613","use_case_description":"Bank mortgage and active encumbrance","mutation_workflow_status":"SLA_BREACHED","revenue_record_id":"ROR-DL-2025-1032-0121","revenue_record_type":"Khasra Khatauni (Delhi Bhulekh / DLR Act)","khata_khewat_no":"KHT-82","khatauni_no":"KHN-182","owner_name":"Chaudhary Dharamvir Singh","owner_name_local":"चौधरी धर्मवीर सिंह","co_owners":"","tenure_type":"Tribal Community Tenure","mutation_status":"NONE","active_mutation_id":"MUT-DL-00000121","tax_demand_status":"PAID","annual_tax_inr":"185.5","deed_number":"DEED-DL-2024-432-0121","deed_type":"Sale Deed / Conveyance","sro_office":"Sub-Registrar Office, Najafgarh Tehsil","execution_date":"2024-05-10","registered_owner":"Chaudhary Dharamvir Singh","seller_name":"Previous Landholder","consideration_amount_inr":"3500000.0","stamp_duty_inr":"210000.0","survey_sketch_id":"FMB-DL-32-0121","cadastral_sheet_no":"SHT-DL-32","surveyed_area_sqm":"3478.3","survey_status":"PENDING","urban_authority":"Najafgarh Tehsil Urban Development & Town Planning Authority","zone_name":"Commercial Business District","permitted_land_use":"INDUSTRIAL","building_permission_status":"PENDING","violations_reported":"False","is_encumbered":"False","encumbrance_certificate_number":"EC-DL-2024-132-0121","encumbrance_type":"NIL","financial_institution":"","mortgage_amount":"0.0","created_at":"2026-01-15T09:00:00Z","updated_at":"2026-09-24T11:30:00Z"}},{"type":"Feature","geometry":{"type":"Polygon","coordinates":[[[77.29730288659213,29.011288284631533],[77.32165292007079,29.01668871079059],[77.31872138938063,29.035880433458082],[77.29730288659213,29.0355206480091],[77.29730288659213,29.011288284631533]]]},"properties":{"ulpin":"07828172246995","parcel_id":"739583eb-0dd2-45db-942e-509acb69e3f1","state":"Delhi (NCT)","state_code":"DL","state_type":"UT","state_lgd_code":"7","district_lgd_code":"95","district_name":"South West Delhi","subdistrict_lgd_code":"780","subdistrict_name":"Najafgarh Tehsil","subdistrict_type":"Tehsil / Taluk","village_lgd_code":"71092","village_name":"Dhansa","khasra_plot_no":"Mustatil 32, Killa 15/D122","recorded_area":"4.16","recorded_area_unit":"Bigha-Biswa","normalized_area_sqm":"3478.3","gis_area_sqm":"3478.3","land_use_category":"AGRICULTURAL","land_use_raw":"Bhumidhari (Agricultural)","status":"ACTIVE","data_freshness_status":"CURRENT","scenario_index":"19614","use_case_description":"Bank mortgage and active encumbrance","mutation_workflow_status":"SUBMITTED","revenue_record_id":"ROR-DL-2025-1032-0122","revenue_record_type":"Khasra Khatauni (Delhi Bhulekh / DLR Act)","khata_khewat_no":"KHT-82","khatauni_no":"KHN-182","owner_name":"Chaudhary Dharamvir Singh","owner_name_local":"चौधरी धर्मवीर सिंह","co_owners":"","tenure_type":"Bhumiswami / Raiyati with Transferable Rights","mutation_status":"MUTATED","active_mutation_id":"","tax_demand_status":"PAID","annual_tax_inr":"185.5","deed_number":"DEED-DL-2024-432-0122","deed_type":"Sale Deed / Conveyance","sro_office":"Sub-Registrar Office, Najafgarh Tehsil","execution_date":"2024-05-10","registered_owner":"Registry Variance Owner 122","seller_name":"Previous Landholder","consideration_amount_inr":"3500000.0","stamp_duty_inr":"210000.0","survey_sketch_id":"FMB-DL-32-0122","cadastral_sheet_no":"SHT-DL-32","surveyed_area_sqm":"3478.3","survey_status":"DISPUTED","urban_authority":"Najafgarh Tehsil Urban Development & Town Planning Authority","zone_name":"Commercial Business District","permitted_land_use":"AGRICULTURAL","building_permission_status":"REJECTED","violations_reported":"True","is_encumbered":"True","encumbrance_certificate_number":"EC-DL-00000122-0122","encumbrance_type":"BANK_MORTGAGE","financial_institution":"","mortgage_amount":"0.0","created_at":"2026-01-15T09:00:00Z","updated_at":"2026-09-24T11:30:00Z"}},{"type":"Feature","geometry":{"type":"Polygon","coordinates":[[[77.20129840112658,28.802086359916334],[77.21817954386319,28.79986771937757],[77.22273479996609,28.816999570809596],[77.20129840112658,28.81717444409155],[77.20129840112658,28.802086359916334]]]},"properties":{"ulpin":"07099383021659","parcel_id":"6076c4cd-7ae3-4b4c-ba71-b41b03ccadc8","state":"Delhi (NCT)","state_code":"DL","state_type":"UT","state_lgd_code":"7","district_lgd_code":"95","district_name":"South West Delhi","subdistrict_lgd_code":"780","subdistrict_name":"Najafgarh Tehsil","subdistrict_type":"Tehsil / Taluk","village_lgd_code":"71092","village_name":"Dhansa","khasra_plot_no":"Mustatil 32, Killa 15/D123","recorded_area":"4.16","recorded_area_unit":"Bigha-Biswa","normalized_area_sqm":"3478.3","gis_area_sqm":"3478.3","land_use_category":"INSTITUTIONAL","land_use_raw":"Bhumidhari (Agricultural)","status":"PENDING_MUTATION","data_freshness_status":"STALE","scenario_index":"19615","use_case_description":"Government revenue lien and tax demand","mutation_workflow_status":"UNDER_VERIFICATION","revenue_record_id":"ROR-DL-2025-1032-0123","revenue_record_type":"Khasra Khatauni (Delhi Bhulekh / DLR Act)","khata_khewat_no":"KHT-82","khatauni_no":"KHN-182","owner_name":"Chaudhary Dharamvir Singh","owner_name_local":"चौधरी धर्मवीर सिंह","co_owners":"","tenure_type":"Bhumiswami / Freehold","mutation_status":"PENDING","active_mutation_id":"MUT-DL-00000123","tax_demand_status":"PAID","annual_tax_inr":"185.5","deed_number":"DEED-DL-2024-432-0123","deed_type":"Sale Deed / Conveyance","sro_office":"Sub-Registrar Office, Najafgarh Tehsil","execution_date":"2024-05-10","registered_owner":"Chaudhary Dharamvir Singh","seller_name":"Previous Landholder","consideration_amount_inr":"3500000.0","stamp_duty_inr":"210000.0","survey_sketch_id":"FMB-DL-32-0123","cadastral_sheet_no":"SHT-DL-32","surveyed_area_sqm":"3478.3","survey_status":"RESURVEY_REQUIRED","urban_authority":"Najafgarh Tehsil Urban Development & Town Planning Authority","zone_name":"Commercial Business District","permitted_land_use":"INSTITUTIONAL","building_permission_status":"NOT_APPLICABLE","violations_reported":"False","is_encumbered":"True","encumbrance_certificate_number":"EC-DL-00000123-0123","encumbrance_type":"GOVT_REVENUE_LIEN","financial_institution":"","mortgage_amount":"0.0","created_at":"2026-01-15T09:00:00Z","updated_at":"2026-09-24T11:30:00Z"}},{"type":"Feature","geometry":{"type":"Polygon","coordinates":[[[77.51544342086567,28.522112917252826],[77.53034367604498,28.519666024226357],[77.53047888834847,28.5392927469518],[77.51403493268462,28.537455488441434],[77.51544342086567,28.522112917252826]]]},"properties":{"ulpin":"07944487660020","parcel_id":"a55c2e03-b0a4-4a61-804a-fd86f777e3f8","state":"Delhi (NCT)","state_code":"DL","state_type":"UT","state_lgd_code":"7","district_lgd_code":"95","district_name":"South West Delhi","subdistrict_lgd_code":"780","subdistrict_name":"Najafgarh Tehsil","subdistrict_type":"Tehsil / Taluk","village_lgd_code":"71092","village_name":"Dhansa","khasra_plot_no":"Mustatil 32, Killa 15/D124","recorded_area":"4.16","recorded_area_unit":"Bigha-Biswa","normalized_area_sqm":"3478.3","gis_area_sqm":"3478.3","land_use_category":"FOREST_GREEN_BELT","land_use_raw":"Bhumidhari (Agricultural)","status":"SUBDIVIDED","data_freshness_status":"UNKNOWN","scenario_index":"19616","use_case_description":"Court attachment and disputed possession","mutation_workflow_status":"NOTICE_PERIOD","revenue_record_id":"ROR-DL-2025-1032-0124","revenue_record_type":"Khasra Khatauni (Delhi Bhulekh / DLR Act)","khata_khewat_no":"KHT-82","khatauni_no":"KHN-182","owner_name":"Chaudhary Dharamvir Singh","owner_name_local":"चौधरी धर्मवीर सिंह","co_owners":"","tenure_type":"Leasehold","mutation_status":"UNMUTATED_TRANSACTION","active_mutation_id":"MUT-DL-00000124","tax_demand_status":"PAID","annual_tax_inr":"185.5","deed_number":"DEED-DL-2024-432-0124","deed_type":"Sale Deed / Conveyance","sro_office":"Sub-Registrar Office, Najafgarh Tehsil","execution_date":"2024-05-10","registered_owner":"Chaudhary Dharamvir Singh","seller_name":"Previous Landholder","consideration_amount_inr":"3500000.0","stamp_duty_inr":"210000.0","survey_sketch_id":"FMB-DL-32-0124","cadastral_sheet_no":"SHT-DL-32","surveyed_area_sqm":"3478.3","survey_status":"SURVEYED","urban_authority":"Najafgarh Tehsil Urban Development & Town Planning Authority","zone_name":"Commercial Business District","permitted_land_use":"FOREST_GREEN_BELT","building_permission_status":"SANCTIONED","violations_reported":"False","is_encumbered":"True","encumbrance_certificate_number":"EC-DL-00000124-0124","encumbrance_type":"COURT_ATTACHMENT","financial_institution":"","mortgage_amount":"0.0","created_at":"2026-01-15T09:00:00Z","updated_at":"2026-09-24T11:30:00Z"}},{"type":"Feature","geometry":{"type":"Polygon","coordinates":[[[77.25648655585445,28.838854396375723],[77.2772402005943,28.83863523683245],[77.2772402005943,28.858620624078494],[77.25572168183915,28.86164066599796],[77.25648655585445,28.838854396375723]]]},"properties":{"ulpin":"07185145209743","parcel_id":"9a81be0a-a5f5-4c29-b22a-4c37669d695b","state":"Delhi (NCT)","state_code":"DL","state_type":"UT","state_lgd_code":"7","district_lgd_code":"95","district_name":"South West Delhi","subdistrict_lgd_code":"780","subdistrict_name":"Najafgarh Tehsil","subdistrict_type":"Tehsil / Taluk","village_lgd_code":"71092","village_name":"Dhansa","khasra_plot_no":"Mustatil 32, Killa 15/D125","recorded_area":"4.16","recorded_area_unit":"Bigha-Biswa","normalized_area_sqm":"3478.3","gis_area_sqm":"3478.3","land_use_category":"WATER_BODY","land_use_raw":"Bhumidhari (Agricultural)","status":"AMALGAMATED","data_freshness_status":"CURRENT","scenario_index":"19617","use_case_description":"Tribal non-alienation protection review","mutation_workflow_status":"HEARING_SCHEDULED","revenue_record_id":"ROR-DL-2025-1032-0125","revenue_record_type":"Khasra Khatauni (Delhi Bhulekh / DLR Act)","khata_khewat_no":"KHT-82","khatauni_no":"KHN-182","owner_name":"Chaudhary Dharamvir Singh","owner_name_local":"चौधरी धर्मवीर सिंह","co_owners":"","tenure_type":"Government Grant","mutation_status":"REJECTED","active_mutation_id":"MUT-DL-00000125","tax_demand_status":"PAID","annual_tax_inr":"185.5","deed_number":"DEED-DL-2024-432-0125","deed_type":"Sale Deed / Conveyance","sro_office":"Sub-Registrar Office, Najafgarh Tehsil","execution_date":"2024-05-10","registered_owner":"Chaudhary Dharamvir Singh","seller_name":"Previous Landholder","consideration_amount_inr":"3500000.0","stamp_duty_inr":"210000.0","survey_sketch_id":"FMB-DL-32-0125","cadastral_sheet_no":"SHT-DL-32","surveyed_area_sqm":"3478.3","survey_status":"PENDING","urban_authority":"Najafgarh Tehsil Urban Development & Town Planning Authority","zone_name":"Commercial Business District","permitted_land_use":"WATER_BODY","building_permission_status":"PENDING","violations_reported":"False","is_encumbered":"True","encumbrance_certificate_number":"EC-DL-00000125-0125","encumbrance_type":"TRIBAL_NON_ALIENATION","financial_institution":"","mortgage_amount":"0.0","created_at":"2026-01-15T09:00:00Z","updated_at":"2026-09-24T11:30:00Z"}},{"type":"Feature","geometry":{"type":"Polygon","coordinates":[[[77.37374809327119,28.997384736853967],[77.39488404598974,28.99483901176412],[77.39488404598974,29.011180649699586],[77.37380259310548,29.013824915293128],[77.37374809327119,28.997384736853967]]]},"properties":{"ulpin":"07307526395112","parcel_id":"fba21d0f-0eb0-4eca-9d13-adcad247ab93","state":"Delhi (NCT)","state_code":"DL","state_type":"UT","state_lgd_code":"7","district_lgd_code":"95","district_name":"South West Delhi","subdistrict_lgd_code":"780","subdistrict_name":"Najafgarh Tehsil","subdistrict_type":"Tehsil / Taluk","village_lgd_code":"71092","village_name":"Dhansa","khasra_plot_no":"Mustatil 32, Killa 15/D126","recorded_area":"4.16","recorded_area_unit":"Bigha-Biswa","normalized_area_sqm":"3478.3","gis_area_sqm":"3478.3","land_use_category":"MIXED_USE","land_use_raw":"Bhumidhari (Agricultural)","status":"DISPUTED","data_freshness_status":"STALE","scenario_index":"19618","use_case_description":"Lease charge and institutional tenancy","mutation_workflow_status":"APPROVED","revenue_record_id":"ROR-DL-2025-1032-0126","revenue_record_type":"Khasra Khatauni (Delhi Bhulekh / DLR Act)","khata_khewat_no":"KHT-82","khatauni_no":"KHN-182","owner_name":"Chaudhary Dharamvir Singh","owner_name_local":"चौधरी धर्मवीर सिंह","co_owners":"","tenure_type":"Waqf / Religious Trust","mutation_status":"DISPUTED","active_mutation_id":"MUT-DL-00000126","tax_demand_status":"PAID","annual_tax_inr":"185.5","deed_number":"DEED-DL-2024-432-0126","deed_type":"Sale Deed / Conveyance","sro_office":"Sub-Registrar Office, Najafgarh Tehsil","execution_date":"2024-05-10","registered_owner":"Chaudhary Dharamvir Singh","seller_name":"Previous Landholder","consideration_amount_inr":"3500000.0","stamp_duty_inr":"210000.0","survey_sketch_id":"FMB-DL-32-0126","cadastral_sheet_no":"SHT-DL-32","surveyed_area_sqm":"3478.3","survey_status":"DISPUTED","urban_authority":"Najafgarh Tehsil Urban Development & Town Planning Authority","zone_name":"Commercial Business District","permitted_land_use":"MIXED_USE","building_permission_status":"REJECTED","violations_reported":"False","is_encumbered":"True","encumbrance_certificate_number":"EC-DL-00000126-0126","encumbrance_type":"LEASE_CHARGE","financial_institution":"","mortgage_amount":"0.0","created_at":"2026-01-15T09:00:00Z","updated_at":"2026-09-24T11:30:00Z"}},{"type":"Feature","geometry":{"type":"Polygon","coordinates":[[[77.20906368766103,28.679487914085332],[77.22515770866475,28.682353759839973],[77.22652028118479,28.69634039166749],[77.20845099778478,28.69634039166749],[77.20906368766103,28.679487914085332]]]},"properties":{"ulpin":"07140921315909","parcel_id":"b57087a3-7fcb-47da-b461-ec3de88df4d5","state":"Delhi (NCT)","state_code":"DL","state_type":"UT","state_lgd_code":"7","district_lgd_code":"95","district_name":"South West Delhi","subdistrict_lgd_code":"780","subdistrict_name":"Najafgarh Tehsil","subdistrict_type":"Tehsil / Taluk","village_lgd_code":"71092","village_name":"Dhansa","khasra_plot_no":"Mustatil 32, Killa 15/D127","recorded_area":"4.16","recorded_area_unit":"Bigha-Biswa","normalized_area_sqm":"3478.3","gis_area_sqm":"3478.3","land_use_category":"OTHER","land_use_raw":"Bhumidhari (Agricultural)","status":"ARCHIVED","data_freshness_status":"UNKNOWN","scenario_index":"19619","use_case_description":"Archived historical record for audit retrieval","mutation_workflow_status":"REJECTED","revenue_record_id":"ROR-DL-2025-1032-0127","revenue_record_type":"Khasra Khatauni (Delhi Bhulekh / DLR Act)","khata_khewat_no":"KHT-82","khatauni_no":"KHN-182","owner_name":"Chaudhary Dharamvir Singh","owner_name_local":"चौधरी धर्मवीर सिंह","co_owners":"","tenure_type":"Tribal Community Tenure","mutation_status":"NONE","active_mutation_id":"MUT-DL-00000127","tax_demand_status":"PAID","annual_tax_inr":"185.5","deed_number":"DEED-DL-2024-432-0127","deed_type":"Sale Deed / Conveyance","sro_office":"Sub-Registrar Office, Najafgarh Tehsil","execution_date":"2024-05-10","registered_owner":"Registry Variance Owner 127","seller_name":"Previous Landholder","consideration_amount_inr":"3500000.0","stamp_duty_inr":"210000.0","survey_sketch_id":"FMB-DL-32-0127","cadastral_sheet_no":"SHT-DL-32","surveyed_area_sqm":"3478.3","survey_status":"RESURVEY_REQUIRED","urban_authority":"Najafgarh Tehsil Urban Development & Town Planning Authority","zone_name":"Commercial Business District","permitted_land_use":"OTHER","building_permission_status":"NOT_APPLICABLE","violations_reported":"False","is_encumbered":"False","encumbrance_certificate_number":"EC-DL-2024-132-0127","encumbrance_type":"NIL","financial_institution":"","mortgage_amount":"0.0","created_at":"2026-01-15T09:00:00Z","updated_at":"2026-09-24T11:30:00Z"}},{"type":"Feature","geometry":{"type":"Polygon","coordinates":[[[77.476722043292,28.47904894140924],[77.49928371859541,28.479993084419547],[77.49791621718704,28.502753622045066],[77.4790440374161,28.502037842401258],[77.476722043292,28.47904894140924]]]},"properties":{"ulpin":"07275750775427","parcel_id":"b4f2da09-6009-40fb-ab1b-681541352c9a","state":"Delhi (NCT)","state_code":"DL","state_type":"UT","state_lgd_code":"7","district_lgd_code":"95","district_name":"South West Delhi","subdistrict_lgd_code":"780","subdistrict_name":"Najafgarh Tehsil","subdistrict_type":"Tehsil / Taluk","village_lgd_code":"71092","village_name":"Dhansa","khasra_plot_no":"Mustatil 32, Killa 15/D128","recorded_area":"4.16","recorded_area_unit":"Bigha-Biswa","normalized_area_sqm":"3478.3","gis_area_sqm":"3478.3","land_use_category":"RESIDENTIAL","land_use_raw":"Bhumidhari (Agricultural)","status":"ACTIVE","data_freshness_status":"CURRENT","scenario_index":"19620","use_case_description":"Archived historical record for audit retrieval","mutation_workflow_status":"SLA_BREACHED","revenue_record_id":"ROR-DL-2025-1032-0128","revenue_record_type":"Khasra Khatauni (Delhi Bhulekh / DLR Act)","khata_khewat_no":"KHT-82","khatauni_no":"KHN-182","owner_name":"Chaudhary Dharamvir Singh","owner_name_local":"चौधरी धर्मवीर सिंह","co_owners":"","tenure_type":"Bhumiswami / Raiyati with Transferable Rights","mutation_status":"MUTATED","active_mutation_id":"","tax_demand_status":"PAID","annual_tax_inr":"185.5","deed_number":"DEED-DL-2024-432-0128","deed_type":"Sale Deed / Conveyance","sro_office":"Sub-Registrar Office, Najafgarh Tehsil","execution_date":"2024-05-10","registered_owner":"Chaudhary Dharamvir Singh","seller_name":"Previous Landholder","consideration_amount_inr":"3500000.0","stamp_duty_inr":"210000.0","survey_sketch_id":"FMB-DL-32-0128","cadastral_sheet_no":"SHT-DL-32","surveyed_area_sqm":"3478.3","survey_status":"SURVEYED","urban_authority":"Najafgarh Tehsil Urban Development & Town Planning Authority","zone_name":"Commercial Business District","permitted_land_use":"RESIDENTIAL","building_permission_status":"SANCTIONED","violations_reported":"False","is_encumbered":"True","encumbrance_certificate_number":"EC-DL-00000128-0128","encumbrance_type":"BANK_MORTGAGE","financial_institution":"","mortgage_amount":"0.0","created_at":"2026-01-15T09:00:00Z","updated_at":"2026-09-24T11:30:00Z"}},{"type":"Feature","geometry":{"type":"Polygon","coordinates":[[[77.26021744556628,28.58247281153268],[77.27453522521209,28.58421218877841],[77.27453522521209,28.597456322640628],[77.25911836354324,28.599896579949068],[77.26021744556628,28.58247281153268]]]},"properties":{"ulpin":"07741526736942","parcel_id":"8fd8b837-ebb7-4667-b1b1-d14df21e234e","state":"Delhi (NCT)","state_code":"DL","state_type":"UT","state_lgd_code":"7","district_lgd_code":"95","district_name":"South West Delhi","subdistrict_lgd_code":"780","subdistrict_name":"Najafgarh Tehsil","subdistrict_type":"Tehsil / Taluk","village_lgd_code":"71092","village_name":"Dhansa","khasra_plot_no":"Mustatil 32, Killa 15/D129","recorded_area":"4.16","recorded_area_unit":"Bigha-Biswa","normalized_area_sqm":"3478.3","gis_area_sqm":"3478.3","land_use_category":"COMMERCIAL","land_use_raw":"Bhumidhari (Agricultural)","status":"PENDING_MUTATION","data_freshness_status":"STALE","scenario_index":"19621","use_case_description":"Bank mortgage and active encumbrance","mutation_workflow_status":"SUBMITTED","revenue_record_id":"ROR-DL-2025-1032-0129","revenue_record_type":"Khasra Khatauni (Delhi Bhulekh / DLR Act)","khata_khewat_no":"KHT-82","khatauni_no":"KHN-182","owner_name":"Chaudhary Dharamvir Singh","owner_name_local":"चौधरी धर्मवीर सिंह","co_owners":"","tenure_type":"Bhumiswami / Freehold","mutation_status":"PENDING","active_mutation_id":"MUT-DL-00000129","tax_demand_status":"PAID","annual_tax_inr":"185.5","deed_number":"DEED-DL-2024-432-0129","deed_type":"Sale Deed / Conveyance","sro_office":"Sub-Registrar Office, Najafgarh Tehsil","execution_date":"2024-05-10","registered_owner":"Chaudhary Dharamvir Singh","seller_name":"Previous Landholder","consideration_amount_inr":"3500000.0","stamp_duty_inr":"210000.0","survey_sketch_id":"FMB-DL-32-0129","cadastral_sheet_no":"SHT-DL-32","surveyed_area_sqm":"3478.3","survey_status":"PENDING","urban_authority":"Najafgarh Tehsil Urban Development & Town Planning Authority","zone_name":"Commercial Business District","permitted_land_use":"COMMERCIAL","building_permission_status":"PENDING","violations_reported":"True","is_encumbered":"True","encumbrance_certificate_number":"EC-DL-00000129-0129","encumbrance_type":"GOVT_REVENUE_LIEN","financial_institution":"","mortgage_amount":"0.0","created_at":"2026-01-15T09:00:00Z","updated_at":"2026-09-24T11:30:00Z"}},{"type":"Feature","geometry":{"type":"Polygon","coordinates":[[[77.35327549375738,28.56654046605411],[77.37649980107567,28.563689426646114],[77.37649980107567,28.584329559398103],[77.3555227581881,28.582789904320705],[77.35327549375738,28.56654046605411]]]},"properties":{"ulpin":"07817279865020","parcel_id":"7a8705cd-081f-4dd2-93aa-73a0a55df119","state":"Delhi (NCT)","state_code":"DL","state_type":"UT","state_lgd_code":"7","district_lgd_code":"95","district_name":"South West Delhi","subdistrict_lgd_code":"780","subdistrict_name":"Najafgarh Tehsil","subdistrict_type":"Tehsil / Taluk","village_lgd_code":"71092","village_name":"Dhansa","khasra_plot_no":"Mustatil 32, Killa 15/D130","recorded_area":"4.16","recorded_area_unit":"Bigha-Biswa","normalized_area_sqm":"3478.3","gis_area_sqm":"3478.3","land_use_category":"INDUSTRIAL","land_use_raw":"Bhumidhari (Agricultural)","status":"SUBDIVIDED","data_freshness_status":"UNKNOWN","scenario_index":"19622","use_case_description":"Government revenue lien and tax demand","mutation_workflow_status":"UNDER_VERIFICATION","revenue_record_id":"ROR-DL-2025-1032-0130","revenue_record_type":"Khasra Khatauni (Delhi Bhulekh / DLR Act)","khata_khewat_no":"KHT-82","khatauni_no":"KHN-182","owner_name":"Chaudhary Dharamvir Singh","owner_name_local":"चौधरी धर्मवीर सिंह","co_owners":"","tenure_type":"Leasehold","mutation_status":"UNMUTATED_TRANSACTION","active_mutation_id":"MUT-DL-00000130","tax_demand_status":"PAID","annual_tax_inr":"185.5","deed_number":"DEED-DL-2024-432-0130","deed_type":"Sale Deed / Conveyance","sro_office":"Sub-Registrar Office, Najafgarh Tehsil","execution_date":"2024-05-10","registered_owner":"Chaudhary Dharamvir Singh","seller_name":"Previous Landholder","consideration_amount_inr":"3500000.0","stamp_duty_inr":"210000.0","survey_sketch_id":"FMB-DL-32-0130","cadastral_sheet_no":"SHT-DL-32","surveyed_area_sqm":"3478.3","survey_status":"DISPUTED","urban_authority":"Najafgarh Tehsil Urban Development & Town Planning Authority","zone_name":"Commercial Business District","permitted_land_use":"INDUSTRIAL","building_permission_status":"REJECTED","violations_reported":"False","is_encumbered":"True","encumbrance_certificate_number":"EC-DL-00000130-0130","encumbrance_type":"COURT_ATTACHMENT","financial_institution":"","mortgage_amount":"0.0","created_at":"2026-01-15T09:00:00Z","updated_at":"2026-09-24T11:30:00Z"}},{"type":"Feature","geometry":{"type":"Polygon","coordinates":[[[77.3575168928402,28.607818299564567],[77.37649980107567,28.60628689641854],[77.37649980107567,28.625769775797416],[77.35461876819684,28.627856311285736],[77.3575168928402,28.607818299564567]]]},"properties":{"ulpin":"07205727388750","parcel_id":"91d3319d-7ce0-4dcb-9f01-28f5ff5d3fed","state":"Delhi (NCT)","state_code":"DL","state_type":"UT","state_lgd_code":"7","district_lgd_code":"95","district_name":"South West Delhi","subdistrict_lgd_code":"780","subdistrict_name":"Najafgarh Tehsil","subdistrict_type":"Tehsil / Taluk","village_lgd_code":"71092","village_name":"Dhansa","khasra_plot_no":"Mustatil 32, Killa 15/D131","recorded_area":"4.16","recorded_area_unit":"Bigha-Biswa","normalized_area_sqm":"3478.3","gis_area_sqm":"3478.3","land_use_category":"AGRICULTURAL","land_use_raw":"Bhumidhari (Agricultural)","status":"AMALGAMATED","data_freshness_status":"CURRENT","scenario_index":"19623","use_case_description":"Court attachment and disputed possession","mutation_workflow_status":"NOTICE_PERIOD","revenue_record_id":"ROR-DL-2025-1032-0131","revenue_record_type":"Khasra Khatauni (Delhi Bhulekh / DLR Act)","khata_khewat_no":"KHT-82","khatauni_no":"KHN-182","owner_name":"Chaudhary Dharamvir Singh","owner_name_local":"चौधरी धर्मवीर सिंह","co_owners":"","tenure_type":"Government Grant","mutation_status":"REJECTED","active_mutation_id":"MUT-DL-00000131","tax_demand_status":"PAID","annual_tax_inr":"185.5","deed_number":"DEED-DL-2024-432-0131","deed_type":"Sale Deed / Conveyance","sro_office":"Sub-Registrar Office, Najafgarh Tehsil","execution_date":"2024-05-10","registered_owner":"Chaudhary Dharamvir Singh","seller_name":"Previous Landholder","consideration_amount_inr":"3500000.0","stamp_duty_inr":"210000.0","survey_sketch_id":"FMB-DL-32-0131","cadastral_sheet_no":"SHT-DL-32","surveyed_area_sqm":"3478.3","survey_status":"RESURVEY_REQUIRED","urban_authority":"Najafgarh Tehsil Urban Development & Town Planning Authority","zone_name":"Commercial Business District","permitted_land_use":"AGRICULTURAL","building_permission_status":"NOT_APPLICABLE","violations_reported":"False","is_encumbered":"True","encumbrance_certificate_number":"EC-DL-00000131-0131","encumbrance_type":"TRIBAL_NON_ALIENATION","financial_institution":"","mortgage_amount":"0.0","created_at":"2026-01-15T09:00:00Z","updated_at":"2026-09-24T11:30:00Z"}},{"type":"Feature","geometry":{"type":"Polygon","coordinates":[[[77.33475655920768,28.566711317639996],[77.35327549375738,28.56654046605411],[77.3555227581881,28.582789904320705],[77.33445491365737,28.584625250268353],[77.33475655920768,28.566711317639996]]]},"properties":{"ulpin":"07468714351517","parcel_id":"76394ab5-ab39-4b02-ae7c-adcb48d010d5","state":"Delhi (NCT)","state_code":"DL","state_type":"UT","state_lgd_code":"7","district_lgd_code":"95","district_name":"South West Delhi","subdistrict_lgd_code":"780","subdistrict_name":"Najafgarh Tehsil","subdistrict_type":"Tehsil / Taluk","village_lgd_code":"71092","village_name":"Dhansa","khasra_plot_no":"Mustatil 32, Killa 15/D132","recorded_area":"4.16","recorded_area_unit":"Bigha-Biswa","normalized_area_sqm":"3478.3","gis_area_sqm":"3478.3","land_use_category":"INSTITUTIONAL","land_use_raw":"Bhumidhari (Agricultural)","status":"DISPUTED","data_freshness_status":"STALE","scenario_index":"19624","use_case_description":"Tribal non-alienation protection review","mutation_workflow_status":"HEARING_SCHEDULED","revenue_record_id":"ROR-DL-2025-1032-0132","revenue_record_type":"Khasra Khatauni (Delhi Bhulekh / DLR Act)","khata_khewat_no":"KHT-82","khatauni_no":"KHN-182","owner_name":"Chaudhary Dharamvir Singh","owner_name_local":"चौधरी धर्मवीर सिंह","co_owners":"","tenure_type":"Waqf / Religious Trust","mutation_status":"DISPUTED","active_mutation_id":"MUT-DL-00000132","tax_demand_status":"PAID","annual_tax_inr":"185.5","deed_number":"DEED-DL-2024-432-0132","deed_type":"Sale Deed / Conveyance","sro_office":"Sub-Registrar Office, Najafgarh Tehsil","execution_date":"2024-05-10","registered_owner":"Registry Variance Owner 132","seller_name":"Previous Landholder","consideration_amount_inr":"3500000.0","stamp_duty_inr":"210000.0","survey_sketch_id":"FMB-DL-32-0132","cadastral_sheet_no":"SHT-DL-32","surveyed_area_sqm":"3478.3","survey_status":"SURVEYED","urban_authority":"Najafgarh Tehsil Urban Development & Town Planning Authority","zone_name":"Commercial Business District","permitted_land_use":"INSTITUTIONAL","building_permission_status":"SANCTIONED","violations_reported":"False","is_encumbered":"True","encumbrance_certificate_number":"EC-DL-00000132-0132","encumbrance_type":"LEASE_CHARGE","financial_institution":"","mortgage_amount":"0.0","created_at":"2026-01-15T09:00:00Z","updated_at":"2026-09-24T11:30:00Z"}},{"type":"Feature","geometry":{"type":"Polygon","coordinates":[[[77.24212031526709,28.64994320862772],[77.25612042255129,28.646503045909036],[77.26008964246292,28.665252963870046],[77.24388862445751,28.66428864246338],[77.24212031526709,28.64994320862772]]]},"properties":{"ulpin":"07245059215671","parcel_id":"fd918ef9-e558-4d69-a903-2b5e7be7b284","state":"Delhi (NCT)","state_code":"DL","state_type":"UT","state_lgd_code":"7","district_lgd_code":"95","district_name":"South West Delhi","subdistrict_lgd_code":"780","subdistrict_name":"Najafgarh Tehsil","subdistrict_type":"Tehsil / Taluk","village_lgd_code":"71092","village_name":"Dhansa","khasra_plot_no":"Mustatil 32, Killa 15/D133","recorded_area":"4.16","recorded_area_unit":"Bigha-Biswa","normalized_area_sqm":"3478.3","gis_area_sqm":"3478.3","land_use_category":"FOREST_GREEN_BELT","land_use_raw":"Bhumidhari (Agricultural)","status":"ARCHIVED","data_freshness_status":"UNKNOWN","scenario_index":"19625","use_case_description":"Cadastral area discrepancy requiring resurvey","mutation_workflow_status":"APPROVED","revenue_record_id":"ROR-DL-2025-1032-0133","revenue_record_type":"Khasra Khatauni (Delhi Bhulekh / DLR Act)","khata_khewat_no":"KHT-82","khatauni_no":"KHN-182","owner_name":"Chaudhary Dharamvir Singh","owner_name_local":"चौधरी धर्मवीर सिंह","co_owners":"","tenure_type":"Tribal Community Tenure","mutation_status":"NONE","active_mutation_id":"MUT-DL-00000133","tax_demand_status":"PAID","annual_tax_inr":"185.5","deed_number":"DEED-DL-2024-432-0133","deed_type":"Sale Deed / Conveyance","sro_office":"Sub-Registrar Office, Najafgarh Tehsil","execution_date":"2024-05-10","registered_owner":"Chaudhary Dharamvir Singh","seller_name":"Previous Landholder","consideration_amount_inr":"3500000.0","stamp_duty_inr":"210000.0","survey_sketch_id":"FMB-DL-32-0133","cadastral_sheet_no":"SHT-DL-32","surveyed_area_sqm":"3478.3","survey_status":"PENDING","urban_authority":"Najafgarh Tehsil Urban Development & Town Planning Authority","zone_name":"Commercial Business District","permitted_land_use":"FOREST_GREEN_BELT","building_permission_status":"PENDING","violations_reported":"False","is_encumbered":"False","encumbrance_certificate_number":"EC-DL-2024-132-0133","encumbrance_type":"NIL","financial_institution":"","mortgage_amount":"0.0","created_at":"2026-01-15T09:00:00Z","updated_at":"2026-09-24T11:30:00Z"}},{"type":"Feature","geometry":{"type":"Polygon","coordinates":[[[77.19344769878386,28.62859625689694],[77.2106522785833,28.631239981291447],[77.20902472671658,28.645438550653537],[77.19344769878386,28.645560857236767],[77.19344769878386,28.62859625689694]]]},"properties":{"ulpin":"07122279341888","parcel_id":"f090478d-4fec-45cb-911f-a4bc77fbb50f","state":"Delhi (NCT)","state_code":"DL","state_type":"UT","state_lgd_code":"7","district_lgd_code":"95","district_name":"South West Delhi","subdistrict_lgd_code":"780","subdistrict_name":"Najafgarh Tehsil","subdistrict_type":"Tehsil / Taluk","village_lgd_code":"71092","village_name":"Dhansa","khasra_plot_no":"Mustatil 32, Killa 15/D134","recorded_area":"4.16","recorded_area_unit":"Bigha-Biswa","normalized_area_sqm":"3478.3","gis_area_sqm":"3478.3","land_use_category":"WATER_BODY","land_use_raw":"Bhumidhari (Agricultural)","status":"ACTIVE","data_freshness_status":"CURRENT","scenario_index":"19626","use_case_description":"Subdivision or amalgamation history review","mutation_workflow_status":"REJECTED","revenue_record_id":"ROR-DL-2025-1032-0134","revenue_record_type":"Khasra Khatauni (Delhi Bhulekh / DLR Act)","khata_khewat_no":"KHT-82","khatauni_no":"KHN-182","owner_name":"Chaudhary Dharamvir Singh","owner_name_local":"चौधरी धर्मवीर सिंह","co_owners":"","tenure_type":"Bhumiswami / Raiyati with Transferable Rights","mutation_status":"MUTATED","active_mutation_id":"","tax_demand_status":"PAID","annual_tax_inr":"185.5","deed_number":"DEED-DL-2024-432-0134","deed_type":"Sale Deed / Conveyance","sro_office":"Sub-Registrar Office, Najafgarh Tehsil","execution_date":"2024-05-10","registered_owner":"Chaudhary Dharamvir Singh","seller_name":"Previous Landholder","consideration_amount_inr":"3500000.0","stamp_duty_inr":"210000.0","survey_sketch_id":"FMB-DL-32-0134","cadastral_sheet_no":"SHT-DL-32","surveyed_area_sqm":"3478.3","survey_status":"DISPUTED","urban_authority":"Najafgarh Tehsil Urban Development & Town Planning Authority","zone_name":"Commercial Business District","permitted_land_use":"WATER_BODY","building_permission_status":"REJECTED","violations_reported":"False","is_encumbered":"True","encumbrance_certificate_number":"EC-DL-00000134-0134","encumbrance_type":"BANK_MORTGAGE","financial_institution":"","mortgage_amount":"0.0","created_at":"2026-01-15T09:00:00Z","updated_at":"2026-09-24T11:30:00Z"}},{"type":"Feature","geometry":{"type":"Polygon","coordinates":[[[77.49419734141256,29.035590326404485],[77.51446792925107,29.03472095423321],[77.51446792925107,29.050980925750295],[77.49107019599009,29.05356553599157],[77.49419734141256,29.035590326404485]]]},"properties":{"ulpin":"07039934307654","parcel_id":"04363169-76bb-4925-8c7d-2658ffc4060b","state":"Delhi (NCT)","state_code":"DL","state_type":"UT","state_lgd_code":"7","district_lgd_code":"95","district_name":"South West Delhi","subdistrict_lgd_code":"780","subdistrict_name":"Najafgarh Tehsil","subdistrict_type":"Tehsil / Taluk","village_lgd_code":"71092","village_name":"Dhansa","khasra_plot_no":"Mustatil 32, Killa 15/D135","recorded_area":"4.16","recorded_area_unit":"Bigha-Biswa","normalized_area_sqm":"3478.3","gis_area_sqm":"3478.3","land_use_category":"MIXED_USE","land_use_raw":"Bhumidhari (Agricultural)","status":"PENDING_MUTATION","data_freshness_status":"STALE","scenario_index":"19627","use_case_description":"Archived historical record for audit retrieval","mutation_workflow_status":"SLA_BREACHED","revenue_record_id":"ROR-DL-2025-1032-0135","revenue_record_type":"Khasra Khatauni (Delhi Bhulekh / DLR Act)","khata_khewat_no":"KHT-82","khatauni_no":"KHN-182","owner_name":"Chaudhary Dharamvir Singh","owner_name_local":"चौधरी धर्मवीर सिंह","co_owners":"","tenure_type":"Bhumiswami / Freehold","mutation_status":"PENDING","active_mutation_id":"MUT-DL-00000135","tax_demand_status":"PAID","annual_tax_inr":"185.5","deed_number":"DEED-DL-2024-432-0135","deed_type":"Sale Deed / Conveyance","sro_office":"Sub-Registrar Office, Najafgarh Tehsil","execution_date":"2024-05-10","registered_owner":"Chaudhary Dharamvir Singh","seller_name":"Previous Landholder","consideration_amount_inr":"3500000.0","stamp_duty_inr":"210000.0","survey_sketch_id":"FMB-DL-32-0135","cadastral_sheet_no":"SHT-DL-32","surveyed_area_sqm":"3478.3","survey_status":"RESURVEY_REQUIRED","urban_authority":"Najafgarh Tehsil Urban Development & Town Planning Authority","zone_name":"Commercial Business District","permitted_land_use":"MIXED_USE","building_permission_status":"NOT_APPLICABLE","violations_reported":"False","is_encumbered":"True","encumbrance_certificate_number":"EC-DL-00000135-0135","encumbrance_type":"GOVT_REVENUE_LIEN","financial_institution":"","mortgage_amount":"0.0","created_at":"2026-01-15T09:00:00Z","updated_at":"2026-09-24T11:30:00Z"}},{"type":"Feature","geometry":{"type":"Polygon","coordinates":[[[77.29730288659213,28.93917415220193],[77.31817614990061,28.938017539294968],[77.3232775022974,28.955924342122692],[77.29730288659213,28.9536786160389],[77.29730288659213,28.93917415220193]]]},"properties":{"ulpin":"07457234647143","parcel_id":"95aeef5c-bd24-40e7-8418-38fee856bc93","state":"Delhi (NCT)","state_code":"DL","state_type":"UT","state_lgd_code":"7","district_lgd_code":"95","district_name":"South West Delhi","subdistrict_lgd_code":"780","subdistrict_name":"Najafgarh Tehsil","subdistrict_type":"Tehsil / Taluk","village_lgd_code":"71092","village_name":"Dhansa","khasra_plot_no":"Mustatil 32, Killa 15/D136","recorded_area":"4.16","recorded_area_unit":"Bigha-Biswa","normalized_area_sqm":"3478.3","gis_area_sqm":"3478.3","land_use_category":"OTHER","land_use_raw":"Bhumidhari (Agricultural)","status":"SUBDIVIDED","data_freshness_status":"UNKNOWN","scenario_index":"19628","use_case_description":"Bank mortgage and active encumbrance","mutation_workflow_status":"SUBMITTED","revenue_record_id":"ROR-DL-2025-1032-0136","revenue_record_type":"Khasra Khatauni (Delhi Bhulekh / DLR Act)","khata_khewat_no":"KHT-82","khatauni_no":"KHN-182","owner_name":"Chaudhary Dharamvir Singh","owner_name_local":"चौधरी धर्मवीर सिंह","co_owners":"","tenure_type":"Leasehold","mutation_status":"UNMUTATED_TRANSACTION","active_mutation_id":"MUT-DL-00000136","tax_demand_status":"PAID","annual_tax_inr":"185.5","deed_number":"DEED-DL-2024-432-0136","deed_type":"Sale Deed / Conveyance","sro_office":"Sub-Registrar Office, Najafgarh Tehsil","execution_date":"2024-05-10","registered_owner":"Chaudhary Dharamvir Singh","seller_name":"Previous Landholder","consideration_amount_inr":"3500000.0","stamp_duty_inr":"210000.0","survey_sketch_id":"FMB-DL-32-0136","cadastral_sheet_no":"SHT-DL-32","surveyed_area_sqm":"3478.3","survey_status":"SURVEYED","urban_authority":"Najafgarh Tehsil Urban Development & Town Planning Authority","zone_name":"Commercial Business District","permitted_land_use":"OTHER","building_permission_status":"SANCTIONED","violations_reported":"True","is_encumbered":"True","encumbrance_certificate_number":"EC-DL-00000136-0136","encumbrance_type":"COURT_ATTACHMENT","financial_institution":"","mortgage_amount":"0.0","created_at":"2026-01-15T09:00:00Z","updated_at":"2026-09-24T11:30:00Z"}},{"type":"Feature","geometry":{"type":"Polygon","coordinates":[[[77.19344769878386,28.563457758069415],[77.20976941509366,28.56750961190213],[77.20738321357669,28.579449321140668],[77.19344769878386,28.584386537020848],[77.19344769878386,28.563457758069415]]]},"properties":{"ulpin":"07022094613797","parcel_id":"5dec67cd-554d-4829-a8f7-2c9fd6a16caf","state":"Delhi (NCT)","state_code":"DL","state_type":"UT","state_lgd_code":"7","district_lgd_code":"95","district_name":"South West Delhi","subdistrict_lgd_code":"780","subdistrict_name":"Najafgarh Tehsil","subdistrict_type":"Tehsil / Taluk","village_lgd_code":"71092","village_name":"Dhansa","khasra_plot_no":"Mustatil 32, Killa 15/D137","recorded_area":"4.16","recorded_area_unit":"Bigha-Biswa","normalized_area_sqm":"3478.3","gis_area_sqm":"3478.3","land_use_category":"RESIDENTIAL","land_use_raw":"Bhumidhari (Agricultural)","status":"AMALGAMATED","data_freshness_status":"CURRENT","scenario_index":"19629","use_case_description":"Government revenue lien and tax demand","mutation_workflow_status":"UNDER_VERIFICATION","revenue_record_id":"ROR-DL-2025-1032-0137","revenue_record_type":"Khasra Khatauni (Delhi Bhulekh / DLR Act)","khata_khewat_no":"KHT-82","khatauni_no":"KHN-182","owner_name":"Chaudhary Dharamvir Singh","owner_name_local":"चौधरी धर्मवीर सिंह","co_owners":"","tenure_type":"Government Grant","mutation_status":"REJECTED","active_mutation_id":"MUT-DL-00000137","tax_demand_status":"PAID","annual_tax_inr":"185.5","deed_number":"DEED-DL-2024-432-0137","deed_type":"Sale Deed / Conveyance","sro_office":"Sub-Registrar Office, Najafgarh Tehsil","execution_date":"2024-05-10","registered_owner":"Registry Variance Owner 137","seller_name":"Previous Landholder","consideration_amount_inr":"3500000.0","stamp_duty_inr":"210000.0","survey_sketch_id":"FMB-DL-32-0137","cadastral_sheet_no":"SHT-DL-32","surveyed_area_sqm":"3478.3","survey_status":"PENDING","urban_authority":"Najafgarh Tehsil Urban Development & Town Planning Authority","zone_name":"Commercial Business District","permitted_land_use":"RESIDENTIAL","building_permission_status":"PENDING","violations_reported":"False","is_encumbered":"True","encumbrance_certificate_number":"EC-DL-00000137-0137","encumbrance_type":"TRIBAL_NON_ALIENATION","financial_institution":"","mortgage_amount":"0.0","created_at":"2026-01-15T09:00:00Z","updated_at":"2026-09-24T11:30:00Z"}},{"type":"Feature","geometry":{"type":"Polygon","coordinates":[[[77.49418204417007,28.557566310083043],[77.51564363807564,28.561391208530658],[77.516313182726,28.5809621371775],[77.49640903929476,28.57707217612704],[77.49418204417007,28.557566310083043]]]},"properties":{"ulpin":"07458454251714","parcel_id":"d5beb1db-2751-4af1-ae32-1275427a080f","state":"Delhi (NCT)","state_code":"DL","state_type":"UT","state_lgd_code":"7","district_lgd_code":"95","district_name":"South West Delhi","subdistrict_lgd_code":"780","subdistrict_name":"Najafgarh Tehsil","subdistrict_type":"Tehsil / Taluk","village_lgd_code":"71092","village_name":"Dhansa","khasra_plot_no":"Mustatil 32, Killa 15/D138","recorded_area":"4.16","recorded_area_unit":"Bigha-Biswa","normalized_area_sqm":"3478.3","gis_area_sqm":"3478.3","land_use_category":"COMMERCIAL","land_use_raw":"Bhumidhari (Agricultural)","status":"DISPUTED","data_freshness_status":"STALE","scenario_index":"19630","use_case_description":"Court attachment and disputed possession","mutation_workflow_status":"NOTICE_PERIOD","revenue_record_id":"ROR-DL-2025-1032-0138","revenue_record_type":"Khasra Khatauni (Delhi Bhulekh / DLR Act)","khata_khewat_no":"KHT-82","khatauni_no":"KHN-182","owner_name":"Chaudhary Dharamvir Singh","owner_name_local":"चौधरी धर्मवीर सिंह","co_owners":"","tenure_type":"Waqf / Religious Trust","mutation_status":"DISPUTED","active_mutation_id":"MUT-DL-00000138","tax_demand_status":"PAID","annual_tax_inr":"185.5","deed_number":"DEED-DL-2024-432-0138","deed_type":"Sale Deed / Conveyance","sro_office":"Sub-Registrar Office, Najafgarh Tehsil","execution_date":"2024-05-10","registered_owner":"Chaudhary Dharamvir Singh","seller_name":"Previous Landholder","consideration_amount_inr":"3500000.0","stamp_duty_inr":"210000.0","survey_sketch_id":"FMB-DL-32-0138","cadastral_sheet_no":"SHT-DL-32","surveyed_area_sqm":"3478.3","survey_status":"DISPUTED","urban_authority":"Najafgarh Tehsil Urban Development & Town Planning Authority","zone_name":"Commercial Business District","permitted_land_use":"COMMERCIAL","building_permission_status":"REJECTED","violations_reported":"False","is_encumbered":"True","encumbrance_certificate_number":"EC-DL-00000138-0138","encumbrance_type":"LEASE_CHARGE","financial_institution":"","mortgage_amount":"0.0","created_at":"2026-01-15T09:00:00Z","updated_at":"2026-09-24T11:30:00Z"}},{"type":"Feature","geometry":{"type":"Polygon","coordinates":[[[77.33489363213228,28.545872509444724],[77.3546992270488,28.54473742350979],[77.35327549375738,28.56654046605411],[77.33475655920768,28.566711317639996],[77.33489363213228,28.545872509444724]]]},"properties":{"ulpin":"07845333845728","parcel_id":"c73d74e7-a01a-4479-bb1b-e88ab8d9689f","state":"Delhi (NCT)","state_code":"DL","state_type":"UT","state_lgd_code":"7","district_lgd_code":"95","district_name":"South West Delhi","subdistrict_lgd_code":"780","subdistrict_name":"Najafgarh Tehsil","subdistrict_type":"Tehsil / Taluk","village_lgd_code":"71092","village_name":"Dhansa","khasra_plot_no":"Mustatil 32, Killa 15/D139","recorded_area":"4.16","recorded_area_unit":"Bigha-Biswa","normalized_area_sqm":"3478.3","gis_area_sqm":"3478.3","land_use_category":"INDUSTRIAL","land_use_raw":"Bhumidhari (Agricultural)","status":"ARCHIVED","data_freshness_status":"UNKNOWN","scenario_index":"19631","use_case_description":"Tribal non-alienation protection review","mutation_workflow_status":"HEARING_SCHEDULED","revenue_record_id":"ROR-DL-2025-1032-0139","revenue_record_type":"Khasra Khatauni (Delhi Bhulekh / DLR Act)","khata_khewat_no":"KHT-82","khatauni_no":"KHN-182","owner_name":"Chaudhary Dharamvir Singh","owner_name_local":"चौधरी धर्मवीर सिंह","co_owners":"","tenure_type":"Tribal Community Tenure","mutation_status":"NONE","active_mutation_id":"MUT-DL-00000139","tax_demand_status":"PAID","annual_tax_inr":"185.5","deed_number":"DEED-DL-2024-432-0139","deed_type":"Sale Deed / Conveyance","sro_office":"Sub-Registrar Office, Najafgarh Tehsil","execution_date":"2024-05-10","registered_owner":"Chaudhary Dharamvir Singh","seller_name":"Previous Landholder","consideration_amount_inr":"3500000.0","stamp_duty_inr":"210000.0","survey_sketch_id":"FMB-DL-32-0139","cadastral_sheet_no":"SHT-DL-32","surveyed_area_sqm":"3478.3","survey_status":"RESURVEY_REQUIRED","urban_authority":"Najafgarh Tehsil Urban Development & Town Planning Authority","zone_name":"Commercial Business District","permitted_land_use":"INDUSTRIAL","building_permission_status":"NOT_APPLICABLE","violations_reported":"False","is_encumbered":"False","encumbrance_certificate_number":"EC-DL-2024-132-0139","encumbrance_type":"NIL","financial_institution":"","mortgage_amount":"0.0","created_at":"2026-01-15T09:00:00Z","updated_at":"2026-09-24T11:30:00Z"}},{"type":"Feature","geometry":{"type":"Polygon","coordinates":[[[77.47059489051067,28.94111224557827],[77.48923178520361,28.942344088070495],[77.48928083760488,28.961892489128395],[77.4676517075173,28.958149200839006],[77.47059489051067,28.94111224557827]]]},"properties":{"ulpin":"07194935746317","parcel_id":"a265df36-8128-4e85-a891-b31093fa76fa","state":"Delhi (NCT)","state_code":"DL","state_type":"UT","state_lgd_code":"7","district_lgd_code":"95","district_name":"South West Delhi","subdistrict_lgd_code":"780","subdistrict_name":"Najafgarh Tehsil","subdistrict_type":"Tehsil / Taluk","village_lgd_code":"71092","village_name":"Dhansa","khasra_plot_no":"Mustatil 32, Killa 15/D140","recorded_area":"4.16","recorded_area_unit":"Bigha-Biswa","normalized_area_sqm":"3478.3","gis_area_sqm":"3478.3","land_use_category":"AGRICULTURAL","land_use_raw":"Bhumidhari (Agricultural)","status":"ACTIVE","data_freshness_status":"CURRENT","scenario_index":"19632","use_case_description":"Lease charge and institutional tenancy","mutation_workflow_status":"APPROVED","revenue_record_id":"ROR-DL-2025-1032-0140","revenue_record_type":"Khasra Khatauni (Delhi Bhulekh / DLR Act)","khata_khewat_no":"KHT-82","khatauni_no":"KHN-182","owner_name":"Chaudhary Dharamvir Singh","owner_name_local":"चौधरी धर्मवीर सिंह","co_owners":"","tenure_type":"Bhumiswami / Raiyati with Transferable Rights","mutation_status":"MUTATED","active_mutation_id":"","tax_demand_status":"PAID","annual_tax_inr":"185.5","deed_number":"DEED-DL-2024-432-0140","deed_type":"Sale Deed / Conveyance","sro_office":"Sub-Registrar Office, Najafgarh Tehsil","execution_date":"2024-05-10","registered_owner":"Chaudhary Dharamvir Singh","seller_name":"Previous Landholder","consideration_amount_inr":"3500000.0","stamp_duty_inr":"210000.0","survey_sketch_id":"FMB-DL-32-0140","cadastral_sheet_no":"SHT-DL-32","surveyed_area_sqm":"3478.3","survey_status":"SURVEYED","urban_authority":"Najafgarh Tehsil Urban Development & Town Planning Authority","zone_name":"Commercial Business District","permitted_land_use":"AGRICULTURAL","building_permission_status":"SANCTIONED","violations_reported":"False","is_encumbered":"True","encumbrance_certificate_number":"EC-DL-00000140-0140","encumbrance_type":"BANK_MORTGAGE","financial_institution":"","mortgage_amount":"0.0","created_at":"2026-01-15T09:00:00Z","updated_at":"2026-09-24T11:30:00Z"}},{"type":"Feature","geometry":{"type":"Polygon","coordinates":[[[77.22353929889701,28.614029554288983],[77.24047509043397,28.613877708644704],[77.24289295559171,28.628815049451543],[77.2283286262489,28.63263327814867],[77.22353929889701,28.614029554288983]]]},"properties":{"ulpin":"07392106111891","parcel_id":"43b2f087-5d94-4f56-9c63-315fc8031043","state":"Delhi (NCT)","state_code":"DL","state_type":"UT","state_lgd_code":"7","district_lgd_code":"95","district_name":"South West Delhi","subdistrict_lgd_code":"780","subdistrict_name":"Najafgarh Tehsil","subdistrict_type":"Tehsil / Taluk","village_lgd_code":"71092","village_name":"Dhansa","khasra_plot_no":"Mustatil 32, Killa 15/D141","recorded_area":"4.16","recorded_area_unit":"Bigha-Biswa","normalized_area_sqm":"3478.3","gis_area_sqm":"3478.3","land_use_category":"INSTITUTIONAL","land_use_raw":"Bhumidhari (Agricultural)","status":"PENDING_MUTATION","data_freshness_status":"STALE","scenario_index":"19633","use_case_description":"Subdivision or amalgamation history review","mutation_workflow_status":"REJECTED","revenue_record_id":"ROR-DL-2025-1032-0141","revenue_record_type":"Khasra Khatauni (Delhi Bhulekh / DLR Act)","khata_khewat_no":"KHT-82","khatauni_no":"KHN-182","owner_name":"Chaudhary Dharamvir Singh","owner_name_local":"चौधरी धर्मवीर सिंह","co_owners":"","tenure_type":"Bhumiswami / Freehold","mutation_status":"PENDING","active_mutation_id":"MUT-DL-00000141","tax_demand_status":"PAID","annual_tax_inr":"185.5","deed_number":"DEED-DL-2024-432-0141","deed_type":"Sale Deed / Conveyance","sro_office":"Sub-Registrar Office, Najafgarh Tehsil","execution_date":"2024-05-10","registered_owner":"Chaudhary Dharamvir Singh","seller_name":"Previous Landholder","consideration_amount_inr":"3500000.0","stamp_duty_inr":"210000.0","survey_sketch_id":"FMB-DL-32-0141","cadastral_sheet_no":"SHT-DL-32","surveyed_area_sqm":"3478.3","survey_status":"PENDING","urban_authority":"Najafgarh Tehsil Urban Development & Town Planning Authority","zone_name":"Commercial Business District","permitted_land_use":"INSTITUTIONAL","building_permission_status":"PENDING","violations_reported":"False","is_encumbered":"True","encumbrance_certificate_number":"EC-DL-00000141-0141","encumbrance_type":"GOVT_REVENUE_LIEN","financial_institution":"","mortgage_amount":"0.0","created_at":"2026-01-15T09:00:00Z","updated_at":"2026-09-24T11:30:00Z"}},{"type":"Feature","geometry":{"type":"Polygon","coordinates":[[[77.25624923738228,28.95855718684288],[77.2772402005943,28.958139692934616],[77.2772402005943,28.982328406422024],[77.2558266885629,28.983013479028706],[77.25624923738228,28.95855718684288]]]},"properties":{"ulpin":"07505519068601","parcel_id":"391d7152-99db-45af-a0ff-6ab13120fdbc","state":"Delhi (NCT)","state_code":"DL","state_type":"UT","state_lgd_code":"7","district_lgd_code":"95","district_name":"South West Delhi","subdistrict_lgd_code":"780","subdistrict_name":"Najafgarh Tehsil","subdistrict_type":"Tehsil / Taluk","village_lgd_code":"71092","village_name":"Dhansa","khasra_plot_no":"Mustatil 32, Killa 15/D142","recorded_area":"4.16","recorded_area_unit":"Bigha-Biswa","normalized_area_sqm":"3478.3","gis_area_sqm":"3478.3","land_use_category":"FOREST_GREEN_BELT","land_use_raw":"Bhumidhari (Agricultural)","status":"SUBDIVIDED","data_freshness_status":"UNKNOWN","scenario_index":"19634","use_case_description":"Archived historical record for audit retrieval","mutation_workflow_status":"SLA_BREACHED","revenue_record_id":"ROR-DL-2025-1032-0142","revenue_record_type":"Khasra Khatauni (Delhi Bhulekh / DLR Act)","khata_khewat_no":"KHT-82","khatauni_no":"KHN-182","owner_name":"Chaudhary Dharamvir Singh","owner_name_local":"चौधरी धर्मवीर सिंह","co_owners":"","tenure_type":"Leasehold","mutation_status":"UNMUTATED_TRANSACTION","active_mutation_id":"MUT-DL-00000142","tax_demand_status":"PAID","annual_tax_inr":"185.5","deed_number":"DEED-DL-2024-432-0142","deed_type":"Sale Deed / Conveyance","sro_office":"Sub-Registrar Office, Najafgarh Tehsil","execution_date":"2024-05-10","registered_owner":"Registry Variance Owner 142","seller_name":"Previous Landholder","consideration_amount_inr":"3500000.0","stamp_duty_inr":"210000.0","survey_sketch_id":"FMB-DL-32-0142","cadastral_sheet_no":"SHT-DL-32","surveyed_area_sqm":"3478.3","survey_status":"DISPUTED","urban_authority":"Najafgarh Tehsil Urban Development & Town Planning Authority","zone_name":"Commercial Business District","permitted_land_use":"FOREST_GREEN_BELT","building_permission_status":"REJECTED","violations_reported":"False","is_encumbered":"True","encumbrance_certificate_number":"EC-DL-00000142-0142","encumbrance_type":"COURT_ATTACHMENT","financial_institution":"","mortgage_amount":"0.0","created_at":"2026-01-15T09:00:00Z","updated_at":"2026-09-24T11:30:00Z"}},{"type":"Feature","geometry":{"type":"Polygon","coordinates":[[[77.33536337507893,28.64828682529063],[77.3562902923075,28.64619957433512],[77.3527697660778,28.671975814562405],[77.33494187033908,28.67102448330812],[77.33536337507893,28.64828682529063]]]},"properties":{"ulpin":"07123803930248","parcel_id":"11df899d-9212-4692-82f6-74212c4d7dda","state":"Delhi (NCT)","state_code":"DL","state_type":"UT","state_lgd_code":"7","district_lgd_code":"95","district_name":"South West Delhi","subdistrict_lgd_code":"780","subdistrict_name":"Najafgarh Tehsil","subdistrict_type":"Tehsil / Taluk","village_lgd_code":"71092","village_name":"Dhansa","khasra_plot_no":"Mustatil 32, Killa 15/D143","recorded_area":"4.16","recorded_area_unit":"Bigha-Biswa","normalized_area_sqm":"3478.3","gis_area_sqm":"3478.3","land_use_category":"WATER_BODY","land_use_raw":"Bhumidhari (Agricultural)","status":"AMALGAMATED","data_freshness_status":"CURRENT","scenario_index":"19635","use_case_description":"Bank mortgage and active encumbrance","mutation_workflow_status":"SUBMITTED","revenue_record_id":"ROR-DL-2025-1032-0143","revenue_record_type":"Khasra Khatauni (Delhi Bhulekh / DLR Act)","khata_khewat_no":"KHT-82","khatauni_no":"KHN-182","owner_name":"Chaudhary Dharamvir Singh","owner_name_local":"चौधरी धर्मवीर सिंह","co_owners":"","tenure_type":"Government Grant","mutation_status":"REJECTED","active_mutation_id":"MUT-DL-00000143","tax_demand_status":"PAID","annual_tax_inr":"185.5","deed_number":"DEED-DL-2024-432-0143","deed_type":"Sale Deed / Conveyance","sro_office":"Sub-Registrar Office, Najafgarh Tehsil","execution_date":"2024-05-10","registered_owner":"Chaudhary Dharamvir Singh","seller_name":"Previous Landholder","consideration_amount_inr":"3500000.0","stamp_duty_inr":"210000.0","survey_sketch_id":"FMB-DL-32-0143","cadastral_sheet_no":"SHT-DL-32","surveyed_area_sqm":"3478.3","survey_status":"RESURVEY_REQUIRED","urban_authority":"Najafgarh Tehsil Urban Development & Town Planning Authority","zone_name":"Commercial Business District","permitted_land_use":"WATER_BODY","building_permission_status":"NOT_APPLICABLE","violations_reported":"True","is_encumbered":"True","encumbrance_certificate_number":"EC-DL-00000143-0143","encumbrance_type":"TRIBAL_NON_ALIENATION","financial_institution":"","mortgage_amount":"0.0","created_at":"2026-01-15T09:00:00Z","updated_at":"2026-09-24T11:30:00Z"}},{"type":"Feature","geometry":{"type":"Polygon","coordinates":[[[77.48928083760488,28.961892489128395],[77.51446792925107,28.960726746473618],[77.51446792925107,28.976517360738292],[77.49458983753514,28.981362279042063],[77.48928083760488,28.961892489128395]]]},"properties":{"ulpin":"07407796054475","parcel_id":"df2bbf04-f21b-42ed-a700-61897edf9790","state":"Delhi (NCT)","state_code":"DL","state_type":"UT","state_lgd_code":"7","district_lgd_code":"95","district_name":"South West Delhi","subdistrict_lgd_code":"780","subdistrict_name":"Najafgarh Tehsil","subdistrict_type":"Tehsil / Taluk","village_lgd_code":"71092","village_name":"Dhansa","khasra_plot_no":"Mustatil 32, Killa 15/D144","recorded_area":"4.16","recorded_area_unit":"Bigha-Biswa","normalized_area_sqm":"3478.3","gis_area_sqm":"3478.3","land_use_category":"MIXED_USE","land_use_raw":"Bhumidhari (Agricultural)","status":"DISPUTED","data_freshness_status":"STALE","scenario_index":"19636","use_case_description":"Government revenue lien and tax demand","mutation_workflow_status":"UNDER_VERIFICATION","revenue_record_id":"ROR-DL-2025-1032-0144","revenue_record_type":"Khasra Khatauni (Delhi Bhulekh / DLR Act)","khata_khewat_no":"KHT-82","khatauni_no":"KHN-182","owner_name":"Chaudhary Dharamvir Singh","owner_name_local":"चौधरी धर्मवीर सिंह","co_owners":"","tenure_type":"Waqf / Religious Trust","mutation_status":"DISPUTED","active_mutation_id":"MUT-DL-00000144","tax_demand_status":"PAID","annual_tax_inr":"185.5","deed_number":"DEED-DL-2024-432-0144","deed_type":"Sale Deed / Conveyance","sro_office":"Sub-Registrar Office, Najafgarh Tehsil","execution_date":"2024-05-10","registered_owner":"Chaudhary Dharamvir Singh","seller_name":"Previous Landholder","consideration_amount_inr":"3500000.0","stamp_duty_inr":"210000.0","survey_sketch_id":"FMB-DL-32-0144","cadastral_sheet_no":"SHT-DL-32","surveyed_area_sqm":"3478.3","survey_status":"SURVEYED","urban_authority":"Najafgarh Tehsil Urban Development & Town Planning Authority","zone_name":"Commercial Business District","permitted_land_use":"MIXED_USE","building_permission_status":"SANCTIONED","violations_reported":"False","is_encumbered":"True","encumbrance_certificate_number":"EC-DL-00000144-0144","encumbrance_type":"LEASE_CHARGE","financial_institution":"","mortgage_amount":"0.0","created_at":"2026-01-15T09:00:00Z","updated_at":"2026-09-24T11:30:00Z"}},{"type":"Feature","geometry":{"type":"Polygon","coordinates":[[[77.32165292007079,29.01668871079059],[77.34682837588603,29.0165624258671],[77.34689060224868,29.032539922167743],[77.31872138938063,29.035880433458082],[77.32165292007079,29.01668871079059]]]},"properties":{"ulpin":"07428563138679","parcel_id":"bee70389-a77b-42bb-99d3-0e9fcf5e8a68","state":"Delhi (NCT)","state_code":"DL","state_type":"UT","state_lgd_code":"7","district_lgd_code":"95","district_name":"South West Delhi","subdistrict_lgd_code":"780","subdistrict_name":"Najafgarh Tehsil","subdistrict_type":"Tehsil / Taluk","village_lgd_code":"71092","village_name":"Dhansa","khasra_plot_no":"Mustatil 32, Killa 15/D145","recorded_area":"4.16","recorded_area_unit":"Bigha-Biswa","normalized_area_sqm":"3478.3","gis_area_sqm":"3478.3","land_use_category":"OTHER","land_use_raw":"Bhumidhari (Agricultural)","status":"ARCHIVED","data_freshness_status":"UNKNOWN","scenario_index":"19637","use_case_description":"Pending sale mutation within statutory SLA","mutation_workflow_status":"NOTICE_PERIOD","revenue_record_id":"ROR-DL-2025-1032-0145","revenue_record_type":"Khasra Khatauni (Delhi Bhulekh / DLR Act)","khata_khewat_no":"KHT-82","khatauni_no":"KHN-182","owner_name":"Chaudhary Dharamvir Singh","owner_name_local":"चौधरी धर्मवीर सिंह","co_owners":"","tenure_type":"Tribal Community Tenure","mutation_status":"NONE","active_mutation_id":"MUT-DL-00000145","tax_demand_status":"PAID","annual_tax_inr":"185.5","deed_number":"DEED-DL-2024-432-0145","deed_type":"Sale Deed / Conveyance","sro_office":"Sub-Registrar Office, Najafgarh Tehsil","execution_date":"2024-05-10","registered_owner":"Chaudhary Dharamvir Singh","seller_name":"Previous Landholder","consideration_amount_inr":"3500000.0","stamp_duty_inr":"210000.0","survey_sketch_id":"FMB-DL-32-0145","cadastral_sheet_no":"SHT-DL-32","surveyed_area_sqm":"3478.3","survey_status":"PENDING","urban_authority":"Najafgarh Tehsil Urban Development & Town Planning Authority","zone_name":"Commercial Business District","permitted_land_use":"OTHER","building_permission_status":"PENDING","violations_reported":"False","is_encumbered":"False","encumbrance_certificate_number":"EC-DL-2024-132-0145","encumbrance_type":"NIL","financial_institution":"","mortgage_amount":"0.0","created_at":"2026-01-15T09:00:00Z","updated_at":"2026-09-24T11:30:00Z"}},{"type":"Feature","geometry":{"type":"Polygon","coordinates":[[[77.3527697660778,28.671975814562405],[77.37649980107567,28.667717991102776],[77.37649980107567,28.690224292304684],[77.35462635560833,28.692939947581756],[77.3527697660778,28.671975814562405]]]},"properties":{"ulpin":"07172073882428","parcel_id":"19c2b0e1-d29a-4b5a-a421-fb5fb8cef79a","state":"Delhi (NCT)","state_code":"DL","state_type":"UT","state_lgd_code":"7","district_lgd_code":"95","district_name":"South West Delhi","subdistrict_lgd_code":"780","subdistrict_name":"Najafgarh Tehsil","subdistrict_type":"Tehsil / Taluk","village_lgd_code":"71092","village_name":"Dhansa","khasra_plot_no":"Mustatil 32, Killa 15/D146","recorded_area":"4.16","recorded_area_unit":"Bigha-Biswa","normalized_area_sqm":"3478.3","gis_area_sqm":"3478.3","land_use_category":"RESIDENTIAL","land_use_raw":"Bhumidhari (Agricultural)","status":"ACTIVE","data_freshness_status":"CURRENT","scenario_index":"19638","use_case_description":"Tribal non-alienation protection review","mutation_workflow_status":"HEARING_SCHEDULED","revenue_record_id":"ROR-DL-2025-1032-0146","revenue_record_type":"Khasra Khatauni (Delhi Bhulekh / DLR Act)","khata_khewat_no":"KHT-82","khatauni_no":"KHN-182","owner_name":"Chaudhary Dharamvir Singh","owner_name_local":"चौधरी धर्मवीर सिंह","co_owners":"","tenure_type":"Bhumiswami / Raiyati with Transferable Rights","mutation_status":"MUTATED","active_mutation_id":"","tax_demand_status":"PAID","annual_tax_inr":"185.5","deed_number":"DEED-DL-2024-432-0146","deed_type":"Sale Deed / Conveyance","sro_office":"Sub-Registrar Office, Najafgarh Tehsil","execution_date":"2024-05-10","registered_owner":"Chaudhary Dharamvir Singh","seller_name":"Previous Landholder","consideration_amount_inr":"3500000.0","stamp_duty_inr":"210000.0","survey_sketch_id":"FMB-DL-32-0146","cadastral_sheet_no":"SHT-DL-32","surveyed_area_sqm":"3478.3","survey_status":"DISPUTED","urban_authority":"Najafgarh Tehsil Urban Development & Town Planning Authority","zone_name":"Commercial Business District","permitted_land_use":"RESIDENTIAL","building_permission_status":"REJECTED","violations_reported":"False","is_encumbered":"True","encumbrance_certificate_number":"EC-DL-00000146-0146","encumbrance_type":"BANK_MORTGAGE","financial_institution":"","mortgage_amount":"0.0","created_at":"2026-01-15T09:00:00Z","updated_at":"2026-09-24T11:30:00Z"}},{"type":"Feature","geometry":{"type":"Polygon","coordinates":[[[77.34328163395985,28.91526031930706],[77.37437084291014,28.91388255652008],[77.37011299133911,28.937698835532284],[77.3434792785647,28.93898985736935],[77.34328163395985,28.91526031930706]]]},"properties":{"ulpin":"07510611567150","parcel_id":"da5c640f-2970-49eb-819a-beea40e87c0b","state":"Delhi (NCT)","state_code":"DL","state_type":"UT","state_lgd_code":"7","district_lgd_code":"95","district_name":"South West Delhi","subdistrict_lgd_code":"780","subdistrict_name":"Najafgarh Tehsil","subdistrict_type":"Tehsil / Taluk","village_lgd_code":"71092","village_name":"Dhansa","khasra_plot_no":"Mustatil 32, Killa 15/D147","recorded_area":"4.16","recorded_area_unit":"Bigha-Biswa","normalized_area_sqm":"3478.3","gis_area_sqm":"3478.3","land_use_category":"COMMERCIAL","land_use_raw":"Bhumidhari (Agricultural)","status":"PENDING_MUTATION","data_freshness_status":"STALE","scenario_index":"19639","use_case_description":"Lease charge and institutional tenancy","mutation_workflow_status":"APPROVED","revenue_record_id":"ROR-DL-2025-1032-0147","revenue_record_type":"Khasra Khatauni (Delhi Bhulekh / DLR Act)","khata_khewat_no":"KHT-82","khatauni_no":"KHN-182","owner_name":"Chaudhary Dharamvir Singh","owner_name_local":"चौधरी धर्मवीर सिंह","co_owners":"","tenure_type":"Bhumiswami / Freehold","mutation_status":"PENDING","active_mutation_id":"MUT-DL-00000147","tax_demand_status":"PAID","annual_tax_inr":"185.5","deed_number":"DEED-DL-2024-432-0147","deed_type":"Sale Deed / Conveyance","sro_office":"Sub-Registrar Office, Najafgarh Tehsil","execution_date":"2024-05-10","registered_owner":"Registry Variance Owner 147","seller_name":"Previous Landholder","consideration_amount_inr":"3500000.0","stamp_duty_inr":"210000.0","survey_sketch_id":"FMB-DL-32-0147","cadastral_sheet_no":"SHT-DL-32","surveyed_area_sqm":"3478.3","survey_status":"RESURVEY_REQUIRED","urban_authority":"Najafgarh Tehsil Urban Development & Town Planning Authority","zone_name":"Commercial Business District","permitted_land_use":"COMMERCIAL","building_permission_status":"NOT_APPLICABLE","violations_reported":"False","is_encumbered":"True","encumbrance_certificate_number":"EC-DL-00000147-0147","encumbrance_type":"GOVT_REVENUE_LIEN","financial_institution":"","mortgage_amount":"0.0","created_at":"2026-01-15T09:00:00Z","updated_at":"2026-09-24T11:30:00Z"}},{"type":"Feature","geometry":{"type":"Polygon","coordinates":[[[77.44425644733334,29.036621115071824],[77.46712016507792,29.033482436247127],[77.46451036440116,29.049353093657047],[77.44344736979012,29.05149412401897],[77.44425644733334,29.036621115071824]]]},"properties":{"ulpin":"07712239465415","parcel_id":"3722c944-2eeb-4add-b6f9-5a9a990293c3","state":"Delhi (NCT)","state_code":"DL","state_type":"UT","state_lgd_code":"7","district_lgd_code":"95","district_name":"South West Delhi","subdistrict_lgd_code":"780","subdistrict_name":"Najafgarh Tehsil","subdistrict_type":"Tehsil / Taluk","village_lgd_code":"71092","village_name":"Dhansa","khasra_plot_no":"Mustatil 32, Killa 15/D148","recorded_area":"4.16","recorded_area_unit":"Bigha-Biswa","normalized_area_sqm":"3478.3","gis_area_sqm":"3478.3","land_use_category":"INDUSTRIAL","land_use_raw":"Bhumidhari (Agricultural)","status":"SUBDIVIDED","data_freshness_status":"UNKNOWN","scenario_index":"19640","use_case_description":"Subdivision or amalgamation history review","mutation_workflow_status":"REJECTED","revenue_record_id":"ROR-DL-2025-1032-0148","revenue_record_type":"Khasra Khatauni (Delhi Bhulekh / DLR Act)","khata_khewat_no":"KHT-82","khatauni_no":"KHN-182","owner_name":"Chaudhary Dharamvir Singh","owner_name_local":"चौधरी धर्मवीर सिंह","co_owners":"","tenure_type":"Leasehold","mutation_status":"UNMUTATED_TRANSACTION","active_mutation_id":"MUT-DL-00000148","tax_demand_status":"PAID","annual_tax_inr":"185.5","deed_number":"DEED-DL-2024-432-0148","deed_type":"Sale Deed / Conveyance","sro_office":"Sub-Registrar Office, Najafgarh Tehsil","execution_date":"2024-05-10","registered_owner":"Chaudhary Dharamvir Singh","seller_name":"Previous Landholder","consideration_amount_inr":"3500000.0","stamp_duty_inr":"210000.0","survey_sketch_id":"FMB-DL-32-0148","cadastral_sheet_no":"SHT-DL-32","surveyed_area_sqm":"3478.3","survey_status":"SURVEYED","urban_authority":"Najafgarh Tehsil Urban Development & Town Planning Authority","zone_name":"Commercial Business District","permitted_land_use":"INDUSTRIAL","building_permission_status":"SANCTIONED","violations_reported":"False","is_encumbered":"True","encumbrance_certificate_number":"EC-DL-00000148-0148","encumbrance_type":"COURT_ATTACHMENT","financial_institution":"","mortgage_amount":"0.0","created_at":"2026-01-15T09:00:00Z","updated_at":"2026-09-24T11:30:00Z"}},{"type":"Feature","geometry":{"type":"Polygon","coordinates":[[[77.42088111894897,29.013819264611076],[77.44182681036324,29.01457713665182],[77.44425644733334,29.036621115071824],[77.42088111894897,29.03588625293908],[77.42088111894897,29.013819264611076]]]},"properties":{"ulpin":"07722919261495","parcel_id":"9c3d05da-f2c4-4480-9da3-2b01ea651750","state":"Delhi (NCT)","state_code":"DL","state_type":"UT","state_lgd_code":"7","district_lgd_code":"95","district_name":"South West Delhi","subdistrict_lgd_code":"780","subdistrict_name":"Najafgarh Tehsil","subdistrict_type":"Tehsil / Taluk","village_lgd_code":"71092","village_name":"Dhansa","khasra_plot_no":"Mustatil 32, Killa 15/D149","recorded_area":"4.16","recorded_area_unit":"Bigha-Biswa","normalized_area_sqm":"3478.3","gis_area_sqm":"3478.3","land_use_category":"AGRICULTURAL","land_use_raw":"Bhumidhari (Agricultural)","status":"AMALGAMATED","data_freshness_status":"CURRENT","scenario_index":"19641","use_case_description":"Archived historical record for audit retrieval","mutation_workflow_status":"SLA_BREACHED","revenue_record_id":"ROR-DL-2025-1032-0149","revenue_record_type":"Khasra Khatauni (Delhi Bhulekh / DLR Act)","khata_khewat_no":"KHT-82","khatauni_no":"KHN-182","owner_name":"Chaudhary Dharamvir Singh","owner_name_local":"चौधरी धर्मवीर सिंह","co_owners":"","tenure_type":"Government Grant","mutation_status":"REJECTED","active_mutation_id":"MUT-DL-00000149","tax_demand_status":"PAID","annual_tax_inr":"185.5","deed_number":"DEED-DL-2024-432-0149","deed_type":"Sale Deed / Conveyance","sro_office":"Sub-Registrar Office, Najafgarh Tehsil","execution_date":"2024-05-10","registered_owner":"Chaudhary Dharamvir Singh","seller_name":"Previous Landholder","consideration_amount_inr":"3500000.0","stamp_duty_inr":"210000.0","survey_sketch_id":"FMB-DL-32-0149","cadastral_sheet_no":"SHT-DL-32","surveyed_area_sqm":"3478.3","survey_status":"PENDING","urban_authority":"Najafgarh Tehsil Urban Development & Town Planning Authority","zone_name":"Commercial Business District","permitted_land_use":"AGRICULTURAL","building_permission_status":"PENDING","violations_reported":"False","is_encumbered":"True","encumbrance_certificate_number":"EC-DL-00000149-0149","encumbrance_type":"TRIBAL_NON_ALIENATION","financial_institution":"","mortgage_amount":"0.0","created_at":"2026-01-15T09:00:00Z","updated_at":"2026-09-24T11:30:00Z"}},{"type":"Feature","geometry":{"type":"Polygon","coordinates":[[[77.51584428162772,28.618808267949714],[77.53021085278938,28.615829834492075],[77.53166428602648,28.638253626191847],[77.51249627708835,28.638253626191847],[77.51584428162772,28.618808267949714]]]},"properties":{"ulpin":"07844204795946","parcel_id":"9c75e158-29f0-4364-874b-70019d99c737","state":"Delhi (NCT)","state_code":"DL","state_type":"UT","state_lgd_code":"7","district_lgd_code":"95","district_name":"South West Delhi","subdistrict_lgd_code":"780","subdistrict_name":"Najafgarh Tehsil","subdistrict_type":"Tehsil / Taluk","village_lgd_code":"71092","village_name":"Dhansa","khasra_plot_no":"Mustatil 32, Killa 15/D150","recorded_area":"4.16","recorded_area_unit":"Bigha-Biswa","normalized_area_sqm":"3478.3","gis_area_sqm":"3478.3","land_use_category":"INSTITUTIONAL","land_use_raw":"Bhumidhari (Agricultural)","status":"DISPUTED","data_freshness_status":"STALE","scenario_index":"19642","use_case_description":"Bank mortgage and active encumbrance","mutation_workflow_status":"SUBMITTED","revenue_record_id":"ROR-DL-2025-1032-0150","revenue_record_type":"Khasra Khatauni (Delhi Bhulekh / DLR Act)","khata_khewat_no":"KHT-82","khatauni_no":"KHN-182","owner_name":"Chaudhary Dharamvir Singh","owner_name_local":"चौधरी धर्मवीर सिंह","co_owners":"","tenure_type":"Waqf / Religious Trust","mutation_status":"DISPUTED","active_mutation_id":"MUT-DL-00000150","tax_demand_status":"PAID","annual_tax_inr":"185.5","deed_number":"DEED-DL-2024-432-0150","deed_type":"Sale Deed / Conveyance","sro_office":"Sub-Registrar Office, Najafgarh Tehsil","execution_date":"2024-05-10","registered_owner":"Chaudhary Dharamvir Singh","seller_name":"Previous Landholder","consideration_amount_inr":"3500000.0","stamp_duty_inr":"210000.0","survey_sketch_id":"FMB-DL-32-0150","cadastral_sheet_no":"SHT-DL-32","surveyed_area_sqm":"3478.3","survey_status":"DISPUTED","urban_authority":"Najafgarh Tehsil Urban Development & Town Planning Authority","zone_name":"Commercial Business District","permitted_land_use":"INSTITUTIONAL","building_permission_status":"REJECTED","violations_reported":"True","is_encumbered":"True","encumbrance_certificate_number":"EC-DL-00000150-0150","encumbrance_type":"LEASE_CHARGE","financial_institution":"","mortgage_amount":"0.0","created_at":"2026-01-15T09:00:00Z","updated_at":"2026-09-24T11:30:00Z"}},{"type":"Feature","geometry":{"type":"Polygon","coordinates":[[[77.3157545722899,28.49924432653308],[77.33286497303003,28.504074480330623],[77.33171879909747,28.52488048201019],[77.3118772980723,28.521362388480743],[77.3157545722899,28.49924432653308]]]},"properties":{"ulpin":"07921514019174","parcel_id":"cc43b394-d829-4687-982a-04f6fc1c7567","state":"Delhi (NCT)","state_code":"DL","state_type":"UT","state_lgd_code":"7","district_lgd_code":"95","district_name":"South West Delhi","subdistrict_lgd_code":"780","subdistrict_name":"Najafgarh Tehsil","subdistrict_type":"Tehsil / Taluk","village_lgd_code":"71092","village_name":"Dhansa","khasra_plot_no":"Mustatil 32, Killa 15/D151","recorded_area":"4.16","recorded_area_unit":"Bigha-Biswa","normalized_area_sqm":"3478.3","gis_area_sqm":"3478.3","land_use_category":"FOREST_GREEN_BELT","land_use_raw":"Bhumidhari (Agricultural)","status":"ARCHIVED","data_freshness_status":"UNKNOWN","scenario_index":"19643","use_case_description":"Bank mortgage and active encumbrance","mutation_workflow_status":"UNDER_VERIFICATION","revenue_record_id":"ROR-DL-2025-1032-0151","revenue_record_type":"Khasra Khatauni (Delhi Bhulekh / DLR Act)","khata_khewat_no":"KHT-82","khatauni_no":"KHN-182","owner_name":"Chaudhary Dharamvir Singh","owner_name_local":"चौधरी धर्मवीर सिंह","co_owners":"","tenure_type":"Tribal Community Tenure","mutation_status":"NONE","active_mutation_id":"MUT-DL-00000151","tax_demand_status":"PAID","annual_tax_inr":"185.5","deed_number":"DEED-DL-2024-432-0151","deed_type":"Sale Deed / Conveyance","sro_office":"Sub-Registrar Office, Najafgarh Tehsil","execution_date":"2024-05-10","registered_owner":"Chaudhary Dharamvir Singh","seller_name":"Previous Landholder","consideration_amount_inr":"3500000.0","stamp_duty_inr":"210000.0","survey_sketch_id":"FMB-DL-32-0151","cadastral_sheet_no":"SHT-DL-32","surveyed_area_sqm":"3478.3","survey_status":"RESURVEY_REQUIRED","urban_authority":"Najafgarh Tehsil Urban Development & Town Planning Authority","zone_name":"Commercial Business District","permitted_land_use":"FOREST_GREEN_BELT","building_permission_status":"NOT_APPLICABLE","violations_reported":"False","is_encumbered":"False","encumbrance_certificate_number":"EC-DL-2024-132-0151","encumbrance_type":"NIL","financial_institution":"","mortgage_amount":"0.0","created_at":"2026-01-15T09:00:00Z","updated_at":"2026-09-24T11:30:00Z"}},{"type":"Feature","geometry":{"type":"Polygon","coordinates":[[[77.42088111894897,28.901859838059313],[77.44358708742848,28.903579464384666],[77.44661491315087,28.92277063926371],[77.42088111894897,28.921892047987342],[77.42088111894897,28.901859838059313]]]},"properties":{"ulpin":"07576962143342","parcel_id":"dbc05ca2-f106-47e8-971a-a30fe5773d92","state":"Delhi (NCT)","state_code":"DL","state_type":"UT","state_lgd_code":"7","district_lgd_code":"95","district_name":"South West Delhi","subdistrict_lgd_code":"780","subdistrict_name":"Najafgarh Tehsil","subdistrict_type":"Tehsil / Taluk","village_lgd_code":"71092","village_name":"Dhansa","khasra_plot_no":"Mustatil 32, Killa 15/D152","recorded_area":"4.16","recorded_area_unit":"Bigha-Biswa","normalized_area_sqm":"3478.3","gis_area_sqm":"3478.3","land_use_category":"WATER_BODY","land_use_raw":"Bhumidhari (Agricultural)","status":"ACTIVE","data_freshness_status":"CURRENT","scenario_index":"19644","use_case_description":"Court attachment and disputed possession","mutation_workflow_status":"NOTICE_PERIOD","revenue_record_id":"ROR-DL-2025-1032-0152","revenue_record_type":"Khasra Khatauni (Delhi Bhulekh / DLR Act)","khata_khewat_no":"KHT-82","khatauni_no":"KHN-182","owner_name":"Chaudhary Dharamvir Singh","owner_name_local":"चौधरी धर्मवीर सिंह","co_owners":"","tenure_type":"Bhumiswami / Raiyati with Transferable Rights","mutation_status":"MUTATED","active_mutation_id":"","tax_demand_status":"PAID","annual_tax_inr":"185.5","deed_number":"DEED-DL-2024-432-0152","deed_type":"Sale Deed / Conveyance","sro_office":"Sub-Registrar Office, Najafgarh Tehsil","execution_date":"2024-05-10","registered_owner":"Registry Variance Owner 152","seller_name":"Previous Landholder","consideration_amount_inr":"3500000.0","stamp_duty_inr":"210000.0","survey_sketch_id":"FMB-DL-32-0152","cadastral_sheet_no":"SHT-DL-32","surveyed_area_sqm":"3478.3","survey_status":"SURVEYED","urban_authority":"Najafgarh Tehsil Urban Development & Town Planning Authority","zone_name":"Commercial Business District","permitted_land_use":"WATER_BODY","building_permission_status":"SANCTIONED","violations_reported":"False","is_encumbered":"True","encumbrance_certificate_number":"EC-DL-00000152-0152","encumbrance_type":"BANK_MORTGAGE","financial_institution":"","mortgage_amount":"0.0","created_at":"2026-01-15T09:00:00Z","updated_at":"2026-09-24T11:30:00Z"}},{"type":"Feature","geometry":{"type":"Polygon","coordinates":[[[77.29730288659213,29.0355206480091],[77.31872138938063,29.035880433458082],[77.31966619738373,29.053201637572847],[77.29730288659213,29.05264368019344],[77.29730288659213,29.0355206480091]]]},"properties":{"ulpin":"07723956338866","parcel_id":"68521bae-2d94-44be-bcca-ff315d74ca6c","state":"Delhi (NCT)","state_code":"DL","state_type":"UT","state_lgd_code":"7","district_lgd_code":"95","district_name":"South West Delhi","subdistrict_lgd_code":"780","subdistrict_name":"Najafgarh Tehsil","subdistrict_type":"Tehsil / Taluk","village_lgd_code":"71092","village_name":"Dhansa","khasra_plot_no":"Mustatil 32, Killa 15/D153","recorded_area":"4.16","recorded_area_unit":"Bigha-Biswa","normalized_area_sqm":"3478.3","gis_area_sqm":"3478.3","land_use_category":"MIXED_USE","land_use_raw":"Bhumidhari (Agricultural)","status":"PENDING_MUTATION","data_freshness_status":"STALE","scenario_index":"19645","use_case_description":"Tribal non-alienation protection review","mutation_workflow_status":"HEARING_SCHEDULED","revenue_record_id":"ROR-DL-2025-1032-0153","revenue_record_type":"Khasra Khatauni (Delhi Bhulekh / DLR Act)","khata_khewat_no":"KHT-82","khatauni_no":"KHN-182","owner_name":"Chaudhary Dharamvir Singh","owner_name_local":"चौधरी धर्मवीर सिंह","co_owners":"","tenure_type":"Bhumiswami / Freehold","mutation_status":"PENDING","active_mutation_id":"MUT-DL-00000153","tax_demand_status":"PAID","annual_tax_inr":"185.5","deed_number":"DEED-DL-2024-432-0153","deed_type":"Sale Deed / Conveyance","sro_office":"Sub-Registrar Office, Najafgarh Tehsil","execution_date":"2024-05-10","registered_owner":"Chaudhary Dharamvir Singh","seller_name":"Previous Landholder","consideration_amount_inr":"3500000.0","stamp_duty_inr":"210000.0","survey_sketch_id":"FMB-DL-32-0153","cadastral_sheet_no":"SHT-DL-32","surveyed_area_sqm":"3478.3","survey_status":"PENDING","urban_authority":"Najafgarh Tehsil Urban Development & Town Planning Authority","zone_name":"Commercial Business District","permitted_land_use":"MIXED_USE","building_permission_status":"PENDING","violations_reported":"False","is_encumbered":"True","encumbrance_certificate_number":"EC-DL-00000153-0153","encumbrance_type":"GOVT_REVENUE_LIEN","financial_institution":"","mortgage_amount":"0.0","created_at":"2026-01-15T09:00:00Z","updated_at":"2026-09-24T11:30:00Z"}},{"type":"Feature","geometry":{"type":"Polygon","coordinates":[[[77.49284920943299,28.884632403155322],[77.51446792925107,28.88708522897758],[77.51446792925107,28.902081072948548],[77.4916935744751,28.904478442036886],[77.49284920943299,28.884632403155322]]]},"properties":{"ulpin":"07052299766753","parcel_id":"436abb9d-74d7-4e40-ab23-1cab2d019ad0","state":"Delhi (NCT)","state_code":"DL","state_type":"UT","state_lgd_code":"7","district_lgd_code":"95","district_name":"South West Delhi","subdistrict_lgd_code":"780","subdistrict_name":"Najafgarh Tehsil","subdistrict_type":"Tehsil / Taluk","village_lgd_code":"71092","village_name":"Dhansa","khasra_plot_no":"Mustatil 32, Killa 15/D154","recorded_area":"4.16","recorded_area_unit":"Bigha-Biswa","normalized_area_sqm":"3478.3","gis_area_sqm":"3478.3","land_use_category":"OTHER","land_use_raw":"Bhumidhari (Agricultural)","status":"SUBDIVIDED","data_freshness_status":"UNKNOWN","scenario_index":"19646","use_case_description":"Lease charge and institutional tenancy","mutation_workflow_status":"APPROVED","revenue_record_id":"ROR-DL-2025-1032-0154","revenue_record_type":"Khasra Khatauni (Delhi Bhulekh / DLR Act)","khata_khewat_no":"KHT-82","khatauni_no":"KHN-182","owner_name":"Chaudhary Dharamvir Singh","owner_name_local":"चौधरी धर्मवीर सिंह","co_owners":"","tenure_type":"Leasehold","mutation_status":"UNMUTATED_TRANSACTION","active_mutation_id":"MUT-DL-00000154","tax_demand_status":"PAID","annual_tax_inr":"185.5","deed_number":"DEED-DL-2024-432-0154","deed_type":"Sale Deed / Conveyance","sro_office":"Sub-Registrar Office, Najafgarh Tehsil","execution_date":"2024-05-10","registered_owner":"Chaudhary Dharamvir Singh","seller_name":"Previous Landholder","consideration_amount_inr":"3500000.0","stamp_duty_inr":"210000.0","survey_sketch_id":"FMB-DL-32-0154","cadastral_sheet_no":"SHT-DL-32","surveyed_area_sqm":"3478.3","survey_status":"DISPUTED","urban_authority":"Najafgarh Tehsil Urban Development & Town Planning Authority","zone_name":"Commercial Business District","permitted_land_use":"OTHER","building_permission_status":"REJECTED","violations_reported":"False","is_encumbered":"True","encumbrance_certificate_number":"EC-DL-00000154-0154","encumbrance_type":"COURT_ATTACHMENT","financial_institution":"","mortgage_amount":"0.0","created_at":"2026-01-15T09:00:00Z","updated_at":"2026-09-24T11:30:00Z"}},{"type":"Feature","geometry":{"type":"Polygon","coordinates":[[[77.29112045298031,28.52320408828716],[77.3118772980723,28.521362388480743],[77.3101459177847,28.542547798713393],[77.29112045298031,28.5433264087791],[77.29112045298031,28.52320408828716]]]},"properties":{"ulpin":"07775497046087","parcel_id":"9106f473-3a66-4847-b545-f8a77dd08c79","state":"Delhi (NCT)","state_code":"DL","state_type":"UT","state_lgd_code":"7","district_lgd_code":"95","district_name":"South West Delhi","subdistrict_lgd_code":"780","subdistrict_name":"Najafgarh Tehsil","subdistrict_type":"Tehsil / Taluk","village_lgd_code":"71092","village_name":"Dhansa","khasra_plot_no":"Mustatil 32, Killa 15/D155","recorded_area":"4.16","recorded_area_unit":"Bigha-Biswa","normalized_area_sqm":"3478.3","gis_area_sqm":"3478.3","land_use_category":"RESIDENTIAL","land_use_raw":"Bhumidhari (Agricultural)","status":"AMALGAMATED","data_freshness_status":"CURRENT","scenario_index":"19647","use_case_description":"Subdivision or amalgamation history review","mutation_workflow_status":"REJECTED","revenue_record_id":"ROR-DL-2025-1032-0155","revenue_record_type":"Khasra Khatauni (Delhi Bhulekh / DLR Act)","khata_khewat_no":"KHT-82","khatauni_no":"KHN-182","owner_name":"Chaudhary Dharamvir Singh","owner_name_local":"चौधरी धर्मवीर सिंह","co_owners":"","tenure_type":"Government Grant","mutation_status":"REJECTED","active_mutation_id":"MUT-DL-00000155","tax_demand_status":"PAID","annual_tax_inr":"185.5","deed_number":"DEED-DL-2024-432-0155","deed_type":"Sale Deed / Conveyance","sro_office":"Sub-Registrar Office, Najafgarh Tehsil","execution_date":"2024-05-10","registered_owner":"Chaudhary Dharamvir Singh","seller_name":"Previous Landholder","consideration_amount_inr":"3500000.0","stamp_duty_inr":"210000.0","survey_sketch_id":"FMB-DL-32-0155","cadastral_sheet_no":"SHT-DL-32","surveyed_area_sqm":"3478.3","survey_status":"RESURVEY_REQUIRED","urban_authority":"Najafgarh Tehsil Urban Development & Town Planning Authority","zone_name":"Commercial Business District","permitted_land_use":"RESIDENTIAL","building_permission_status":"NOT_APPLICABLE","violations_reported":"False","is_encumbered":"True","encumbrance_certificate_number":"EC-DL-00000155-0155","encumbrance_type":"TRIBAL_NON_ALIENATION","financial_institution":"","mortgage_amount":"0.0","created_at":"2026-01-15T09:00:00Z","updated_at":"2026-09-24T11:30:00Z"}},{"type":"Feature","geometry":{"type":"Polygon","coordinates":[[[77.25911836354324,28.599896579949068],[77.27453522521209,28.597456322640628],[77.27453522521209,28.616369798805383],[77.25908685489519,28.61658865229437],[77.25911836354324,28.599896579949068]]]},"properties":{"ulpin":"07905940943435","parcel_id":"ddfd0aa3-e905-464b-bbe1-b716c41ce08e","state":"Delhi (NCT)","state_code":"DL","state_type":"UT","state_lgd_code":"7","district_lgd_code":"95","district_name":"South West Delhi","subdistrict_lgd_code":"780","subdistrict_name":"Najafgarh Tehsil","subdistrict_type":"Tehsil / Taluk","village_lgd_code":"71092","village_name":"Dhansa","khasra_plot_no":"Mustatil 32, Killa 15/D156","recorded_area":"4.16","recorded_area_unit":"Bigha-Biswa","normalized_area_sqm":"3478.3","gis_area_sqm":"3478.3","land_use_category":"COMMERCIAL","land_use_raw":"Bhumidhari (Agricultural)","status":"DISPUTED","data_freshness_status":"STALE","scenario_index":"19648","use_case_description":"Archived historical record for audit retrieval","mutation_workflow_status":"SLA_BREACHED","revenue_record_id":"ROR-DL-2025-1032-0156","revenue_record_type":"Khasra Khatauni (Delhi Bhulekh / DLR Act)","khata_khewat_no":"KHT-82","khatauni_no":"KHN-182","owner_name":"Chaudhary Dharamvir Singh","owner_name_local":"चौधरी धर्मवीर सिंह","co_owners":"","tenure_type":"Waqf / Religious Trust","mutation_status":"DISPUTED","active_mutation_id":"MUT-DL-00000156","tax_demand_status":"PAID","annual_tax_inr":"185.5","deed_number":"DEED-DL-2024-432-0156","deed_type":"Sale Deed / Conveyance","sro_office":"Sub-Registrar Office, Najafgarh Tehsil","execution_date":"2024-05-10","registered_owner":"Chaudhary Dharamvir Singh","seller_name":"Previous Landholder","consideration_amount_inr":"3500000.0","stamp_duty_inr":"210000.0","survey_sketch_id":"FMB-DL-32-0156","cadastral_sheet_no":"SHT-DL-32","surveyed_area_sqm":"3478.3","survey_status":"SURVEYED","urban_authority":"Najafgarh Tehsil Urban Development & Town Planning Authority","zone_name":"Commercial Business District","permitted_land_use":"COMMERCIAL","building_permission_status":"SANCTIONED","violations_reported":"False","is_encumbered":"True","encumbrance_certificate_number":"EC-DL-00000156-0156","encumbrance_type":"LEASE_CHARGE","financial_institution":"","mortgage_amount":"0.0","created_at":"2026-01-15T09:00:00Z","updated_at":"2026-09-24T11:30:00Z"}},{"type":"Feature","geometry":{"type":"Polygon","coordinates":[[[77.44374164996619,28.960260948810063],[77.4676517075173,28.958149200839006],[77.46416113219841,28.979980223929857],[77.44339094916724,28.978848938017777],[77.44374164996619,28.960260948810063]]]},"properties":{"ulpin":"07390794755507","parcel_id":"3f32cf83-72c7-4362-abf9-8efc881070b0","state":"Delhi (NCT)","state_code":"DL","state_type":"UT","state_lgd_code":"7","district_lgd_code":"95","district_name":"South West Delhi","subdistrict_lgd_code":"780","subdistrict_name":"Najafgarh Tehsil","subdistrict_type":"Tehsil / Taluk","village_lgd_code":"71092","village_name":"Dhansa","khasra_plot_no":"Mustatil 32, Killa 15/D157","recorded_area":"4.16","recorded_area_unit":"Bigha-Biswa","normalized_area_sqm":"3478.3","gis_area_sqm":"3478.3","land_use_category":"INDUSTRIAL","land_use_raw":"Bhumidhari (Agricultural)","status":"ARCHIVED","data_freshness_status":"UNKNOWN","scenario_index":"19649","use_case_description":"Archived historical record for audit retrieval","mutation_workflow_status":"SUBMITTED","revenue_record_id":"ROR-DL-2025-1032-0157","revenue_record_type":"Khasra Khatauni (Delhi Bhulekh / DLR Act)","khata_khewat_no":"KHT-82","khatauni_no":"KHN-182","owner_name":"Chaudhary Dharamvir Singh","owner_name_local":"चौधरी धर्मवीर सिंह","co_owners":"","tenure_type":"Tribal Community Tenure","mutation_status":"NONE","active_mutation_id":"MUT-DL-00000157","tax_demand_status":"PAID","annual_tax_inr":"185.5","deed_number":"DEED-DL-2024-432-0157","deed_type":"Sale Deed / Conveyance","sro_office":"Sub-Registrar Office, Najafgarh Tehsil","execution_date":"2024-05-10","registered_owner":"Registry Variance Owner 157","seller_name":"Previous Landholder","consideration_amount_inr":"3500000.0","stamp_duty_inr":"210000.0","survey_sketch_id":"FMB-DL-32-0157","cadastral_sheet_no":"SHT-DL-32","surveyed_area_sqm":"3478.3","survey_status":"PENDING","urban_authority":"Najafgarh Tehsil Urban Development & Town Planning Authority","zone_name":"Commercial Business District","permitted_land_use":"INDUSTRIAL","building_permission_status":"PENDING","violations_reported":"True","is_encumbered":"False","encumbrance_certificate_number":"EC-DL-2024-132-0157","encumbrance_type":"NIL","financial_institution":"","mortgage_amount":"0.0","created_at":"2026-01-15T09:00:00Z","updated_at":"2026-09-24T11:30:00Z"}},{"type":"Feature","geometry":{"type":"Polygon","coordinates":[[[77.32192021925133,28.99491581650703],[77.34684954032117,28.994908383773318],[77.34682837588603,29.0165624258671],[77.32165292007079,29.01668871079059],[77.32192021925133,28.99491581650703]]]},"properties":{"ulpin":"07420036049275","parcel_id":"8d90b5f8-ff64-46ac-a37e-3c213e19443d","state":"Delhi (NCT)","state_code":"DL","state_type":"UT","state_lgd_code":"7","district_lgd_code":"95","district_name":"South West Delhi","subdistrict_lgd_code":"780","subdistrict_name":"Najafgarh Tehsil","subdistrict_type":"Tehsil / Taluk","village_lgd_code":"71092","village_name":"Dhansa","khasra_plot_no":"Mustatil 32, Killa 15/D158","recorded_area":"4.16","recorded_area_unit":"Bigha-Biswa","normalized_area_sqm":"3478.3","gis_area_sqm":"3478.3","land_use_category":"AGRICULTURAL","land_use_raw":"Bhumidhari (Agricultural)","status":"ACTIVE","data_freshness_status":"CURRENT","scenario_index":"19650","use_case_description":"Government revenue lien and tax demand","mutation_workflow_status":"UNDER_VERIFICATION","revenue_record_id":"ROR-DL-2025-1032-0158","revenue_record_type":"Khasra Khatauni (Delhi Bhulekh / DLR Act)","khata_khewat_no":"KHT-82","khatauni_no":"KHN-182","owner_name":"Chaudhary Dharamvir Singh","owner_name_local":"चौधरी धर्मवीर सिंह","co_owners":"","tenure_type":"Bhumiswami / Raiyati with Transferable Rights","mutation_status":"MUTATED","active_mutation_id":"","tax_demand_status":"PAID","annual_tax_inr":"185.5","deed_number":"DEED-DL-2024-432-0158","deed_type":"Sale Deed / Conveyance","sro_office":"Sub-Registrar Office, Najafgarh Tehsil","execution_date":"2024-05-10","registered_owner":"Chaudhary Dharamvir Singh","seller_name":"Previous Landholder","consideration_amount_inr":"3500000.0","stamp_duty_inr":"210000.0","survey_sketch_id":"FMB-DL-32-0158","cadastral_sheet_no":"SHT-DL-32","surveyed_area_sqm":"3478.3","survey_status":"DISPUTED","urban_authority":"Najafgarh Tehsil Urban Development & Town Planning Authority","zone_name":"Commercial Business District","permitted_land_use":"AGRICULTURAL","building_permission_status":"REJECTED","violations_reported":"False","is_encumbered":"True","encumbrance_certificate_number":"EC-DL-00000158-0158","encumbrance_type":"BANK_MORTGAGE","financial_institution":"","mortgage_amount":"0.0","created_at":"2026-01-15T09:00:00Z","updated_at":"2026-09-24T11:30:00Z"}},{"type":"Feature","geometry":{"type":"Polygon","coordinates":[[[77.31378164650607,28.625188309561803],[77.33441180444554,28.62832070239523],[77.33536337507893,28.64828682529063],[77.311249899498,28.647803882472115],[77.31378164650607,28.625188309561803]]]},"properties":{"ulpin":"07815796517964","parcel_id":"2cbaced7-cdb4-4590-b18c-4e77a1a1f27a","state":"Delhi (NCT)","state_code":"DL","state_type":"UT","state_lgd_code":"7","district_lgd_code":"95","district_name":"South West Delhi","subdistrict_lgd_code":"780","subdistrict_name":"Najafgarh Tehsil","subdistrict_type":"Tehsil / Taluk","village_lgd_code":"71092","village_name":"Dhansa","khasra_plot_no":"Mustatil 32, Killa 15/D159","recorded_area":"4.16","recorded_area_unit":"Bigha-Biswa","normalized_area_sqm":"3478.3","gis_area_sqm":"3478.3","land_use_category":"INSTITUTIONAL","land_use_raw":"Bhumidhari (Agricultural)","status":"PENDING_MUTATION","data_freshness_status":"STALE","scenario_index":"19651","use_case_description":"Court attachment and disputed possession","mutation_workflow_status":"NOTICE_PERIOD","revenue_record_id":"ROR-DL-2025-1032-0159","revenue_record_type":"Khasra Khatauni (Delhi Bhulekh / DLR Act)","khata_khewat_no":"KHT-82","khatauni_no":"KHN-182","owner_name":"Chaudhary Dharamvir Singh","owner_name_local":"चौधरी धर्मवीर सिंह","co_owners":"","tenure_type":"Bhumiswami / Freehold","mutation_status":"PENDING","active_mutation_id":"MUT-DL-00000159","tax_demand_status":"PAID","annual_tax_inr":"185.5","deed_number":"DEED-DL-2024-432-0159","deed_type":"Sale Deed / Conveyance","sro_office":"Sub-Registrar Office, Najafgarh Tehsil","execution_date":"2024-05-10","registered_owner":"Chaudhary Dharamvir Singh","seller_name":"Previous Landholder","consideration_amount_inr":"3500000.0","stamp_duty_inr":"210000.0","survey_sketch_id":"FMB-DL-32-0159","cadastral_sheet_no":"SHT-DL-32","surveyed_area_sqm":"3478.3","survey_status":"RESURVEY_REQUIRED","urban_authority":"Najafgarh Tehsil Urban Development & Town Planning Authority","zone_name":"Commercial Business District","permitted_land_use":"INSTITUTIONAL","building_permission_status":"NOT_APPLICABLE","violations_reported":"False","is_encumbered":"True","encumbrance_certificate_number":"EC-DL-00000159-0159","encumbrance_type":"GOVT_REVENUE_LIEN","financial_institution":"","mortgage_amount":"0.0","created_at":"2026-01-15T09:00:00Z","updated_at":"2026-09-24T11:30:00Z"}},{"type":"Feature","geometry":{"type":"Polygon","coordinates":[[[77.47905933964714,28.51932556695023],[77.49625917687446,28.52285946118834],[77.49695479283247,28.537249464068577],[77.47615026203346,28.537909376999256],[77.47905933964714,28.51932556695023]]]},"properties":{"ulpin":"07221570809983","parcel_id":"feebad74-4fbb-41d4-9ad6-6e639935c5ff","state":"Delhi (NCT)","state_code":"DL","state_type":"UT","state_lgd_code":"7","district_lgd_code":"95","district_name":"South West Delhi","subdistrict_lgd_code":"780","subdistrict_name":"Najafgarh Tehsil","subdistrict_type":"Tehsil / Taluk","village_lgd_code":"71092","village_name":"Dhansa","khasra_plot_no":"Mustatil 32, Killa 15/D160","recorded_area":"4.16","recorded_area_unit":"Bigha-Biswa","normalized_area_sqm":"3478.3","gis_area_sqm":"3478.3","land_use_category":"FOREST_GREEN_BELT","land_use_raw":"Bhumidhari (Agricultural)","status":"SUBDIVIDED","data_freshness_status":"UNKNOWN","scenario_index":"19652","use_case_description":"Tribal non-alienation protection review","mutation_workflow_status":"HEARING_SCHEDULED","revenue_record_id":"ROR-DL-2025-1032-0160","revenue_record_type":"Khasra Khatauni (Delhi Bhulekh / DLR Act)","khata_khewat_no":"KHT-82","khatauni_no":"KHN-182","owner_name":"Chaudhary Dharamvir Singh","owner_name_local":"चौधरी धर्मवीर सिंह","co_owners":"","tenure_type":"Leasehold","mutation_status":"UNMUTATED_TRANSACTION","active_mutation_id":"MUT-DL-00000160","tax_demand_status":"PAID","annual_tax_inr":"185.5","deed_number":"DEED-DL-2024-432-0160","deed_type":"Sale Deed / Conveyance","sro_office":"Sub-Registrar Office, Najafgarh Tehsil","execution_date":"2024-05-10","registered_owner":"Chaudhary Dharamvir Singh","seller_name":"Previous Landholder","consideration_amount_inr":"3500000.0","stamp_duty_inr":"210000.0","survey_sketch_id":"FMB-DL-32-0160","cadastral_sheet_no":"SHT-DL-32","surveyed_area_sqm":"3478.3","survey_status":"SURVEYED","urban_authority":"Najafgarh Tehsil Urban Development & Town Planning Authority","zone_name":"Commercial Business District","permitted_land_use":"FOREST_GREEN_BELT","building_permission_status":"SANCTIONED","violations_reported":"False","is_encumbered":"True","encumbrance_certificate_number":"EC-DL-00000160-0160","encumbrance_type":"COURT_ATTACHMENT","financial_institution":"","mortgage_amount":"0.0","created_at":"2026-01-15T09:00:00Z","updated_at":"2026-09-24T11:30:00Z"}},{"type":"Feature","geometry":{"type":"Polygon","coordinates":[[[77.26060629573625,28.5500801316222],[77.27453522521209,28.54838891092602],[77.27453522521209,28.56458385597383],[77.2589530322287,28.567832268400906],[77.26060629573625,28.5500801316222]]]},"properties":{"ulpin":"07897148078802","parcel_id":"3d1b3bd5-4557-4e48-ad57-f1d0daee9b45","state":"Delhi (NCT)","state_code":"DL","state_type":"UT","state_lgd_code":"7","district_lgd_code":"95","district_name":"South West Delhi","subdistrict_lgd_code":"780","subdistrict_name":"Najafgarh Tehsil","subdistrict_type":"Tehsil / Taluk","village_lgd_code":"71092","village_name":"Dhansa","khasra_plot_no":"Mustatil 32, Killa 15/D161","recorded_area":"4.16","recorded_area_unit":"Bigha-Biswa","normalized_area_sqm":"3478.3","gis_area_sqm":"3478.3","land_use_category":"WATER_BODY","land_use_raw":"Bhumidhari (Agricultural)","status":"AMALGAMATED","data_freshness_status":"CURRENT","scenario_index":"19653","use_case_description":"Lease charge and institutional tenancy","mutation_workflow_status":"APPROVED","revenue_record_id":"ROR-DL-2025-1032-0161","revenue_record_type":"Khasra Khatauni (Delhi Bhulekh / DLR Act)","khata_khewat_no":"KHT-82","khatauni_no":"KHN-182","owner_name":"Chaudhary Dharamvir Singh","owner_name_local":"चौधरी धर्मवीर सिंह","co_owners":"","tenure_type":"Government Grant","mutation_status":"REJECTED","active_mutation_id":"MUT-DL-00000161","tax_demand_status":"PAID","annual_tax_inr":"185.5","deed_number":"DEED-DL-2024-432-0161","deed_type":"Sale Deed / Conveyance","sro_office":"Sub-Registrar Office, Najafgarh Tehsil","execution_date":"2024-05-10","registered_owner":"Chaudhary Dharamvir Singh","seller_name":"Previous Landholder","consideration_amount_inr":"3500000.0","stamp_duty_inr":"210000.0","survey_sketch_id":"FMB-DL-32-0161","cadastral_sheet_no":"SHT-DL-32","surveyed_area_sqm":"3478.3","survey_status":"PENDING","urban_authority":"Najafgarh Tehsil Urban Development & Town Planning Authority","zone_name":"Commercial Business District","permitted_land_use":"WATER_BODY","building_permission_status":"PENDING","violations_reported":"False","is_encumbered":"True","encumbrance_certificate_number":"EC-DL-00000161-0161","encumbrance_type":"TRIBAL_NON_ALIENATION","financial_institution":"","mortgage_amount":"0.0","created_at":"2026-01-15T09:00:00Z","updated_at":"2026-09-24T11:30:00Z"}},{"type":"Feature","geometry":{"type":"Polygon","coordinates":[[[77.20902472671658,28.645438550653537],[77.2283542602324,28.6477452075667],[77.2238333645176,28.664389313670902],[77.21174517206103,28.665206689776813],[77.20902472671658,28.645438550653537]]]},"properties":{"ulpin":"07554430868851","parcel_id":"868ea349-a5c1-403f-b917-ed5421415b3f","state":"Delhi (NCT)","state_code":"DL","state_type":"UT","state_lgd_code":"7","district_lgd_code":"95","district_name":"South West Delhi","subdistrict_lgd_code":"780","subdistrict_name":"Najafgarh Tehsil","subdistrict_type":"Tehsil / Taluk","village_lgd_code":"71092","village_name":"Dhansa","khasra_plot_no":"Mustatil 32, Killa 15/D162","recorded_area":"4.16","recorded_area_unit":"Bigha-Biswa","normalized_area_sqm":"3478.3","gis_area_sqm":"3478.3","land_use_category":"MIXED_USE","land_use_raw":"Bhumidhari (Agricultural)","status":"DISPUTED","data_freshness_status":"STALE","scenario_index":"19654","use_case_description":"Subdivision or amalgamation history review","mutation_workflow_status":"REJECTED","revenue_record_id":"ROR-DL-2025-1032-0162","revenue_record_type":"Khasra Khatauni (Delhi Bhulekh / DLR Act)","khata_khewat_no":"KHT-82","khatauni_no":"KHN-182","owner_name":"Chaudhary Dharamvir Singh","owner_name_local":"चौधरी धर्मवीर सिंह","co_owners":"","tenure_type":"Waqf / Religious Trust","mutation_status":"DISPUTED","active_mutation_id":"MUT-DL-00000162","tax_demand_status":"PAID","annual_tax_inr":"185.5","deed_number":"DEED-DL-2024-432-0162","deed_type":"Sale Deed / Conveyance","sro_office":"Sub-Registrar Office, Najafgarh Tehsil","execution_date":"2024-05-10","registered_owner":"Registry Variance Owner 162","seller_name":"Previous Landholder","consideration_amount_inr":"3500000.0","stamp_duty_inr":"210000.0","survey_sketch_id":"FMB-DL-32-0162","cadastral_sheet_no":"SHT-DL-32","surveyed_area_sqm":"3478.3","survey_status":"DISPUTED","urban_authority":"Najafgarh Tehsil Urban Development & Town Planning Authority","zone_name":"Commercial Business District","permitted_land_use":"MIXED_USE","building_permission_status":"REJECTED","violations_reported":"False","is_encumbered":"True","encumbrance_certificate_number":"EC-DL-00000162-0162","encumbrance_type":"LEASE_CHARGE","financial_institution":"","mortgage_amount":"0.0","created_at":"2026-01-15T09:00:00Z","updated_at":"2026-09-24T11:30:00Z"}},{"type":"Feature","geometry":{"type":"Polygon","coordinates":[[[77.32235894149757,28.857666856529068],[77.34751826123241,28.86139532813588],[77.34480314028158,28.88053254128208],[77.32458372232558,28.878002104806132],[77.32235894149757,28.857666856529068]]]},"properties":{"ulpin":"07495502037893","parcel_id":"3d69d407-fb34-4acd-a54b-23ac60c13f84","state":"Delhi (NCT)","state_code":"DL","state_type":"UT","state_lgd_code":"7","district_lgd_code":"95","district_name":"South West Delhi","subdistrict_lgd_code":"780","subdistrict_name":"Najafgarh Tehsil","subdistrict_type":"Tehsil / Taluk","village_lgd_code":"71092","village_name":"Dhansa","khasra_plot_no":"Mustatil 32, Killa 15/D163","recorded_area":"4.16","recorded_area_unit":"Bigha-Biswa","normalized_area_sqm":"3478.3","gis_area_sqm":"3478.3","land_use_category":"OTHER","land_use_raw":"Bhumidhari (Agricultural)","status":"ARCHIVED","data_freshness_status":"UNKNOWN","scenario_index":"19655","use_case_description":"Cadastral area discrepancy requiring resurvey","mutation_workflow_status":"SLA_BREACHED","revenue_record_id":"ROR-DL-2025-1032-0163","revenue_record_type":"Khasra Khatauni (Delhi Bhulekh / DLR Act)","khata_khewat_no":"KHT-82","khatauni_no":"KHN-182","owner_name":"Chaudhary Dharamvir Singh","owner_name_local":"चौधरी धर्मवीर सिंह","co_owners":"","tenure_type":"Tribal Community Tenure","mutation_status":"NONE","active_mutation_id":"MUT-DL-00000163","tax_demand_status":"PAID","annual_tax_inr":"185.5","deed_number":"DEED-DL-2024-432-0163","deed_type":"Sale Deed / Conveyance","sro_office":"Sub-Registrar Office, Najafgarh Tehsil","execution_date":"2024-05-10","registered_owner":"Chaudhary Dharamvir Singh","seller_name":"Previous Landholder","consideration_amount_inr":"3500000.0","stamp_duty_inr":"210000.0","survey_sketch_id":"FMB-DL-32-0163","cadastral_sheet_no":"SHT-DL-32","surveyed_area_sqm":"3478.3","survey_status":"RESURVEY_REQUIRED","urban_authority":"Najafgarh Tehsil Urban Development & Town Planning Authority","zone_name":"Commercial Business District","permitted_land_use":"OTHER","building_permission_status":"NOT_APPLICABLE","violations_reported":"False","is_encumbered":"False","encumbrance_certificate_number":"EC-DL-2024-132-0163","encumbrance_type":"NIL","financial_institution":"","mortgage_amount":"0.0","created_at":"2026-01-15T09:00:00Z","updated_at":"2026-09-24T11:30:00Z"}},{"type":"Feature","geometry":{"type":"Polygon","coordinates":[[[77.3697765191058,28.956171844167034],[77.39488404598974,28.95672184260038],[77.39488404598974,28.974361816888432],[77.3722484189209,28.974155563719467],[77.3697765191058,28.956171844167034]]]},"properties":{"ulpin":"07124050530071","parcel_id":"38cf33aa-55aa-4249-8984-05a17960e0ed","state":"Delhi (NCT)","state_code":"DL","state_type":"UT","state_lgd_code":"7","district_lgd_code":"95","district_name":"South West Delhi","subdistrict_lgd_code":"780","subdistrict_name":"Najafgarh Tehsil","subdistrict_type":"Tehsil / Taluk","village_lgd_code":"71092","village_name":"Dhansa","khasra_plot_no":"Mustatil 32, Killa 15/D164","recorded_area":"4.16","recorded_area_unit":"Bigha-Biswa","normalized_area_sqm":"3478.3","gis_area_sqm":"3478.3","land_use_category":"RESIDENTIAL","land_use_raw":"Bhumidhari (Agricultural)","status":"ACTIVE","data_freshness_status":"CURRENT","scenario_index":"19656","use_case_description":"Bank mortgage and active encumbrance","mutation_workflow_status":"SUBMITTED","revenue_record_id":"ROR-DL-2025-1032-0164","revenue_record_type":"Khasra Khatauni (Delhi Bhulekh / DLR Act)","khata_khewat_no":"KHT-82","khatauni_no":"KHN-182","owner_name":"Chaudhary Dharamvir Singh","owner_name_local":"चौधरी धर्मवीर सिंह","co_owners":"","tenure_type":"Bhumiswami / Raiyati with Transferable Rights","mutation_status":"MUTATED","active_mutation_id":"","tax_demand_status":"PAID","annual_tax_inr":"185.5","deed_number":"DEED-DL-2024-432-0164","deed_type":"Sale Deed / Conveyance","sro_office":"Sub-Registrar Office, Najafgarh Tehsil","execution_date":"2024-05-10","registered_owner":"Chaudhary Dharamvir Singh","seller_name":"Previous Landholder","consideration_amount_inr":"3500000.0","stamp_duty_inr":"210000.0","survey_sketch_id":"FMB-DL-32-0164","cadastral_sheet_no":"SHT-DL-32","surveyed_area_sqm":"3478.3","survey_status":"SURVEYED","urban_authority":"Najafgarh Tehsil Urban Development & Town Planning Authority","zone_name":"Commercial Business District","permitted_land_use":"RESIDENTIAL","building_permission_status":"SANCTIONED","violations_reported":"True","is_encumbered":"True","encumbrance_certificate_number":"EC-DL-00000164-0164","encumbrance_type":"BANK_MORTGAGE","financial_institution":"","mortgage_amount":"0.0","created_at":"2026-01-15T09:00:00Z","updated_at":"2026-09-24T11:30:00Z"}},{"type":"Feature","geometry":{"type":"Polygon","coordinates":[[[77.29730288659213,28.97414868588678],[77.31999486977882,28.976552394032662],[77.32192021925133,28.99491581650703],[77.29730288659213,28.992577877540405],[77.29730288659213,28.97414868588678]]]},"properties":{"ulpin":"07774100140501","parcel_id":"e62a6306-730b-4458-bb6b-f903fa4da830","state":"Delhi (NCT)","state_code":"DL","state_type":"UT","state_lgd_code":"7","district_lgd_code":"95","district_name":"South West Delhi","subdistrict_lgd_code":"780","subdistrict_name":"Najafgarh Tehsil","subdistrict_type":"Tehsil / Taluk","village_lgd_code":"71092","village_name":"Dhansa","khasra_plot_no":"Mustatil 32, Killa 15/D165","recorded_area":"4.16","recorded_area_unit":"Bigha-Biswa","normalized_area_sqm":"3478.3","gis_area_sqm":"3478.3","land_use_category":"COMMERCIAL","land_use_raw":"Bhumidhari (Agricultural)","status":"PENDING_MUTATION","data_freshness_status":"STALE","scenario_index":"19657","use_case_description":"Government revenue lien and tax demand","mutation_workflow_status":"UNDER_VERIFICATION","revenue_record_id":"ROR-DL-2025-1032-0165","revenue_record_type":"Khasra Khatauni (Delhi Bhulekh / DLR Act)","khata_khewat_no":"KHT-82","khatauni_no":"KHN-182","owner_name":"Chaudhary Dharamvir Singh","owner_name_local":"चौधरी धर्मवीर सिंह","co_owners":"","tenure_type":"Bhumiswami / Freehold","mutation_status":"PENDING","active_mutation_id":"MUT-DL-00000165","tax_demand_status":"PAID","annual_tax_inr":"185.5","deed_number":"DEED-DL-2024-432-0165","deed_type":"Sale Deed / Conveyance","sro_office":"Sub-Registrar Office, Najafgarh Tehsil","execution_date":"2024-05-10","registered_owner":"Chaudhary Dharamvir Singh","seller_name":"Previous Landholder","consideration_amount_inr":"3500000.0","stamp_duty_inr":"210000.0","survey_sketch_id":"FMB-DL-32-0165","cadastral_sheet_no":"SHT-DL-32","surveyed_area_sqm":"3478.3","survey_status":"PENDING","urban_authority":"Najafgarh Tehsil Urban Development & Town Planning Authority","zone_name":"Commercial Business District","permitted_land_use":"COMMERCIAL","building_permission_status":"PENDING","violations_reported":"False","is_encumbered":"True","encumbrance_certificate_number":"EC-DL-00000165-0165","encumbrance_type":"GOVT_REVENUE_LIEN","financial_institution":"","mortgage_amount":"0.0","created_at":"2026-01-15T09:00:00Z","updated_at":"2026-09-24T11:30:00Z"}},{"type":"Feature","geometry":{"type":"Polygon","coordinates":[[[77.29112045298031,28.608421590842227],[77.31474889813987,28.60420277448189],[77.31378164650607,28.625188309561803],[77.29112045298031,28.626926286831527],[77.29112045298031,28.608421590842227]]]},"properties":{"ulpin":"07508922744910","parcel_id":"5ca75c78-ff31-44a0-96b3-bdfc89d9592f","state":"Delhi (NCT)","state_code":"DL","state_type":"UT","state_lgd_code":"7","district_lgd_code":"95","district_name":"South West Delhi","subdistrict_lgd_code":"780","subdistrict_name":"Najafgarh Tehsil","subdistrict_type":"Tehsil / Taluk","village_lgd_code":"71092","village_name":"Dhansa","khasra_plot_no":"Mustatil 32, Killa 15/D166","recorded_area":"4.16","recorded_area_unit":"Bigha-Biswa","normalized_area_sqm":"3478.3","gis_area_sqm":"3478.3","land_use_category":"INDUSTRIAL","land_use_raw":"Bhumidhari (Agricultural)","status":"SUBDIVIDED","data_freshness_status":"UNKNOWN","scenario_index":"19658","use_case_description":"Court attachment and disputed possession","mutation_workflow_status":"NOTICE_PERIOD","revenue_record_id":"ROR-DL-2025-1032-0166","revenue_record_type":"Khasra Khatauni (Delhi Bhulekh / DLR Act)","khata_khewat_no":"KHT-82","khatauni_no":"KHN-182","owner_name":"Chaudhary Dharamvir Singh","owner_name_local":"चौधरी धर्मवीर सिंह","co_owners":"","tenure_type":"Leasehold","mutation_status":"UNMUTATED_TRANSACTION","active_mutation_id":"MUT-DL-00000166","tax_demand_status":"PAID","annual_tax_inr":"185.5","deed_number":"DEED-DL-2024-432-0166","deed_type":"Sale Deed / Conveyance","sro_office":"Sub-Registrar Office, Najafgarh Tehsil","execution_date":"2024-05-10","registered_owner":"Chaudhary Dharamvir Singh","seller_name":"Previous Landholder","consideration_amount_inr":"3500000.0","stamp_duty_inr":"210000.0","survey_sketch_id":"FMB-DL-32-0166","cadastral_sheet_no":"SHT-DL-32","surveyed_area_sqm":"3478.3","survey_status":"DISPUTED","urban_authority":"Najafgarh Tehsil Urban Development & Town Planning Authority","zone_name":"Commercial Business District","permitted_land_use":"INDUSTRIAL","building_permission_status":"REJECTED","violations_reported":"False","is_encumbered":"True","encumbrance_certificate_number":"EC-DL-00000166-0166","encumbrance_type":"COURT_ATTACHMENT","financial_institution":"","mortgage_amount":"0.0","created_at":"2026-01-15T09:00:00Z","updated_at":"2026-09-24T11:30:00Z"}},{"type":"Feature","geometry":{"type":"Polygon","coordinates":[[[77.33441180444554,28.62832070239523],[77.35461876819684,28.627856311285736],[77.3562902923075,28.64619957433512],[77.33536337507893,28.64828682529063],[77.33441180444554,28.62832070239523]]]},"properties":{"ulpin":"07809113501924","parcel_id":"2c2cae3a-80c8-4c4a-91f4-3a6407025742","state":"Delhi (NCT)","state_code":"DL","state_type":"UT","state_lgd_code":"7","district_lgd_code":"95","district_name":"South West Delhi","subdistrict_lgd_code":"780","subdistrict_name":"Najafgarh Tehsil","subdistrict_type":"Tehsil / Taluk","village_lgd_code":"71092","village_name":"Dhansa","khasra_plot_no":"Mustatil 32, Killa 15/D167","recorded_area":"4.16","recorded_area_unit":"Bigha-Biswa","normalized_area_sqm":"3478.3","gis_area_sqm":"3478.3","land_use_category":"AGRICULTURAL","land_use_raw":"Bhumidhari (Agricultural)","status":"AMALGAMATED","data_freshness_status":"CURRENT","scenario_index":"19659","use_case_description":"Tribal non-alienation protection review","mutation_workflow_status":"HEARING_SCHEDULED","revenue_record_id":"ROR-DL-2025-1032-0167","revenue_record_type":"Khasra Khatauni (Delhi Bhulekh / DLR Act)","khata_khewat_no":"KHT-82","khatauni_no":"KHN-182","owner_name":"Chaudhary Dharamvir Singh","owner_name_local":"चौधरी धर्मवीर सिंह","co_owners":"","tenure_type":"Government Grant","mutation_status":"REJECTED","active_mutation_id":"MUT-DL-00000167","tax_demand_status":"PAID","annual_tax_inr":"185.5","deed_number":"DEED-DL-2024-432-0167","deed_type":"Sale Deed / Conveyance","sro_office":"Sub-Registrar Office, Najafgarh Tehsil","execution_date":"2024-05-10","registered_owner":"Registry Variance Owner 167","seller_name":"Previous Landholder","consideration_amount_inr":"3500000.0","stamp_duty_inr":"210000.0","survey_sketch_id":"FMB-DL-32-0167","cadastral_sheet_no":"SHT-DL-32","surveyed_area_sqm":"3478.3","survey_status":"RESURVEY_REQUIRED","urban_authority":"Najafgarh Tehsil Urban Development & Town Planning Authority","zone_name":"Commercial Business District","permitted_land_use":"AGRICULTURAL","building_permission_status":"NOT_APPLICABLE","violations_reported":"False","is_encumbered":"True","encumbrance_certificate_number":"EC-DL-00000167-0167","encumbrance_type":"TRIBAL_NON_ALIENATION","financial_institution":"","mortgage_amount":"0.0","created_at":"2026-01-15T09:00:00Z","updated_at":"2026-09-24T11:30:00Z"}},{"type":"Feature","geometry":{"type":"Polygon","coordinates":[[[77.26088597337294,28.819933997855056],[77.2772402005943,28.82226886999001],[77.2772402005943,28.83863523683245],[77.25648655585445,28.838854396375723],[77.26088597337294,28.819933997855056]]]},"properties":{"ulpin":"07318965460045","parcel_id":"7a3ebdb2-50d9-4ded-a2b4-a71a8c80262a","state":"Delhi (NCT)","state_code":"DL","state_type":"UT","state_lgd_code":"7","district_lgd_code":"95","district_name":"South West Delhi","subdistrict_lgd_code":"780","subdistrict_name":"Najafgarh Tehsil","subdistrict_type":"Tehsil / Taluk","village_lgd_code":"71092","village_name":"Dhansa","khasra_plot_no":"Mustatil 32, Killa 15/D168","recorded_area":"4.16","recorded_area_unit":"Bigha-Biswa","normalized_area_sqm":"3478.3","gis_area_sqm":"3478.3","land_use_category":"INSTITUTIONAL","land_use_raw":"Bhumidhari (Agricultural)","status":"DISPUTED","data_freshness_status":"STALE","scenario_index":"19660","use_case_description":"Lease charge and institutional tenancy","mutation_workflow_status":"APPROVED","revenue_record_id":"ROR-DL-2025-1032-0168","revenue_record_type":"Khasra Khatauni (Delhi Bhulekh / DLR Act)","khata_khewat_no":"KHT-82","khatauni_no":"KHN-182","owner_name":"Chaudhary Dharamvir Singh","owner_name_local":"चौधरी धर्मवीर सिंह","co_owners":"","tenure_type":"Waqf / Religious Trust","mutation_status":"DISPUTED","active_mutation_id":"MUT-DL-00000168","tax_demand_status":"PAID","annual_tax_inr":"185.5","deed_number":"DEED-DL-2024-432-0168","deed_type":"Sale Deed / Conveyance","sro_office":"Sub-Registrar Office, Najafgarh Tehsil","execution_date":"2024-05-10","registered_owner":"Chaudhary Dharamvir Singh","seller_name":"Previous Landholder","consideration_amount_inr":"3500000.0","stamp_duty_inr":"210000.0","survey_sketch_id":"FMB-DL-32-0168","cadastral_sheet_no":"SHT-DL-32","surveyed_area_sqm":"3478.3","survey_status":"SURVEYED","urban_authority":"Najafgarh Tehsil Urban Development & Town Planning Authority","zone_name":"Commercial Business District","permitted_land_use":"INSTITUTIONAL","building_permission_status":"SANCTIONED","violations_reported":"False","is_encumbered":"True","encumbrance_certificate_number":"EC-DL-00000168-0168","encumbrance_type":"LEASE_CHARGE","financial_institution":"","mortgage_amount":"0.0","created_at":"2026-01-15T09:00:00Z","updated_at":"2026-09-24T11:30:00Z"}},{"type":"Feature","geometry":{"type":"Polygon","coordinates":[[[77.44166171328877,28.847499314113332],[77.46948930149709,28.848787840230315],[77.4644697177014,28.868905075967152],[77.44094959152355,28.86825382416912],[77.44166171328877,28.847499314113332]]]},"properties":{"ulpin":"07334876094955","parcel_id":"0183a02e-e521-4676-b352-f937f60421db","state":"Delhi (NCT)","state_code":"DL","state_type":"UT","state_lgd_code":"7","district_lgd_code":"95","district_name":"South West Delhi","subdistrict_lgd_code":"780","subdistrict_name":"Najafgarh Tehsil","subdistrict_type":"Tehsil / Taluk","village_lgd_code":"71092","village_name":"Dhansa","khasra_plot_no":"Mustatil 32, Killa 15/D169","recorded_area":"4.16","recorded_area_unit":"Bigha-Biswa","normalized_area_sqm":"3478.3","gis_area_sqm":"3478.3","land_use_category":"FOREST_GREEN_BELT","land_use_raw":"Bhumidhari (Agricultural)","status":"ARCHIVED","data_freshness_status":"UNKNOWN","scenario_index":"19661","use_case_description":"Tribal non-alienation protection review","mutation_workflow_status":"REJECTED","revenue_record_id":"ROR-DL-2025-1032-0169","revenue_record_type":"Khasra Khatauni (Delhi Bhulekh / DLR Act)","khata_khewat_no":"KHT-82","khatauni_no":"KHN-182","owner_name":"Chaudhary Dharamvir Singh","owner_name_local":"चौधरी धर्मवीर सिंह","co_owners":"","tenure_type":"Tribal Community Tenure","mutation_status":"NONE","active_mutation_id":"MUT-DL-00000169","tax_demand_status":"PAID","annual_tax_inr":"185.5","deed_number":"DEED-DL-2024-432-0169","deed_type":"Sale Deed / Conveyance","sro_office":"Sub-Registrar Office, Najafgarh Tehsil","execution_date":"2024-05-10","registered_owner":"Chaudhary Dharamvir Singh","seller_name":"Previous Landholder","consideration_amount_inr":"3500000.0","stamp_duty_inr":"210000.0","survey_sketch_id":"FMB-DL-32-0169","cadastral_sheet_no":"SHT-DL-32","surveyed_area_sqm":"3478.3","survey_status":"PENDING","urban_authority":"Najafgarh Tehsil Urban Development & Town Planning Authority","zone_name":"Commercial Business District","permitted_land_use":"FOREST_GREEN_BELT","building_permission_status":"PENDING","violations_reported":"False","is_encumbered":"False","encumbrance_certificate_number":"EC-DL-2024-132-0169","encumbrance_type":"NIL","financial_institution":"","mortgage_amount":"0.0","created_at":"2026-01-15T09:00:00Z","updated_at":"2026-09-24T11:30:00Z"}},{"type":"Feature","geometry":{"type":"Polygon","coordinates":[[[77.23782470616096,28.91793877277045],[77.2591030691422,28.920339252172703],[77.25914485866988,28.94052349816176],[77.23711113791825,28.942273155570795],[77.23782470616096,28.91793877277045]]]},"properties":{"ulpin":"07845266584512","parcel_id":"5eacb63b-dda7-4270-96ce-fa866acb6767","state":"Delhi (NCT)","state_code":"DL","state_type":"UT","state_lgd_code":"7","district_lgd_code":"95","district_name":"South West Delhi","subdistrict_lgd_code":"780","subdistrict_name":"Najafgarh Tehsil","subdistrict_type":"Tehsil / Taluk","village_lgd_code":"71092","village_name":"Dhansa","khasra_plot_no":"Mustatil 32, Killa 15/D170","recorded_area":"4.16","recorded_area_unit":"Bigha-Biswa","normalized_area_sqm":"3478.3","gis_area_sqm":"3478.3","land_use_category":"WATER_BODY","land_use_raw":"Bhumidhari (Agricultural)","status":"ACTIVE","data_freshness_status":"CURRENT","scenario_index":"19662","use_case_description":"Archived historical record for audit retrieval","mutation_workflow_status":"SLA_BREACHED","revenue_record_id":"ROR-DL-2025-1032-0170","revenue_record_type":"Khasra Khatauni (Delhi Bhulekh / DLR Act)","khata_khewat_no":"KHT-82","khatauni_no":"KHN-182","owner_name":"Chaudhary Dharamvir Singh","owner_name_local":"चौधरी धर्मवीर सिंह","co_owners":"","tenure_type":"Bhumiswami / Raiyati with Transferable Rights","mutation_status":"MUTATED","active_mutation_id":"","tax_demand_status":"PAID","annual_tax_inr":"185.5","deed_number":"DEED-DL-2024-432-0170","deed_type":"Sale Deed / Conveyance","sro_office":"Sub-Registrar Office, Najafgarh Tehsil","execution_date":"2024-05-10","registered_owner":"Chaudhary Dharamvir Singh","seller_name":"Previous Landholder","consideration_amount_inr":"3500000.0","stamp_duty_inr":"210000.0","survey_sketch_id":"FMB-DL-32-0170","cadastral_sheet_no":"SHT-DL-32","surveyed_area_sqm":"3478.3","survey_status":"DISPUTED","urban_authority":"Najafgarh Tehsil Urban Development & Town Planning Authority","zone_name":"Commercial Business District","permitted_land_use":"WATER_BODY","building_permission_status":"REJECTED","violations_reported":"False","is_encumbered":"True","encumbrance_certificate_number":"EC-DL-00000170-0170","encumbrance_type":"BANK_MORTGAGE","financial_institution":"","mortgage_amount":"0.0","created_at":"2026-01-15T09:00:00Z","updated_at":"2026-09-24T11:30:00Z"}},{"type":"Feature","geometry":{"type":"Polygon","coordinates":[[[77.24026334844429,28.79916177242478],[77.25585456458516,28.799916938595466],[77.26088597337294,28.819933997855056],[77.24195526635437,28.82190806940053],[77.24026334844429,28.79916177242478]]]},"properties":{"ulpin":"07939078913990","parcel_id":"b1bdf574-e9a3-48bc-8e0b-c907617cb4b8","state":"Delhi (NCT)","state_code":"DL","state_type":"UT","state_lgd_code":"7","district_lgd_code":"95","district_name":"South West Delhi","subdistrict_lgd_code":"780","subdistrict_name":"Najafgarh Tehsil","subdistrict_type":"Tehsil / Taluk","village_lgd_code":"71092","village_name":"Dhansa","khasra_plot_no":"Mustatil 32, Killa 15/D171","recorded_area":"4.16","recorded_area_unit":"Bigha-Biswa","normalized_area_sqm":"3478.3","gis_area_sqm":"3478.3","land_use_category":"MIXED_USE","land_use_raw":"Bhumidhari (Agricultural)","status":"PENDING_MUTATION","data_freshness_status":"STALE","scenario_index":"19663","use_case_description":"Bank mortgage and active encumbrance","mutation_workflow_status":"SUBMITTED","revenue_record_id":"ROR-DL-2025-1032-0171","revenue_record_type":"Khasra Khatauni (Delhi Bhulekh / DLR Act)","khata_khewat_no":"KHT-82","khatauni_no":"KHN-182","owner_name":"Chaudhary Dharamvir Singh","owner_name_local":"चौधरी धर्मवीर सिंह","co_owners":"","tenure_type":"Bhumiswami / Freehold","mutation_status":"PENDING","active_mutation_id":"MUT-DL-00000171","tax_demand_status":"PAID","annual_tax_inr":"185.5","deed_number":"DEED-DL-2024-432-0171","deed_type":"Sale Deed / Conveyance","sro_office":"Sub-Registrar Office, Najafgarh Tehsil","execution_date":"2024-05-10","registered_owner":"Chaudhary Dharamvir Singh","seller_name":"Previous Landholder","consideration_amount_inr":"3500000.0","stamp_duty_inr":"210000.0","survey_sketch_id":"FMB-DL-32-0171","cadastral_sheet_no":"SHT-DL-32","surveyed_area_sqm":"3478.3","survey_status":"RESURVEY_REQUIRED","urban_authority":"Najafgarh Tehsil Urban Development & Town Planning Authority","zone_name":"Commercial Business District","permitted_land_use":"MIXED_USE","building_permission_status":"NOT_APPLICABLE","violations_reported":"True","is_encumbered":"True","encumbrance_certificate_number":"EC-DL-00000171-0171","encumbrance_type":"GOVT_REVENUE_LIEN","financial_institution":"","mortgage_amount":"0.0","created_at":"2026-01-15T09:00:00Z","updated_at":"2026-09-24T11:30:00Z"}},{"type":"Feature","geometry":{"type":"Polygon","coordinates":[[[77.3722484189209,28.974155563719467],[77.39488404598974,28.974361816888432],[77.39488404598974,28.99483901176412],[77.37374809327119,28.997384736853967],[77.3722484189209,28.974155563719467]]]},"properties":{"ulpin":"07255514626560","parcel_id":"8980fd5c-effc-4c8b-8e1f-4277b4753d82","state":"Delhi (NCT)","state_code":"DL","state_type":"UT","state_lgd_code":"7","district_lgd_code":"95","district_name":"South West Delhi","subdistrict_lgd_code":"780","subdistrict_name":"Najafgarh Tehsil","subdistrict_type":"Tehsil / Taluk","village_lgd_code":"71092","village_name":"Dhansa","khasra_plot_no":"Mustatil 32, Killa 15/D172","recorded_area":"4.16","recorded_area_unit":"Bigha-Biswa","normalized_area_sqm":"3478.3","gis_area_sqm":"3478.3","land_use_category":"OTHER","land_use_raw":"Bhumidhari (Agricultural)","status":"SUBDIVIDED","data_freshness_status":"UNKNOWN","scenario_index":"19664","use_case_description":"Government revenue lien and tax demand","mutation_workflow_status":"UNDER_VERIFICATION","revenue_record_id":"ROR-DL-2025-1032-0172","revenue_record_type":"Khasra Khatauni (Delhi Bhulekh / DLR Act)","khata_khewat_no":"KHT-82","khatauni_no":"KHN-182","owner_name":"Chaudhary Dharamvir Singh","owner_name_local":"चौधरी धर्मवीर सिंह","co_owners":"","tenure_type":"Leasehold","mutation_status":"UNMUTATED_TRANSACTION","active_mutation_id":"MUT-DL-00000172","tax_demand_status":"PAID","annual_tax_inr":"185.5","deed_number":"DEED-DL-2024-432-0172","deed_type":"Sale Deed / Conveyance","sro_office":"Sub-Registrar Office, Najafgarh Tehsil","execution_date":"2024-05-10","registered_owner":"Registry Variance Owner 172","seller_name":"Previous Landholder","consideration_amount_inr":"3500000.0","stamp_duty_inr":"210000.0","survey_sketch_id":"FMB-DL-32-0172","cadastral_sheet_no":"SHT-DL-32","surveyed_area_sqm":"3478.3","survey_status":"SURVEYED","urban_authority":"Najafgarh Tehsil Urban Development & Town Planning Authority","zone_name":"Commercial Business District","permitted_land_use":"OTHER","building_permission_status":"SANCTIONED","violations_reported":"False","is_encumbered":"True","encumbrance_certificate_number":"EC-DL-00000172-0172","encumbrance_type":"COURT_ATTACHMENT","financial_institution":"","mortgage_amount":"0.0","created_at":"2026-01-15T09:00:00Z","updated_at":"2026-09-24T11:30:00Z"}},{"type":"Feature","geometry":{"type":"Polygon","coordinates":[[[77.34751826123241,28.86139532813588],[77.37436693371086,28.860584382315224],[77.3681640131588,28.878261965967763],[77.34480314028158,28.88053254128208],[77.34751826123241,28.86139532813588]]]},"properties":{"ulpin":"07959627982141","parcel_id":"5214c553-8b71-493b-aee7-b0ac9d81ca4f","state":"Delhi (NCT)","state_code":"DL","state_type":"UT","state_lgd_code":"7","district_lgd_code":"95","district_name":"South West Delhi","subdistrict_lgd_code":"780","subdistrict_name":"Najafgarh Tehsil","subdistrict_type":"Tehsil / Taluk","village_lgd_code":"71092","village_name":"Dhansa","khasra_plot_no":"Mustatil 32, Killa 15/D173","recorded_area":"4.16","recorded_area_unit":"Bigha-Biswa","normalized_area_sqm":"3478.3","gis_area_sqm":"3478.3","land_use_category":"RESIDENTIAL","land_use_raw":"Bhumidhari (Agricultural)","status":"AMALGAMATED","data_freshness_status":"CURRENT","scenario_index":"19665","use_case_description":"Court attachment and disputed possession","mutation_workflow_status":"NOTICE_PERIOD","revenue_record_id":"ROR-DL-2025-1032-0173","revenue_record_type":"Khasra Khatauni (Delhi Bhulekh / DLR Act)","khata_khewat_no":"KHT-82","khatauni_no":"KHN-182","owner_name":"Chaudhary Dharamvir Singh","owner_name_local":"चौधरी धर्मवीर सिंह","co_owners":"","tenure_type":"Government Grant","mutation_status":"REJECTED","active_mutation_id":"MUT-DL-00000173","tax_demand_status":"PAID","annual_tax_inr":"185.5","deed_number":"DEED-DL-2024-432-0173","deed_type":"Sale Deed / Conveyance","sro_office":"Sub-Registrar Office, Najafgarh Tehsil","execution_date":"2024-05-10","registered_owner":"Chaudhary Dharamvir Singh","seller_name":"Previous Landholder","consideration_amount_inr":"3500000.0","stamp_duty_inr":"210000.0","survey_sketch_id":"FMB-DL-32-0173","cadastral_sheet_no":"SHT-DL-32","surveyed_area_sqm":"3478.3","survey_status":"PENDING","urban_authority":"Najafgarh Tehsil Urban Development & Town Planning Authority","zone_name":"Commercial Business District","permitted_land_use":"RESIDENTIAL","building_permission_status":"PENDING","violations_reported":"False","is_encumbered":"True","encumbrance_certificate_number":"EC-DL-00000173-0173","encumbrance_type":"TRIBAL_NON_ALIENATION","financial_institution":"","mortgage_amount":"0.0","created_at":"2026-01-15T09:00:00Z","updated_at":"2026-09-24T11:30:00Z"}},{"type":"Feature","geometry":{"type":"Polygon","coordinates":[[[77.2558266885629,28.983013479028706],[77.2772402005943,28.982328406422024],[77.2772402005943,29.00178680697715],[77.25759055495845,29.00178680697715],[77.2558266885629,28.983013479028706]]]},"properties":{"ulpin":"07784413400846","parcel_id":"e48d595a-695b-4421-b728-c315bb212b24","state":"Delhi (NCT)","state_code":"DL","state_type":"UT","state_lgd_code":"7","district_lgd_code":"95","district_name":"South West Delhi","subdistrict_lgd_code":"780","subdistrict_name":"Najafgarh Tehsil","subdistrict_type":"Tehsil / Taluk","village_lgd_code":"71092","village_name":"Dhansa","khasra_plot_no":"Mustatil 32, Killa 15/D174","recorded_area":"4.16","recorded_area_unit":"Bigha-Biswa","normalized_area_sqm":"3478.3","gis_area_sqm":"3478.3","land_use_category":"COMMERCIAL","land_use_raw":"Bhumidhari (Agricultural)","status":"DISPUTED","data_freshness_status":"STALE","scenario_index":"19666","use_case_description":"Tribal non-alienation protection review","mutation_workflow_status":"HEARING_SCHEDULED","revenue_record_id":"ROR-DL-2025-1032-0174","revenue_record_type":"Khasra Khatauni (Delhi Bhulekh / DLR Act)","khata_khewat_no":"KHT-82","khatauni_no":"KHN-182","owner_name":"Chaudhary Dharamvir Singh","owner_name_local":"चौधरी धर्मवीर सिंह","co_owners":"","tenure_type":"Waqf / Religious Trust","mutation_status":"DISPUTED","active_mutation_id":"MUT-DL-00000174","tax_demand_status":"PAID","annual_tax_inr":"185.5","deed_number":"DEED-DL-2024-432-0174","deed_type":"Sale Deed / Conveyance","sro_office":"Sub-Registrar Office, Najafgarh Tehsil","execution_date":"2024-05-10","registered_owner":"Chaudhary Dharamvir Singh","seller_name":"Previous Landholder","consideration_amount_inr":"3500000.0","stamp_duty_inr":"210000.0","survey_sketch_id":"FMB-DL-32-0174","cadastral_sheet_no":"SHT-DL-32","surveyed_area_sqm":"3478.3","survey_status":"DISPUTED","urban_authority":"Najafgarh Tehsil Urban Development & Town Planning Authority","zone_name":"Commercial Business District","permitted_land_use":"COMMERCIAL","building_permission_status":"REJECTED","violations_reported":"False","is_encumbered":"True","encumbrance_certificate_number":"EC-DL-00000174-0174","encumbrance_type":"LEASE_CHARGE","financial_institution":"","mortgage_amount":"0.0","created_at":"2026-01-15T09:00:00Z","updated_at":"2026-09-24T11:30:00Z"}},{"type":"Feature","geometry":{"type":"Polygon","coordinates":[[[77.29730288659213,28.89485372526283],[77.32071076259636,28.899493525027747],[77.32471481530943,28.916640555973487],[77.29730288659213,28.917375984119456],[77.29730288659213,28.89485372526283]]]},"properties":{"ulpin":"07954484243740","parcel_id":"1afc737f-d335-4158-a7d2-c0d6fe69e5b9","state":"Delhi (NCT)","state_code":"DL","state_type":"UT","state_lgd_code":"7","district_lgd_code":"95","district_name":"South West Delhi","subdistrict_lgd_code":"780","subdistrict_name":"Najafgarh Tehsil","subdistrict_type":"Tehsil / Taluk","village_lgd_code":"71092","village_name":"Dhansa","khasra_plot_no":"Mustatil 32, Killa 15/D175","recorded_area":"4.16","recorded_area_unit":"Bigha-Biswa","normalized_area_sqm":"3478.3","gis_area_sqm":"3478.3","land_use_category":"INDUSTRIAL","land_use_raw":"Bhumidhari (Agricultural)","status":"ARCHIVED","data_freshness_status":"UNKNOWN","scenario_index":"19667","use_case_description":"Pending sale mutation within statutory SLA","mutation_workflow_status":"APPROVED","revenue_record_id":"ROR-DL-2025-1032-0175","revenue_record_type":"Khasra Khatauni (Delhi Bhulekh / DLR Act)","khata_khewat_no":"KHT-82","khatauni_no":"KHN-182","owner_name":"Chaudhary Dharamvir Singh","owner_name_local":"चौधरी धर्मवीर सिंह","co_owners":"","tenure_type":"Tribal Community Tenure","mutation_status":"NONE","active_mutation_id":"MUT-DL-00000175","tax_demand_status":"PAID","annual_tax_inr":"185.5","deed_number":"DEED-DL-2024-432-0175","deed_type":"Sale Deed / Conveyance","sro_office":"Sub-Registrar Office, Najafgarh Tehsil","execution_date":"2024-05-10","registered_owner":"Chaudhary Dharamvir Singh","seller_name":"Previous Landholder","consideration_amount_inr":"3500000.0","stamp_duty_inr":"210000.0","survey_sketch_id":"FMB-DL-32-0175","cadastral_sheet_no":"SHT-DL-32","surveyed_area_sqm":"3478.3","survey_status":"RESURVEY_REQUIRED","urban_authority":"Najafgarh Tehsil Urban Development & Town Planning Authority","zone_name":"Commercial Business District","permitted_land_use":"INDUSTRIAL","building_permission_status":"NOT_APPLICABLE","violations_reported":"False","is_encumbered":"False","encumbrance_certificate_number":"EC-DL-2024-132-0175","encumbrance_type":"NIL","financial_institution":"","mortgage_amount":"0.0","created_at":"2026-01-15T09:00:00Z","updated_at":"2026-09-24T11:30:00Z"}},{"type":"Feature","geometry":{"type":"Polygon","coordinates":[[[77.48923178520361,28.942344088070495],[77.51446792925107,28.94246388393838],[77.51446792925107,28.960726746473618],[77.48928083760488,28.961892489128395],[77.48923178520361,28.942344088070495]]]},"properties":{"ulpin":"07595898225388","parcel_id":"513040c4-9ae3-4796-82a4-4176f2d68f0e","state":"Delhi (NCT)","state_code":"DL","state_type":"UT","state_lgd_code":"7","district_lgd_code":"95","district_name":"South West Delhi","subdistrict_lgd_code":"780","subdistrict_name":"Najafgarh Tehsil","subdistrict_type":"Tehsil / Taluk","village_lgd_code":"71092","village_name":"Dhansa","khasra_plot_no":"Mustatil 32, Killa 15/D176","recorded_area":"4.16","recorded_area_unit":"Bigha-Biswa","normalized_area_sqm":"3478.3","gis_area_sqm":"3478.3","land_use_category":"AGRICULTURAL","land_use_raw":"Bhumidhari (Agricultural)","status":"ACTIVE","data_freshness_status":"CURRENT","scenario_index":"19668","use_case_description":"Subdivision or amalgamation history review","mutation_workflow_status":"REJECTED","revenue_record_id":"ROR-DL-2025-1032-0176","revenue_record_type":"Khasra Khatauni (Delhi Bhulekh / DLR Act)","khata_khewat_no":"KHT-82","khatauni_no":"KHN-182","owner_name":"Chaudhary Dharamvir Singh","owner_name_local":"चौधरी धर्मवीर सिंह","co_owners":"","tenure_type":"Bhumiswami / Raiyati with Transferable Rights","mutation_status":"MUTATED","active_mutation_id":"","tax_demand_status":"PAID","annual_tax_inr":"185.5","deed_number":"DEED-DL-2024-432-0176","deed_type":"Sale Deed / Conveyance","sro_office":"Sub-Registrar Office, Najafgarh Tehsil","execution_date":"2024-05-10","registered_owner":"Chaudhary Dharamvir Singh","seller_name":"Previous Landholder","consideration_amount_inr":"3500000.0","stamp_duty_inr":"210000.0","survey_sketch_id":"FMB-DL-32-0176","cadastral_sheet_no":"SHT-DL-32","surveyed_area_sqm":"3478.3","survey_status":"SURVEYED","urban_authority":"Najafgarh Tehsil Urban Development & Town Planning Authority","zone_name":"Commercial Business District","permitted_land_use":"AGRICULTURAL","building_permission_status":"SANCTIONED","violations_reported":"False","is_encumbered":"True","encumbrance_certificate_number":"EC-DL-00000176-0176","encumbrance_type":"BANK_MORTGAGE","financial_institution":"","mortgage_amount":"0.0","created_at":"2026-01-15T09:00:00Z","updated_at":"2026-09-24T11:30:00Z"}},{"type":"Feature","geometry":{"type":"Polygon","coordinates":[[[77.37437084291014,28.91388255652008],[77.39488404598974,28.915818344071308],[77.39488404598974,28.935581796399337],[77.37011299133911,28.937698835532284],[77.37437084291014,28.91388255652008]]]},"properties":{"ulpin":"07915999716194","parcel_id":"5bec8a95-020c-4f92-a26c-3328e055d7e1","state":"Delhi (NCT)","state_code":"DL","state_type":"UT","state_lgd_code":"7","district_lgd_code":"95","district_name":"South West Delhi","subdistrict_lgd_code":"780","subdistrict_name":"Najafgarh Tehsil","subdistrict_type":"Tehsil / Taluk","village_lgd_code":"71092","village_name":"Dhansa","khasra_plot_no":"Mustatil 32, Killa 15/D177","recorded_area":"4.16","recorded_area_unit":"Bigha-Biswa","normalized_area_sqm":"3478.3","gis_area_sqm":"3478.3","land_use_category":"INSTITUTIONAL","land_use_raw":"Bhumidhari (Agricultural)","status":"PENDING_MUTATION","data_freshness_status":"STALE","scenario_index":"19669","use_case_description":"Archived historical record for audit retrieval","mutation_workflow_status":"SLA_BREACHED","revenue_record_id":"ROR-DL-2025-1032-0177","revenue_record_type":"Khasra Khatauni (Delhi Bhulekh / DLR Act)","khata_khewat_no":"KHT-82","khatauni_no":"KHN-182","owner_name":"Chaudhary Dharamvir Singh","owner_name_local":"चौधरी धर्मवीर सिंह","co_owners":"","tenure_type":"Bhumiswami / Freehold","mutation_status":"PENDING","active_mutation_id":"MUT-DL-00000177","tax_demand_status":"PAID","annual_tax_inr":"185.5","deed_number":"DEED-DL-2024-432-0177","deed_type":"Sale Deed / Conveyance","sro_office":"Sub-Registrar Office, Najafgarh Tehsil","execution_date":"2024-05-10","registered_owner":"Registry Variance Owner 177","seller_name":"Previous Landholder","consideration_amount_inr":"3500000.0","stamp_duty_inr":"210000.0","survey_sketch_id":"FMB-DL-32-0177","cadastral_sheet_no":"SHT-DL-32","surveyed_area_sqm":"3478.3","survey_status":"PENDING","urban_authority":"Najafgarh Tehsil Urban Development & Town Planning Authority","zone_name":"Commercial Business District","permitted_land_use":"INSTITUTIONAL","building_permission_status":"PENDING","violations_reported":"False","is_encumbered":"True","encumbrance_certificate_number":"EC-DL-00000177-0177","encumbrance_type":"GOVT_REVENUE_LIEN","financial_institution":"","mortgage_amount":"0.0","created_at":"2026-01-15T09:00:00Z","updated_at":"2026-09-24T11:30:00Z"}},{"type":"Feature","geometry":{"type":"Polygon","coordinates":[[[77.29730288659213,28.917375984119456],[77.32471481530943,28.916640555973487],[77.31817614990061,28.938017539294968],[77.29730288659213,28.93917415220193],[77.29730288659213,28.917375984119456]]]},"properties":{"ulpin":"07531242290174","parcel_id":"2ab4a3a3-f0dd-4ede-bc86-03d316f4fe14","state":"Delhi (NCT)","state_code":"DL","state_type":"UT","state_lgd_code":"7","district_lgd_code":"95","district_name":"South West Delhi","subdistrict_lgd_code":"780","subdistrict_name":"Najafgarh Tehsil","subdistrict_type":"Tehsil / Taluk","village_lgd_code":"71092","village_name":"Dhansa","khasra_plot_no":"Mustatil 32, Killa 15/D178","recorded_area":"4.16","recorded_area_unit":"Bigha-Biswa","normalized_area_sqm":"3478.3","gis_area_sqm":"3478.3","land_use_category":"FOREST_GREEN_BELT","land_use_raw":"Bhumidhari (Agricultural)","status":"SUBDIVIDED","data_freshness_status":"UNKNOWN","scenario_index":"19670","use_case_description":"Bank mortgage and active encumbrance","mutation_workflow_status":"SUBMITTED","revenue_record_id":"ROR-DL-2025-1032-0178","revenue_record_type":"Khasra Khatauni (Delhi Bhulekh / DLR Act)","khata_khewat_no":"KHT-82","khatauni_no":"KHN-182","owner_name":"Chaudhary Dharamvir Singh","owner_name_local":"चौधरी धर्मवीर सिंह","co_owners":"","tenure_type":"Leasehold","mutation_status":"UNMUTATED_TRANSACTION","active_mutation_id":"MUT-DL-00000178","tax_demand_status":"PAID","annual_tax_inr":"185.5","deed_number":"DEED-DL-2024-432-0178","deed_type":"Sale Deed / Conveyance","sro_office":"Sub-Registrar Office, Najafgarh Tehsil","execution_date":"2024-05-10","registered_owner":"Chaudhary Dharamvir Singh","seller_name":"Previous Landholder","consideration_amount_inr":"3500000.0","stamp_duty_inr":"210000.0","survey_sketch_id":"FMB-DL-32-0178","cadastral_sheet_no":"SHT-DL-32","surveyed_area_sqm":"3478.3","survey_status":"DISPUTED","urban_authority":"Najafgarh Tehsil Urban Development & Town Planning Authority","zone_name":"Commercial Business District","permitted_land_use":"FOREST_GREEN_BELT","building_permission_status":"REJECTED","violations_reported":"True","is_encumbered":"True","encumbrance_certificate_number":"EC-DL-00000178-0178","encumbrance_type":"COURT_ATTACHMENT","financial_institution":"","mortgage_amount":"0.0","created_at":"2026-01-15T09:00:00Z","updated_at":"2026-09-24T11:30:00Z"}},{"type":"Feature","geometry":{"type":"Polygon","coordinates":[[[77.3232775022974,28.955924342122692],[77.34789351110297,28.952498673550437],[77.34855612512303,28.976489737448752],[77.31999486977882,28.976552394032662],[77.3232775022974,28.955924342122692]]]},"properties":{"ulpin":"07724983952418","parcel_id":"656f0ff9-37ee-4c83-951c-1f8b092b79ac","state":"Delhi (NCT)","state_code":"DL","state_type":"UT","state_lgd_code":"7","district_lgd_code":"95","district_name":"South West Delhi","subdistrict_lgd_code":"780","subdistrict_name":"Najafgarh Tehsil","subdistrict_type":"Tehsil / Taluk","village_lgd_code":"71092","village_name":"Dhansa","khasra_plot_no":"Mustatil 32, Killa 15/D179","recorded_area":"4.16","recorded_area_unit":"Bigha-Biswa","normalized_area_sqm":"3478.3","gis_area_sqm":"3478.3","land_use_category":"WATER_BODY","land_use_raw":"Bhumidhari (Agricultural)","status":"AMALGAMATED","data_freshness_status":"CURRENT","scenario_index":"19671","use_case_description":"Government revenue lien and tax demand","mutation_workflow_status":"UNDER_VERIFICATION","revenue_record_id":"ROR-DL-2025-1032-0179","revenue_record_type":"Khasra Khatauni (Delhi Bhulekh / DLR Act)","khata_khewat_no":"KHT-82","khatauni_no":"KHN-182","owner_name":"Chaudhary Dharamvir Singh","owner_name_local":"चौधरी धर्मवीर सिंह","co_owners":"","tenure_type":"Government Grant","mutation_status":"REJECTED","active_mutation_id":"MUT-DL-00000179","tax_demand_status":"PAID","annual_tax_inr":"185.5","deed_number":"DEED-DL-2024-432-0179","deed_type":"Sale Deed / Conveyance","sro_office":"Sub-Registrar Office, Najafgarh Tehsil","execution_date":"2024-05-10","registered_owner":"Chaudhary Dharamvir Singh","seller_name":"Previous Landholder","consideration_amount_inr":"3500000.0","stamp_duty_inr":"210000.0","survey_sketch_id":"FMB-DL-32-0179","cadastral_sheet_no":"SHT-DL-32","surveyed_area_sqm":"3478.3","survey_status":"RESURVEY_REQUIRED","urban_authority":"Najafgarh Tehsil Urban Development & Town Planning Authority","zone_name":"Commercial Business District","permitted_land_use":"WATER_BODY","building_permission_status":"NOT_APPLICABLE","violations_reported":"False","is_encumbered":"True","encumbrance_certificate_number":"EC-DL-00000179-0179","encumbrance_type":"TRIBAL_NON_ALIENATION","financial_institution":"","mortgage_amount":"0.0","created_at":"2026-01-15T09:00:00Z","updated_at":"2026-09-24T11:30:00Z"}},{"type":"Feature","geometry":{"type":"Polygon","coordinates":[[[77.20129840112658,28.938139193232367],[77.22100090916408,28.943452819224785],[77.22168127355307,28.963891684027654],[77.20129840112658,28.964411593911766],[77.20129840112658,28.938139193232367]]]},"properties":{"ulpin":"07291510687558","parcel_id":"ddea3f0d-04df-4b14-81d3-b3f6bff1ad0b","state":"Delhi (NCT)","state_code":"DL","state_type":"UT","state_lgd_code":"7","district_lgd_code":"95","district_name":"South West Delhi","subdistrict_lgd_code":"780","subdistrict_name":"Najafgarh Tehsil","subdistrict_type":"Tehsil / Taluk","village_lgd_code":"71092","village_name":"Dhansa","khasra_plot_no":"Mustatil 32, Killa 15/D180","recorded_area":"4.16","recorded_area_unit":"Bigha-Biswa","normalized_area_sqm":"3478.3","gis_area_sqm":"3478.3","land_use_category":"MIXED_USE","land_use_raw":"Bhumidhari (Agricultural)","status":"DISPUTED","data_freshness_status":"STALE","scenario_index":"19672","use_case_description":"Court attachment and disputed possession","mutation_workflow_status":"NOTICE_PERIOD","revenue_record_id":"ROR-DL-2025-1032-0180","revenue_record_type":"Khasra Khatauni (Delhi Bhulekh / DLR Act)","khata_khewat_no":"KHT-82","khatauni_no":"KHN-182","owner_name":"Chaudhary Dharamvir Singh","owner_name_local":"चौधरी धर्मवीर सिंह","co_owners":"","tenure_type":"Waqf / Religious Trust","mutation_status":"DISPUTED","active_mutation_id":"MUT-DL-00000180","tax_demand_status":"PAID","annual_tax_inr":"185.5","deed_number":"DEED-DL-2024-432-0180","deed_type":"Sale Deed / Conveyance","sro_office":"Sub-Registrar Office, Najafgarh Tehsil","execution_date":"2024-05-10","registered_owner":"Chaudhary Dharamvir Singh","seller_name":"Previous Landholder","consideration_amount_inr":"3500000.0","stamp_duty_inr":"210000.0","survey_sketch_id":"FMB-DL-32-0180","cadastral_sheet_no":"SHT-DL-32","surveyed_area_sqm":"3478.3","survey_status":"SURVEYED","urban_authority":"Najafgarh Tehsil Urban Development & Town Planning Authority","zone_name":"Commercial Business District","permitted_land_use":"MIXED_USE","building_permission_status":"SANCTIONED","violations_reported":"False","is_encumbered":"True","encumbrance_certificate_number":"EC-DL-00000180-0180","encumbrance_type":"LEASE_CHARGE","financial_institution":"","mortgage_amount":"0.0","created_at":"2026-01-15T09:00:00Z","updated_at":"2026-09-24T11:30:00Z"}},{"type":"Feature","geometry":{"type":"Polygon","coordinates":[[[77.49177276466264,28.831037000823912],[77.51446792925107,28.831037000823912],[77.51446792925107,28.849742572804193],[77.49066302909945,28.851523659136245],[77.49177276466264,28.831037000823912]]]},"properties":{"ulpin":"07976188367994","parcel_id":"2238b811-8273-40ee-aeb7-8b7aa979e569","state":"Delhi (NCT)","state_code":"DL","state_type":"UT","state_lgd_code":"7","district_lgd_code":"95","district_name":"South West Delhi","subdistrict_lgd_code":"780","subdistrict_name":"Najafgarh Tehsil","subdistrict_type":"Tehsil / Taluk","village_lgd_code":"71092","village_name":"Dhansa","khasra_plot_no":"Mustatil 32, Killa 15/D181","recorded_area":"4.16","recorded_area_unit":"Bigha-Biswa","normalized_area_sqm":"3478.3","gis_area_sqm":"3478.3","land_use_category":"OTHER","land_use_raw":"Bhumidhari (Agricultural)","status":"ARCHIVED","data_freshness_status":"UNKNOWN","scenario_index":"19673","use_case_description":"Bank mortgage and active encumbrance","mutation_workflow_status":"HEARING_SCHEDULED","revenue_record_id":"ROR-DL-2025-1032-0181","revenue_record_type":"Khasra Khatauni (Delhi Bhulekh / DLR Act)","khata_khewat_no":"KHT-82","khatauni_no":"KHN-182","owner_name":"Chaudhary Dharamvir Singh","owner_name_local":"चौधरी धर्मवीर सिंह","co_owners":"","tenure_type":"Tribal Community Tenure","mutation_status":"NONE","active_mutation_id":"MUT-DL-00000181","tax_demand_status":"PAID","annual_tax_inr":"185.5","deed_number":"DEED-DL-2024-432-0181","deed_type":"Sale Deed / Conveyance","sro_office":"Sub-Registrar Office, Najafgarh Tehsil","execution_date":"2024-05-10","registered_owner":"Chaudhary Dharamvir Singh","seller_name":"Previous Landholder","consideration_amount_inr":"3500000.0","stamp_duty_inr":"210000.0","survey_sketch_id":"FMB-DL-32-0181","cadastral_sheet_no":"SHT-DL-32","surveyed_area_sqm":"3478.3","survey_status":"PENDING","urban_authority":"Najafgarh Tehsil Urban Development & Town Planning Authority","zone_name":"Commercial Business District","permitted_land_use":"OTHER","building_permission_status":"PENDING","violations_reported":"False","is_encumbered":"False","encumbrance_certificate_number":"EC-DL-2024-132-0181","encumbrance_type":"NIL","financial_institution":"","mortgage_amount":"0.0","created_at":"2026-01-15T09:00:00Z","updated_at":"2026-09-24T11:30:00Z"}},{"type":"Feature","geometry":{"type":"Polygon","coordinates":[[[77.53068449964238,28.560312483812513],[77.55119553765029,28.557368822044754],[77.55119553765029,28.57849210993941],[77.53072915321009,28.57866172623168],[77.53068449964238,28.560312483812513]]]},"properties":{"ulpin":"07165679216401","parcel_id":"bcd13a7f-8a2e-4ea1-a8a5-08d138c517ee","state":"Delhi (NCT)","state_code":"DL","state_type":"UT","state_lgd_code":"7","district_lgd_code":"95","district_name":"South West Delhi","subdistrict_lgd_code":"780","subdistrict_name":"Najafgarh Tehsil","subdistrict_type":"Tehsil / Taluk","village_lgd_code":"71092","village_name":"Dhansa","khasra_plot_no":"Mustatil 32, Killa 15/D182","recorded_area":"4.16","recorded_area_unit":"Bigha-Biswa","normalized_area_sqm":"3478.3","gis_area_sqm":"3478.3","land_use_category":"RESIDENTIAL","land_use_raw":"Bhumidhari (Agricultural)","status":"ACTIVE","data_freshness_status":"CURRENT","scenario_index":"19674","use_case_description":"Lease charge and institutional tenancy","mutation_workflow_status":"APPROVED","revenue_record_id":"ROR-DL-2025-1032-0182","revenue_record_type":"Khasra Khatauni (Delhi Bhulekh / DLR Act)","khata_khewat_no":"KHT-82","khatauni_no":"KHN-182","owner_name":"Chaudhary Dharamvir Singh","owner_name_local":"चौधरी धर्मवीर सिंह","co_owners":"","tenure_type":"Bhumiswami / Raiyati with Transferable Rights","mutation_status":"MUTATED","active_mutation_id":"","tax_demand_status":"PAID","annual_tax_inr":"185.5","deed_number":"DEED-DL-2024-432-0182","deed_type":"Sale Deed / Conveyance","sro_office":"Sub-Registrar Office, Najafgarh Tehsil","execution_date":"2024-05-10","registered_owner":"Registry Variance Owner 182","seller_name":"Previous Landholder","consideration_amount_inr":"3500000.0","stamp_duty_inr":"210000.0","survey_sketch_id":"FMB-DL-32-0182","cadastral_sheet_no":"SHT-DL-32","surveyed_area_sqm":"3478.3","survey_status":"DISPUTED","urban_authority":"Najafgarh Tehsil Urban Development & Town Planning Authority","zone_name":"Commercial Business District","permitted_land_use":"RESIDENTIAL","building_permission_status":"REJECTED","violations_reported":"False","is_encumbered":"True","encumbrance_certificate_number":"EC-DL-00000182-0182","encumbrance_type":"BANK_MORTGAGE","financial_institution":"","mortgage_amount":"0.0","created_at":"2026-01-15T09:00:00Z","updated_at":"2026-09-24T11:30:00Z"}},{"type":"Feature","geometry":{"type":"Polygon","coordinates":[[[77.25908685489519,28.61658865229437],[77.27453522521209,28.616369798805383],[77.27453522521209,28.62884792788665],[77.2607550556959,28.631720076195855],[77.25908685489519,28.61658865229437]]]},"properties":{"ulpin":"07764006374726","parcel_id":"2611a4cb-c518-42ca-8c90-2752b6694a80","state":"Delhi (NCT)","state_code":"DL","state_type":"UT","state_lgd_code":"7","district_lgd_code":"95","district_name":"South West Delhi","subdistrict_lgd_code":"780","subdistrict_name":"Najafgarh Tehsil","subdistrict_type":"Tehsil / Taluk","village_lgd_code":"71092","village_name":"Dhansa","khasra_plot_no":"Mustatil 32, Killa 15/D183","recorded_area":"4.16","recorded_area_unit":"Bigha-Biswa","normalized_area_sqm":"3478.3","gis_area_sqm":"3478.3","land_use_category":"COMMERCIAL","land_use_raw":"Bhumidhari (Agricultural)","status":"PENDING_MUTATION","data_freshness_status":"STALE","scenario_index":"19675","use_case_description":"Subdivision or amalgamation history review","mutation_workflow_status":"REJECTED","revenue_record_id":"ROR-DL-2025-1032-0183","revenue_record_type":"Khasra Khatauni (Delhi Bhulekh / DLR Act)","khata_khewat_no":"KHT-82","khatauni_no":"KHN-182","owner_name":"Chaudhary Dharamvir Singh","owner_name_local":"चौधरी धर्मवीर सिंह","co_owners":"","tenure_type":"Bhumiswami / Freehold","mutation_status":"PENDING","active_mutation_id":"MUT-DL-00000183","tax_demand_status":"PAID","annual_tax_inr":"185.5","deed_number":"DEED-DL-2024-432-0183","deed_type":"Sale Deed / Conveyance","sro_office":"Sub-Registrar Office, Najafgarh Tehsil","execution_date":"2024-05-10","registered_owner":"Chaudhary Dharamvir Singh","seller_name":"Previous Landholder","consideration_amount_inr":"3500000.0","stamp_duty_inr":"210000.0","survey_sketch_id":"FMB-DL-32-0183","cadastral_sheet_no":"SHT-DL-32","surveyed_area_sqm":"3478.3","survey_status":"RESURVEY_REQUIRED","urban_authority":"Najafgarh Tehsil Urban Development & Town Planning Authority","zone_name":"Commercial Business District","permitted_land_use":"COMMERCIAL","building_permission_status":"NOT_APPLICABLE","violations_reported":"False","is_encumbered":"True","encumbrance_certificate_number":"EC-DL-00000183-0183","encumbrance_type":"GOVT_REVENUE_LIEN","financial_institution":"","mortgage_amount":"0.0","created_at":"2026-01-15T09:00:00Z","updated_at":"2026-09-24T11:30:00Z"}},{"type":"Feature","geometry":{"type":"Polygon","coordinates":[[[77.35461876819684,28.627856311285736],[77.37649980107567,28.625769775797416],[77.37649980107567,28.647204181209773],[77.3562902923075,28.64619957433512],[77.35461876819684,28.627856311285736]]]},"properties":{"ulpin":"07410226351414","parcel_id":"a64a7319-c290-4cb7-a323-1ec5502aac65","state":"Delhi (NCT)","state_code":"DL","state_type":"UT","state_lgd_code":"7","district_lgd_code":"95","district_name":"South West Delhi","subdistrict_lgd_code":"780","subdistrict_name":"Najafgarh Tehsil","subdistrict_type":"Tehsil / Taluk","village_lgd_code":"71092","village_name":"Dhansa","khasra_plot_no":"Mustatil 32, Killa 15/D184","recorded_area":"4.16","recorded_area_unit":"Bigha-Biswa","normalized_area_sqm":"3478.3","gis_area_sqm":"3478.3","land_use_category":"INDUSTRIAL","land_use_raw":"Bhumidhari (Agricultural)","status":"SUBDIVIDED","data_freshness_status":"UNKNOWN","scenario_index":"19676","use_case_description":"Archived historical record for audit retrieval","mutation_workflow_status":"SLA_BREACHED","revenue_record_id":"ROR-DL-2025-1032-0184","revenue_record_type":"Khasra Khatauni (Delhi Bhulekh / DLR Act)","khata_khewat_no":"KHT-82","khatauni_no":"KHN-182","owner_name":"Chaudhary Dharamvir Singh","owner_name_local":"चौधरी धर्मवीर सिंह","co_owners":"","tenure_type":"Leasehold","mutation_status":"UNMUTATED_TRANSACTION","active_mutation_id":"MUT-DL-00000184","tax_demand_status":"PAID","annual_tax_inr":"185.5","deed_number":"DEED-DL-2024-432-0184","deed_type":"Sale Deed / Conveyance","sro_office":"Sub-Registrar Office, Najafgarh Tehsil","execution_date":"2024-05-10","registered_owner":"Chaudhary Dharamvir Singh","seller_name":"Previous Landholder","consideration_amount_inr":"3500000.0","stamp_duty_inr":"210000.0","survey_sketch_id":"FMB-DL-32-0184","cadastral_sheet_no":"SHT-DL-32","surveyed_area_sqm":"3478.3","survey_status":"SURVEYED","urban_authority":"Najafgarh Tehsil Urban Development & Town Planning Authority","zone_name":"Commercial Business District","permitted_land_use":"INDUSTRIAL","building_permission_status":"SANCTIONED","violations_reported":"False","is_encumbered":"True","encumbrance_certificate_number":"EC-DL-00000184-0184","encumbrance_type":"COURT_ATTACHMENT","financial_institution":"","mortgage_amount":"0.0","created_at":"2026-01-15T09:00:00Z","updated_at":"2026-09-24T11:30:00Z"}},{"type":"Feature","geometry":{"type":"Polygon","coordinates":[[[77.4923725171316,29.016299302074778],[77.51446792925107,29.015371179495286],[77.51446792925107,29.03472095423321],[77.49419734141256,29.035590326404485],[77.4923725171316,29.016299302074778]]]},"properties":{"ulpin":"07339980218086","parcel_id":"ab7604a5-aed9-4639-8338-32c18ce425bd","state":"Delhi (NCT)","state_code":"DL","state_type":"UT","state_lgd_code":"7","district_lgd_code":"95","district_name":"South West Delhi","subdistrict_lgd_code":"780","subdistrict_name":"Najafgarh Tehsil","subdistrict_type":"Tehsil / Taluk","village_lgd_code":"71092","village_name":"Dhansa","khasra_plot_no":"Mustatil 32, Killa 15/D185","recorded_area":"4.16","recorded_area_unit":"Bigha-Biswa","normalized_area_sqm":"3478.3","gis_area_sqm":"3478.3","land_use_category":"AGRICULTURAL","land_use_raw":"Bhumidhari (Agricultural)","status":"AMALGAMATED","data_freshness_status":"CURRENT","scenario_index":"19677","use_case_description":"Bank mortgage and active encumbrance","mutation_workflow_status":"SUBMITTED","revenue_record_id":"ROR-DL-2025-1032-0185","revenue_record_type":"Khasra Khatauni (Delhi Bhulekh / DLR Act)","khata_khewat_no":"KHT-82","khatauni_no":"KHN-182","owner_name":"Chaudhary Dharamvir Singh","owner_name_local":"चौधरी धर्मवीर सिंह","co_owners":"","tenure_type":"Government Grant","mutation_status":"REJECTED","active_mutation_id":"MUT-DL-00000185","tax_demand_status":"PAID","annual_tax_inr":"185.5","deed_number":"DEED-DL-2024-432-0185","deed_type":"Sale Deed / Conveyance","sro_office":"Sub-Registrar Office, Najafgarh Tehsil","execution_date":"2024-05-10","registered_owner":"Chaudhary Dharamvir Singh","seller_name":"Previous Landholder","consideration_amount_inr":"3500000.0","stamp_duty_inr":"210000.0","survey_sketch_id":"FMB-DL-32-0185","cadastral_sheet_no":"SHT-DL-32","surveyed_area_sqm":"3478.3","survey_status":"PENDING","urban_authority":"Najafgarh Tehsil Urban Development & Town Planning Authority","zone_name":"Commercial Business District","permitted_land_use":"AGRICULTURAL","building_permission_status":"PENDING","violations_reported":"True","is_encumbered":"True","encumbrance_certificate_number":"EC-DL-00000185-0185","encumbrance_type":"TRIBAL_NON_ALIENATION","financial_institution":"","mortgage_amount":"0.0","created_at":"2026-01-15T09:00:00Z","updated_at":"2026-09-24T11:30:00Z"}},{"type":"Feature","geometry":{"type":"Polygon","coordinates":[[[77.33445491365737,28.584625250268353],[77.3555227581881,28.582789904320705],[77.3575168928402,28.607818299564567],[77.3364898544701,28.605212478285498],[77.33445491365737,28.584625250268353]]]},"properties":{"ulpin":"07554137544513","parcel_id":"f26eeedf-ab69-4439-b166-086a5ddaf3dd","state":"Delhi (NCT)","state_code":"DL","state_type":"UT","state_lgd_code":"7","district_lgd_code":"95","district_name":"South West Delhi","subdistrict_lgd_code":"780","subdistrict_name":"Najafgarh Tehsil","subdistrict_type":"Tehsil / Taluk","village_lgd_code":"71092","village_name":"Dhansa","khasra_plot_no":"Mustatil 32, Killa 15/D186","recorded_area":"4.16","recorded_area_unit":"Bigha-Biswa","normalized_area_sqm":"3478.3","gis_area_sqm":"3478.3","land_use_category":"INSTITUTIONAL","land_use_raw":"Bhumidhari (Agricultural)","status":"DISPUTED","data_freshness_status":"STALE","scenario_index":"19678","use_case_description":"Government revenue lien and tax demand","mutation_workflow_status":"UNDER_VERIFICATION","revenue_record_id":"ROR-DL-2025-1032-0186","revenue_record_type":"Khasra Khatauni (Delhi Bhulekh / DLR Act)","khata_khewat_no":"KHT-82","khatauni_no":"KHN-182","owner_name":"Chaudhary Dharamvir Singh","owner_name_local":"चौधरी धर्मवीर सिंह","co_owners":"","tenure_type":"Waqf / Religious Trust","mutation_status":"DISPUTED","active_mutation_id":"MUT-DL-00000186","tax_demand_status":"PAID","annual_tax_inr":"185.5","deed_number":"DEED-DL-2024-432-0186","deed_type":"Sale Deed / Conveyance","sro_office":"Sub-Registrar Office, Najafgarh Tehsil","execution_date":"2024-05-10","registered_owner":"Chaudhary Dharamvir Singh","seller_name":"Previous Landholder","consideration_amount_inr":"3500000.0","stamp_duty_inr":"210000.0","survey_sketch_id":"FMB-DL-32-0186","cadastral_sheet_no":"SHT-DL-32","surveyed_area_sqm":"3478.3","survey_status":"DISPUTED","urban_authority":"Najafgarh Tehsil Urban Development & Town Planning Authority","zone_name":"Commercial Business District","permitted_land_use":"INSTITUTIONAL","building_permission_status":"REJECTED","violations_reported":"False","is_encumbered":"True","encumbrance_certificate_number":"EC-DL-00000186-0186","encumbrance_type":"LEASE_CHARGE","financial_institution":"","mortgage_amount":"0.0","created_at":"2026-01-15T09:00:00Z","updated_at":"2026-09-24T11:30:00Z"}},{"type":"Feature","geometry":{"type":"Polygon","coordinates":[[[77.32471481530943,28.916640555973487],[77.34328163395985,28.91526031930706],[77.3434792785647,28.93898985736935],[77.31817614990061,28.938017539294968],[77.32471481530943,28.916640555973487]]]},"properties":{"ulpin":"07048914854255","parcel_id":"f6f7e733-e973-4682-b372-7ce562c82991","state":"Delhi (NCT)","state_code":"DL","state_type":"UT","state_lgd_code":"7","district_lgd_code":"95","district_name":"South West Delhi","subdistrict_lgd_code":"780","subdistrict_name":"Najafgarh Tehsil","subdistrict_type":"Tehsil / Taluk","village_lgd_code":"71092","village_name":"Dhansa","khasra_plot_no":"Mustatil 32, Killa 15/D187","recorded_area":"4.16","recorded_area_unit":"Bigha-Biswa","normalized_area_sqm":"3478.3","gis_area_sqm":"3478.3","land_use_category":"FOREST_GREEN_BELT","land_use_raw":"Bhumidhari (Agricultural)","status":"ARCHIVED","data_freshness_status":"UNKNOWN","scenario_index":"19679","use_case_description":"Archived historical record for audit retrieval","mutation_workflow_status":"NOTICE_PERIOD","revenue_record_id":"ROR-DL-2025-1032-0187","revenue_record_type":"Khasra Khatauni (Delhi Bhulekh / DLR Act)","khata_khewat_no":"KHT-82","khatauni_no":"KHN-182","owner_name":"Chaudhary Dharamvir Singh","owner_name_local":"चौधरी धर्मवीर सिंह","co_owners":"","tenure_type":"Tribal Community Tenure","mutation_status":"NONE","active_mutation_id":"MUT-DL-00000187","tax_demand_status":"PAID","annual_tax_inr":"185.5","deed_number":"DEED-DL-2024-432-0187","deed_type":"Sale Deed / Conveyance","sro_office":"Sub-Registrar Office, Najafgarh Tehsil","execution_date":"2024-05-10","registered_owner":"Registry Variance Owner 187","seller_name":"Previous Landholder","consideration_amount_inr":"3500000.0","stamp_duty_inr":"210000.0","survey_sketch_id":"FMB-DL-32-0187","cadastral_sheet_no":"SHT-DL-32","surveyed_area_sqm":"3478.3","survey_status":"RESURVEY_REQUIRED","urban_authority":"Najafgarh Tehsil Urban Development & Town Planning Authority","zone_name":"Commercial Business District","permitted_land_use":"FOREST_GREEN_BELT","building_permission_status":"NOT_APPLICABLE","violations_reported":"False","is_encumbered":"False","encumbrance_certificate_number":"EC-DL-2024-132-0187","encumbrance_type":"NIL","financial_institution":"","mortgage_amount":"0.0","created_at":"2026-01-15T09:00:00Z","updated_at":"2026-09-24T11:30:00Z"}},{"type":"Feature","geometry":{"type":"Polygon","coordinates":[[[77.2607550556959,28.631720076195855],[77.27453522521209,28.62884792788665],[77.27453522521209,28.645619726876884],[77.25612042255129,28.646503045909036],[77.2607550556959,28.631720076195855]]]},"properties":{"ulpin":"07143230416326","parcel_id":"0be549ef-a40c-4596-af5c-b64ffa0fea9b","state":"Delhi (NCT)","state_code":"DL","state_type":"UT","state_lgd_code":"7","district_lgd_code":"95","district_name":"South West Delhi","subdistrict_lgd_code":"780","subdistrict_name":"Najafgarh Tehsil","subdistrict_type":"Tehsil / Taluk","village_lgd_code":"71092","village_name":"Dhansa","khasra_plot_no":"Mustatil 32, Killa 15/D188","recorded_area":"4.16","recorded_area_unit":"Bigha-Biswa","normalized_area_sqm":"3478.3","gis_area_sqm":"3478.3","land_use_category":"WATER_BODY","land_use_raw":"Bhumidhari (Agricultural)","status":"ACTIVE","data_freshness_status":"CURRENT","scenario_index":"19680","use_case_description":"Tribal non-alienation protection review","mutation_workflow_status":"HEARING_SCHEDULED","revenue_record_id":"ROR-DL-2025-1032-0188","revenue_record_type":"Khasra Khatauni (Delhi Bhulekh / DLR Act)","khata_khewat_no":"KHT-82","khatauni_no":"KHN-182","owner_name":"Chaudhary Dharamvir Singh","owner_name_local":"चौधरी धर्मवीर सिंह","co_owners":"","tenure_type":"Bhumiswami / Raiyati with Transferable Rights","mutation_status":"MUTATED","active_mutation_id":"","tax_demand_status":"PAID","annual_tax_inr":"185.5","deed_number":"DEED-DL-2024-432-0188","deed_type":"Sale Deed / Conveyance","sro_office":"Sub-Registrar Office, Najafgarh Tehsil","execution_date":"2024-05-10","registered_owner":"Chaudhary Dharamvir Singh","seller_name":"Previous Landholder","consideration_amount_inr":"3500000.0","stamp_duty_inr":"210000.0","survey_sketch_id":"FMB-DL-32-0188","cadastral_sheet_no":"SHT-DL-32","surveyed_area_sqm":"3478.3","survey_status":"SURVEYED","urban_authority":"Najafgarh Tehsil Urban Development & Town Planning Authority","zone_name":"Commercial Business District","permitted_land_use":"WATER_BODY","building_permission_status":"SANCTIONED","violations_reported":"False","is_encumbered":"True","encumbrance_certificate_number":"EC-DL-00000188-0188","encumbrance_type":"BANK_MORTGAGE","financial_institution":"","mortgage_amount":"0.0","created_at":"2026-01-15T09:00:00Z","updated_at":"2026-09-24T11:30:00Z"}},{"type":"Feature","geometry":{"type":"Polygon","coordinates":[[[77.24232742768557,28.516733741567386],[77.25757763066882,28.516733741567386],[77.25825783247122,28.5309282702604],[77.24346275245048,28.533748524661647],[77.24232742768557,28.516733741567386]]]},"properties":{"ulpin":"07535640629034","parcel_id":"33e6d300-4dd4-4fb9-8b95-f0b612fa82fe","state":"Delhi (NCT)","state_code":"DL","state_type":"UT","state_lgd_code":"7","district_lgd_code":"95","district_name":"South West Delhi","subdistrict_lgd_code":"780","subdistrict_name":"Najafgarh Tehsil","subdistrict_type":"Tehsil / Taluk","village_lgd_code":"71092","village_name":"Dhansa","khasra_plot_no":"Mustatil 32, Killa 15/D189","recorded_area":"4.16","recorded_area_unit":"Bigha-Biswa","normalized_area_sqm":"3478.3","gis_area_sqm":"3478.3","land_use_category":"MIXED_USE","land_use_raw":"Bhumidhari (Agricultural)","status":"PENDING_MUTATION","data_freshness_status":"STALE","scenario_index":"19681","use_case_description":"Lease charge and institutional tenancy","mutation_workflow_status":"APPROVED","revenue_record_id":"ROR-DL-2025-1032-0189","revenue_record_type":"Khasra Khatauni (Delhi Bhulekh / DLR Act)","khata_khewat_no":"KHT-82","khatauni_no":"KHN-182","owner_name":"Chaudhary Dharamvir Singh","owner_name_local":"चौधरी धर्मवीर सिंह","co_owners":"","tenure_type":"Bhumiswami / Freehold","mutation_status":"PENDING","active_mutation_id":"MUT-DL-00000189","tax_demand_status":"PAID","annual_tax_inr":"185.5","deed_number":"DEED-DL-2024-432-0189","deed_type":"Sale Deed / Conveyance","sro_office":"Sub-Registrar Office, Najafgarh Tehsil","execution_date":"2024-05-10","registered_owner":"Chaudhary Dharamvir Singh","seller_name":"Previous Landholder","consideration_amount_inr":"3500000.0","stamp_duty_inr":"210000.0","survey_sketch_id":"FMB-DL-32-0189","cadastral_sheet_no":"SHT-DL-32","surveyed_area_sqm":"3478.3","survey_status":"PENDING","urban_authority":"Najafgarh Tehsil Urban Development & Town Planning Authority","zone_name":"Commercial Business District","permitted_land_use":"MIXED_USE","building_permission_status":"PENDING","violations_reported":"False","is_encumbered":"True","encumbrance_certificate_number":"EC-DL-00000189-0189","encumbrance_type":"GOVT_REVENUE_LIEN","financial_institution":"","mortgage_amount":"0.0","created_at":"2026-01-15T09:00:00Z","updated_at":"2026-09-24T11:30:00Z"}},{"type":"Feature","geometry":{"type":"Polygon","coordinates":[[[77.44182681036324,29.01457713665182],[77.4697024526908,29.01440846924058],[77.46712016507792,29.033482436247127],[77.44425644733334,29.036621115071824],[77.44182681036324,29.01457713665182]]]},"properties":{"ulpin":"07025481946554","parcel_id":"4846a9d3-0298-4f66-8d96-7da8707a0719","state":"Delhi (NCT)","state_code":"DL","state_type":"UT","state_lgd_code":"7","district_lgd_code":"95","district_name":"South West Delhi","subdistrict_lgd_code":"780","subdistrict_name":"Najafgarh Tehsil","subdistrict_type":"Tehsil / Taluk","village_lgd_code":"71092","village_name":"Dhansa","khasra_plot_no":"Mustatil 32, Killa 15/D190","recorded_area":"4.16","recorded_area_unit":"Bigha-Biswa","normalized_area_sqm":"3478.3","gis_area_sqm":"3478.3","land_use_category":"OTHER","land_use_raw":"Bhumidhari (Agricultural)","status":"SUBDIVIDED","data_freshness_status":"UNKNOWN","scenario_index":"19682","use_case_description":"Subdivision or amalgamation history review","mutation_workflow_status":"REJECTED","revenue_record_id":"ROR-DL-2025-1032-0190","revenue_record_type":"Khasra Khatauni (Delhi Bhulekh / DLR Act)","khata_khewat_no":"KHT-82","khatauni_no":"KHN-182","owner_name":"Chaudhary Dharamvir Singh","owner_name_local":"चौधरी धर्मवीर सिंह","co_owners":"","tenure_type":"Leasehold","mutation_status":"UNMUTATED_TRANSACTION","active_mutation_id":"MUT-DL-00000190","tax_demand_status":"PAID","annual_tax_inr":"185.5","deed_number":"DEED-DL-2024-432-0190","deed_type":"Sale Deed / Conveyance","sro_office":"Sub-Registrar Office, Najafgarh Tehsil","execution_date":"2024-05-10","registered_owner":"Chaudhary Dharamvir Singh","seller_name":"Previous Landholder","consideration_amount_inr":"3500000.0","stamp_duty_inr":"210000.0","survey_sketch_id":"FMB-DL-32-0190","cadastral_sheet_no":"SHT-DL-32","surveyed_area_sqm":"3478.3","survey_status":"DISPUTED","urban_authority":"Najafgarh Tehsil Urban Development & Town Planning Authority","zone_name":"Commercial Business District","permitted_land_use":"OTHER","building_permission_status":"REJECTED","violations_reported":"False","is_encumbered":"True","encumbrance_certificate_number":"EC-DL-00000190-0190","encumbrance_type":"COURT_ATTACHMENT","financial_institution":"","mortgage_amount":"0.0","created_at":"2026-01-15T09:00:00Z","updated_at":"2026-09-24T11:30:00Z"}},{"type":"Feature","geometry":{"type":"Polygon","coordinates":[[[77.34689060224868,29.032539922167743],[77.37091621251837,29.030163347544494],[77.37225762812297,29.0495371033698],[77.3482545162341,29.053287370592013],[77.34689060224868,29.032539922167743]]]},"properties":{"ulpin":"07599269924300","parcel_id":"a1d4cb3e-d8ea-4b97-8265-124cd9d86da3","state":"Delhi (NCT)","state_code":"DL","state_type":"UT","state_lgd_code":"7","district_lgd_code":"95","district_name":"South West Delhi","subdistrict_lgd_code":"780","subdistrict_name":"Najafgarh Tehsil","subdistrict_type":"Tehsil / Taluk","village_lgd_code":"71092","village_name":"Dhansa","khasra_plot_no":"Mustatil 32, Killa 15/D191","recorded_area":"4.16","recorded_area_unit":"Bigha-Biswa","normalized_area_sqm":"3478.3","gis_area_sqm":"3478.3","land_use_category":"RESIDENTIAL","land_use_raw":"Bhumidhari (Agricultural)","status":"AMALGAMATED","data_freshness_status":"CURRENT","scenario_index":"19683","use_case_description":"Archived historical record for audit retrieval","mutation_workflow_status":"SLA_BREACHED","revenue_record_id":"ROR-DL-2025-1032-0191","revenue_record_type":"Khasra Khatauni (Delhi Bhulekh / DLR Act)","khata_khewat_no":"KHT-82","khatauni_no":"KHN-182","owner_name":"Chaudhary Dharamvir Singh","owner_name_local":"चौधरी धर्मवीर सिंह","co_owners":"","tenure_type":"Government Grant","mutation_status":"REJECTED","active_mutation_id":"MUT-DL-00000191","tax_demand_status":"PAID","annual_tax_inr":"185.5","deed_number":"DEED-DL-2024-432-0191","deed_type":"Sale Deed / Conveyance","sro_office":"Sub-Registrar Office, Najafgarh Tehsil","execution_date":"2024-05-10","registered_owner":"Chaudhary Dharamvir Singh","seller_name":"Previous Landholder","consideration_amount_inr":"3500000.0","stamp_duty_inr":"210000.0","survey_sketch_id":"FMB-DL-32-0191","cadastral_sheet_no":"SHT-DL-32","surveyed_area_sqm":"3478.3","survey_status":"RESURVEY_REQUIRED","urban_authority":"Najafgarh Tehsil Urban Development & Town Planning Authority","zone_name":"Commercial Business District","permitted_land_use":"RESIDENTIAL","building_permission_status":"NOT_APPLICABLE","violations_reported":"False","is_encumbered":"True","encumbrance_certificate_number":"EC-DL-00000191-0191","encumbrance_type":"TRIBAL_NON_ALIENATION","financial_institution":"","mortgage_amount":"0.0","created_at":"2026-01-15T09:00:00Z","updated_at":"2026-09-24T11:30:00Z"}},{"type":"Feature","geometry":{"type":"Polygon","coordinates":[[[77.22100090916408,28.943452819224785],[77.23711113791825,28.942273155570795],[77.23962660089796,28.96043623874794],[77.22168127355307,28.963891684027654],[77.22100090916408,28.943452819224785]]]},"properties":{"ulpin":"07213511259754","parcel_id":"4ba94d19-6434-4ae3-a936-5013f516c747","state":"Delhi (NCT)","state_code":"DL","state_type":"UT","state_lgd_code":"7","district_lgd_code":"95","district_name":"South West Delhi","subdistrict_lgd_code":"780","subdistrict_name":"Najafgarh Tehsil","subdistrict_type":"Tehsil / Taluk","village_lgd_code":"71092","village_name":"Dhansa","khasra_plot_no":"Mustatil 32, Killa 15/D192","recorded_area":"4.16","recorded_area_unit":"Bigha-Biswa","normalized_area_sqm":"3478.3","gis_area_sqm":"3478.3","land_use_category":"COMMERCIAL","land_use_raw":"Bhumidhari (Agricultural)","status":"DISPUTED","data_freshness_status":"STALE","scenario_index":"19684","use_case_description":"Bank mortgage and active encumbrance","mutation_workflow_status":"SUBMITTED","revenue_record_id":"ROR-DL-2025-1032-0192","revenue_record_type":"Khasra Khatauni (Delhi Bhulekh / DLR Act)","khata_khewat_no":"KHT-82","khatauni_no":"KHN-182","owner_name":"Chaudhary Dharamvir Singh","owner_name_local":"चौधरी धर्मवीर सिंह","co_owners":"","tenure_type":"Waqf / Religious Trust","mutation_status":"DISPUTED","active_mutation_id":"MUT-DL-00000192","tax_demand_status":"PAID","annual_tax_inr":"185.5","deed_number":"DEED-DL-2024-432-0192","deed_type":"Sale Deed / Conveyance","sro_office":"Sub-Registrar Office, Najafgarh Tehsil","execution_date":"2024-05-10","registered_owner":"Registry Variance Owner 192","seller_name":"Previous Landholder","consideration_amount_inr":"3500000.0","stamp_duty_inr":"210000.0","survey_sketch_id":"FMB-DL-32-0192","cadastral_sheet_no":"SHT-DL-32","surveyed_area_sqm":"3478.3","survey_status":"SURVEYED","urban_authority":"Najafgarh Tehsil Urban Development & Town Planning Authority","zone_name":"Commercial Business District","permitted_land_use":"COMMERCIAL","building_permission_status":"SANCTIONED","violations_reported":"True","is_encumbered":"True","encumbrance_certificate_number":"EC-DL-00000192-0192","encumbrance_type":"LEASE_CHARGE","financial_institution":"","mortgage_amount":"0.0","created_at":"2026-01-15T09:00:00Z","updated_at":"2026-09-24T11:30:00Z"}},{"type":"Feature","geometry":{"type":"Polygon","coordinates":[[[77.42088111894897,28.975564394469814],[77.44339094916724,28.978848938017777],[77.44383997730962,28.996110535238703],[77.42088111894897,28.999211711025882],[77.42088111894897,28.975564394469814]]]},"properties":{"ulpin":"07051543383922","parcel_id":"5d3acf0d-1b07-4251-a19b-b18f0afef3b2","state":"Delhi (NCT)","state_code":"DL","state_type":"UT","state_lgd_code":"7","district_lgd_code":"95","district_name":"South West Delhi","subdistrict_lgd_code":"780","subdistrict_name":"Najafgarh Tehsil","subdistrict_type":"Tehsil / Taluk","village_lgd_code":"71092","village_name":"Dhansa","khasra_plot_no":"Mustatil 32, Killa 15/D193","recorded_area":"4.16","recorded_area_unit":"Bigha-Biswa","normalized_area_sqm":"3478.3","gis_area_sqm":"3478.3","land_use_category":"INDUSTRIAL","land_use_raw":"Bhumidhari (Agricultural)","status":"ARCHIVED","data_freshness_status":"UNKNOWN","scenario_index":"19685","use_case_description":"Cadastral area discrepancy requiring resurvey","mutation_workflow_status":"UNDER_VERIFICATION","revenue_record_id":"ROR-DL-2025-1032-0193","revenue_record_type":"Khasra Khatauni (Delhi Bhulekh / DLR Act)","khata_khewat_no":"KHT-82","khatauni_no":"KHN-182","owner_name":"Chaudhary Dharamvir Singh","owner_name_local":"चौधरी धर्मवीर सिंह","co_owners":"","tenure_type":"Tribal Community Tenure","mutation_status":"NONE","active_mutation_id":"MUT-DL-00000193","tax_demand_status":"PAID","annual_tax_inr":"185.5","deed_number":"DEED-DL-2024-432-0193","deed_type":"Sale Deed / Conveyance","sro_office":"Sub-Registrar Office, Najafgarh Tehsil","execution_date":"2024-05-10","registered_owner":"Chaudhary Dharamvir Singh","seller_name":"Previous Landholder","consideration_amount_inr":"3500000.0","stamp_duty_inr":"210000.0","survey_sketch_id":"FMB-DL-32-0193","cadastral_sheet_no":"SHT-DL-32","surveyed_area_sqm":"3478.3","survey_status":"PENDING","urban_authority":"Najafgarh Tehsil Urban Development & Town Planning Authority","zone_name":"Commercial Business District","permitted_land_use":"INDUSTRIAL","building_permission_status":"PENDING","violations_reported":"False","is_encumbered":"False","encumbrance_certificate_number":"EC-DL-2024-132-0193","encumbrance_type":"NIL","financial_institution":"","mortgage_amount":"0.0","created_at":"2026-01-15T09:00:00Z","updated_at":"2026-09-24T11:30:00Z"}},{"type":"Feature","geometry":{"type":"Polygon","coordinates":[[[77.26008964246292,28.665252963870046],[77.27453522521209,28.665589373599467],[77.27453522521209,28.678501868051075],[77.25820546937848,28.677754946896947],[77.26008964246292,28.665252963870046]]]},"properties":{"ulpin":"07068542997400","parcel_id":"b84d1478-b224-48d6-9ca7-9e659d6098f1","state":"Delhi (NCT)","state_code":"DL","state_type":"UT","state_lgd_code":"7","district_lgd_code":"95","district_name":"South West Delhi","subdistrict_lgd_code":"780","subdistrict_name":"Najafgarh Tehsil","subdistrict_type":"Tehsil / Taluk","village_lgd_code":"71092","village_name":"Dhansa","khasra_plot_no":"Mustatil 32, Killa 15/D194","recorded_area":"4.16","recorded_area_unit":"Bigha-Biswa","normalized_area_sqm":"3478.3","gis_area_sqm":"3478.3","land_use_category":"AGRICULTURAL","land_use_raw":"Bhumidhari (Agricultural)","status":"ACTIVE","data_freshness_status":"CURRENT","scenario_index":"19686","use_case_description":"Court attachment and disputed possession","mutation_workflow_status":"NOTICE_PERIOD","revenue_record_id":"ROR-DL-2025-1032-0194","revenue_record_type":"Khasra Khatauni (Delhi Bhulekh / DLR Act)","khata_khewat_no":"KHT-82","khatauni_no":"KHN-182","owner_name":"Chaudhary Dharamvir Singh","owner_name_local":"चौधरी धर्मवीर सिंह","co_owners":"","tenure_type":"Bhumiswami / Raiyati with Transferable Rights","mutation_status":"MUTATED","active_mutation_id":"","tax_demand_status":"PAID","annual_tax_inr":"185.5","deed_number":"DEED-DL-2024-432-0194","deed_type":"Sale Deed / Conveyance","sro_office":"Sub-Registrar Office, Najafgarh Tehsil","execution_date":"2024-05-10","registered_owner":"Chaudhary Dharamvir Singh","seller_name":"Previous Landholder","consideration_amount_inr":"3500000.0","stamp_duty_inr":"210000.0","survey_sketch_id":"FMB-DL-32-0194","cadastral_sheet_no":"SHT-DL-32","surveyed_area_sqm":"3478.3","survey_status":"DISPUTED","urban_authority":"Najafgarh Tehsil Urban Development & Town Planning Authority","zone_name":"Commercial Business District","permitted_land_use":"AGRICULTURAL","building_permission_status":"REJECTED","violations_reported":"False","is_encumbered":"True","encumbrance_certificate_number":"EC-DL-00000194-0194","encumbrance_type":"BANK_MORTGAGE","financial_institution":"","mortgage_amount":"0.0","created_at":"2026-01-15T09:00:00Z","updated_at":"2026-09-24T11:30:00Z"}},{"type":"Feature","geometry":{"type":"Polygon","coordinates":[[[77.35462635560833,28.692939947581756],[77.37649980107567,28.690224292304684],[77.37649980107567,28.712169626577627],[77.35695269048703,28.712169626577627],[77.35462635560833,28.692939947581756]]]},"properties":{"ulpin":"07362677116991","parcel_id":"5f59e555-2d05-4603-83b7-565a5a011d89","state":"Delhi (NCT)","state_code":"DL","state_type":"UT","state_lgd_code":"7","district_lgd_code":"95","district_name":"South West Delhi","subdistrict_lgd_code":"780","subdistrict_name":"Najafgarh Tehsil","subdistrict_type":"Tehsil / Taluk","village_lgd_code":"71092","village_name":"Dhansa","khasra_plot_no":"Mustatil 32, Killa 15/D195","recorded_area":"4.16","recorded_area_unit":"Bigha-Biswa","normalized_area_sqm":"3478.3","gis_area_sqm":"3478.3","land_use_category":"INSTITUTIONAL","land_use_raw":"Bhumidhari (Agricultural)","status":"PENDING_MUTATION","data_freshness_status":"STALE","scenario_index":"19687","use_case_description":"Tribal non-alienation protection review","mutation_workflow_status":"HEARING_SCHEDULED","revenue_record_id":"ROR-DL-2025-1032-0195","revenue_record_type":"Khasra Khatauni (Delhi Bhulekh / DLR Act)","khata_khewat_no":"KHT-82","khatauni_no":"KHN-182","owner_name":"Chaudhary Dharamvir Singh","owner_name_local":"चौधरी धर्मवीर सिंह","co_owners":"","tenure_type":"Bhumiswami / Freehold","mutation_status":"PENDING","active_mutation_id":"MUT-DL-00000195","tax_demand_status":"PAID","annual_tax_inr":"185.5","deed_number":"DEED-DL-2024-432-0195","deed_type":"Sale Deed / Conveyance","sro_office":"Sub-Registrar Office, Najafgarh Tehsil","execution_date":"2024-05-10","registered_owner":"Chaudhary Dharamvir Singh","seller_name":"Previous Landholder","consideration_amount_inr":"3500000.0","stamp_duty_inr":"210000.0","survey_sketch_id":"FMB-DL-32-0195","cadastral_sheet_no":"SHT-DL-32","surveyed_area_sqm":"3478.3","survey_status":"RESURVEY_REQUIRED","urban_authority":"Najafgarh Tehsil Urban Development & Town Planning Authority","zone_name":"Commercial Business District","permitted_land_use":"INSTITUTIONAL","building_permission_status":"NOT_APPLICABLE","violations_reported":"False","is_encumbered":"True","encumbrance_certificate_number":"EC-DL-00000195-0195","encumbrance_type":"GOVT_REVENUE_LIEN","financial_institution":"","mortgage_amount":"0.0","created_at":"2026-01-15T09:00:00Z","updated_at":"2026-09-24T11:30:00Z"}},{"type":"Feature","geometry":{"type":"Polygon","coordinates":[[[77.48823637058,28.99943804844127],[77.51446792925107,28.998324743000737],[77.51446792925107,29.015371179495286],[77.4923725171316,29.016299302074778],[77.48823637058,28.99943804844127]]]},"properties":{"ulpin":"07493035917806","parcel_id":"502eb662-0a8d-4ebe-834d-207ddf158565","state":"Delhi (NCT)","state_code":"DL","state_type":"UT","state_lgd_code":"7","district_lgd_code":"95","district_name":"South West Delhi","subdistrict_lgd_code":"780","subdistrict_name":"Najafgarh Tehsil","subdistrict_type":"Tehsil / Taluk","village_lgd_code":"71092","village_name":"Dhansa","khasra_plot_no":"Mustatil 32, Killa 15/D196","recorded_area":"4.16","recorded_area_unit":"Bigha-Biswa","normalized_area_sqm":"3478.3","gis_area_sqm":"3478.3","land_use_category":"FOREST_GREEN_BELT","land_use_raw":"Bhumidhari (Agricultural)","status":"SUBDIVIDED","data_freshness_status":"UNKNOWN","scenario_index":"19688","use_case_description":"Lease charge and institutional tenancy","mutation_workflow_status":"APPROVED","revenue_record_id":"ROR-DL-2025-1032-0196","revenue_record_type":"Khasra Khatauni (Delhi Bhulekh / DLR Act)","khata_khewat_no":"KHT-82","khatauni_no":"KHN-182","owner_name":"Chaudhary Dharamvir Singh","owner_name_local":"चौधरी धर्मवीर सिंह","co_owners":"","tenure_type":"Leasehold","mutation_status":"UNMUTATED_TRANSACTION","active_mutation_id":"MUT-DL-00000196","tax_demand_status":"PAID","annual_tax_inr":"185.5","deed_number":"DEED-DL-2024-432-0196","deed_type":"Sale Deed / Conveyance","sro_office":"Sub-Registrar Office, Najafgarh Tehsil","execution_date":"2024-05-10","registered_owner":"Chaudhary Dharamvir Singh","seller_name":"Previous Landholder","consideration_amount_inr":"3500000.0","stamp_duty_inr":"210000.0","survey_sketch_id":"FMB-DL-32-0196","cadastral_sheet_no":"SHT-DL-32","surveyed_area_sqm":"3478.3","survey_status":"SURVEYED","urban_authority":"Najafgarh Tehsil Urban Development & Town Planning Authority","zone_name":"Commercial Business District","permitted_land_use":"FOREST_GREEN_BELT","building_permission_status":"SANCTIONED","violations_reported":"False","is_encumbered":"True","encumbrance_certificate_number":"EC-DL-00000196-0196","encumbrance_type":"COURT_ATTACHMENT","financial_institution":"","mortgage_amount":"0.0","created_at":"2026-01-15T09:00:00Z","updated_at":"2026-09-24T11:30:00Z"}},{"type":"Feature","geometry":{"type":"Polygon","coordinates":[[[77.20129840112658,28.81717444409155],[77.22273479996609,28.816999570809596],[77.22316456002156,28.842638741566756],[77.20129840112658,28.842527446420615],[77.20129840112658,28.81717444409155]]]},"properties":{"ulpin":"07613004583727","parcel_id":"6eea5379-0ed2-4482-9b67-bcbcb0acd6c7","state":"Delhi (NCT)","state_code":"DL","state_type":"UT","state_lgd_code":"7","district_lgd_code":"95","district_name":"South West Delhi","subdistrict_lgd_code":"780","subdistrict_name":"Najafgarh Tehsil","subdistrict_type":"Tehsil / Taluk","village_lgd_code":"71092","village_name":"Dhansa","khasra_plot_no":"Mustatil 32, Killa 15/D197","recorded_area":"4.16","recorded_area_unit":"Bigha-Biswa","normalized_area_sqm":"3478.3","gis_area_sqm":"3478.3","land_use_category":"WATER_BODY","land_use_raw":"Bhumidhari (Agricultural)","status":"AMALGAMATED","data_freshness_status":"CURRENT","scenario_index":"19689","use_case_description":"Subdivision or amalgamation history review","mutation_workflow_status":"REJECTED","revenue_record_id":"ROR-DL-2025-1032-0197","revenue_record_type":"Khasra Khatauni (Delhi Bhulekh / DLR Act)","khata_khewat_no":"KHT-82","khatauni_no":"KHN-182","owner_name":"Chaudhary Dharamvir Singh","owner_name_local":"चौधरी धर्मवीर सिंह","co_owners":"","tenure_type":"Government Grant","mutation_status":"REJECTED","active_mutation_id":"MUT-DL-00000197","tax_demand_status":"PAID","annual_tax_inr":"185.5","deed_number":"DEED-DL-2024-432-0197","deed_type":"Sale Deed / Conveyance","sro_office":"Sub-Registrar Office, Najafgarh Tehsil","execution_date":"2024-05-10","registered_owner":"Registry Variance Owner 197","seller_name":"Previous Landholder","consideration_amount_inr":"3500000.0","stamp_duty_inr":"210000.0","survey_sketch_id":"FMB-DL-32-0197","cadastral_sheet_no":"SHT-DL-32","surveyed_area_sqm":"3478.3","survey_status":"PENDING","urban_authority":"Najafgarh Tehsil Urban Development & Town Planning Authority","zone_name":"Commercial Business District","permitted_land_use":"WATER_BODY","building_permission_status":"PENDING","violations_reported":"False","is_encumbered":"True","encumbrance_certificate_number":"EC-DL-00000197-0197","encumbrance_type":"TRIBAL_NON_ALIENATION","financial_institution":"","mortgage_amount":"0.0","created_at":"2026-01-15T09:00:00Z","updated_at":"2026-09-24T11:30:00Z"}},{"type":"Feature","geometry":{"type":"Polygon","coordinates":[[[77.46027164921387,28.50199184063015],[77.4790440374161,28.502037842401258],[77.47905933964714,28.51932556695023],[77.46027164921387,28.517237499596515],[77.46027164921387,28.50199184063015]]]},"properties":{"ulpin":"07703022454651","parcel_id":"e7d5ab1f-6b80-4482-bbda-50fe543a5e42","state":"Delhi (NCT)","state_code":"DL","state_type":"UT","state_lgd_code":"7","district_lgd_code":"95","district_name":"South West Delhi","subdistrict_lgd_code":"780","subdistrict_name":"Najafgarh Tehsil","subdistrict_type":"Tehsil / Taluk","village_lgd_code":"71092","village_name":"Dhansa","khasra_plot_no":"Mustatil 32, Killa 15/D198","recorded_area":"4.16","recorded_area_unit":"Bigha-Biswa","normalized_area_sqm":"3478.3","gis_area_sqm":"3478.3","land_use_category":"MIXED_USE","land_use_raw":"Bhumidhari (Agricultural)","status":"DISPUTED","data_freshness_status":"STALE","scenario_index":"19690","use_case_description":"Archived historical record for audit retrieval","mutation_workflow_status":"SLA_BREACHED","revenue_record_id":"ROR-DL-2025-1032-0198","revenue_record_type":"Khasra Khatauni (Delhi Bhulekh / DLR Act)","khata_khewat_no":"KHT-82","khatauni_no":"KHN-182","owner_name":"Chaudhary Dharamvir Singh","owner_name_local":"चौधरी धर्मवीर सिंह","co_owners":"","tenure_type":"Waqf / Religious Trust","mutation_status":"DISPUTED","active_mutation_id":"MUT-DL-00000198","tax_demand_status":"PAID","annual_tax_inr":"185.5","deed_number":"DEED-DL-2024-432-0198","deed_type":"Sale Deed / Conveyance","sro_office":"Sub-Registrar Office, Najafgarh Tehsil","execution_date":"2024-05-10","registered_owner":"Chaudhary Dharamvir Singh","seller_name":"Previous Landholder","consideration_amount_inr":"3500000.0","stamp_duty_inr":"210000.0","survey_sketch_id":"FMB-DL-32-0198","cadastral_sheet_no":"SHT-DL-32","surveyed_area_sqm":"3478.3","survey_status":"DISPUTED","urban_authority":"Najafgarh Tehsil Urban Development & Town Planning Authority","zone_name":"Commercial Business District","permitted_land_use":"MIXED_USE","building_permission_status":"REJECTED","violations_reported":"False","is_encumbered":"True","encumbrance_certificate_number":"EC-DL-00000198-0198","encumbrance_type":"LEASE_CHARGE","financial_institution":"","mortgage_amount":"0.0","created_at":"2026-01-15T09:00:00Z","updated_at":"2026-09-24T11:30:00Z"}},{"type":"Feature","geometry":{"type":"Polygon","coordinates":[[[77.3562902923075,28.64619957433512],[77.37649980107567,28.647204181209773],[77.37649980107567,28.667717991102776],[77.3527697660778,28.671975814562405],[77.3562902923075,28.64619957433512]]]},"properties":{"ulpin":"07689669973741","parcel_id":"7985301b-7eda-498f-92ab-7993fe4a3b32","state":"Delhi (NCT)","state_code":"DL","state_type":"UT","state_lgd_code":"7","district_lgd_code":"95","district_name":"South West Delhi","subdistrict_lgd_code":"780","subdistrict_name":"Najafgarh Tehsil","subdistrict_type":"Tehsil / Taluk","village_lgd_code":"71092","village_name":"Dhansa","khasra_plot_no":"Mustatil 32, Killa 15/D199","recorded_area":"4.16","recorded_area_unit":"Bigha-Biswa","normalized_area_sqm":"3478.3","gis_area_sqm":"3478.3","land_use_category":"OTHER","land_use_raw":"Bhumidhari (Agricultural)","status":"ARCHIVED","data_freshness_status":"UNKNOWN","scenario_index":"19691","use_case_description":"Tribal non-alienation protection review","mutation_workflow_status":"SUBMITTED","revenue_record_id":"ROR-DL-2025-1032-0199","revenue_record_type":"Khasra Khatauni (Delhi Bhulekh / DLR Act)","khata_khewat_no":"KHT-82","khatauni_no":"KHN-182","owner_name":"Chaudhary Dharamvir Singh","owner_name_local":"चौधरी धर्मवीर सिंह","co_owners":"","tenure_type":"Tribal Community Tenure","mutation_status":"NONE","active_mutation_id":"MUT-DL-00000199","tax_demand_status":"PAID","annual_tax_inr":"185.5","deed_number":"DEED-DL-2024-432-0199","deed_type":"Sale Deed / Conveyance","sro_office":"Sub-Registrar Office, Najafgarh Tehsil","execution_date":"2024-05-10","registered_owner":"Chaudhary Dharamvir Singh","seller_name":"Previous Landholder","consideration_amount_inr":"3500000.0","stamp_duty_inr":"210000.0","survey_sketch_id":"FMB-DL-32-0199","cadastral_sheet_no":"SHT-DL-32","surveyed_area_sqm":"3478.3","survey_status":"RESURVEY_REQUIRED","urban_authority":"Najafgarh Tehsil Urban Development & Town Planning Authority","zone_name":"Commercial Business District","permitted_land_use":"OTHER","building_permission_status":"NOT_APPLICABLE","violations_reported":"True","is_encumbered":"False","encumbrance_certificate_number":"EC-DL-2024-132-0199","encumbrance_type":"NIL","financial_institution":"","mortgage_amount":"0.0","created_at":"2026-01-15T09:00:00Z","updated_at":"2026-09-24T11:30:00Z"}},{"type":"Feature","geometry":{"type":"Polygon","coordinates":[[[77.20129840112658,28.883080057241493],[77.22160480238848,28.881816085889046],[77.22004553594225,28.898016193281848],[77.20129840112658,28.900357717136465],[77.20129840112658,28.883080057241493]]]},"properties":{"ulpin":"07941444369039","parcel_id":"98f90e92-d5fc-49f6-95f6-80730a75a515","state":"Delhi (NCT)","state_code":"DL","state_type":"UT","state_lgd_code":"7","district_lgd_code":"95","district_name":"South West Delhi","subdistrict_lgd_code":"780","subdistrict_name":"Najafgarh Tehsil","subdistrict_type":"Tehsil / Taluk","village_lgd_code":"71092","village_name":"Dhansa","khasra_plot_no":"Mustatil 32, Killa 15/D200","recorded_area":"4.16","recorded_area_unit":"Bigha-Biswa","normalized_area_sqm":"3478.3","gis_area_sqm":"3478.3","land_use_category":"RESIDENTIAL","land_use_raw":"Bhumidhari (Agricultural)","status":"ACTIVE","data_freshness_status":"CURRENT","scenario_index":"19692","use_case_description":"Government revenue lien and tax demand","mutation_workflow_status":"UNDER_VERIFICATION","revenue_record_id":"ROR-DL-2025-1032-0200","revenue_record_type":"Khasra Khatauni (Delhi Bhulekh / DLR Act)","khata_khewat_no":"KHT-82","khatauni_no":"KHN-182","owner_name":"Chaudhary Dharamvir Singh","owner_name_local":"चौधरी धर्मवीर सिंह","co_owners":"","tenure_type":"Bhumiswami / Raiyati with Transferable Rights","mutation_status":"MUTATED","active_mutation_id":"","tax_demand_status":"PAID","annual_tax_inr":"185.5","deed_number":"DEED-DL-2024-432-0200","deed_type":"Sale Deed / Conveyance","sro_office":"Sub-Registrar Office, Najafgarh Tehsil","execution_date":"2024-05-10","registered_owner":"Chaudhary Dharamvir Singh","seller_name":"Previous Landholder","consideration_amount_inr":"3500000.0","stamp_duty_inr":"210000.0","survey_sketch_id":"FMB-DL-32-0200","cadastral_sheet_no":"SHT-DL-32","surveyed_area_sqm":"3478.3","survey_status":"SURVEYED","urban_authority":"Najafgarh Tehsil Urban Development & Town Planning Authority","zone_name":"Commercial Business District","permitted_land_use":"RESIDENTIAL","building_permission_status":"SANCTIONED","violations_reported":"False","is_encumbered":"True","encumbrance_certificate_number":"EC-DL-00000200-0200","encumbrance_type":"BANK_MORTGAGE","financial_institution":"","mortgage_amount":"0.0","created_at":"2026-01-15T09:00:00Z","updated_at":"2026-09-24T11:30:00Z"}},{"type":"Feature","geometry":{"type":"Polygon","coordinates":[[[77.53047888834847,28.5392927469518],[77.55119553765029,28.541369652889074],[77.55119553765029,28.557368822044754],[77.53068449964238,28.560312483812513],[77.53047888834847,28.5392927469518]]]},"properties":{"ulpin":"07581049204822","parcel_id":"92d1598a-4549-490e-964d-0d10ab5cdf11","state":"Delhi (NCT)","state_code":"DL","state_type":"UT","state_lgd_code":"7","district_lgd_code":"95","district_name":"South West Delhi","subdistrict_lgd_code":"780","subdistrict_name":"Najafgarh Tehsil","subdistrict_type":"Tehsil / Taluk","village_lgd_code":"71092","village_name":"Dhansa","khasra_plot_no":"Mustatil 32, Killa 15/D201","recorded_area":"4.16","recorded_area_unit":"Bigha-Biswa","normalized_area_sqm":"3478.3","gis_area_sqm":"3478.3","land_use_category":"COMMERCIAL","land_use_raw":"Bhumidhari (Agricultural)","status":"PENDING_MUTATION","data_freshness_status":"STALE","scenario_index":"19693","use_case_description":"Court attachment and disputed possession","mutation_workflow_status":"NOTICE_PERIOD","revenue_record_id":"ROR-DL-2025-1032-0201","revenue_record_type":"Khasra Khatauni (Delhi Bhulekh / DLR Act)","khata_khewat_no":"KHT-82","khatauni_no":"KHN-182","owner_name":"Chaudhary Dharamvir Singh","owner_name_local":"चौधरी धर्मवीर सिंह","co_owners":"","tenure_type":"Bhumiswami / Freehold","mutation_status":"PENDING","active_mutation_id":"MUT-DL-00000201","tax_demand_status":"PAID","annual_tax_inr":"185.5","deed_number":"DEED-DL-2024-432-0201","deed_type":"Sale Deed / Conveyance","sro_office":"Sub-Registrar Office, Najafgarh Tehsil","execution_date":"2024-05-10","registered_owner":"Chaudhary Dharamvir Singh","seller_name":"Previous Landholder","consideration_amount_inr":"3500000.0","stamp_duty_inr":"210000.0","survey_sketch_id":"FMB-DL-32-0201","cadastral_sheet_no":"SHT-DL-32","surveyed_area_sqm":"3478.3","survey_status":"PENDING","urban_authority":"Najafgarh Tehsil Urban Development & Town Planning Authority","zone_name":"Commercial Business District","permitted_land_use":"COMMERCIAL","building_permission_status":"PENDING","violations_reported":"False","is_encumbered":"True","encumbrance_certificate_number":"EC-DL-00000201-0201","encumbrance_type":"GOVT_REVENUE_LIEN","financial_institution":"","mortgage_amount":"0.0","created_at":"2026-01-15T09:00:00Z","updated_at":"2026-09-24T11:30:00Z"}},{"type":"Feature","geometry":{"type":"Polygon","coordinates":[[[77.24101509897027,28.678766398354462],[77.25820546937848,28.677754946896947],[77.25877882280622,28.69634039166749],[77.23955191893512,28.69634039166749],[77.24101509897027,28.678766398354462]]]},"properties":{"ulpin":"07754427631142","parcel_id":"64e73382-6eda-43fc-9967-c59fc34ce5fb","state":"Delhi (NCT)","state_code":"DL","state_type":"UT","state_lgd_code":"7","district_lgd_code":"95","district_name":"South West Delhi","subdistrict_lgd_code":"780","subdistrict_name":"Najafgarh Tehsil","subdistrict_type":"Tehsil / Taluk","village_lgd_code":"71092","village_name":"Dhansa","khasra_plot_no":"Mustatil 32, Killa 15/D202","recorded_area":"4.16","recorded_area_unit":"Bigha-Biswa","normalized_area_sqm":"3478.3","gis_area_sqm":"3478.3","land_use_category":"INDUSTRIAL","land_use_raw":"Bhumidhari (Agricultural)","status":"SUBDIVIDED","data_freshness_status":"UNKNOWN","scenario_index":"19694","use_case_description":"Tribal non-alienation protection review","mutation_workflow_status":"HEARING_SCHEDULED","revenue_record_id":"ROR-DL-2025-1032-0202","revenue_record_type":"Khasra Khatauni (Delhi Bhulekh / DLR Act)","khata_khewat_no":"KHT-82","khatauni_no":"KHN-182","owner_name":"Chaudhary Dharamvir Singh","owner_name_local":"चौधरी धर्मवीर सिंह","co_owners":"","tenure_type":"Leasehold","mutation_status":"UNMUTATED_TRANSACTION","active_mutation_id":"MUT-DL-00000202","tax_demand_status":"PAID","annual_tax_inr":"185.5","deed_number":"DEED-DL-2024-432-0202","deed_type":"Sale Deed / Conveyance","sro_office":"Sub-Registrar Office, Najafgarh Tehsil","execution_date":"2024-05-10","registered_owner":"Registry Variance Owner 202","seller_name":"Previous Landholder","consideration_amount_inr":"3500000.0","stamp_duty_inr":"210000.0","survey_sketch_id":"FMB-DL-32-0202","cadastral_sheet_no":"SHT-DL-32","surveyed_area_sqm":"3478.3","survey_status":"DISPUTED","urban_authority":"Najafgarh Tehsil Urban Development & Town Planning Authority","zone_name":"Commercial Business District","permitted_land_use":"INDUSTRIAL","building_permission_status":"REJECTED","violations_reported":"False","is_encumbered":"True","encumbrance_certificate_number":"EC-DL-00000202-0202","encumbrance_type":"COURT_ATTACHMENT","financial_institution":"","mortgage_amount":"0.0","created_at":"2026-01-15T09:00:00Z","updated_at":"2026-09-24T11:30:00Z"}},{"type":"Feature","geometry":{"type":"Polygon","coordinates":[[[77.2178127859254,28.759222665759857],[77.23731959690672,28.759222665759857],[77.2383436873175,28.77651518532278],[77.22321621574831,28.7763752094676],[77.2178127859254,28.759222665759857]]]},"properties":{"ulpin":"07266831374008","parcel_id":"257a33f0-d1dc-4f18-a539-4faa259fc395","state":"Delhi (NCT)","state_code":"DL","state_type":"UT","state_lgd_code":"7","district_lgd_code":"95","district_name":"South West Delhi","subdistrict_lgd_code":"780","subdistrict_name":"Najafgarh Tehsil","subdistrict_type":"Tehsil / Taluk","village_lgd_code":"71092","village_name":"Dhansa","khasra_plot_no":"Mustatil 32, Killa 15/D203","recorded_area":"4.16","recorded_area_unit":"Bigha-Biswa","normalized_area_sqm":"3478.3","gis_area_sqm":"3478.3","land_use_category":"AGRICULTURAL","land_use_raw":"Bhumidhari (Agricultural)","status":"AMALGAMATED","data_freshness_status":"CURRENT","scenario_index":"19695","use_case_description":"Lease charge and institutional tenancy","mutation_workflow_status":"APPROVED","revenue_record_id":"ROR-DL-2025-1032-0203","revenue_record_type":"Khasra Khatauni (Delhi Bhulekh / DLR Act)","khata_khewat_no":"KHT-82","khatauni_no":"KHN-182","owner_name":"Chaudhary Dharamvir Singh","owner_name_local":"चौधरी धर्मवीर सिंह","co_owners":"","tenure_type":"Government Grant","mutation_status":"REJECTED","active_mutation_id":"MUT-DL-00000203","tax_demand_status":"PAID","annual_tax_inr":"185.5","deed_number":"DEED-DL-2024-432-0203","deed_type":"Sale Deed / Conveyance","sro_office":"Sub-Registrar Office, Najafgarh Tehsil","execution_date":"2024-05-10","registered_owner":"Chaudhary Dharamvir Singh","seller_name":"Previous Landholder","consideration_amount_inr":"3500000.0","stamp_duty_inr":"210000.0","survey_sketch_id":"FMB-DL-32-0203","cadastral_sheet_no":"SHT-DL-32","surveyed_area_sqm":"3478.3","survey_status":"RESURVEY_REQUIRED","urban_authority":"Najafgarh Tehsil Urban Development & Town Planning Authority","zone_name":"Commercial Business District","permitted_land_use":"AGRICULTURAL","building_permission_status":"NOT_APPLICABLE","violations_reported":"False","is_encumbered":"True","encumbrance_certificate_number":"EC-DL-00000203-0203","encumbrance_type":"TRIBAL_NON_ALIENATION","financial_institution":"","mortgage_amount":"0.0","created_at":"2026-01-15T09:00:00Z","updated_at":"2026-09-24T11:30:00Z"}},{"type":"Feature","geometry":{"type":"Polygon","coordinates":[[[77.48945154911651,28.86970862475161],[77.51446792925107,28.86594994020714],[77.51446792925107,28.88708522897758],[77.49284920943299,28.884632403155322],[77.48945154911651,28.86970862475161]]]},"properties":{"ulpin":"07776739270108","parcel_id":"96856780-f80b-43c7-bbf5-66a79f94a73b","state":"Delhi (NCT)","state_code":"DL","state_type":"UT","state_lgd_code":"7","district_lgd_code":"95","district_name":"South West Delhi","subdistrict_lgd_code":"780","subdistrict_name":"Najafgarh Tehsil","subdistrict_type":"Tehsil / Taluk","village_lgd_code":"71092","village_name":"Dhansa","khasra_plot_no":"Mustatil 32, Killa 15/D204","recorded_area":"4.16","recorded_area_unit":"Bigha-Biswa","normalized_area_sqm":"3478.3","gis_area_sqm":"3478.3","land_use_category":"INSTITUTIONAL","land_use_raw":"Bhumidhari (Agricultural)","status":"DISPUTED","data_freshness_status":"STALE","scenario_index":"19696","use_case_description":"Subdivision or amalgamation history review","mutation_workflow_status":"REJECTED","revenue_record_id":"ROR-DL-2025-1032-0204","revenue_record_type":"Khasra Khatauni (Delhi Bhulekh / DLR Act)","khata_khewat_no":"KHT-82","khatauni_no":"KHN-182","owner_name":"Chaudhary Dharamvir Singh","owner_name_local":"चौधरी धर्मवीर सिंह","co_owners":"","tenure_type":"Waqf / Religious Trust","mutation_status":"DISPUTED","active_mutation_id":"MUT-DL-00000204","tax_demand_status":"PAID","annual_tax_inr":"185.5","deed_number":"DEED-DL-2024-432-0204","deed_type":"Sale Deed / Conveyance","sro_office":"Sub-Registrar Office, Najafgarh Tehsil","execution_date":"2024-05-10","registered_owner":"Chaudhary Dharamvir Singh","seller_name":"Previous Landholder","consideration_amount_inr":"3500000.0","stamp_duty_inr":"210000.0","survey_sketch_id":"FMB-DL-32-0204","cadastral_sheet_no":"SHT-DL-32","surveyed_area_sqm":"3478.3","survey_status":"SURVEYED","urban_authority":"Najafgarh Tehsil Urban Development & Town Planning Authority","zone_name":"Commercial Business District","permitted_land_use":"INSTITUTIONAL","building_permission_status":"SANCTIONED","violations_reported":"False","is_encumbered":"True","encumbrance_certificate_number":"EC-DL-00000204-0204","encumbrance_type":"LEASE_CHARGE","financial_institution":"","mortgage_amount":"0.0","created_at":"2026-01-15T09:00:00Z","updated_at":"2026-09-24T11:30:00Z"}},{"type":"Feature","geometry":{"type":"Polygon","coordinates":[[[77.53572350804707,28.498996652893386],[77.55119553765029,28.503375115759685],[77.55119553765029,28.521854607408777],[77.53034367604498,28.519666024226357],[77.53572350804707,28.498996652893386]]]},"properties":{"ulpin":"07209458776297","parcel_id":"61fe7d1b-99e2-4c68-9ed8-5962240617bc","state":"Delhi (NCT)","state_code":"DL","state_type":"UT","state_lgd_code":"7","district_lgd_code":"95","district_name":"South West Delhi","subdistrict_lgd_code":"780","subdistrict_name":"Najafgarh Tehsil","subdistrict_type":"Tehsil / Taluk","village_lgd_code":"71092","village_name":"Dhansa","khasra_plot_no":"Mustatil 32, Killa 15/D205","recorded_area":"4.16","recorded_area_unit":"Bigha-Biswa","normalized_area_sqm":"3478.3","gis_area_sqm":"3478.3","land_use_category":"FOREST_GREEN_BELT","land_use_raw":"Bhumidhari (Agricultural)","status":"ARCHIVED","data_freshness_status":"UNKNOWN","scenario_index":"19697","use_case_description":"Pending sale mutation within statutory SLA","mutation_workflow_status":"SLA_BREACHED","revenue_record_id":"ROR-DL-2025-1032-0205","revenue_record_type":"Khasra Khatauni (Delhi Bhulekh / DLR Act)","khata_khewat_no":"KHT-82","khatauni_no":"KHN-182","owner_name":"Chaudhary Dharamvir Singh","owner_name_local":"चौधरी धर्मवीर सिंह","co_owners":"","tenure_type":"Tribal Community Tenure","mutation_status":"NONE","active_mutation_id":"MUT-DL-00000205","tax_demand_status":"PAID","annual_tax_inr":"185.5","deed_number":"DEED-DL-2024-432-0205","deed_type":"Sale Deed / Conveyance","sro_office":"Sub-Registrar Office, Najafgarh Tehsil","execution_date":"2024-05-10","registered_owner":"Chaudhary Dharamvir Singh","seller_name":"Previous Landholder","consideration_amount_inr":"3500000.0","stamp_duty_inr":"210000.0","survey_sketch_id":"FMB-DL-32-0205","cadastral_sheet_no":"SHT-DL-32","surveyed_area_sqm":"3478.3","survey_status":"PENDING","urban_authority":"Najafgarh Tehsil Urban Development & Town Planning Authority","zone_name":"Commercial Business District","permitted_land_use":"FOREST_GREEN_BELT","building_permission_status":"PENDING","violations_reported":"False","is_encumbered":"False","encumbrance_certificate_number":"EC-DL-2024-132-0205","encumbrance_type":"NIL","financial_institution":"","mortgage_amount":"0.0","created_at":"2026-01-15T09:00:00Z","updated_at":"2026-09-24T11:30:00Z"}},{"type":"Feature","geometry":{"type":"Polygon","coordinates":[[[77.22273479996609,28.816999570809596],[77.24195526635437,28.82190806940053],[77.23693364170296,28.842938616852706],[77.22316456002156,28.842638741566756],[77.22273479996609,28.816999570809596]]]},"properties":{"ulpin":"07415117697304","parcel_id":"dbf480c8-7d64-46b8-9bb2-af22cdea47e3","state":"Delhi (NCT)","state_code":"DL","state_type":"UT","state_lgd_code":"7","district_lgd_code":"95","district_name":"South West Delhi","subdistrict_lgd_code":"780","subdistrict_name":"Najafgarh Tehsil","subdistrict_type":"Tehsil / Taluk","village_lgd_code":"71092","village_name":"Dhansa","khasra_plot_no":"Mustatil 32, Killa 15/D206","recorded_area":"4.16","recorded_area_unit":"Bigha-Biswa","normalized_area_sqm":"3478.3","gis_area_sqm":"3478.3","land_use_category":"WATER_BODY","land_use_raw":"Bhumidhari (Agricultural)","status":"ACTIVE","data_freshness_status":"CURRENT","scenario_index":"19698","use_case_description":"Bank mortgage and active encumbrance","mutation_workflow_status":"SUBMITTED","revenue_record_id":"ROR-DL-2025-1032-0206","revenue_record_type":"Khasra Khatauni (Delhi Bhulekh / DLR Act)","khata_khewat_no":"KHT-82","khatauni_no":"KHN-182","owner_name":"Chaudhary Dharamvir Singh","owner_name_local":"चौधरी धर्मवीर सिंह","co_owners":"","tenure_type":"Bhumiswami / Raiyati with Transferable Rights","mutation_status":"MUTATED","active_mutation_id":"","tax_demand_status":"PAID","annual_tax_inr":"185.5","deed_number":"DEED-DL-2024-432-0206","deed_type":"Sale Deed / Conveyance","sro_office":"Sub-Registrar Office, Najafgarh Tehsil","execution_date":"2024-05-10","registered_owner":"Chaudhary Dharamvir Singh","seller_name":"Previous Landholder","consideration_amount_inr":"3500000.0","stamp_duty_inr":"210000.0","survey_sketch_id":"FMB-DL-32-0206","cadastral_sheet_no":"SHT-DL-32","surveyed_area_sqm":"3478.3","survey_status":"DISPUTED","urban_authority":"Najafgarh Tehsil Urban Development & Town Planning Authority","zone_name":"Commercial Business District","permitted_land_use":"WATER_BODY","building_permission_status":"REJECTED","violations_reported":"True","is_encumbered":"True","encumbrance_certificate_number":"EC-DL-00000206-0206","encumbrance_type":"BANK_MORTGAGE","financial_institution":"","mortgage_amount":"0.0","created_at":"2026-01-15T09:00:00Z","updated_at":"2026-09-24T11:30:00Z"}},{"type":"Feature","geometry":{"type":"Polygon","coordinates":[[[77.2421730736631,28.583165832394496],[77.26021744556628,28.58247281153268],[77.25911836354324,28.599896579949068],[77.24300581576696,28.596177603655118],[77.2421730736631,28.583165832394496]]]},"properties":{"ulpin":"07298581205476","parcel_id":"6c9de123-f781-4177-b618-ce8c55c57bad","state":"Delhi (NCT)","state_code":"DL","state_type":"UT","state_lgd_code":"7","district_lgd_code":"95","district_name":"South West Delhi","subdistrict_lgd_code":"780","subdistrict_name":"Najafgarh Tehsil","subdistrict_type":"Tehsil / Taluk","village_lgd_code":"71092","village_name":"Dhansa","khasra_plot_no":"Mustatil 32, Killa 15/D207","recorded_area":"4.16","recorded_area_unit":"Bigha-Biswa","normalized_area_sqm":"3478.3","gis_area_sqm":"3478.3","land_use_category":"MIXED_USE","land_use_raw":"Bhumidhari (Agricultural)","status":"PENDING_MUTATION","data_freshness_status":"STALE","scenario_index":"19699","use_case_description":"Government revenue lien and tax demand","mutation_workflow_status":"UNDER_VERIFICATION","revenue_record_id":"ROR-DL-2025-1032-0207","revenue_record_type":"Khasra Khatauni (Delhi Bhulekh / DLR Act)","khata_khewat_no":"KHT-82","khatauni_no":"KHN-182","owner_name":"Chaudhary Dharamvir Singh","owner_name_local":"चौधरी धर्मवीर सिंह","co_owners":"","tenure_type":"Bhumiswami / Freehold","mutation_status":"PENDING","active_mutation_id":"MUT-DL-00000207","tax_demand_status":"PAID","annual_tax_inr":"185.5","deed_number":"DEED-DL-2024-432-0207","deed_type":"Sale Deed / Conveyance","sro_office":"Sub-Registrar Office, Najafgarh Tehsil","execution_date":"2024-05-10","registered_owner":"Registry Variance Owner 207","seller_name":"Previous Landholder","consideration_amount_inr":"3500000.0","stamp_duty_inr":"210000.0","survey_sketch_id":"FMB-DL-32-0207","cadastral_sheet_no":"SHT-DL-32","surveyed_area_sqm":"3478.3","survey_status":"RESURVEY_REQUIRED","urban_authority":"Najafgarh Tehsil Urban Development & Town Planning Authority","zone_name":"Commercial Business District","permitted_land_use":"MIXED_USE","building_permission_status":"NOT_APPLICABLE","violations_reported":"False","is_encumbered":"True","encumbrance_certificate_number":"EC-DL-00000207-0207","encumbrance_type":"GOVT_REVENUE_LIEN","financial_institution":"","mortgage_amount":"0.0","created_at":"2026-01-15T09:00:00Z","updated_at":"2026-09-24T11:30:00Z"}},{"type":"Feature","geometry":{"type":"Polygon","coordinates":[[[77.24300581576696,28.596177603655118],[77.25911836354324,28.599896579949068],[77.25908685489519,28.61658865229437],[77.24047509043397,28.613877708644704],[77.24300581576696,28.596177603655118]]]},"properties":{"ulpin":"07723144427544","parcel_id":"586b05fd-fe3e-4f8e-93d4-b067ff0edae7","state":"Delhi (NCT)","state_code":"DL","state_type":"UT","state_lgd_code":"7","district_lgd_code":"95","district_name":"South West Delhi","subdistrict_lgd_code":"780","subdistrict_name":"Najafgarh Tehsil","subdistrict_type":"Tehsil / Taluk","village_lgd_code":"71092","village_name":"Dhansa","khasra_plot_no":"Mustatil 32, Killa 15/D208","recorded_area":"4.16","recorded_area_unit":"Bigha-Biswa","normalized_area_sqm":"3478.3","gis_area_sqm":"3478.3","land_use_category":"OTHER","land_use_raw":"Bhumidhari (Agricultural)","status":"SUBDIVIDED","data_freshness_status":"UNKNOWN","scenario_index":"19700","use_case_description":"Court attachment and disputed possession","mutation_workflow_status":"NOTICE_PERIOD","revenue_record_id":"ROR-DL-2025-1032-0208","revenue_record_type":"Khasra Khatauni (Delhi Bhulekh / DLR Act)","khata_khewat_no":"KHT-82","khatauni_no":"KHN-182","owner_name":"Chaudhary Dharamvir Singh","owner_name_local":"चौधरी धर्मवीर सिंह","co_owners":"","tenure_type":"Leasehold","mutation_status":"UNMUTATED_TRANSACTION","active_mutation_id":"MUT-DL-00000208","tax_demand_status":"PAID","annual_tax_inr":"185.5","deed_number":"DEED-DL-2024-432-0208","deed_type":"Sale Deed / Conveyance","sro_office":"Sub-Registrar Office, Najafgarh Tehsil","execution_date":"2024-05-10","registered_owner":"Chaudhary Dharamvir Singh","seller_name":"Previous Landholder","consideration_amount_inr":"3500000.0","stamp_duty_inr":"210000.0","survey_sketch_id":"FMB-DL-32-0208","cadastral_sheet_no":"SHT-DL-32","surveyed_area_sqm":"3478.3","survey_status":"SURVEYED","urban_authority":"Najafgarh Tehsil Urban Development & Town Planning Authority","zone_name":"Commercial Business District","permitted_land_use":"OTHER","building_permission_status":"SANCTIONED","violations_reported":"False","is_encumbered":"True","encumbrance_certificate_number":"EC-DL-00000208-0208","encumbrance_type":"COURT_ATTACHMENT","financial_institution":"","mortgage_amount":"0.0","created_at":"2026-01-15T09:00:00Z","updated_at":"2026-09-24T11:30:00Z"}},{"type":"Feature","geometry":{"type":"Polygon","coordinates":[[[77.22773921822484,28.550357799959183],[77.24259281129899,28.550365433516117],[77.24318247624461,28.566791761541868],[77.22793337883849,28.56741346603283],[77.22773921822484,28.550357799959183]]]},"properties":{"ulpin":"07252534973498","parcel_id":"df282fc3-34e0-4176-92cd-7186abdf1ae2","state":"Delhi (NCT)","state_code":"DL","state_type":"UT","state_lgd_code":"7","district_lgd_code":"95","district_name":"South West Delhi","subdistrict_lgd_code":"780","subdistrict_name":"Najafgarh Tehsil","subdistrict_type":"Tehsil / Taluk","village_lgd_code":"71092","village_name":"Dhansa","khasra_plot_no":"Mustatil 32, Killa 15/D209","recorded_area":"4.16","recorded_area_unit":"Bigha-Biswa","normalized_area_sqm":"3478.3","gis_area_sqm":"3478.3","land_use_category":"RESIDENTIAL","land_use_raw":"Bhumidhari (Agricultural)","status":"AMALGAMATED","data_freshness_status":"CURRENT","scenario_index":"19701","use_case_description":"Tribal non-alienation protection review","mutation_workflow_status":"HEARING_SCHEDULED","revenue_record_id":"ROR-DL-2025-1032-0209","revenue_record_type":"Khasra Khatauni (Delhi Bhulekh / DLR Act)","khata_khewat_no":"KHT-82","khatauni_no":"KHN-182","owner_name":"Chaudhary Dharamvir Singh","owner_name_local":"चौधरी धर्मवीर सिंह","co_owners":"","tenure_type":"Government Grant","mutation_status":"REJECTED","active_mutation_id":"MUT-DL-00000209","tax_demand_status":"PAID","annual_tax_inr":"185.5","deed_number":"DEED-DL-2024-432-0209","deed_type":"Sale Deed / Conveyance","sro_office":"Sub-Registrar Office, Najafgarh Tehsil","execution_date":"2024-05-10","registered_owner":"Chaudhary Dharamvir Singh","seller_name":"Previous Landholder","consideration_amount_inr":"3500000.0","stamp_duty_inr":"210000.0","survey_sketch_id":"FMB-DL-32-0209","cadastral_sheet_no":"SHT-DL-32","surveyed_area_sqm":"3478.3","survey_status":"PENDING","urban_authority":"Najafgarh Tehsil Urban Development & Town Planning Authority","zone_name":"Commercial Business District","permitted_land_use":"RESIDENTIAL","building_permission_status":"PENDING","violations_reported":"False","is_encumbered":"True","encumbrance_certificate_number":"EC-DL-00000209-0209","encumbrance_type":"TRIBAL_NON_ALIENATION","financial_institution":"","mortgage_amount":"0.0","created_at":"2026-01-15T09:00:00Z","updated_at":"2026-09-24T11:30:00Z"}},{"type":"Feature","geometry":{"type":"Polygon","coordinates":[[[77.2239479422113,28.599622473922622],[77.24300581576696,28.596177603655118],[77.24047509043397,28.613877708644704],[77.22353929889701,28.614029554288983],[77.2239479422113,28.599622473922622]]]},"properties":{"ulpin":"07964812907958","parcel_id":"4128fc04-dc8c-432a-b465-b88066cb2691","state":"Delhi (NCT)","state_code":"DL","state_type":"UT","state_lgd_code":"7","district_lgd_code":"95","district_name":"South West Delhi","subdistrict_lgd_code":"780","subdistrict_name":"Najafgarh Tehsil","subdistrict_type":"Tehsil / Taluk","village_lgd_code":"71092","village_name":"Dhansa","khasra_plot_no":"Mustatil 32, Killa 15/D210","recorded_area":"4.16","recorded_area_unit":"Bigha-Biswa","normalized_area_sqm":"3478.3","gis_area_sqm":"3478.3","land_use_category":"COMMERCIAL","land_use_raw":"Bhumidhari (Agricultural)","status":"DISPUTED","data_freshness_status":"STALE","scenario_index":"19702","use_case_description":"Lease charge and institutional tenancy","mutation_workflow_status":"APPROVED","revenue_record_id":"ROR-DL-2025-1032-0210","revenue_record_type":"Khasra Khatauni (Delhi Bhulekh / DLR Act)","khata_khewat_no":"KHT-82","khatauni_no":"KHN-182","owner_name":"Chaudhary Dharamvir Singh","owner_name_local":"चौधरी धर्मवीर सिंह","co_owners":"","tenure_type":"Waqf / Religious Trust","mutation_status":"DISPUTED","active_mutation_id":"MUT-DL-00000210","tax_demand_status":"PAID","annual_tax_inr":"185.5","deed_number":"DEED-DL-2024-432-0210","deed_type":"Sale Deed / Conveyance","sro_office":"Sub-Registrar Office, Najafgarh Tehsil","execution_date":"2024-05-10","registered_owner":"Chaudhary Dharamvir Singh","seller_name":"Previous Landholder","consideration_amount_inr":"3500000.0","stamp_duty_inr":"210000.0","survey_sketch_id":"FMB-DL-32-0210","cadastral_sheet_no":"SHT-DL-32","surveyed_area_sqm":"3478.3","survey_status":"DISPUTED","urban_authority":"Najafgarh Tehsil Urban Development & Town Planning Authority","zone_name":"Commercial Business District","permitted_land_use":"COMMERCIAL","building_permission_status":"REJECTED","violations_reported":"False","is_encumbered":"True","encumbrance_certificate_number":"EC-DL-00000210-0210","encumbrance_type":"LEASE_CHARGE","financial_institution":"","mortgage_amount":"0.0","created_at":"2026-01-15T09:00:00Z","updated_at":"2026-09-24T11:30:00Z"}},{"type":"Feature","geometry":{"type":"Polygon","coordinates":[[[77.29112045298031,28.479585661175193],[77.31382653134034,28.479585661175193],[77.3157545722899,28.49924432653308],[77.29112045298031,28.49784631768524],[77.29112045298031,28.479585661175193]]]},"properties":{"ulpin":"07857765885053","parcel_id":"6179b6cf-e311-42e0-a2d9-5c82c9b6d57c","state":"Delhi (NCT)","state_code":"DL","state_type":"UT","state_lgd_code":"7","district_lgd_code":"95","district_name":"South West Delhi","subdistrict_lgd_code":"780","subdistrict_name":"Najafgarh Tehsil","subdistrict_type":"Tehsil / Taluk","village_lgd_code":"71092","village_name":"Dhansa","khasra_plot_no":"Mustatil 32, Killa 15/D211","recorded_area":"4.16","recorded_area_unit":"Bigha-Biswa","normalized_area_sqm":"3478.3","gis_area_sqm":"3478.3","land_use_category":"INDUSTRIAL","land_use_raw":"Bhumidhari (Agricultural)","status":"ARCHIVED","data_freshness_status":"UNKNOWN","scenario_index":"19703","use_case_description":"Bank mortgage and active encumbrance","mutation_workflow_status":"REJECTED","revenue_record_id":"ROR-DL-2025-1032-0211","revenue_record_type":"Khasra Khatauni (Delhi Bhulekh / DLR Act)","khata_khewat_no":"KHT-82","khatauni_no":"KHN-182","owner_name":"Chaudhary Dharamvir Singh","owner_name_local":"चौधरी धर्मवीर सिंह","co_owners":"","tenure_type":"Tribal Community Tenure","mutation_status":"NONE","active_mutation_id":"MUT-DL-00000211","tax_demand_status":"PAID","annual_tax_inr":"185.5","deed_number":"DEED-DL-2024-432-0211","deed_type":"Sale Deed / Conveyance","sro_office":"Sub-Registrar Office, Najafgarh Tehsil","execution_date":"2024-05-10","registered_owner":"Chaudhary Dharamvir Singh","seller_name":"Previous Landholder","consideration_amount_inr":"3500000.0","stamp_duty_inr":"210000.0","survey_sketch_id":"FMB-DL-32-0211","cadastral_sheet_no":"SHT-DL-32","surveyed_area_sqm":"3478.3","survey_status":"RESURVEY_REQUIRED","urban_authority":"Najafgarh Tehsil Urban Development & Town Planning Authority","zone_name":"Commercial Business District","permitted_land_use":"INDUSTRIAL","building_permission_status":"NOT_APPLICABLE","violations_reported":"False","is_encumbered":"False","encumbrance_certificate_number":"EC-DL-2024-132-0211","encumbrance_type":"NIL","financial_institution":"","mortgage_amount":"0.0","created_at":"2026-01-15T09:00:00Z","updated_at":"2026-09-24T11:30:00Z"}},{"type":"Feature","geometry":{"type":"Polygon","coordinates":[[[77.3681640131588,28.878261965967763],[77.39488404598974,28.877609454178632],[77.39488404598974,28.898279635670292],[77.37352730341432,28.894781523374466],[77.3681640131588,28.878261965967763]]]},"properties":{"ulpin":"07039893263632","parcel_id":"c32886cf-4ea1-48b8-a8e4-e976ad662ccf","state":"Delhi (NCT)","state_code":"DL","state_type":"UT","state_lgd_code":"7","district_lgd_code":"95","district_name":"South West Delhi","subdistrict_lgd_code":"780","subdistrict_name":"Najafgarh Tehsil","subdistrict_type":"Tehsil / Taluk","village_lgd_code":"71092","village_name":"Dhansa","khasra_plot_no":"Mustatil 32, Killa 15/D212","recorded_area":"4.16","recorded_area_unit":"Bigha-Biswa","normalized_area_sqm":"3478.3","gis_area_sqm":"3478.3","land_use_category":"AGRICULTURAL","land_use_raw":"Bhumidhari (Agricultural)","status":"ACTIVE","data_freshness_status":"CURRENT","scenario_index":"19704","use_case_description":"Archived historical record for audit retrieval","mutation_workflow_status":"SLA_BREACHED","revenue_record_id":"ROR-DL-2025-1032-0212","revenue_record_type":"Khasra Khatauni (Delhi Bhulekh / DLR Act)","khata_khewat_no":"KHT-82","khatauni_no":"KHN-182","owner_name":"Chaudhary Dharamvir Singh","owner_name_local":"चौधरी धर्मवीर सिंह","co_owners":"","tenure_type":"Bhumiswami / Raiyati with Transferable Rights","mutation_status":"MUTATED","active_mutation_id":"","tax_demand_status":"PAID","annual_tax_inr":"185.5","deed_number":"DEED-DL-2024-432-0212","deed_type":"Sale Deed / Conveyance","sro_office":"Sub-Registrar Office, Najafgarh Tehsil","execution_date":"2024-05-10","registered_owner":"Registry Variance Owner 212","seller_name":"Previous Landholder","consideration_amount_inr":"3500000.0","stamp_duty_inr":"210000.0","survey_sketch_id":"FMB-DL-32-0212","cadastral_sheet_no":"SHT-DL-32","surveyed_area_sqm":"3478.3","survey_status":"SURVEYED","urban_authority":"Najafgarh Tehsil Urban Development & Town Planning Authority","zone_name":"Commercial Business District","permitted_land_use":"AGRICULTURAL","building_permission_status":"SANCTIONED","violations_reported":"False","is_encumbered":"True","encumbrance_certificate_number":"EC-DL-00000212-0212","encumbrance_type":"BANK_MORTGAGE","financial_institution":"","mortgage_amount":"0.0","created_at":"2026-01-15T09:00:00Z","updated_at":"2026-09-24T11:30:00Z"}},{"type":"Feature","geometry":{"type":"Polygon","coordinates":[[[77.34855612512303,28.976489737448752],[77.3722484189209,28.974155563719467],[77.37374809327119,28.997384736853967],[77.34684954032117,28.994908383773318],[77.34855612512303,28.976489737448752]]]},"properties":{"ulpin":"07301624165283","parcel_id":"1d9c51e8-8416-44de-b440-15e6212d982b","state":"Delhi (NCT)","state_code":"DL","state_type":"UT","state_lgd_code":"7","district_lgd_code":"95","district_name":"South West Delhi","subdistrict_lgd_code":"780","subdistrict_name":"Najafgarh Tehsil","subdistrict_type":"Tehsil / Taluk","village_lgd_code":"71092","village_name":"Dhansa","khasra_plot_no":"Mustatil 32, Killa 15/D213","recorded_area":"4.16","recorded_area_unit":"Bigha-Biswa","normalized_area_sqm":"3478.3","gis_area_sqm":"3478.3","land_use_category":"INSTITUTIONAL","land_use_raw":"Bhumidhari (Agricultural)","status":"PENDING_MUTATION","data_freshness_status":"STALE","scenario_index":"19705","use_case_description":"Bank mortgage and active encumbrance","mutation_workflow_status":"SUBMITTED","revenue_record_id":"ROR-DL-2025-1032-0213","revenue_record_type":"Khasra Khatauni (Delhi Bhulekh / DLR Act)","khata_khewat_no":"KHT-82","khatauni_no":"KHN-182","owner_name":"Chaudhary Dharamvir Singh","owner_name_local":"चौधरी धर्मवीर सिंह","co_owners":"","tenure_type":"Bhumiswami / Freehold","mutation_status":"PENDING","active_mutation_id":"MUT-DL-00000213","tax_demand_status":"PAID","annual_tax_inr":"185.5","deed_number":"DEED-DL-2024-432-0213","deed_type":"Sale Deed / Conveyance","sro_office":"Sub-Registrar Office, Najafgarh Tehsil","execution_date":"2024-05-10","registered_owner":"Chaudhary Dharamvir Singh","seller_name":"Previous Landholder","consideration_amount_inr":"3500000.0","stamp_duty_inr":"210000.0","survey_sketch_id":"FMB-DL-32-0213","cadastral_sheet_no":"SHT-DL-32","surveyed_area_sqm":"3478.3","survey_status":"PENDING","urban_authority":"Najafgarh Tehsil Urban Development & Town Planning Authority","zone_name":"Commercial Business District","permitted_land_use":"INSTITUTIONAL","building_permission_status":"PENDING","violations_reported":"True","is_encumbered":"True","encumbrance_certificate_number":"EC-DL-00000213-0213","encumbrance_type":"GOVT_REVENUE_LIEN","financial_institution":"","mortgage_amount":"0.0","created_at":"2026-01-15T09:00:00Z","updated_at":"2026-09-24T11:30:00Z"}},{"type":"Feature","geometry":{"type":"Polygon","coordinates":[[[77.46423976622265,28.88892282757404],[77.49284920943299,28.884632403155322],[77.4916935744751,28.904478442036886],[77.47022165978521,28.907083906791218],[77.46423976622265,28.88892282757404]]]},"properties":{"ulpin":"07445779932783","parcel_id":"839524b6-0719-4a49-90d2-eb43b9d5bdea","state":"Delhi (NCT)","state_code":"DL","state_type":"UT","state_lgd_code":"7","district_lgd_code":"95","district_name":"South West Delhi","subdistrict_lgd_code":"780","subdistrict_name":"Najafgarh Tehsil","subdistrict_type":"Tehsil / Taluk","village_lgd_code":"71092","village_name":"Dhansa","khasra_plot_no":"Mustatil 32, Killa 15/D214","recorded_area":"4.16","recorded_area_unit":"Bigha-Biswa","normalized_area_sqm":"3478.3","gis_area_sqm":"3478.3","land_use_category":"FOREST_GREEN_BELT","land_use_raw":"Bhumidhari (Agricultural)","status":"SUBDIVIDED","data_freshness_status":"UNKNOWN","scenario_index":"19706","use_case_description":"Government revenue lien and tax demand","mutation_workflow_status":"UNDER_VERIFICATION","revenue_record_id":"ROR-DL-2025-1032-0214","revenue_record_type":"Khasra Khatauni (Delhi Bhulekh / DLR Act)","khata_khewat_no":"KHT-82","khatauni_no":"KHN-182","owner_name":"Chaudhary Dharamvir Singh","owner_name_local":"चौधरी धर्मवीर सिंह","co_owners":"","tenure_type":"Leasehold","mutation_status":"UNMUTATED_TRANSACTION","active_mutation_id":"MUT-DL-00000214","tax_demand_status":"PAID","annual_tax_inr":"185.5","deed_number":"DEED-DL-2024-432-0214","deed_type":"Sale Deed / Conveyance","sro_office":"Sub-Registrar Office, Najafgarh Tehsil","execution_date":"2024-05-10","registered_owner":"Chaudhary Dharamvir Singh","seller_name":"Previous Landholder","consideration_amount_inr":"3500000.0","stamp_duty_inr":"210000.0","survey_sketch_id":"FMB-DL-32-0214","cadastral_sheet_no":"SHT-DL-32","surveyed_area_sqm":"3478.3","survey_status":"DISPUTED","urban_authority":"Najafgarh Tehsil Urban Development & Town Planning Authority","zone_name":"Commercial Business District","permitted_land_use":"FOREST_GREEN_BELT","building_permission_status":"REJECTED","violations_reported":"False","is_encumbered":"True","encumbrance_certificate_number":"EC-DL-00000214-0214","encumbrance_type":"COURT_ATTACHMENT","financial_institution":"","mortgage_amount":"0.0","created_at":"2026-01-15T09:00:00Z","updated_at":"2026-09-24T11:30:00Z"}},{"type":"Feature","geometry":{"type":"Polygon","coordinates":[[[77.24259281129899,28.550365433516117],[77.26060629573625,28.5500801316222],[77.2589530322287,28.567832268400906],[77.24318247624461,28.566791761541868],[77.24259281129899,28.550365433516117]]]},"properties":{"ulpin":"07631923923501","parcel_id":"f590de90-b3e3-4e64-bdfe-2f1e5d4441d7","state":"Delhi (NCT)","state_code":"DL","state_type":"UT","state_lgd_code":"7","district_lgd_code":"95","district_name":"South West Delhi","subdistrict_lgd_code":"780","subdistrict_name":"Najafgarh Tehsil","subdistrict_type":"Tehsil / Taluk","village_lgd_code":"71092","village_name":"Dhansa","khasra_plot_no":"Mustatil 32, Killa 15/D215","recorded_area":"4.16","recorded_area_unit":"Bigha-Biswa","normalized_area_sqm":"3478.3","gis_area_sqm":"3478.3","land_use_category":"WATER_BODY","land_use_raw":"Bhumidhari (Agricultural)","status":"AMALGAMATED","data_freshness_status":"CURRENT","scenario_index":"19707","use_case_description":"Court attachment and disputed possession","mutation_workflow_status":"NOTICE_PERIOD","revenue_record_id":"ROR-DL-2025-1032-0215","revenue_record_type":"Khasra Khatauni (Delhi Bhulekh / DLR Act)","khata_khewat_no":"KHT-82","khatauni_no":"KHN-182","owner_name":"Chaudhary Dharamvir Singh","owner_name_local":"चौधरी धर्मवीर सिंह","co_owners":"","tenure_type":"Government Grant","mutation_status":"REJECTED","active_mutation_id":"MUT-DL-00000215","tax_demand_status":"PAID","annual_tax_inr":"185.5","deed_number":"DEED-DL-2024-432-0215","deed_type":"Sale Deed / Conveyance","sro_office":"Sub-Registrar Office, Najafgarh Tehsil","execution_date":"2024-05-10","registered_owner":"Chaudhary Dharamvir Singh","seller_name":"Previous Landholder","consideration_amount_inr":"3500000.0","stamp_duty_inr":"210000.0","survey_sketch_id":"FMB-DL-32-0215","cadastral_sheet_no":"SHT-DL-32","surveyed_area_sqm":"3478.3","survey_status":"RESURVEY_REQUIRED","urban_authority":"Najafgarh Tehsil Urban Development & Town Planning Authority","zone_name":"Commercial Business District","permitted_land_use":"WATER_BODY","building_permission_status":"NOT_APPLICABLE","violations_reported":"False","is_encumbered":"True","encumbrance_certificate_number":"EC-DL-00000215-0215","encumbrance_type":"TRIBAL_NON_ALIENATION","financial_institution":"","mortgage_amount":"0.0","created_at":"2026-01-15T09:00:00Z","updated_at":"2026-09-24T11:30:00Z"}},{"type":"Feature","geometry":{"type":"Polygon","coordinates":[[[77.29730288659213,28.992577877540405],[77.32192021925133,28.99491581650703],[77.32165292007079,29.01668871079059],[77.29730288659213,29.011288284631533],[77.29730288659213,28.992577877540405]]]},"properties":{"ulpin":"07669984715709","parcel_id":"776ce822-150d-4faf-92e5-64ad4814d253","state":"Delhi (NCT)","state_code":"DL","state_type":"UT","state_lgd_code":"7","district_lgd_code":"95","district_name":"South West Delhi","subdistrict_lgd_code":"780","subdistrict_name":"Najafgarh Tehsil","subdistrict_type":"Tehsil / Taluk","village_lgd_code":"71092","village_name":"Dhansa","khasra_plot_no":"Mustatil 32, Killa 15/D216","recorded_area":"4.16","recorded_area_unit":"Bigha-Biswa","normalized_area_sqm":"3478.3","gis_area_sqm":"3478.3","land_use_category":"MIXED_USE","land_use_raw":"Bhumidhari (Agricultural)","status":"DISPUTED","data_freshness_status":"STALE","scenario_index":"19708","use_case_description":"Tribal non-alienation protection review","mutation_workflow_status":"HEARING_SCHEDULED","revenue_record_id":"ROR-DL-2025-1032-0216","revenue_record_type":"Khasra Khatauni (Delhi Bhulekh / DLR Act)","khata_khewat_no":"KHT-82","khatauni_no":"KHN-182","owner_name":"Chaudhary Dharamvir Singh","owner_name_local":"चौधरी धर्मवीर सिंह","co_owners":"","tenure_type":"Waqf / Religious Trust","mutation_status":"DISPUTED","active_mutation_id":"MUT-DL-00000216","tax_demand_status":"PAID","annual_tax_inr":"185.5","deed_number":"DEED-DL-2024-432-0216","deed_type":"Sale Deed / Conveyance","sro_office":"Sub-Registrar Office, Najafgarh Tehsil","execution_date":"2024-05-10","registered_owner":"Chaudhary Dharamvir Singh","seller_name":"Previous Landholder","consideration_amount_inr":"3500000.0","stamp_duty_inr":"210000.0","survey_sketch_id":"FMB-DL-32-0216","cadastral_sheet_no":"SHT-DL-32","surveyed_area_sqm":"3478.3","survey_status":"SURVEYED","urban_authority":"Najafgarh Tehsil Urban Development & Town Planning Authority","zone_name":"Commercial Business District","permitted_land_use":"MIXED_USE","building_permission_status":"SANCTIONED","violations_reported":"False","is_encumbered":"True","encumbrance_certificate_number":"EC-DL-00000216-0216","encumbrance_type":"LEASE_CHARGE","financial_institution":"","mortgage_amount":"0.0","created_at":"2026-01-15T09:00:00Z","updated_at":"2026-09-24T11:30:00Z"}},{"type":"Feature","geometry":{"type":"Polygon","coordinates":[[[77.2283286262489,28.63263327814867],[77.24289295559171,28.628815049451543],[77.24212031526709,28.64994320862772],[77.2283542602324,28.6477452075667],[77.2283286262489,28.63263327814867]]]},"properties":{"ulpin":"07741182886407","parcel_id":"375734f3-1af1-4d55-85db-1e78e93f1c14","state":"Delhi (NCT)","state_code":"DL","state_type":"UT","state_lgd_code":"7","district_lgd_code":"95","district_name":"South West Delhi","subdistrict_lgd_code":"780","subdistrict_name":"Najafgarh Tehsil","subdistrict_type":"Tehsil / Taluk","village_lgd_code":"71092","village_name":"Dhansa","khasra_plot_no":"Mustatil 32, Killa 15/D217","recorded_area":"4.16","recorded_area_unit":"Bigha-Biswa","normalized_area_sqm":"3478.3","gis_area_sqm":"3478.3","land_use_category":"OTHER","land_use_raw":"Bhumidhari (Agricultural)","status":"ARCHIVED","data_freshness_status":"UNKNOWN","scenario_index":"19709","use_case_description":"Archived historical record for audit retrieval","mutation_workflow_status":"APPROVED","revenue_record_id":"ROR-DL-2025-1032-0217","revenue_record_type":"Khasra Khatauni (Delhi Bhulekh / DLR Act)","khata_khewat_no":"KHT-82","khatauni_no":"KHN-182","owner_name":"Chaudhary Dharamvir Singh","owner_name_local":"चौधरी धर्मवीर सिंह","co_owners":"","tenure_type":"Tribal Community Tenure","mutation_status":"NONE","active_mutation_id":"MUT-DL-00000217","tax_demand_status":"PAID","annual_tax_inr":"185.5","deed_number":"DEED-DL-2024-432-0217","deed_type":"Sale Deed / Conveyance","sro_office":"Sub-Registrar Office, Najafgarh Tehsil","execution_date":"2024-05-10","registered_owner":"Registry Variance Owner 217","seller_name":"Previous Landholder","consideration_amount_inr":"3500000.0","stamp_duty_inr":"210000.0","survey_sketch_id":"FMB-DL-32-0217","cadastral_sheet_no":"SHT-DL-32","surveyed_area_sqm":"3478.3","survey_status":"PENDING","urban_authority":"Najafgarh Tehsil Urban Development & Town Planning Authority","zone_name":"Commercial Business District","permitted_land_use":"OTHER","building_permission_status":"PENDING","violations_reported":"False","is_encumbered":"False","encumbrance_certificate_number":"EC-DL-2024-132-0217","encumbrance_type":"NIL","financial_institution":"","mortgage_amount":"0.0","created_at":"2026-01-15T09:00:00Z","updated_at":"2026-09-24T11:30:00Z"}},{"type":"Feature","geometry":{"type":"Polygon","coordinates":[[[77.24289295559171,28.628815049451543],[77.2607550556959,28.631720076195855],[77.25612042255129,28.646503045909036],[77.24212031526709,28.64994320862772],[77.24289295559171,28.628815049451543]]]},"properties":{"ulpin":"07251944357472","parcel_id":"71801faa-8c54-4259-8968-602d86b7532c","state":"Delhi (NCT)","state_code":"DL","state_type":"UT","state_lgd_code":"7","district_lgd_code":"95","district_name":"South West Delhi","subdistrict_lgd_code":"780","subdistrict_name":"Najafgarh Tehsil","subdistrict_type":"Tehsil / Taluk","village_lgd_code":"71092","village_name":"Dhansa","khasra_plot_no":"Mustatil 32, Killa 15/D218","recorded_area":"4.16","recorded_area_unit":"Bigha-Biswa","normalized_area_sqm":"3478.3","gis_area_sqm":"3478.3","land_use_category":"RESIDENTIAL","land_use_raw":"Bhumidhari (Agricultural)","status":"ACTIVE","data_freshness_status":"CURRENT","scenario_index":"19710","use_case_description":"Subdivision or amalgamation history review","mutation_workflow_status":"REJECTED","revenue_record_id":"ROR-DL-2025-1032-0218","revenue_record_type":"Khasra Khatauni (Delhi Bhulekh / DLR Act)","khata_khewat_no":"KHT-82","khatauni_no":"KHN-182","owner_name":"Chaudhary Dharamvir Singh","owner_name_local":"चौधरी धर्मवीर सिंह","co_owners":"","tenure_type":"Bhumiswami / Raiyati with Transferable Rights","mutation_status":"MUTATED","active_mutation_id":"","tax_demand_status":"PAID","annual_tax_inr":"185.5","deed_number":"DEED-DL-2024-432-0218","deed_type":"Sale Deed / Conveyance","sro_office":"Sub-Registrar Office, Najafgarh Tehsil","execution_date":"2024-05-10","registered_owner":"Chaudhary Dharamvir Singh","seller_name":"Previous Landholder","consideration_amount_inr":"3500000.0","stamp_duty_inr":"210000.0","survey_sketch_id":"FMB-DL-32-0218","cadastral_sheet_no":"SHT-DL-32","surveyed_area_sqm":"3478.3","survey_status":"DISPUTED","urban_authority":"Najafgarh Tehsil Urban Development & Town Planning Authority","zone_name":"Commercial Business District","permitted_land_use":"RESIDENTIAL","building_permission_status":"REJECTED","violations_reported":"False","is_encumbered":"True","encumbrance_certificate_number":"EC-DL-00000218-0218","encumbrance_type":"BANK_MORTGAGE","financial_institution":"","mortgage_amount":"0.0","created_at":"2026-01-15T09:00:00Z","updated_at":"2026-09-24T11:30:00Z"}},{"type":"Feature","geometry":{"type":"Polygon","coordinates":[[[77.49791621718704,28.502753622045066],[77.51285886001553,28.502685124024936],[77.51544342086567,28.522112917252826],[77.49625917687446,28.52285946118834],[77.49791621718704,28.502753622045066]]]},"properties":{"ulpin":"07942819387027","parcel_id":"25c5e171-98bb-4ee4-813b-fa30c2e9db2d","state":"Delhi (NCT)","state_code":"DL","state_type":"UT","state_lgd_code":"7","district_lgd_code":"95","district_name":"South West Delhi","subdistrict_lgd_code":"780","subdistrict_name":"Najafgarh Tehsil","subdistrict_type":"Tehsil / Taluk","village_lgd_code":"71092","village_name":"Dhansa","khasra_plot_no":"Mustatil 32, Killa 15/D219","recorded_area":"4.16","recorded_area_unit":"Bigha-Biswa","normalized_area_sqm":"3478.3","gis_area_sqm":"3478.3","land_use_category":"COMMERCIAL","land_use_raw":"Bhumidhari (Agricultural)","status":"PENDING_MUTATION","data_freshness_status":"STALE","scenario_index":"19711","use_case_description":"Archived historical record for audit retrieval","mutation_workflow_status":"SLA_BREACHED","revenue_record_id":"ROR-DL-2025-1032-0219","revenue_record_type":"Khasra Khatauni (Delhi Bhulekh / DLR Act)","khata_khewat_no":"KHT-82","khatauni_no":"KHN-182","owner_name":"Chaudhary Dharamvir Singh","owner_name_local":"चौधरी धर्मवीर सिंह","co_owners":"","tenure_type":"Bhumiswami / Freehold","mutation_status":"PENDING","active_mutation_id":"MUT-DL-00000219","tax_demand_status":"PAID","annual_tax_inr":"185.5","deed_number":"DEED-DL-2024-432-0219","deed_type":"Sale Deed / Conveyance","sro_office":"Sub-Registrar Office, Najafgarh Tehsil","execution_date":"2024-05-10","registered_owner":"Chaudhary Dharamvir Singh","seller_name":"Previous Landholder","consideration_amount_inr":"3500000.0","stamp_duty_inr":"210000.0","survey_sketch_id":"FMB-DL-32-0219","cadastral_sheet_no":"SHT-DL-32","surveyed_area_sqm":"3478.3","survey_status":"RESURVEY_REQUIRED","urban_authority":"Najafgarh Tehsil Urban Development & Town Planning Authority","zone_name":"Commercial Business District","permitted_land_use":"COMMERCIAL","building_permission_status":"NOT_APPLICABLE","violations_reported":"False","is_encumbered":"True","encumbrance_certificate_number":"EC-DL-00000219-0219","encumbrance_type":"GOVT_REVENUE_LIEN","financial_institution":"","mortgage_amount":"0.0","created_at":"2026-01-15T09:00:00Z","updated_at":"2026-09-24T11:30:00Z"}},{"type":"Feature","geometry":{"type":"Polygon","coordinates":[[[77.48936220566695,28.924141386536196],[77.51446792925107,28.923321378095856],[77.51446792925107,28.94246388393838],[77.48923178520361,28.942344088070495],[77.48936220566695,28.924141386536196]]]},"properties":{"ulpin":"07175922210589","parcel_id":"632c6820-0c8b-4e77-b58d-017a6316ae04","state":"Delhi (NCT)","state_code":"DL","state_type":"UT","state_lgd_code":"7","district_lgd_code":"95","district_name":"South West Delhi","subdistrict_lgd_code":"780","subdistrict_name":"Najafgarh Tehsil","subdistrict_type":"Tehsil / Taluk","village_lgd_code":"71092","village_name":"Dhansa","khasra_plot_no":"Mustatil 32, Killa 15/D220","recorded_area":"4.16","recorded_area_unit":"Bigha-Biswa","normalized_area_sqm":"3478.3","gis_area_sqm":"3478.3","land_use_category":"INDUSTRIAL","land_use_raw":"Bhumidhari (Agricultural)","status":"SUBDIVIDED","data_freshness_status":"UNKNOWN","scenario_index":"19712","use_case_description":"Bank mortgage and active encumbrance","mutation_workflow_status":"SUBMITTED","revenue_record_id":"ROR-DL-2025-1032-0220","revenue_record_type":"Khasra Khatauni (Delhi Bhulekh / DLR Act)","khata_khewat_no":"KHT-82","khatauni_no":"KHN-182","owner_name":"Chaudhary Dharamvir Singh","owner_name_local":"चौधरी धर्मवीर सिंह","co_owners":"","tenure_type":"Leasehold","mutation_status":"UNMUTATED_TRANSACTION","active_mutation_id":"MUT-DL-00000220","tax_demand_status":"PAID","annual_tax_inr":"185.5","deed_number":"DEED-DL-2024-432-0220","deed_type":"Sale Deed / Conveyance","sro_office":"Sub-Registrar Office, Najafgarh Tehsil","execution_date":"2024-05-10","registered_owner":"Chaudhary Dharamvir Singh","seller_name":"Previous Landholder","consideration_amount_inr":"3500000.0","stamp_duty_inr":"210000.0","survey_sketch_id":"FMB-DL-32-0220","cadastral_sheet_no":"SHT-DL-32","surveyed_area_sqm":"3478.3","survey_status":"SURVEYED","urban_authority":"Najafgarh Tehsil Urban Development & Town Planning Authority","zone_name":"Commercial Business District","permitted_land_use":"INDUSTRIAL","building_permission_status":"SANCTIONED","violations_reported":"True","is_encumbered":"True","encumbrance_certificate_number":"EC-DL-00000220-0220","encumbrance_type":"COURT_ATTACHMENT","financial_institution":"","mortgage_amount":"0.0","created_at":"2026-01-15T09:00:00Z","updated_at":"2026-09-24T11:30:00Z"}},{"type":"Feature","geometry":{"type":"Polygon","coordinates":[[[77.23881347048739,28.98287008610127],[77.2558266885629,28.983013479028706],[77.25759055495845,29.00178680697715],[77.24173063914228,29.00178680697715],[77.23881347048739,28.98287008610127]]]},"properties":{"ulpin":"07546376606691","parcel_id":"ee7c63cb-e226-4e45-bc13-47da61ae30bb","state":"Delhi (NCT)","state_code":"DL","state_type":"UT","state_lgd_code":"7","district_lgd_code":"95","district_name":"South West Delhi","subdistrict_lgd_code":"780","subdistrict_name":"Najafgarh Tehsil","subdistrict_type":"Tehsil / Taluk","village_lgd_code":"71092","village_name":"Dhansa","khasra_plot_no":"Mustatil 32, Killa 15/D221","recorded_area":"4.16","recorded_area_unit":"Bigha-Biswa","normalized_area_sqm":"3478.3","gis_area_sqm":"3478.3","land_use_category":"AGRICULTURAL","land_use_raw":"Bhumidhari (Agricultural)","status":"AMALGAMATED","data_freshness_status":"CURRENT","scenario_index":"19713","use_case_description":"Government revenue lien and tax demand","mutation_workflow_status":"UNDER_VERIFICATION","revenue_record_id":"ROR-DL-2025-1032-0221","revenue_record_type":"Khasra Khatauni (Delhi Bhulekh / DLR Act)","khata_khewat_no":"KHT-82","khatauni_no":"KHN-182","owner_name":"Chaudhary Dharamvir Singh","owner_name_local":"चौधरी धर्मवीर सिंह","co_owners":"","tenure_type":"Government Grant","mutation_status":"REJECTED","active_mutation_id":"MUT-DL-00000221","tax_demand_status":"PAID","annual_tax_inr":"185.5","deed_number":"DEED-DL-2024-432-0221","deed_type":"Sale Deed / Conveyance","sro_office":"Sub-Registrar Office, Najafgarh Tehsil","execution_date":"2024-05-10","registered_owner":"Chaudhary Dharamvir Singh","seller_name":"Previous Landholder","consideration_amount_inr":"3500000.0","stamp_duty_inr":"210000.0","survey_sketch_id":"FMB-DL-32-0221","cadastral_sheet_no":"SHT-DL-32","surveyed_area_sqm":"3478.3","survey_status":"PENDING","urban_authority":"Najafgarh Tehsil Urban Development & Town Planning Authority","zone_name":"Commercial Business District","permitted_land_use":"AGRICULTURAL","building_permission_status":"PENDING","violations_reported":"False","is_encumbered":"True","encumbrance_certificate_number":"EC-DL-00000221-0221","encumbrance_type":"TRIBAL_NON_ALIENATION","financial_institution":"","mortgage_amount":"0.0","created_at":"2026-01-15T09:00:00Z","updated_at":"2026-09-24T11:30:00Z"}},{"type":"Feature","geometry":{"type":"Polygon","coordinates":[[[77.23917780569063,28.901216639795347],[77.25646891484438,28.90081044389908],[77.2591030691422,28.920339252172703],[77.23782470616096,28.91793877277045],[77.23917780569063,28.901216639795347]]]},"properties":{"ulpin":"07002963337389","parcel_id":"663f5e8c-3bee-487c-8784-4b0de584ce8a","state":"Delhi (NCT)","state_code":"DL","state_type":"UT","state_lgd_code":"7","district_lgd_code":"95","district_name":"South West Delhi","subdistrict_lgd_code":"780","subdistrict_name":"Najafgarh Tehsil","subdistrict_type":"Tehsil / Taluk","village_lgd_code":"71092","village_name":"Dhansa","khasra_plot_no":"Mustatil 32, Killa 15/D222","recorded_area":"4.16","recorded_area_unit":"Bigha-Biswa","normalized_area_sqm":"3478.3","gis_area_sqm":"3478.3","land_use_category":"INSTITUTIONAL","land_use_raw":"Bhumidhari (Agricultural)","status":"DISPUTED","data_freshness_status":"STALE","scenario_index":"19714","use_case_description":"Court attachment and disputed possession","mutation_workflow_status":"NOTICE_PERIOD","revenue_record_id":"ROR-DL-2025-1032-0222","revenue_record_type":"Khasra Khatauni (Delhi Bhulekh / DLR Act)","khata_khewat_no":"KHT-82","khatauni_no":"KHN-182","owner_name":"Chaudhary Dharamvir Singh","owner_name_local":"चौधरी धर्मवीर सिंह","co_owners":"","tenure_type":"Waqf / Religious Trust","mutation_status":"DISPUTED","active_mutation_id":"MUT-DL-00000222","tax_demand_status":"PAID","annual_tax_inr":"185.5","deed_number":"DEED-DL-2024-432-0222","deed_type":"Sale Deed / Conveyance","sro_office":"Sub-Registrar Office, Najafgarh Tehsil","execution_date":"2024-05-10","registered_owner":"Registry Variance Owner 222","seller_name":"Previous Landholder","consideration_amount_inr":"3500000.0","stamp_duty_inr":"210000.0","survey_sketch_id":"FMB-DL-32-0222","cadastral_sheet_no":"SHT-DL-32","surveyed_area_sqm":"3478.3","survey_status":"DISPUTED","urban_authority":"Najafgarh Tehsil Urban Development & Town Planning Authority","zone_name":"Commercial Business District","permitted_land_use":"INSTITUTIONAL","building_permission_status":"REJECTED","violations_reported":"False","is_encumbered":"True","encumbrance_certificate_number":"EC-DL-00000222-0222","encumbrance_type":"LEASE_CHARGE","financial_institution":"","mortgage_amount":"0.0","created_at":"2026-01-15T09:00:00Z","updated_at":"2026-09-24T11:30:00Z"}},{"type":"Feature","geometry":{"type":"Polygon","coordinates":[[[77.25572168183915,28.86164066599796],[77.2772402005943,28.858620624078494],[77.2772402005943,28.878589156647802],[77.25899614340821,28.88037737056882],[77.25572168183915,28.86164066599796]]]},"properties":{"ulpin":"07081343322156","parcel_id":"fbe8c9b5-380b-4ff4-9658-9558a423939f","state":"Delhi (NCT)","state_code":"DL","state_type":"UT","state_lgd_code":"7","district_lgd_code":"95","district_name":"South West Delhi","subdistrict_lgd_code":"780","subdistrict_name":"Najafgarh Tehsil","subdistrict_type":"Tehsil / Taluk","village_lgd_code":"71092","village_name":"Dhansa","khasra_plot_no":"Mustatil 32, Killa 15/D223","recorded_area":"4.16","recorded_area_unit":"Bigha-Biswa","normalized_area_sqm":"3478.3","gis_area_sqm":"3478.3","land_use_category":"FOREST_GREEN_BELT","land_use_raw":"Bhumidhari (Agricultural)","status":"ARCHIVED","data_freshness_status":"UNKNOWN","scenario_index":"19715","use_case_description":"Cadastral area discrepancy requiring resurvey","mutation_workflow_status":"HEARING_SCHEDULED","revenue_record_id":"ROR-DL-2025-1032-0223","revenue_record_type":"Khasra Khatauni (Delhi Bhulekh / DLR Act)","khata_khewat_no":"KHT-82","khatauni_no":"KHN-182","owner_name":"Chaudhary Dharamvir Singh","owner_name_local":"चौधरी धर्मवीर सिंह","co_owners":"","tenure_type":"Tribal Community Tenure","mutation_status":"NONE","active_mutation_id":"MUT-DL-00000223","tax_demand_status":"PAID","annual_tax_inr":"185.5","deed_number":"DEED-DL-2024-432-0223","deed_type":"Sale Deed / Conveyance","sro_office":"Sub-Registrar Office, Najafgarh Tehsil","execution_date":"2024-05-10","registered_owner":"Chaudhary Dharamvir Singh","seller_name":"Previous Landholder","consideration_amount_inr":"3500000.0","stamp_duty_inr":"210000.0","survey_sketch_id":"FMB-DL-32-0223","cadastral_sheet_no":"SHT-DL-32","surveyed_area_sqm":"3478.3","survey_status":"RESURVEY_REQUIRED","urban_authority":"Najafgarh Tehsil Urban Development & Town Planning Authority","zone_name":"Commercial Business District","permitted_land_use":"FOREST_GREEN_BELT","building_permission_status":"NOT_APPLICABLE","violations_reported":"False","is_encumbered":"False","encumbrance_certificate_number":"EC-DL-2024-132-0223","encumbrance_type":"NIL","financial_institution":"","mortgage_amount":"0.0","created_at":"2026-01-15T09:00:00Z","updated_at":"2026-09-24T11:30:00Z"}},{"type":"Feature","geometry":{"type":"Polygon","coordinates":[[[77.51722617125466,28.6019827015853],[77.53405525028644,28.60104348421144],[77.53021085278938,28.615829834492075],[77.51584428162772,28.618808267949714],[77.51722617125466,28.6019827015853]]]},"properties":{"ulpin":"07880614881781","parcel_id":"474ab585-4706-4c75-98b7-c1568cf92ef2","state":"Delhi (NCT)","state_code":"DL","state_type":"UT","state_lgd_code":"7","district_lgd_code":"95","district_name":"South West Delhi","subdistrict_lgd_code":"780","subdistrict_name":"Najafgarh Tehsil","subdistrict_type":"Tehsil / Taluk","village_lgd_code":"71092","village_name":"Dhansa","khasra_plot_no":"Mustatil 32, Killa 15/D224","recorded_area":"4.16","recorded_area_unit":"Bigha-Biswa","normalized_area_sqm":"3478.3","gis_area_sqm":"3478.3","land_use_category":"WATER_BODY","land_use_raw":"Bhumidhari (Agricultural)","status":"ACTIVE","data_freshness_status":"CURRENT","scenario_index":"19716","use_case_description":"Lease charge and institutional tenancy","mutation_workflow_status":"APPROVED","revenue_record_id":"ROR-DL-2025-1032-0224","revenue_record_type":"Khasra Khatauni (Delhi Bhulekh / DLR Act)","khata_khewat_no":"KHT-82","khatauni_no":"KHN-182","owner_name":"Chaudhary Dharamvir Singh","owner_name_local":"चौधरी धर्मवीर सिंह","co_owners":"","tenure_type":"Bhumiswami / Raiyati with Transferable Rights","mutation_status":"MUTATED","active_mutation_id":"","tax_demand_status":"PAID","annual_tax_inr":"185.5","deed_number":"DEED-DL-2024-432-0224","deed_type":"Sale Deed / Conveyance","sro_office":"Sub-Registrar Office, Najafgarh Tehsil","execution_date":"2024-05-10","registered_owner":"Chaudhary Dharamvir Singh","seller_name":"Previous Landholder","consideration_amount_inr":"3500000.0","stamp_duty_inr":"210000.0","survey_sketch_id":"FMB-DL-32-0224","cadastral_sheet_no":"SHT-DL-32","surveyed_area_sqm":"3478.3","survey_status":"SURVEYED","urban_authority":"Najafgarh Tehsil Urban Development & Town Planning Authority","zone_name":"Commercial Business District","permitted_land_use":"WATER_BODY","building_permission_status":"SANCTIONED","violations_reported":"False","is_encumbered":"True","encumbrance_certificate_number":"EC-DL-00000224-0224","encumbrance_type":"BANK_MORTGAGE","financial_institution":"","mortgage_amount":"0.0","created_at":"2026-01-15T09:00:00Z","updated_at":"2026-09-24T11:30:00Z"}},{"type":"Feature","geometry":{"type":"Polygon","coordinates":[[[77.5134108632281,28.461096832127026],[77.53017749343694,28.461096832127026],[77.53123409332446,28.481215327329373],[77.5132476237869,28.48259466871311],[77.5134108632281,28.461096832127026]]]},"properties":{"ulpin":"07587948641987","parcel_id":"5fd31788-5eca-46cc-845a-4647628a5e24","state":"Delhi (NCT)","state_code":"DL","state_type":"UT","state_lgd_code":"7","district_lgd_code":"95","district_name":"South West Delhi","subdistrict_lgd_code":"780","subdistrict_name":"Najafgarh Tehsil","subdistrict_type":"Tehsil / Taluk","village_lgd_code":"71092","village_name":"Dhansa","khasra_plot_no":"Mustatil 32, Killa 15/D225","recorded_area":"4.16","recorded_area_unit":"Bigha-Biswa","normalized_area_sqm":"3478.3","gis_area_sqm":"3478.3","land_use_category":"MIXED_USE","land_use_raw":"Bhumidhari (Agricultural)","status":"PENDING_MUTATION","data_freshness_status":"STALE","scenario_index":"19717","use_case_description":"Subdivision or amalgamation history review","mutation_workflow_status":"REJECTED","revenue_record_id":"ROR-DL-2025-1032-0225","revenue_record_type":"Khasra Khatauni (Delhi Bhulekh / DLR Act)","khata_khewat_no":"KHT-82","khatauni_no":"KHN-182","owner_name":"Chaudhary Dharamvir Singh","owner_name_local":"चौधरी धर्मवीर सिंह","co_owners":"","tenure_type":"Bhumiswami / Freehold","mutation_status":"PENDING","active_mutation_id":"MUT-DL-00000225","tax_demand_status":"PAID","annual_tax_inr":"185.5","deed_number":"DEED-DL-2024-432-0225","deed_type":"Sale Deed / Conveyance","sro_office":"Sub-Registrar Office, Najafgarh Tehsil","execution_date":"2024-05-10","registered_owner":"Chaudhary Dharamvir Singh","seller_name":"Previous Landholder","consideration_amount_inr":"3500000.0","stamp_duty_inr":"210000.0","survey_sketch_id":"FMB-DL-32-0225","cadastral_sheet_no":"SHT-DL-32","surveyed_area_sqm":"3478.3","survey_status":"PENDING","urban_authority":"Najafgarh Tehsil Urban Development & Town Planning Authority","zone_name":"Commercial Business District","permitted_land_use":"MIXED_USE","building_permission_status":"PENDING","violations_reported":"False","is_encumbered":"True","encumbrance_certificate_number":"EC-DL-00000225-0225","encumbrance_type":"GOVT_REVENUE_LIEN","financial_institution":"","mortgage_amount":"0.0","created_at":"2026-01-15T09:00:00Z","updated_at":"2026-09-24T11:30:00Z"}},{"type":"Feature","geometry":{"type":"Polygon","coordinates":[[[77.32458372232558,28.878002104806132],[77.34480314028158,28.88053254128208],[77.34815945170038,28.894957037184124],[77.32071076259636,28.899493525027747],[77.32458372232558,28.878002104806132]]]},"properties":{"ulpin":"07679486673421","parcel_id":"01bb1c77-ead8-4ddf-9048-3415f17ba3b0","state":"Delhi (NCT)","state_code":"DL","state_type":"UT","state_lgd_code":"7","district_lgd_code":"95","district_name":"South West Delhi","subdistrict_lgd_code":"780","subdistrict_name":"Najafgarh Tehsil","subdistrict_type":"Tehsil / Taluk","village_lgd_code":"71092","village_name":"Dhansa","khasra_plot_no":"Mustatil 32, Killa 15/D226","recorded_area":"4.16","recorded_area_unit":"Bigha-Biswa","normalized_area_sqm":"3478.3","gis_area_sqm":"3478.3","land_use_category":"OTHER","land_use_raw":"Bhumidhari (Agricultural)","status":"SUBDIVIDED","data_freshness_status":"UNKNOWN","scenario_index":"19718","use_case_description":"Archived historical record for audit retrieval","mutation_workflow_status":"SLA_BREACHED","revenue_record_id":"ROR-DL-2025-1032-0226","revenue_record_type":"Khasra Khatauni (Delhi Bhulekh / DLR Act)","khata_khewat_no":"KHT-82","khatauni_no":"KHN-182","owner_name":"Chaudhary Dharamvir Singh","owner_name_local":"चौधरी धर्मवीर सिंह","co_owners":"","tenure_type":"Leasehold","mutation_status":"UNMUTATED_TRANSACTION","active_mutation_id":"MUT-DL-00000226","tax_demand_status":"PAID","annual_tax_inr":"185.5","deed_number":"DEED-DL-2024-432-0226","deed_type":"Sale Deed / Conveyance","sro_office":"Sub-Registrar Office, Najafgarh Tehsil","execution_date":"2024-05-10","registered_owner":"Chaudhary Dharamvir Singh","seller_name":"Previous Landholder","consideration_amount_inr":"3500000.0","stamp_duty_inr":"210000.0","survey_sketch_id":"FMB-DL-32-0226","cadastral_sheet_no":"SHT-DL-32","surveyed_area_sqm":"3478.3","survey_status":"DISPUTED","urban_authority":"Najafgarh Tehsil Urban Development & Town Planning Authority","zone_name":"Commercial Business District","permitted_land_use":"OTHER","building_permission_status":"REJECTED","violations_reported":"False","is_encumbered":"True","encumbrance_certificate_number":"EC-DL-00000226-0226","encumbrance_type":"COURT_ATTACHMENT","financial_institution":"","mortgage_amount":"0.0","created_at":"2026-01-15T09:00:00Z","updated_at":"2026-09-24T11:30:00Z"}},{"type":"Feature","geometry":{"type":"Polygon","coordinates":[[[77.31382653134034,28.479585661175193],[77.33400067522422,28.479585661175193],[77.33286497303003,28.504074480330623],[77.3157545722899,28.49924432653308],[77.31382653134034,28.479585661175193]]]},"properties":{"ulpin":"07945829651232","parcel_id":"2aa7da21-e4e6-4330-848a-a00afac08c54","state":"Delhi (NCT)","state_code":"DL","state_type":"UT","state_lgd_code":"7","district_lgd_code":"95","district_name":"South West Delhi","subdistrict_lgd_code":"780","subdistrict_name":"Najafgarh Tehsil","subdistrict_type":"Tehsil / Taluk","village_lgd_code":"71092","village_name":"Dhansa","khasra_plot_no":"Mustatil 32, Killa 15/D227","recorded_area":"4.16","recorded_area_unit":"Bigha-Biswa","normalized_area_sqm":"3478.3","gis_area_sqm":"3478.3","land_use_category":"RESIDENTIAL","land_use_raw":"Bhumidhari (Agricultural)","status":"AMALGAMATED","data_freshness_status":"CURRENT","scenario_index":"19719","use_case_description":"Bank mortgage and active encumbrance","mutation_workflow_status":"SUBMITTED","revenue_record_id":"ROR-DL-2025-1032-0227","revenue_record_type":"Khasra Khatauni (Delhi Bhulekh / DLR Act)","khata_khewat_no":"KHT-82","khatauni_no":"KHN-182","owner_name":"Chaudhary Dharamvir Singh","owner_name_local":"चौधरी धर्मवीर सिंह","co_owners":"","tenure_type":"Government Grant","mutation_status":"REJECTED","active_mutation_id":"MUT-DL-00000227","tax_demand_status":"PAID","annual_tax_inr":"185.5","deed_number":"DEED-DL-2024-432-0227","deed_type":"Sale Deed / Conveyance","sro_office":"Sub-Registrar Office, Najafgarh Tehsil","execution_date":"2024-05-10","registered_owner":"Registry Variance Owner 227","seller_name":"Previous Landholder","consideration_amount_inr":"3500000.0","stamp_duty_inr":"210000.0","survey_sketch_id":"FMB-DL-32-0227","cadastral_sheet_no":"SHT-DL-32","surveyed_area_sqm":"3478.3","survey_status":"RESURVEY_REQUIRED","urban_authority":"Najafgarh Tehsil Urban Development & Town Planning Authority","zone_name":"Commercial Business District","permitted_land_use":"RESIDENTIAL","building_permission_status":"NOT_APPLICABLE","violations_reported":"True","is_encumbered":"True","encumbrance_certificate_number":"EC-DL-00000227-0227","encumbrance_type":"TRIBAL_NON_ALIENATION","financial_institution":"","mortgage_amount":"0.0","created_at":"2026-01-15T09:00:00Z","updated_at":"2026-09-24T11:30:00Z"}},{"type":"Feature","geometry":{"type":"Polygon","coordinates":[[[77.34781583158468,28.839249916219693],[77.37159598883323,28.839249916219693],[77.37436693371086,28.860584382315224],[77.34751826123241,28.86139532813588],[77.34781583158468,28.839249916219693]]]},"properties":{"ulpin":"07892471758958","parcel_id":"9d648ca3-eb21-4036-b567-7aeab2368c62","state":"Delhi (NCT)","state_code":"DL","state_type":"UT","state_lgd_code":"7","district_lgd_code":"95","district_name":"South West Delhi","subdistrict_lgd_code":"780","subdistrict_name":"Najafgarh Tehsil","subdistrict_type":"Tehsil / Taluk","village_lgd_code":"71092","village_name":"Dhansa","khasra_plot_no":"Mustatil 32, Killa 15/D228","recorded_area":"4.16","recorded_area_unit":"Bigha-Biswa","normalized_area_sqm":"3478.3","gis_area_sqm":"3478.3","land_use_category":"COMMERCIAL","land_use_raw":"Bhumidhari (Agricultural)","status":"DISPUTED","data_freshness_status":"STALE","scenario_index":"19720","use_case_description":"Government revenue lien and tax demand","mutation_workflow_status":"UNDER_VERIFICATION","revenue_record_id":"ROR-DL-2025-1032-0228","revenue_record_type":"Khasra Khatauni (Delhi Bhulekh / DLR Act)","khata_khewat_no":"KHT-82","khatauni_no":"KHN-182","owner_name":"Chaudhary Dharamvir Singh","owner_name_local":"चौधरी धर्मवीर सिंह","co_owners":"","tenure_type":"Waqf / Religious Trust","mutation_status":"DISPUTED","active_mutation_id":"MUT-DL-00000228","tax_demand_status":"PAID","annual_tax_inr":"185.5","deed_number":"DEED-DL-2024-432-0228","deed_type":"Sale Deed / Conveyance","sro_office":"Sub-Registrar Office, Najafgarh Tehsil","execution_date":"2024-05-10","registered_owner":"Chaudhary Dharamvir Singh","seller_name":"Previous Landholder","consideration_amount_inr":"3500000.0","stamp_duty_inr":"210000.0","survey_sketch_id":"FMB-DL-32-0228","cadastral_sheet_no":"SHT-DL-32","surveyed_area_sqm":"3478.3","survey_status":"SURVEYED","urban_authority":"Najafgarh Tehsil Urban Development & Town Planning Authority","zone_name":"Commercial Business District","permitted_land_use":"COMMERCIAL","building_permission_status":"SANCTIONED","violations_reported":"False","is_encumbered":"True","encumbrance_certificate_number":"EC-DL-00000228-0228","encumbrance_type":"LEASE_CHARGE","financial_institution":"","mortgage_amount":"0.0","created_at":"2026-01-15T09:00:00Z","updated_at":"2026-09-24T11:30:00Z"}},{"type":"Feature","geometry":{"type":"Polygon","coordinates":[[[77.47743329319763,28.461096832127026],[77.49751167830692,28.461096832127026],[77.49928371859541,28.479993084419547],[77.476722043292,28.47904894140924],[77.47743329319763,28.461096832127026]]]},"properties":{"ulpin":"07176939338201","parcel_id":"877b1757-98a0-4280-ab54-afbf25ec8fbc","state":"Delhi (NCT)","state_code":"DL","state_type":"UT","state_lgd_code":"7","district_lgd_code":"95","district_name":"South West Delhi","subdistrict_lgd_code":"780","subdistrict_name":"Najafgarh Tehsil","subdistrict_type":"Tehsil / Taluk","village_lgd_code":"71092","village_name":"Dhansa","khasra_plot_no":"Mustatil 32, Killa 15/D229","recorded_area":"4.16","recorded_area_unit":"Bigha-Biswa","normalized_area_sqm":"3478.3","gis_area_sqm":"3478.3","land_use_category":"INDUSTRIAL","land_use_raw":"Bhumidhari (Agricultural)","status":"ARCHIVED","data_freshness_status":"UNKNOWN","scenario_index":"19721","use_case_description":"Tribal non-alienation protection review","mutation_workflow_status":"NOTICE_PERIOD","revenue_record_id":"ROR-DL-2025-1032-0229","revenue_record_type":"Khasra Khatauni (Delhi Bhulekh / DLR Act)","khata_khewat_no":"KHT-82","khatauni_no":"KHN-182","owner_name":"Chaudhary Dharamvir Singh","owner_name_local":"चौधरी धर्मवीर सिंह","co_owners":"","tenure_type":"Tribal Community Tenure","mutation_status":"NONE","active_mutation_id":"MUT-DL-00000229","tax_demand_status":"PAID","annual_tax_inr":"185.5","deed_number":"DEED-DL-2024-432-0229","deed_type":"Sale Deed / Conveyance","sro_office":"Sub-Registrar Office, Najafgarh Tehsil","execution_date":"2024-05-10","registered_owner":"Chaudhary Dharamvir Singh","seller_name":"Previous Landholder","consideration_amount_inr":"3500000.0","stamp_duty_inr":"210000.0","survey_sketch_id":"FMB-DL-32-0229","cadastral_sheet_no":"SHT-DL-32","surveyed_area_sqm":"3478.3","survey_status":"PENDING","urban_authority":"Najafgarh Tehsil Urban Development & Town Planning Authority","zone_name":"Commercial Business District","permitted_land_use":"INDUSTRIAL","building_permission_status":"PENDING","violations_reported":"False","is_encumbered":"False","encumbrance_certificate_number":"EC-DL-2024-132-0229","encumbrance_type":"NIL","financial_institution":"","mortgage_amount":"0.0","created_at":"2026-01-15T09:00:00Z","updated_at":"2026-09-24T11:30:00Z"}},{"type":"Feature","geometry":{"type":"Polygon","coordinates":[[[77.24177034799837,28.88064181349734],[77.25899614340821,28.88037737056882],[77.25646891484438,28.90081044389908],[77.23917780569063,28.901216639795347],[77.24177034799837,28.88064181349734]]]},"properties":{"ulpin":"07586913724542","parcel_id":"4d0c7336-2e12-4b17-ad0d-e8f5b676f193","state":"Delhi (NCT)","state_code":"DL","state_type":"UT","state_lgd_code":"7","district_lgd_code":"95","district_name":"South West Delhi","subdistrict_lgd_code":"780","subdistrict_name":"Najafgarh Tehsil","subdistrict_type":"Tehsil / Taluk","village_lgd_code":"71092","village_name":"Dhansa","khasra_plot_no":"Mustatil 32, Killa 15/D230","recorded_area":"4.16","recorded_area_unit":"Bigha-Biswa","normalized_area_sqm":"3478.3","gis_area_sqm":"3478.3","land_use_category":"AGRICULTURAL","land_use_raw":"Bhumidhari (Agricultural)","status":"ACTIVE","data_freshness_status":"CURRENT","scenario_index":"19722","use_case_description":"Tribal non-alienation protection review","mutation_workflow_status":"HEARING_SCHEDULED","revenue_record_id":"ROR-DL-2025-1032-0230","revenue_record_type":"Khasra Khatauni (Delhi Bhulekh / DLR Act)","khata_khewat_no":"KHT-82","khatauni_no":"KHN-182","owner_name":"Chaudhary Dharamvir Singh","owner_name_local":"चौधरी धर्मवीर सिंह","co_owners":"","tenure_type":"Bhumiswami / Raiyati with Transferable Rights","mutation_status":"MUTATED","active_mutation_id":"","tax_demand_status":"PAID","annual_tax_inr":"185.5","deed_number":"DEED-DL-2024-432-0230","deed_type":"Sale Deed / Conveyance","sro_office":"Sub-Registrar Office, Najafgarh Tehsil","execution_date":"2024-05-10","registered_owner":"Chaudhary Dharamvir Singh","seller_name":"Previous Landholder","consideration_amount_inr":"3500000.0","stamp_duty_inr":"210000.0","survey_sketch_id":"FMB-DL-32-0230","cadastral_sheet_no":"SHT-DL-32","surveyed_area_sqm":"3478.3","survey_status":"DISPUTED","urban_authority":"Najafgarh Tehsil Urban Development & Town Planning Authority","zone_name":"Commercial Business District","permitted_land_use":"AGRICULTURAL","building_permission_status":"REJECTED","violations_reported":"False","is_encumbered":"True","encumbrance_certificate_number":"EC-DL-00000230-0230","encumbrance_type":"BANK_MORTGAGE","financial_institution":"","mortgage_amount":"0.0","created_at":"2026-01-15T09:00:00Z","updated_at":"2026-09-24T11:30:00Z"}},{"type":"Feature","geometry":{"type":"Polygon","coordinates":[[[77.25646891484438,28.90081044389908],[77.2772402005943,28.90277079522363],[77.2772402005943,28.921409278584385],[77.2591030691422,28.920339252172703],[77.25646891484438,28.90081044389908]]]},"properties":{"ulpin":"07555017893952","parcel_id":"4f13d7d5-c0de-4d18-8462-b58367bb0638","state":"Delhi (NCT)","state_code":"DL","state_type":"UT","state_lgd_code":"7","district_lgd_code":"95","district_name":"South West Delhi","subdistrict_lgd_code":"780","subdistrict_name":"Najafgarh Tehsil","subdistrict_type":"Tehsil / Taluk","village_lgd_code":"71092","village_name":"Dhansa","khasra_plot_no":"Mustatil 32, Killa 15/D231","recorded_area":"4.16","recorded_area_unit":"Bigha-Biswa","normalized_area_sqm":"3478.3","gis_area_sqm":"3478.3","land_use_category":"INSTITUTIONAL","land_use_raw":"Bhumidhari (Agricultural)","status":"PENDING_MUTATION","data_freshness_status":"STALE","scenario_index":"19723","use_case_description":"Lease charge and institutional tenancy","mutation_workflow_status":"APPROVED","revenue_record_id":"ROR-DL-2025-1032-0231","revenue_record_type":"Khasra Khatauni (Delhi Bhulekh / DLR Act)","khata_khewat_no":"KHT-82","khatauni_no":"KHN-182","owner_name":"Chaudhary Dharamvir Singh","owner_name_local":"चौधरी धर्मवीर सिंह","co_owners":"","tenure_type":"Bhumiswami / Freehold","mutation_status":"PENDING","active_mutation_id":"MUT-DL-00000231","tax_demand_status":"PAID","annual_tax_inr":"185.5","deed_number":"DEED-DL-2024-432-0231","deed_type":"Sale Deed / Conveyance","sro_office":"Sub-Registrar Office, Najafgarh Tehsil","execution_date":"2024-05-10","registered_owner":"Chaudhary Dharamvir Singh","seller_name":"Previous Landholder","consideration_amount_inr":"3500000.0","stamp_duty_inr":"210000.0","survey_sketch_id":"FMB-DL-32-0231","cadastral_sheet_no":"SHT-DL-32","surveyed_area_sqm":"3478.3","survey_status":"RESURVEY_REQUIRED","urban_authority":"Najafgarh Tehsil Urban Development & Town Planning Authority","zone_name":"Commercial Business District","permitted_land_use":"INSTITUTIONAL","building_permission_status":"NOT_APPLICABLE","violations_reported":"False","is_encumbered":"True","encumbrance_certificate_number":"EC-DL-00000231-0231","encumbrance_type":"GOVT_REVENUE_LIEN","financial_institution":"","mortgage_amount":"0.0","created_at":"2026-01-15T09:00:00Z","updated_at":"2026-09-24T11:30:00Z"}},{"type":"Feature","geometry":{"type":"Polygon","coordinates":[[[77.3482545162341,29.053287370592013],[77.37225762812297,29.0495371033698],[77.36881393811905,29.071814326673305],[77.34774101919842,29.071814326673305],[77.3482545162341,29.053287370592013]]]},"properties":{"ulpin":"07348022265210","parcel_id":"5e0c740c-e1ad-4ecf-954a-6485bed7971f","state":"Delhi (NCT)","state_code":"DL","state_type":"UT","state_lgd_code":"7","district_lgd_code":"95","district_name":"South West Delhi","subdistrict_lgd_code":"780","subdistrict_name":"Najafgarh Tehsil","subdistrict_type":"Tehsil / Taluk","village_lgd_code":"71092","village_name":"Dhansa","khasra_plot_no":"Mustatil 32, Killa 15/D232","recorded_area":"4.16","recorded_area_unit":"Bigha-Biswa","normalized_area_sqm":"3478.3","gis_area_sqm":"3478.3","land_use_category":"FOREST_GREEN_BELT","land_use_raw":"Bhumidhari (Agricultural)","status":"SUBDIVIDED","data_freshness_status":"UNKNOWN","scenario_index":"19724","use_case_description":"Subdivision or amalgamation history review","mutation_workflow_status":"REJECTED","revenue_record_id":"ROR-DL-2025-1032-0232","revenue_record_type":"Khasra Khatauni (Delhi Bhulekh / DLR Act)","khata_khewat_no":"KHT-82","khatauni_no":"KHN-182","owner_name":"Chaudhary Dharamvir Singh","owner_name_local":"चौधरी धर्मवीर सिंह","co_owners":"","tenure_type":"Leasehold","mutation_status":"UNMUTATED_TRANSACTION","active_mutation_id":"MUT-DL-00000232","tax_demand_status":"PAID","annual_tax_inr":"185.5","deed_number":"DEED-DL-2024-432-0232","deed_type":"Sale Deed / Conveyance","sro_office":"Sub-Registrar Office, Najafgarh Tehsil","execution_date":"2024-05-10","registered_owner":"Registry Variance Owner 232","seller_name":"Previous Landholder","consideration_amount_inr":"3500000.0","stamp_duty_inr":"210000.0","survey_sketch_id":"FMB-DL-32-0232","cadastral_sheet_no":"SHT-DL-32","surveyed_area_sqm":"3478.3","survey_status":"SURVEYED","urban_authority":"Najafgarh Tehsil Urban Development & Town Planning Authority","zone_name":"Commercial Business District","permitted_land_use":"FOREST_GREEN_BELT","building_permission_status":"SANCTIONED","violations_reported":"False","is_encumbered":"True","encumbrance_certificate_number":"EC-DL-00000232-0232","encumbrance_type":"COURT_ATTACHMENT","financial_institution":"","mortgage_amount":"0.0","created_at":"2026-01-15T09:00:00Z","updated_at":"2026-09-24T11:30:00Z"}},{"type":"Feature","geometry":{"type":"Polygon","coordinates":[[[77.46027164921387,28.517237499596515],[77.47905933964714,28.51932556695023],[77.47615026203346,28.537909376999256],[77.46027164921387,28.539613670863705],[77.46027164921387,28.517237499596515]]]},"properties":{"ulpin":"07811012034943","parcel_id":"936f54bf-1acd-436c-8ab3-215f68f13829","state":"Delhi (NCT)","state_code":"DL","state_type":"UT","state_lgd_code":"7","district_lgd_code":"95","district_name":"South West Delhi","subdistrict_lgd_code":"780","subdistrict_name":"Najafgarh Tehsil","subdistrict_type":"Tehsil / Taluk","village_lgd_code":"71092","village_name":"Dhansa","khasra_plot_no":"Mustatil 32, Killa 15/D233","recorded_area":"4.16","recorded_area_unit":"Bigha-Biswa","normalized_area_sqm":"3478.3","gis_area_sqm":"3478.3","land_use_category":"WATER_BODY","land_use_raw":"Bhumidhari (Agricultural)","status":"AMALGAMATED","data_freshness_status":"CURRENT","scenario_index":"19725","use_case_description":"Archived historical record for audit retrieval","mutation_workflow_status":"SLA_BREACHED","revenue_record_id":"ROR-DL-2025-1032-0233","revenue_record_type":"Khasra Khatauni (Delhi Bhulekh / DLR Act)","khata_khewat_no":"KHT-82","khatauni_no":"KHN-182","owner_name":"Chaudhary Dharamvir Singh","owner_name_local":"चौधरी धर्मवीर सिंह","co_owners":"","tenure_type":"Government Grant","mutation_status":"REJECTED","active_mutation_id":"MUT-DL-00000233","tax_demand_status":"PAID","annual_tax_inr":"185.5","deed_number":"DEED-DL-2024-432-0233","deed_type":"Sale Deed / Conveyance","sro_office":"Sub-Registrar Office, Najafgarh Tehsil","execution_date":"2024-05-10","registered_owner":"Chaudhary Dharamvir Singh","seller_name":"Previous Landholder","consideration_amount_inr":"3500000.0","stamp_duty_inr":"210000.0","survey_sketch_id":"FMB-DL-32-0233","cadastral_sheet_no":"SHT-DL-32","surveyed_area_sqm":"3478.3","survey_status":"PENDING","urban_authority":"Najafgarh Tehsil Urban Development & Town Planning Authority","zone_name":"Commercial Business District","permitted_land_use":"WATER_BODY","building_permission_status":"PENDING","violations_reported":"False","is_encumbered":"True","encumbrance_certificate_number":"EC-DL-00000233-0233","encumbrance_type":"TRIBAL_NON_ALIENATION","financial_institution":"","mortgage_amount":"0.0","created_at":"2026-01-15T09:00:00Z","updated_at":"2026-09-24T11:30:00Z"}},{"type":"Feature","geometry":{"type":"Polygon","coordinates":[[[77.4680082928112,28.831037000823912],[77.49177276466264,28.831037000823912],[77.49066302909945,28.851523659136245],[77.46948930149709,28.848787840230315],[77.4680082928112,28.831037000823912]]]},"properties":{"ulpin":"07701259186811","parcel_id":"f30efeea-7c97-4060-a51f-6fd769a3498a","state":"Delhi (NCT)","state_code":"DL","state_type":"UT","state_lgd_code":"7","district_lgd_code":"95","district_name":"South West Delhi","subdistrict_lgd_code":"780","subdistrict_name":"Najafgarh Tehsil","subdistrict_type":"Tehsil / Taluk","village_lgd_code":"71092","village_name":"Dhansa","khasra_plot_no":"Mustatil 32, Killa 15/D234","recorded_area":"4.16","recorded_area_unit":"Bigha-Biswa","normalized_area_sqm":"3478.3","gis_area_sqm":"3478.3","land_use_category":"MIXED_USE","land_use_raw":"Bhumidhari (Agricultural)","status":"DISPUTED","data_freshness_status":"STALE","scenario_index":"19726","use_case_description":"Bank mortgage and active encumbrance","mutation_workflow_status":"SUBMITTED","revenue_record_id":"ROR-DL-2025-1032-0234","revenue_record_type":"Khasra Khatauni (Delhi Bhulekh / DLR Act)","khata_khewat_no":"KHT-82","khatauni_no":"KHN-182","owner_name":"Chaudhary Dharamvir Singh","owner_name_local":"चौधरी धर्मवीर सिंह","co_owners":"","tenure_type":"Waqf / Religious Trust","mutation_status":"DISPUTED","active_mutation_id":"MUT-DL-00000234","tax_demand_status":"PAID","annual_tax_inr":"185.5","deed_number":"DEED-DL-2024-432-0234","deed_type":"Sale Deed / Conveyance","sro_office":"Sub-Registrar Office, Najafgarh Tehsil","execution_date":"2024-05-10","registered_owner":"Chaudhary Dharamvir Singh","seller_name":"Previous Landholder","consideration_amount_inr":"3500000.0","stamp_duty_inr":"210000.0","survey_sketch_id":"FMB-DL-32-0234","cadastral_sheet_no":"SHT-DL-32","surveyed_area_sqm":"3478.3","survey_status":"DISPUTED","urban_authority":"Najafgarh Tehsil Urban Development & Town Planning Authority","zone_name":"Commercial Business District","permitted_land_use":"MIXED_USE","building_permission_status":"REJECTED","violations_reported":"True","is_encumbered":"True","encumbrance_certificate_number":"EC-DL-00000234-0234","encumbrance_type":"LEASE_CHARGE","financial_institution":"","mortgage_amount":"0.0","created_at":"2026-01-15T09:00:00Z","updated_at":"2026-09-24T11:30:00Z"}},{"type":"Feature","geometry":{"type":"Polygon","coordinates":[[[77.22097779650552,28.918364940843972],[77.23782470616096,28.91793877277045],[77.23711113791825,28.942273155570795],[77.22100090916408,28.943452819224785],[77.22097779650552,28.918364940843972]]]},"properties":{"ulpin":"07633887976741","parcel_id":"0a3c45a4-e735-47a1-a1b8-9b75c7c4589b","state":"Delhi (NCT)","state_code":"DL","state_type":"UT","state_lgd_code":"7","district_lgd_code":"95","district_name":"South West Delhi","subdistrict_lgd_code":"780","subdistrict_name":"Najafgarh Tehsil","subdistrict_type":"Tehsil / Taluk","village_lgd_code":"71092","village_name":"Dhansa","khasra_plot_no":"Mustatil 32, Killa 15/D235","recorded_area":"4.16","recorded_area_unit":"Bigha-Biswa","normalized_area_sqm":"3478.3","gis_area_sqm":"3478.3","land_use_category":"OTHER","land_use_raw":"Bhumidhari (Agricultural)","status":"ARCHIVED","data_freshness_status":"UNKNOWN","scenario_index":"19727","use_case_description":"Pending sale mutation within statutory SLA","mutation_workflow_status":"UNDER_VERIFICATION","revenue_record_id":"ROR-DL-2025-1032-0235","revenue_record_type":"Khasra Khatauni (Delhi Bhulekh / DLR Act)","khata_khewat_no":"KHT-82","khatauni_no":"KHN-182","owner_name":"Chaudhary Dharamvir Singh","owner_name_local":"चौधरी धर्मवीर सिंह","co_owners":"","tenure_type":"Tribal Community Tenure","mutation_status":"NONE","active_mutation_id":"MUT-DL-00000235","tax_demand_status":"PAID","annual_tax_inr":"185.5","deed_number":"DEED-DL-2024-432-0235","deed_type":"Sale Deed / Conveyance","sro_office":"Sub-Registrar Office, Najafgarh Tehsil","execution_date":"2024-05-10","registered_owner":"Chaudhary Dharamvir Singh","seller_name":"Previous Landholder","consideration_amount_inr":"3500000.0","stamp_duty_inr":"210000.0","survey_sketch_id":"FMB-DL-32-0235","cadastral_sheet_no":"SHT-DL-32","surveyed_area_sqm":"3478.3","survey_status":"RESURVEY_REQUIRED","urban_authority":"Najafgarh Tehsil Urban Development & Town Planning Authority","zone_name":"Commercial Business District","permitted_land_use":"OTHER","building_permission_status":"NOT_APPLICABLE","violations_reported":"False","is_encumbered":"False","encumbrance_certificate_number":"EC-DL-2024-132-0235","encumbrance_type":"NIL","financial_institution":"","mortgage_amount":"0.0","created_at":"2026-01-15T09:00:00Z","updated_at":"2026-09-24T11:30:00Z"}},{"type":"Feature","geometry":{"type":"Polygon","coordinates":[[[77.19344769878386,28.663921759407913],[77.21174517206103,28.665206689776813],[77.20906368766103,28.679487914085332],[77.19344769878386,28.679584380899165],[77.19344769878386,28.663921759407913]]]},"properties":{"ulpin":"07169525609821","parcel_id":"bc19e8cc-0a2f-40d6-87ee-79bfea76852e","state":"Delhi (NCT)","state_code":"DL","state_type":"UT","state_lgd_code":"7","district_lgd_code":"95","district_name":"South West Delhi","subdistrict_lgd_code":"780","subdistrict_name":"Najafgarh Tehsil","subdistrict_type":"Tehsil / Taluk","village_lgd_code":"71092","village_name":"Dhansa","khasra_plot_no":"Mustatil 32, Killa 15/D236","recorded_area":"4.16","recorded_area_unit":"Bigha-Biswa","normalized_area_sqm":"3478.3","gis_area_sqm":"3478.3","land_use_category":"RESIDENTIAL","land_use_raw":"Bhumidhari (Agricultural)","status":"ACTIVE","data_freshness_status":"CURRENT","scenario_index":"19728","use_case_description":"Court attachment and disputed possession","mutation_workflow_status":"NOTICE_PERIOD","revenue_record_id":"ROR-DL-2025-1032-0236","revenue_record_type":"Khasra Khatauni (Delhi Bhulekh / DLR Act)","khata_khewat_no":"KHT-82","khatauni_no":"KHN-182","owner_name":"Chaudhary Dharamvir Singh","owner_name_local":"चौधरी धर्मवीर सिंह","co_owners":"","tenure_type":"Bhumiswami / Raiyati with Transferable Rights","mutation_status":"MUTATED","active_mutation_id":"","tax_demand_status":"PAID","annual_tax_inr":"185.5","deed_number":"DEED-DL-2024-432-0236","deed_type":"Sale Deed / Conveyance","sro_office":"Sub-Registrar Office, Najafgarh Tehsil","execution_date":"2024-05-10","registered_owner":"Chaudhary Dharamvir Singh","seller_name":"Previous Landholder","consideration_amount_inr":"3500000.0","stamp_duty_inr":"210000.0","survey_sketch_id":"FMB-DL-32-0236","cadastral_sheet_no":"SHT-DL-32","surveyed_area_sqm":"3478.3","survey_status":"SURVEYED","urban_authority":"Najafgarh Tehsil Urban Development & Town Planning Authority","zone_name":"Commercial Business District","permitted_land_use":"RESIDENTIAL","building_permission_status":"SANCTIONED","violations_reported":"False","is_encumbered":"True","encumbrance_certificate_number":"EC-DL-00000236-0236","encumbrance_type":"BANK_MORTGAGE","financial_institution":"","mortgage_amount":"0.0","created_at":"2026-01-15T09:00:00Z","updated_at":"2026-09-24T11:30:00Z"}},{"type":"Feature","geometry":{"type":"Polygon","coordinates":[[[77.46712016507792,29.033482436247127],[77.49419734141256,29.035590326404485],[77.49107019599009,29.05356553599157],[77.46451036440116,29.049353093657047],[77.46712016507792,29.033482436247127]]]},"properties":{"ulpin":"07360300338388","parcel_id":"6ba938e8-397a-431b-9768-68afad194cbd","state":"Delhi (NCT)","state_code":"DL","state_type":"UT","state_lgd_code":"7","district_lgd_code":"95","district_name":"South West Delhi","subdistrict_lgd_code":"780","subdistrict_name":"Najafgarh Tehsil","subdistrict_type":"Tehsil / Taluk","village_lgd_code":"71092","village_name":"Dhansa","khasra_plot_no":"Mustatil 32, Killa 15/D237","recorded_area":"4.16","recorded_area_unit":"Bigha-Biswa","normalized_area_sqm":"3478.3","gis_area_sqm":"3478.3","land_use_category":"COMMERCIAL","land_use_raw":"Bhumidhari (Agricultural)","status":"PENDING_MUTATION","data_freshness_status":"STALE","scenario_index":"19729","use_case_description":"Tribal non-alienation protection review","mutation_workflow_status":"HEARING_SCHEDULED","revenue_record_id":"ROR-DL-2025-1032-0237","revenue_record_type":"Khasra Khatauni (Delhi Bhulekh / DLR Act)","khata_khewat_no":"KHT-82","khatauni_no":"KHN-182","owner_name":"Chaudhary Dharamvir Singh","owner_name_local":"चौधरी धर्मवीर सिंह","co_owners":"","tenure_type":"Bhumiswami / Freehold","mutation_status":"PENDING","active_mutation_id":"MUT-DL-00000237","tax_demand_status":"PAID","annual_tax_inr":"185.5","deed_number":"DEED-DL-2024-432-0237","deed_type":"Sale Deed / Conveyance","sro_office":"Sub-Registrar Office, Najafgarh Tehsil","execution_date":"2024-05-10","registered_owner":"Registry Variance Owner 237","seller_name":"Previous Landholder","consideration_amount_inr":"3500000.0","stamp_duty_inr":"210000.0","survey_sketch_id":"FMB-DL-32-0237","cadastral_sheet_no":"SHT-DL-32","surveyed_area_sqm":"3478.3","survey_status":"PENDING","urban_authority":"Najafgarh Tehsil Urban Development & Town Planning Authority","zone_name":"Commercial Business District","permitted_land_use":"COMMERCIAL","building_permission_status":"PENDING","violations_reported":"False","is_encumbered":"True","encumbrance_certificate_number":"EC-DL-00000237-0237","encumbrance_type":"GOVT_REVENUE_LIEN","financial_institution":"","mortgage_amount":"0.0","created_at":"2026-01-15T09:00:00Z","updated_at":"2026-09-24T11:30:00Z"}},{"type":"Feature","geometry":{"type":"Polygon","coordinates":[[[77.4676517075173,28.958149200839006],[77.48928083760488,28.961892489128395],[77.49458983753514,28.981362279042063],[77.46416113219841,28.979980223929857],[77.4676517075173,28.958149200839006]]]},"properties":{"ulpin":"07305928958674","parcel_id":"e3c74705-dd2d-4fb4-bc7f-05cf69b8d134","state":"Delhi (NCT)","state_code":"DL","state_type":"UT","state_lgd_code":"7","district_lgd_code":"95","district_name":"South West Delhi","subdistrict_lgd_code":"780","subdistrict_name":"Najafgarh Tehsil","subdistrict_type":"Tehsil / Taluk","village_lgd_code":"71092","village_name":"Dhansa","khasra_plot_no":"Mustatil 32, Killa 15/D238","recorded_area":"4.16","recorded_area_unit":"Bigha-Biswa","normalized_area_sqm":"3478.3","gis_area_sqm":"3478.3","land_use_category":"INDUSTRIAL","land_use_raw":"Bhumidhari (Agricultural)","status":"SUBDIVIDED","data_freshness_status":"UNKNOWN","scenario_index":"19730","use_case_description":"Lease charge and institutional tenancy","mutation_workflow_status":"APPROVED","revenue_record_id":"ROR-DL-2025-1032-0238","revenue_record_type":"Khasra Khatauni (Delhi Bhulekh / DLR Act)","khata_khewat_no":"KHT-82","khatauni_no":"KHN-182","owner_name":"Chaudhary Dharamvir Singh","owner_name_local":"चौधरी धर्मवीर सिंह","co_owners":"","tenure_type":"Leasehold","mutation_status":"UNMUTATED_TRANSACTION","active_mutation_id":"MUT-DL-00000238","tax_demand_status":"PAID","annual_tax_inr":"185.5","deed_number":"DEED-DL-2024-432-0238","deed_type":"Sale Deed / Conveyance","sro_office":"Sub-Registrar Office, Najafgarh Tehsil","execution_date":"2024-05-10","registered_owner":"Chaudhary Dharamvir Singh","seller_name":"Previous Landholder","consideration_amount_inr":"3500000.0","stamp_duty_inr":"210000.0","survey_sketch_id":"FMB-DL-32-0238","cadastral_sheet_no":"SHT-DL-32","surveyed_area_sqm":"3478.3","survey_status":"DISPUTED","urban_authority":"Najafgarh Tehsil Urban Development & Town Planning Authority","zone_name":"Commercial Business District","permitted_land_use":"INDUSTRIAL","building_permission_status":"REJECTED","violations_reported":"False","is_encumbered":"True","encumbrance_certificate_number":"EC-DL-00000238-0238","encumbrance_type":"COURT_ATTACHMENT","financial_institution":"","mortgage_amount":"0.0","created_at":"2026-01-15T09:00:00Z","updated_at":"2026-09-24T11:30:00Z"}},{"type":"Feature","geometry":{"type":"Polygon","coordinates":[[[77.29112045298031,28.626926286831527],[77.31378164650607,28.625188309561803],[77.311249899498,28.647803882472115],[77.29112045298031,28.651087404146207],[77.29112045298031,28.626926286831527]]]},"properties":{"ulpin":"07274379657765","parcel_id":"dbe7c103-9f9c-4c9b-a3e1-1bcbae14fc58","state":"Delhi (NCT)","state_code":"DL","state_type":"UT","state_lgd_code":"7","district_lgd_code":"95","district_name":"South West Delhi","subdistrict_lgd_code":"780","subdistrict_name":"Najafgarh Tehsil","subdistrict_type":"Tehsil / Taluk","village_lgd_code":"71092","village_name":"Dhansa","khasra_plot_no":"Mustatil 32, Killa 15/D239","recorded_area":"4.16","recorded_area_unit":"Bigha-Biswa","normalized_area_sqm":"3478.3","gis_area_sqm":"3478.3","land_use_category":"AGRICULTURAL","land_use_raw":"Bhumidhari (Agricultural)","status":"AMALGAMATED","data_freshness_status":"CURRENT","scenario_index":"19731","use_case_description":"Subdivision or amalgamation history review","mutation_workflow_status":"REJECTED","revenue_record_id":"ROR-DL-2025-1032-0239","revenue_record_type":"Khasra Khatauni (Delhi Bhulekh / DLR Act)","khata_khewat_no":"KHT-82","khatauni_no":"KHN-182","owner_name":"Chaudhary Dharamvir Singh","owner_name_local":"चौधरी धर्मवीर सिंह","co_owners":"","tenure_type":"Government Grant","mutation_status":"REJECTED","active_mutation_id":"MUT-DL-00000239","tax_demand_status":"PAID","annual_tax_inr":"185.5","deed_number":"DEED-DL-2024-432-0239","deed_type":"Sale Deed / Conveyance","sro_office":"Sub-Registrar Office, Najafgarh Tehsil","execution_date":"2024-05-10","registered_owner":"Chaudhary Dharamvir Singh","seller_name":"Previous Landholder","consideration_amount_inr":"3500000.0","stamp_duty_inr":"210000.0","survey_sketch_id":"FMB-DL-32-0239","cadastral_sheet_no":"SHT-DL-32","surveyed_area_sqm":"3478.3","survey_status":"RESURVEY_REQUIRED","urban_authority":"Najafgarh Tehsil Urban Development & Town Planning Authority","zone_name":"Commercial Business District","permitted_land_use":"AGRICULTURAL","building_permission_status":"NOT_APPLICABLE","violations_reported":"False","is_encumbered":"True","encumbrance_certificate_number":"EC-DL-00000239-0239","encumbrance_type":"TRIBAL_NON_ALIENATION","financial_institution":"","mortgage_amount":"0.0","created_at":"2026-01-15T09:00:00Z","updated_at":"2026-09-24T11:30:00Z"}},{"type":"Feature","geometry":{"type":"Polygon","coordinates":[[[77.3434792785647,28.93898985736935],[77.37011299133911,28.937698835532284],[77.3697765191058,28.956171844167034],[77.34789351110297,28.952498673550437],[77.3434792785647,28.93898985736935]]]},"properties":{"ulpin":"07246897571489","parcel_id":"1790263c-1ca1-400e-b6b6-e1f04c1aad86","state":"Delhi (NCT)","state_code":"DL","state_type":"UT","state_lgd_code":"7","district_lgd_code":"95","district_name":"South West Delhi","subdistrict_lgd_code":"780","subdistrict_name":"Najafgarh Tehsil","subdistrict_type":"Tehsil / Taluk","village_lgd_code":"71092","village_name":"Dhansa","khasra_plot_no":"Mustatil 32, Killa 15/D240","recorded_area":"4.16","recorded_area_unit":"Bigha-Biswa","normalized_area_sqm":"3478.3","gis_area_sqm":"3478.3","land_use_category":"INSTITUTIONAL","land_use_raw":"Bhumidhari (Agricultural)","status":"DISPUTED","data_freshness_status":"STALE","scenario_index":"19732","use_case_description":"Archived historical record for audit retrieval","mutation_workflow_status":"SLA_BREACHED","revenue_record_id":"ROR-DL-2025-1032-0240","revenue_record_type":"Khasra Khatauni (Delhi Bhulekh / DLR Act)","khata_khewat_no":"KHT-82","khatauni_no":"KHN-182","owner_name":"Chaudhary Dharamvir Singh","owner_name_local":"चौधरी धर्मवीर सिंह","co_owners":"","tenure_type":"Waqf / Religious Trust","mutation_status":"DISPUTED","active_mutation_id":"MUT-DL-00000240","tax_demand_status":"PAID","annual_tax_inr":"185.5","deed_number":"DEED-DL-2024-432-0240","deed_type":"Sale Deed / Conveyance","sro_office":"Sub-Registrar Office, Najafgarh Tehsil","execution_date":"2024-05-10","registered_owner":"Chaudhary Dharamvir Singh","seller_name":"Previous Landholder","consideration_amount_inr":"3500000.0","stamp_duty_inr":"210000.0","survey_sketch_id":"FMB-DL-32-0240","cadastral_sheet_no":"SHT-DL-32","surveyed_area_sqm":"3478.3","survey_status":"SURVEYED","urban_authority":"Najafgarh Tehsil Urban Development & Town Planning Authority","zone_name":"Commercial Business District","permitted_land_use":"INSTITUTIONAL","building_permission_status":"SANCTIONED","violations_reported":"False","is_encumbered":"True","encumbrance_certificate_number":"EC-DL-00000240-0240","encumbrance_type":"LEASE_CHARGE","financial_institution":"","mortgage_amount":"0.0","created_at":"2026-01-15T09:00:00Z","updated_at":"2026-09-24T11:30:00Z"}},{"type":"Feature","geometry":{"type":"Polygon","coordinates":[[[77.34682837588603,29.0165624258671],[77.37380259310548,29.013824915293128],[77.37091621251837,29.030163347544494],[77.34689060224868,29.032539922167743],[77.34682837588603,29.0165624258671]]]},"properties":{"ulpin":"07611266402734","parcel_id":"f4106aeb-40ba-446c-959a-e17d23927049","state":"Delhi (NCT)","state_code":"DL","state_type":"UT","state_lgd_code":"7","district_lgd_code":"95","district_name":"South West Delhi","subdistrict_lgd_code":"780","subdistrict_name":"Najafgarh Tehsil","subdistrict_type":"Tehsil / Taluk","village_lgd_code":"71092","village_name":"Dhansa","khasra_plot_no":"Mustatil 32, Killa 15/D241","recorded_area":"4.16","recorded_area_unit":"Bigha-Biswa","normalized_area_sqm":"3478.3","gis_area_sqm":"3478.3","land_use_category":"FOREST_GREEN_BELT","land_use_raw":"Bhumidhari (Agricultural)","status":"ARCHIVED","data_freshness_status":"UNKNOWN","scenario_index":"19733","use_case_description":"Bank mortgage and active encumbrance","mutation_workflow_status":"SUBMITTED","revenue_record_id":"ROR-DL-2025-1032-0241","revenue_record_type":"Khasra Khatauni (Delhi Bhulekh / DLR Act)","khata_khewat_no":"KHT-82","khatauni_no":"KHN-182","owner_name":"Chaudhary Dharamvir Singh","owner_name_local":"चौधरी धर्मवीर सिंह","co_owners":"","tenure_type":"Tribal Community Tenure","mutation_status":"NONE","active_mutation_id":"MUT-DL-00000241","tax_demand_status":"PAID","annual_tax_inr":"185.5","deed_number":"DEED-DL-2024-432-0241","deed_type":"Sale Deed / Conveyance","sro_office":"Sub-Registrar Office, Najafgarh Tehsil","execution_date":"2024-05-10","registered_owner":"Chaudhary Dharamvir Singh","seller_name":"Previous Landholder","consideration_amount_inr":"3500000.0","stamp_duty_inr":"210000.0","survey_sketch_id":"FMB-DL-32-0241","cadastral_sheet_no":"SHT-DL-32","surveyed_area_sqm":"3478.3","survey_status":"PENDING","urban_authority":"Najafgarh Tehsil Urban Development & Town Planning Authority","zone_name":"Commercial Business District","permitted_land_use":"FOREST_GREEN_BELT","building_permission_status":"PENDING","violations_reported":"True","is_encumbered":"False","encumbrance_certificate_number":"EC-DL-2024-132-0241","encumbrance_type":"NIL","financial_institution":"","mortgage_amount":"0.0","created_at":"2026-01-15T09:00:00Z","updated_at":"2026-09-24T11:30:00Z"}},{"type":"Feature","geometry":{"type":"Polygon","coordinates":[[[77.5132476237869,28.48259466871311],[77.53123409332446,28.481215327329373],[77.53572350804707,28.498996652893386],[77.51285886001553,28.502685124024936],[77.5132476237869,28.48259466871311]]]},"properties":{"ulpin":"07170545225150","parcel_id":"c5495f0f-7ba1-4454-9182-2e1da9811381","state":"Delhi (NCT)","state_code":"DL","state_type":"UT","state_lgd_code":"7","district_lgd_code":"95","district_name":"South West Delhi","subdistrict_lgd_code":"780","subdistrict_name":"Najafgarh Tehsil","subdistrict_type":"Tehsil / Taluk","village_lgd_code":"71092","village_name":"Dhansa","khasra_plot_no":"Mustatil 32, Killa 15/D242","recorded_area":"4.16","recorded_area_unit":"Bigha-Biswa","normalized_area_sqm":"3478.3","gis_area_sqm":"3478.3","land_use_category":"WATER_BODY","land_use_raw":"Bhumidhari (Agricultural)","status":"ACTIVE","data_freshness_status":"CURRENT","scenario_index":"19734","use_case_description":"Government revenue lien and tax demand","mutation_workflow_status":"UNDER_VERIFICATION","revenue_record_id":"ROR-DL-2025-1032-0242","revenue_record_type":"Khasra Khatauni (Delhi Bhulekh / DLR Act)","khata_khewat_no":"KHT-82","khatauni_no":"KHN-182","owner_name":"Chaudhary Dharamvir Singh","owner_name_local":"चौधरी धर्मवीर सिंह","co_owners":"","tenure_type":"Bhumiswami / Raiyati with Transferable Rights","mutation_status":"MUTATED","active_mutation_id":"","tax_demand_status":"PAID","annual_tax_inr":"185.5","deed_number":"DEED-DL-2024-432-0242","deed_type":"Sale Deed / Conveyance","sro_office":"Sub-Registrar Office, Najafgarh Tehsil","execution_date":"2024-05-10","registered_owner":"Registry Variance Owner 242","seller_name":"Previous Landholder","consideration_amount_inr":"3500000.0","stamp_duty_inr":"210000.0","survey_sketch_id":"FMB-DL-32-0242","cadastral_sheet_no":"SHT-DL-32","surveyed_area_sqm":"3478.3","survey_status":"DISPUTED","urban_authority":"Najafgarh Tehsil Urban Development & Town Planning Authority","zone_name":"Commercial Business District","permitted_land_use":"WATER_BODY","building_permission_status":"REJECTED","violations_reported":"False","is_encumbered":"True","encumbrance_certificate_number":"EC-DL-00000242-0242","encumbrance_type":"BANK_MORTGAGE","financial_institution":"","mortgage_amount":"0.0","created_at":"2026-01-15T09:00:00Z","updated_at":"2026-09-24T11:30:00Z"}},{"type":"Feature","geometry":{"type":"Polygon","coordinates":[[[77.37159598883323,28.839249916219693],[77.39488404598974,28.839249916219693],[77.39488404598974,28.85777300597735],[77.37436693371086,28.860584382315224],[77.37159598883323,28.839249916219693]]]},"properties":{"ulpin":"07161956949132","parcel_id":"40c434f7-f3c7-4bff-9c43-e80e79082dcf","state":"Delhi (NCT)","state_code":"DL","state_type":"UT","state_lgd_code":"7","district_lgd_code":"95","district_name":"South West Delhi","subdistrict_lgd_code":"780","subdistrict_name":"Najafgarh Tehsil","subdistrict_type":"Tehsil / Taluk","village_lgd_code":"71092","village_name":"Dhansa","khasra_plot_no":"Mustatil 32, Killa 15/D243","recorded_area":"4.16","recorded_area_unit":"Bigha-Biswa","normalized_area_sqm":"3478.3","gis_area_sqm":"3478.3","land_use_category":"MIXED_USE","land_use_raw":"Bhumidhari (Agricultural)","status":"PENDING_MUTATION","data_freshness_status":"STALE","scenario_index":"19735","use_case_description":"Court attachment and disputed possession","mutation_workflow_status":"NOTICE_PERIOD","revenue_record_id":"ROR-DL-2025-1032-0243","revenue_record_type":"Khasra Khatauni (Delhi Bhulekh / DLR Act)","khata_khewat_no":"KHT-82","khatauni_no":"KHN-182","owner_name":"Chaudhary Dharamvir Singh","owner_name_local":"चौधरी धर्मवीर सिंह","co_owners":"","tenure_type":"Bhumiswami / Freehold","mutation_status":"PENDING","active_mutation_id":"MUT-DL-00000243","tax_demand_status":"PAID","annual_tax_inr":"185.5","deed_number":"DEED-DL-2024-432-0243","deed_type":"Sale Deed / Conveyance","sro_office":"Sub-Registrar Office, Najafgarh Tehsil","execution_date":"2024-05-10","registered_owner":"Chaudhary Dharamvir Singh","seller_name":"Previous Landholder","consideration_amount_inr":"3500000.0","stamp_duty_inr":"210000.0","survey_sketch_id":"FMB-DL-32-0243","cadastral_sheet_no":"SHT-DL-32","surveyed_area_sqm":"3478.3","survey_status":"RESURVEY_REQUIRED","urban_authority":"Najafgarh Tehsil Urban Development & Town Planning Authority","zone_name":"Commercial Business District","permitted_land_use":"MIXED_USE","building_permission_status":"NOT_APPLICABLE","violations_reported":"False","is_encumbered":"True","encumbrance_certificate_number":"EC-DL-00000243-0243","encumbrance_type":"GOVT_REVENUE_LIEN","financial_institution":"","mortgage_amount":"0.0","created_at":"2026-01-15T09:00:00Z","updated_at":"2026-09-24T11:30:00Z"}},{"type":"Feature","geometry":{"type":"Polygon","coordinates":[[[77.19344769878386,28.645560857236767],[77.20902472671658,28.645438550653537],[77.21174517206103,28.665206689776813],[77.19344769878386,28.663921759407913],[77.19344769878386,28.645560857236767]]]},"properties":{"ulpin":"07937265055800","parcel_id":"a54bc9b1-6c18-4f7a-b09d-327901e853ee","state":"Delhi (NCT)","state_code":"DL","state_type":"UT","state_lgd_code":"7","district_lgd_code":"95","district_name":"South West Delhi","subdistrict_lgd_code":"780","subdistrict_name":"Najafgarh Tehsil","subdistrict_type":"Tehsil / Taluk","village_lgd_code":"71092","village_name":"Dhansa","khasra_plot_no":"Mustatil 32, Killa 15/D244","recorded_area":"4.16","recorded_area_unit":"Bigha-Biswa","normalized_area_sqm":"3478.3","gis_area_sqm":"3478.3","land_use_category":"OTHER","land_use_raw":"Bhumidhari (Agricultural)","status":"SUBDIVIDED","data_freshness_status":"UNKNOWN","scenario_index":"19736","use_case_description":"Tribal non-alienation protection review","mutation_workflow_status":"HEARING_SCHEDULED","revenue_record_id":"ROR-DL-2025-1032-0244","revenue_record_type":"Khasra Khatauni (Delhi Bhulekh / DLR Act)","khata_khewat_no":"KHT-82","khatauni_no":"KHN-182","owner_name":"Chaudhary Dharamvir Singh","owner_name_local":"चौधरी धर्मवीर सिंह","co_owners":"","tenure_type":"Leasehold","mutation_status":"UNMUTATED_TRANSACTION","active_mutation_id":"MUT-DL-00000244","tax_demand_status":"PAID","annual_tax_inr":"185.5","deed_number":"DEED-DL-2024-432-0244","deed_type":"Sale Deed / Conveyance","sro_office":"Sub-Registrar Office, Najafgarh Tehsil","execution_date":"2024-05-10","registered_owner":"Chaudhary Dharamvir Singh","seller_name":"Previous Landholder","consideration_amount_inr":"3500000.0","stamp_duty_inr":"210000.0","survey_sketch_id":"FMB-DL-32-0244","cadastral_sheet_no":"SHT-DL-32","surveyed_area_sqm":"3478.3","survey_status":"SURVEYED","urban_authority":"Najafgarh Tehsil Urban Development & Town Planning Authority","zone_name":"Commercial Business District","permitted_land_use":"OTHER","building_permission_status":"SANCTIONED","violations_reported":"False","is_encumbered":"True","encumbrance_certificate_number":"EC-DL-00000244-0244","encumbrance_type":"COURT_ATTACHMENT","financial_institution":"","mortgage_amount":"0.0","created_at":"2026-01-15T09:00:00Z","updated_at":"2026-09-24T11:30:00Z"}},{"type":"Feature","geometry":{"type":"Polygon","coordinates":[[[77.22321621574831,28.7763752094676],[77.2383436873175,28.77651518532278],[77.24026334844429,28.79916177242478],[77.21817954386319,28.79986771937757],[77.22321621574831,28.7763752094676]]]},"properties":{"ulpin":"07282392157875","parcel_id":"bca20c44-a24d-4efd-be72-095366fd0b0a","state":"Delhi (NCT)","state_code":"DL","state_type":"UT","state_lgd_code":"7","district_lgd_code":"95","district_name":"South West Delhi","subdistrict_lgd_code":"780","subdistrict_name":"Najafgarh Tehsil","subdistrict_type":"Tehsil / Taluk","village_lgd_code":"71092","village_name":"Dhansa","khasra_plot_no":"Mustatil 32, Killa 15/D245","recorded_area":"4.16","recorded_area_unit":"Bigha-Biswa","normalized_area_sqm":"3478.3","gis_area_sqm":"3478.3","land_use_category":"RESIDENTIAL","land_use_raw":"Bhumidhari (Agricultural)","status":"AMALGAMATED","data_freshness_status":"CURRENT","scenario_index":"19737","use_case_description":"Lease charge and institutional tenancy","mutation_workflow_status":"APPROVED","revenue_record_id":"ROR-DL-2025-1032-0245","revenue_record_type":"Khasra Khatauni (Delhi Bhulekh / DLR Act)","khata_khewat_no":"KHT-82","khatauni_no":"KHN-182","owner_name":"Chaudhary Dharamvir Singh","owner_name_local":"चौधरी धर्मवीर सिंह","co_owners":"","tenure_type":"Government Grant","mutation_status":"REJECTED","active_mutation_id":"MUT-DL-00000245","tax_demand_status":"PAID","annual_tax_inr":"185.5","deed_number":"DEED-DL-2024-432-0245","deed_type":"Sale Deed / Conveyance","sro_office":"Sub-Registrar Office, Najafgarh Tehsil","execution_date":"2024-05-10","registered_owner":"Chaudhary Dharamvir Singh","seller_name":"Previous Landholder","consideration_amount_inr":"3500000.0","stamp_duty_inr":"210000.0","survey_sketch_id":"FMB-DL-32-0245","cadastral_sheet_no":"SHT-DL-32","surveyed_area_sqm":"3478.3","survey_status":"PENDING","urban_authority":"Najafgarh Tehsil Urban Development & Town Planning Authority","zone_name":"Commercial Business District","permitted_land_use":"RESIDENTIAL","building_permission_status":"PENDING","violations_reported":"False","is_encumbered":"True","encumbrance_certificate_number":"EC-DL-00000245-0245","encumbrance_type":"TRIBAL_NON_ALIENATION","financial_institution":"","mortgage_amount":"0.0","created_at":"2026-01-15T09:00:00Z","updated_at":"2026-09-24T11:30:00Z"}},{"type":"Feature","geometry":{"type":"Polygon","coordinates":[[[77.53034367604498,28.519666024226357],[77.55119553765029,28.521854607408777],[77.55119553765029,28.541369652889074],[77.53047888834847,28.5392927469518],[77.53034367604498,28.519666024226357]]]},"properties":{"ulpin":"07117217796483","parcel_id":"cadd96e8-4837-463c-9906-4c905cf1a054","state":"Delhi (NCT)","state_code":"DL","state_type":"UT","state_lgd_code":"7","district_lgd_code":"95","district_name":"South West Delhi","subdistrict_lgd_code":"780","subdistrict_name":"Najafgarh Tehsil","subdistrict_type":"Tehsil / Taluk","village_lgd_code":"71092","village_name":"Dhansa","khasra_plot_no":"Mustatil 32, Killa 15/D246","recorded_area":"4.16","recorded_area_unit":"Bigha-Biswa","normalized_area_sqm":"3478.3","gis_area_sqm":"3478.3","land_use_category":"COMMERCIAL","land_use_raw":"Bhumidhari (Agricultural)","status":"DISPUTED","data_freshness_status":"STALE","scenario_index":"19738","use_case_description":"Subdivision or amalgamation history review","mutation_workflow_status":"REJECTED","revenue_record_id":"ROR-DL-2025-1032-0246","revenue_record_type":"Khasra Khatauni (Delhi Bhulekh / DLR Act)","khata_khewat_no":"KHT-82","khatauni_no":"KHN-182","owner_name":"Chaudhary Dharamvir Singh","owner_name_local":"चौधरी धर्मवीर सिंह","co_owners":"","tenure_type":"Waqf / Religious Trust","mutation_status":"DISPUTED","active_mutation_id":"MUT-DL-00000246","tax_demand_status":"PAID","annual_tax_inr":"185.5","deed_number":"DEED-DL-2024-432-0246","deed_type":"Sale Deed / Conveyance","sro_office":"Sub-Registrar Office, Najafgarh Tehsil","execution_date":"2024-05-10","registered_owner":"Chaudhary Dharamvir Singh","seller_name":"Previous Landholder","consideration_amount_inr":"3500000.0","stamp_duty_inr":"210000.0","survey_sketch_id":"FMB-DL-32-0246","cadastral_sheet_no":"SHT-DL-32","surveyed_area_sqm":"3478.3","survey_status":"DISPUTED","urban_authority":"Najafgarh Tehsil Urban Development & Town Planning Authority","zone_name":"Commercial Business District","permitted_land_use":"COMMERCIAL","building_permission_status":"REJECTED","violations_reported":"False","is_encumbered":"True","encumbrance_certificate_number":"EC-DL-00000246-0246","encumbrance_type":"LEASE_CHARGE","financial_institution":"","mortgage_amount":"0.0","created_at":"2026-01-15T09:00:00Z","updated_at":"2026-09-24T11:30:00Z"}},{"type":"Feature","geometry":{"type":"Polygon","coordinates":[[[77.24388862445751,28.66428864246338],[77.26008964246292,28.665252963870046],[77.25820546937848,28.677754946896947],[77.24101509897027,28.678766398354462],[77.24388862445751,28.66428864246338]]]},"properties":{"ulpin":"07263889851671","parcel_id":"4a02e471-ed2d-4da5-81e6-c5f6059f9845","state":"Delhi (NCT)","state_code":"DL","state_type":"UT","state_lgd_code":"7","district_lgd_code":"95","district_name":"South West Delhi","subdistrict_lgd_code":"780","subdistrict_name":"Najafgarh Tehsil","subdistrict_type":"Tehsil / Taluk","village_lgd_code":"71092","village_name":"Dhansa","khasra_plot_no":"Mustatil 32, Killa 15/D247","recorded_area":"4.16","recorded_area_unit":"Bigha-Biswa","normalized_area_sqm":"3478.3","gis_area_sqm":"3478.3","land_use_category":"INDUSTRIAL","land_use_raw":"Bhumidhari (Agricultural)","status":"ARCHIVED","data_freshness_status":"UNKNOWN","scenario_index":"19739","use_case_description":"Archived historical record for audit retrieval","mutation_workflow_status":"SLA_BREACHED","revenue_record_id":"ROR-DL-2025-1032-0247","revenue_record_type":"Khasra Khatauni (Delhi Bhulekh / DLR Act)","khata_khewat_no":"KHT-82","khatauni_no":"KHN-182","owner_name":"Chaudhary Dharamvir Singh","owner_name_local":"चौधरी धर्मवीर सिंह","co_owners":"","tenure_type":"Tribal Community Tenure","mutation_status":"NONE","active_mutation_id":"MUT-DL-00000247","tax_demand_status":"PAID","annual_tax_inr":"185.5","deed_number":"DEED-DL-2024-432-0247","deed_type":"Sale Deed / Conveyance","sro_office":"Sub-Registrar Office, Najafgarh Tehsil","execution_date":"2024-05-10","registered_owner":"Registry Variance Owner 247","seller_name":"Previous Landholder","consideration_amount_inr":"3500000.0","stamp_duty_inr":"210000.0","survey_sketch_id":"FMB-DL-32-0247","cadastral_sheet_no":"SHT-DL-32","surveyed_area_sqm":"3478.3","survey_status":"RESURVEY_REQUIRED","urban_authority":"Najafgarh Tehsil Urban Development & Town Planning Authority","zone_name":"Commercial Business District","permitted_land_use":"INDUSTRIAL","building_permission_status":"NOT_APPLICABLE","violations_reported":"False","is_encumbered":"False","encumbrance_certificate_number":"EC-DL-2024-132-0247","encumbrance_type":"NIL","financial_institution":"","mortgage_amount":"0.0","created_at":"2026-01-15T09:00:00Z","updated_at":"2026-09-24T11:30:00Z"}},{"type":"Feature","geometry":{"type":"Polygon","coordinates":[[[77.2243312089035,28.57972906719501],[77.2421730736631,28.583165832394496],[77.24300581576696,28.596177603655118],[77.2239479422113,28.599622473922622],[77.2243312089035,28.57972906719501]]]},"properties":{"ulpin":"07348132362276","parcel_id":"7267b2d8-795b-4504-aeff-61685860cce1","state":"Delhi (NCT)","state_code":"DL","state_type":"UT","state_lgd_code":"7","district_lgd_code":"95","district_name":"South West Delhi","subdistrict_lgd_code":"780","subdistrict_name":"Najafgarh Tehsil","subdistrict_type":"Tehsil / Taluk","village_lgd_code":"71092","village_name":"Dhansa","khasra_plot_no":"Mustatil 32, Killa 15/D248","recorded_area":"4.16","recorded_area_unit":"Bigha-Biswa","normalized_area_sqm":"3478.3","gis_area_sqm":"3478.3","land_use_category":"AGRICULTURAL","land_use_raw":"Bhumidhari (Agricultural)","status":"ACTIVE","data_freshness_status":"CURRENT","scenario_index":"19740","use_case_description":"Bank mortgage and active encumbrance","mutation_workflow_status":"SUBMITTED","revenue_record_id":"ROR-DL-2025-1032-0248","revenue_record_type":"Khasra Khatauni (Delhi Bhulekh / DLR Act)","khata_khewat_no":"KHT-82","khatauni_no":"KHN-182","owner_name":"Chaudhary Dharamvir Singh","owner_name_local":"चौधरी धर्मवीर सिंह","co_owners":"","tenure_type":"Bhumiswami / Raiyati with Transferable Rights","mutation_status":"MUTATED","active_mutation_id":"","tax_demand_status":"PAID","annual_tax_inr":"185.5","deed_number":"DEED-DL-2024-432-0248","deed_type":"Sale Deed / Conveyance","sro_office":"Sub-Registrar Office, Najafgarh Tehsil","execution_date":"2024-05-10","registered_owner":"Chaudhary Dharamvir Singh","seller_name":"Previous Landholder","consideration_amount_inr":"3500000.0","stamp_duty_inr":"210000.0","survey_sketch_id":"FMB-DL-32-0248","cadastral_sheet_no":"SHT-DL-32","surveyed_area_sqm":"3478.3","survey_status":"SURVEYED","urban_authority":"Najafgarh Tehsil Urban Development & Town Planning Authority","zone_name":"Commercial Business District","permitted_land_use":"AGRICULTURAL","building_permission_status":"SANCTIONED","violations_reported":"True","is_encumbered":"True","encumbrance_certificate_number":"EC-DL-00000248-0248","encumbrance_type":"BANK_MORTGAGE","financial_institution":"","mortgage_amount":"0.0","created_at":"2026-01-15T09:00:00Z","updated_at":"2026-09-24T11:30:00Z"}},{"type":"Feature","geometry":{"type":"Polygon","coordinates":[[[77.37352730341432,28.894781523374466],[77.39488404598974,28.898279635670292],[77.39488404598974,28.915818344071308],[77.37437084291014,28.91388255652008],[77.37352730341432,28.894781523374466]]]},"properties":{"ulpin":"07849068963577","parcel_id":"33c07673-0e03-4961-8240-7225689e3919","state":"Delhi (NCT)","state_code":"DL","state_type":"UT","state_lgd_code":"7","district_lgd_code":"95","district_name":"South West Delhi","subdistrict_lgd_code":"780","subdistrict_name":"Najafgarh Tehsil","subdistrict_type":"Tehsil / Taluk","village_lgd_code":"71092","village_name":"Dhansa","khasra_plot_no":"Mustatil 32, Killa 15/D249","recorded_area":"4.16","recorded_area_unit":"Bigha-Biswa","normalized_area_sqm":"3478.3","gis_area_sqm":"3478.3","land_use_category":"INSTITUTIONAL","land_use_raw":"Bhumidhari (Agricultural)","status":"PENDING_MUTATION","data_freshness_status":"STALE","scenario_index":"19741","use_case_description":"Government revenue lien and tax demand","mutation_workflow_status":"UNDER_VERIFICATION","revenue_record_id":"ROR-DL-2025-1032-0249","revenue_record_type":"Khasra Khatauni (Delhi Bhulekh / DLR Act)","khata_khewat_no":"KHT-82","khatauni_no":"KHN-182","owner_name":"Chaudhary Dharamvir Singh","owner_name_local":"चौधरी धर्मवीर सिंह","co_owners":"","tenure_type":"Bhumiswami / Freehold","mutation_status":"PENDING","active_mutation_id":"MUT-DL-00000249","tax_demand_status":"PAID","annual_tax_inr":"185.5","deed_number":"DEED-DL-2024-432-0249","deed_type":"Sale Deed / Conveyance","sro_office":"Sub-Registrar Office, Najafgarh Tehsil","execution_date":"2024-05-10","registered_owner":"Chaudhary Dharamvir Singh","seller_name":"Previous Landholder","consideration_amount_inr":"3500000.0","stamp_duty_inr":"210000.0","survey_sketch_id":"FMB-DL-32-0249","cadastral_sheet_no":"SHT-DL-32","surveyed_area_sqm":"3478.3","survey_status":"PENDING","urban_authority":"Najafgarh Tehsil Urban Development & Town Planning Authority","zone_name":"Commercial Business District","permitted_land_use":"INSTITUTIONAL","building_permission_status":"PENDING","violations_reported":"False","is_encumbered":"True","encumbrance_certificate_number":"EC-DL-00000249-0249","encumbrance_type":"GOVT_REVENUE_LIEN","financial_institution":"","mortgage_amount":"0.0","created_at":"2026-01-15T09:00:00Z","updated_at":"2026-09-24T11:30:00Z"}},{"type":"Feature","geometry":{"type":"Polygon","coordinates":[[[77.44344592737147,28.88870858335187],[77.46423976622265,28.88892282757404],[77.47022165978521,28.907083906791218],[77.44358708742848,28.903579464384666],[77.44344592737147,28.88870858335187]]]},"properties":{"ulpin":"07814139641138","parcel_id":"920cceba-273b-46bd-a240-bb1557016c80","state":"Delhi (NCT)","state_code":"DL","state_type":"UT","state_lgd_code":"7","district_lgd_code":"95","district_name":"South West Delhi","subdistrict_lgd_code":"780","subdistrict_name":"Najafgarh Tehsil","subdistrict_type":"Tehsil / Taluk","village_lgd_code":"71092","village_name":"Dhansa","khasra_plot_no":"Mustatil 32, Killa 15/D250","recorded_area":"4.16","recorded_area_unit":"Bigha-Biswa","normalized_area_sqm":"3478.3","gis_area_sqm":"3478.3","land_use_category":"FOREST_GREEN_BELT","land_use_raw":"Bhumidhari (Agricultural)","status":"SUBDIVIDED","data_freshness_status":"UNKNOWN","scenario_index":"19742","use_case_description":"Court attachment and disputed possession","mutation_workflow_status":"NOTICE_PERIOD","revenue_record_id":"ROR-DL-2025-1032-0250","revenue_record_type":"Khasra Khatauni (Delhi Bhulekh / DLR Act)","khata_khewat_no":"KHT-82","khatauni_no":"KHN-182","owner_name":"Chaudhary Dharamvir Singh","owner_name_local":"चौधरी धर्मवीर सिंह","co_owners":"","tenure_type":"Leasehold","mutation_status":"UNMUTATED_TRANSACTION","active_mutation_id":"MUT-DL-00000250","tax_demand_status":"PAID","annual_tax_inr":"185.5","deed_number":"DEED-DL-2024-432-0250","deed_type":"Sale Deed / Conveyance","sro_office":"Sub-Registrar Office, Najafgarh Tehsil","execution_date":"2024-05-10","registered_owner":"Chaudhary Dharamvir Singh","seller_name":"Previous Landholder","consideration_amount_inr":"3500000.0","stamp_duty_inr":"210000.0","survey_sketch_id":"FMB-DL-32-0250","cadastral_sheet_no":"SHT-DL-32","surveyed_area_sqm":"3478.3","survey_status":"DISPUTED","urban_authority":"Najafgarh Tehsil Urban Development & Town Planning Authority","zone_name":"Commercial Business District","permitted_land_use":"FOREST_GREEN_BELT","building_permission_status":"REJECTED","violations_reported":"False","is_encumbered":"True","encumbrance_certificate_number":"EC-DL-00000250-0250","encumbrance_type":"COURT_ATTACHMENT","financial_institution":"","mortgage_amount":"0.0","created_at":"2026-01-15T09:00:00Z","updated_at":"2026-09-24T11:30:00Z"}},{"type":"Feature","geometry":{"type":"Polygon","coordinates":[[[77.37225762812297,29.0495371033698],[77.39488404598974,29.053565959490474],[77.39488404598974,29.071814326673305],[77.36881393811905,29.071814326673305],[77.37225762812297,29.0495371033698]]]},"properties":{"ulpin":"07801485644586","parcel_id":"e053d18d-97cd-4936-95fb-b9a3de74aa79","state":"Delhi (NCT)","state_code":"DL","state_type":"UT","state_lgd_code":"7","district_lgd_code":"95","district_name":"South West Delhi","subdistrict_lgd_code":"780","subdistrict_name":"Najafgarh Tehsil","subdistrict_type":"Tehsil / Taluk","village_lgd_code":"71092","village_name":"Dhansa","khasra_plot_no":"Mustatil 32, Killa 15/D251","recorded_area":"4.16","recorded_area_unit":"Bigha-Biswa","normalized_area_sqm":"3478.3","gis_area_sqm":"3478.3","land_use_category":"WATER_BODY","land_use_raw":"Bhumidhari (Agricultural)","status":"AMALGAMATED","data_freshness_status":"CURRENT","scenario_index":"19743","use_case_description":"Tribal non-alienation protection review","mutation_workflow_status":"HEARING_SCHEDULED","revenue_record_id":"ROR-DL-2025-1032-0251","revenue_record_type":"Khasra Khatauni (Delhi Bhulekh / DLR Act)","khata_khewat_no":"KHT-82","khatauni_no":"KHN-182","owner_name":"Chaudhary Dharamvir Singh","owner_name_local":"चौधरी धर्मवीर सिंह","co_owners":"","tenure_type":"Government Grant","mutation_status":"REJECTED","active_mutation_id":"MUT-DL-00000251","tax_demand_status":"PAID","annual_tax_inr":"185.5","deed_number":"DEED-DL-2024-432-0251","deed_type":"Sale Deed / Conveyance","sro_office":"Sub-Registrar Office, Najafgarh Tehsil","execution_date":"2024-05-10","registered_owner":"Chaudhary Dharamvir Singh","seller_name":"Previous Landholder","consideration_amount_inr":"3500000.0","stamp_duty_inr":"210000.0","survey_sketch_id":"FMB-DL-32-0251","cadastral_sheet_no":"SHT-DL-32","surveyed_area_sqm":"3478.3","survey_status":"RESURVEY_REQUIRED","urban_authority":"Najafgarh Tehsil Urban Development & Town Planning Authority","zone_name":"Commercial Business District","permitted_land_use":"WATER_BODY","building_permission_status":"NOT_APPLICABLE","violations_reported":"False","is_encumbered":"True","encumbrance_certificate_number":"EC-DL-00000251-0251","encumbrance_type":"TRIBAL_NON_ALIENATION","financial_institution":"","mortgage_amount":"0.0","created_at":"2026-01-15T09:00:00Z","updated_at":"2026-09-24T11:30:00Z"}},{"type":"Feature","geometry":{"type":"Polygon","coordinates":[[[77.42088111894897,28.941245896936607],[77.44397634733694,28.94451075333188],[77.44374164996619,28.960260948810063],[77.42088111894897,28.958692494415185],[77.42088111894897,28.941245896936607]]]},"properties":{"ulpin":"07292232058337","parcel_id":"6c380d99-9215-4908-b6cd-ca13a2ddab36","state":"Delhi (NCT)","state_code":"DL","state_type":"UT","state_lgd_code":"7","district_lgd_code":"95","district_name":"South West Delhi","subdistrict_lgd_code":"780","subdistrict_name":"Najafgarh Tehsil","subdistrict_type":"Tehsil / Taluk","village_lgd_code":"71092","village_name":"Dhansa","khasra_plot_no":"Mustatil 32, Killa 15/D252","recorded_area":"4.16","recorded_area_unit":"Bigha-Biswa","normalized_area_sqm":"3478.3","gis_area_sqm":"3478.3","land_use_category":"MIXED_USE","land_use_raw":"Bhumidhari (Agricultural)","status":"DISPUTED","data_freshness_status":"STALE","scenario_index":"19744","use_case_description":"Lease charge and institutional tenancy","mutation_workflow_status":"APPROVED","revenue_record_id":"ROR-DL-2025-1032-0252","revenue_record_type":"Khasra Khatauni (Delhi Bhulekh / DLR Act)","khata_khewat_no":"KHT-82","khatauni_no":"KHN-182","owner_name":"Chaudhary Dharamvir Singh","owner_name_local":"चौधरी धर्मवीर सिंह","co_owners":"","tenure_type":"Waqf / Religious Trust","mutation_status":"DISPUTED","active_mutation_id":"MUT-DL-00000252","tax_demand_status":"PAID","annual_tax_inr":"185.5","deed_number":"DEED-DL-2024-432-0252","deed_type":"Sale Deed / Conveyance","sro_office":"Sub-Registrar Office, Najafgarh Tehsil","execution_date":"2024-05-10","registered_owner":"Registry Variance Owner 252","seller_name":"Previous Landholder","consideration_amount_inr":"3500000.0","stamp_duty_inr":"210000.0","survey_sketch_id":"FMB-DL-32-0252","cadastral_sheet_no":"SHT-DL-32","surveyed_area_sqm":"3478.3","survey_status":"SURVEYED","urban_authority":"Najafgarh Tehsil Urban Development & Town Planning Authority","zone_name":"Commercial Business District","permitted_land_use":"MIXED_USE","building_permission_status":"SANCTIONED","violations_reported":"False","is_encumbered":"True","encumbrance_certificate_number":"EC-DL-00000252-0252","encumbrance_type":"LEASE_CHARGE","financial_institution":"","mortgage_amount":"0.0","created_at":"2026-01-15T09:00:00Z","updated_at":"2026-09-24T11:30:00Z"}},{"type":"Feature","geometry":{"type":"Polygon","coordinates":[[[77.47702828229998,28.59637064275139],[77.4964086163044,28.596435582618543],[77.49889159091704,28.61581866831537],[77.47732164527149,28.6174004994692],[77.47702828229998,28.59637064275139]]]},"properties":{"ulpin":"07965920608404","parcel_id":"a0cb756e-a9fb-4fe4-8dc6-927476ed3645","state":"Delhi (NCT)","state_code":"DL","state_type":"UT","state_lgd_code":"7","district_lgd_code":"95","district_name":"South West Delhi","subdistrict_lgd_code":"780","subdistrict_name":"Najafgarh Tehsil","subdistrict_type":"Tehsil / Taluk","village_lgd_code":"71092","village_name":"Dhansa","khasra_plot_no":"Mustatil 32, Killa 15/D253","recorded_area":"4.16","recorded_area_unit":"Bigha-Biswa","normalized_area_sqm":"3478.3","gis_area_sqm":"3478.3","land_use_category":"OTHER","land_use_raw":"Bhumidhari (Agricultural)","status":"ARCHIVED","data_freshness_status":"UNKNOWN","scenario_index":"19745","use_case_description":"Cadastral area discrepancy requiring resurvey","mutation_workflow_status":"REJECTED","revenue_record_id":"ROR-DL-2025-1032-0253","revenue_record_type":"Khasra Khatauni (Delhi Bhulekh / DLR Act)","khata_khewat_no":"KHT-82","khatauni_no":"KHN-182","owner_name":"Chaudhary Dharamvir Singh","owner_name_local":"चौधरी धर्मवीर सिंह","co_owners":"","tenure_type":"Tribal Community Tenure","mutation_status":"NONE","active_mutation_id":"MUT-DL-00000253","tax_demand_status":"PAID","annual_tax_inr":"185.5","deed_number":"DEED-DL-2024-432-0253","deed_type":"Sale Deed / Conveyance","sro_office":"Sub-Registrar Office, Najafgarh Tehsil","execution_date":"2024-05-10","registered_owner":"Chaudhary Dharamvir Singh","seller_name":"Previous Landholder","consideration_amount_inr":"3500000.0","stamp_duty_inr":"210000.0","survey_sketch_id":"FMB-DL-32-0253","cadastral_sheet_no":"SHT-DL-32","surveyed_area_sqm":"3478.3","survey_status":"PENDING","urban_authority":"Najafgarh Tehsil Urban Development & Town Planning Authority","zone_name":"Commercial Business District","permitted_land_use":"OTHER","building_permission_status":"PENDING","violations_reported":"False","is_encumbered":"False","encumbrance_certificate_number":"EC-DL-2024-132-0253","encumbrance_type":"NIL","financial_institution":"","mortgage_amount":"0.0","created_at":"2026-01-15T09:00:00Z","updated_at":"2026-09-24T11:30:00Z"}},{"type":"Feature","geometry":{"type":"Polygon","coordinates":[[[77.33286497303003,28.504074480330623],[77.3550669017041,28.500031982579834],[77.35427409018004,28.523458899604442],[77.33171879909747,28.52488048201019],[77.33286497303003,28.504074480330623]]]},"properties":{"ulpin":"07180826587960","parcel_id":"d0238e54-ee9a-4ab0-9903-8fa39cbafa08","state":"Delhi (NCT)","state_code":"DL","state_type":"UT","state_lgd_code":"7","district_lgd_code":"95","district_name":"South West Delhi","subdistrict_lgd_code":"780","subdistrict_name":"Najafgarh Tehsil","subdistrict_type":"Tehsil / Taluk","village_lgd_code":"71092","village_name":"Dhansa","khasra_plot_no":"Mustatil 32, Killa 15/D254","recorded_area":"4.16","recorded_area_unit":"Bigha-Biswa","normalized_area_sqm":"3478.3","gis_area_sqm":"3478.3","land_use_category":"RESIDENTIAL","land_use_raw":"Bhumidhari (Agricultural)","status":"ACTIVE","data_freshness_status":"CURRENT","scenario_index":"19746","use_case_description":"Archived historical record for audit retrieval","mutation_workflow_status":"SLA_BREACHED","revenue_record_id":"ROR-DL-2025-1032-0254","revenue_record_type":"Khasra Khatauni (Delhi Bhulekh / DLR Act)","khata_khewat_no":"KHT-82","khatauni_no":"KHN-182","owner_name":"Chaudhary Dharamvir Singh","owner_name_local":"चौधरी धर्मवीर सिंह","co_owners":"","tenure_type":"Bhumiswami / Raiyati with Transferable Rights","mutation_status":"MUTATED","active_mutation_id":"","tax_demand_status":"PAID","annual_tax_inr":"185.5","deed_number":"DEED-DL-2024-432-0254","deed_type":"Sale Deed / Conveyance","sro_office":"Sub-Registrar Office, Najafgarh Tehsil","execution_date":"2024-05-10","registered_owner":"Chaudhary Dharamvir Singh","seller_name":"Previous Landholder","consideration_amount_inr":"3500000.0","stamp_duty_inr":"210000.0","survey_sketch_id":"FMB-DL-32-0254","cadastral_sheet_no":"SHT-DL-32","surveyed_area_sqm":"3478.3","survey_status":"DISPUTED","urban_authority":"Najafgarh Tehsil Urban Development & Town Planning Authority","zone_name":"Commercial Business District","permitted_land_use":"RESIDENTIAL","building_permission_status":"REJECTED","violations_reported":"False","is_encumbered":"True","encumbrance_certificate_number":"EC-DL-00000254-0254","encumbrance_type":"BANK_MORTGAGE","financial_institution":"","mortgage_amount":"0.0","created_at":"2026-01-15T09:00:00Z","updated_at":"2026-09-24T11:30:00Z"}},{"type":"Feature","geometry":{"type":"Polygon","coordinates":[[[77.35427409018004,28.523458899604442],[77.37649980107567,28.522339507252074],[77.37649980107567,28.540695232657125],[77.3546992270488,28.54473742350979],[77.35427409018004,28.523458899604442]]]},"properties":{"ulpin":"07259750834162","parcel_id":"d8a5c777-4952-46cc-99ed-6c8d25fa6411","state":"Delhi (NCT)","state_code":"DL","state_type":"UT","state_lgd_code":"7","district_lgd_code":"95","district_name":"South West Delhi","subdistrict_lgd_code":"780","subdistrict_name":"Najafgarh Tehsil","subdistrict_type":"Tehsil / Taluk","village_lgd_code":"71092","village_name":"Dhansa","khasra_plot_no":"Mustatil 32, Killa 15/D255","recorded_area":"4.16","recorded_area_unit":"Bigha-Biswa","normalized_area_sqm":"3478.3","gis_area_sqm":"3478.3","land_use_category":"COMMERCIAL","land_use_raw":"Bhumidhari (Agricultural)","status":"PENDING_MUTATION","data_freshness_status":"STALE","scenario_index":"19747","use_case_description":"Bank mortgage and active encumbrance","mutation_workflow_status":"SUBMITTED","revenue_record_id":"ROR-DL-2025-1032-0255","revenue_record_type":"Khasra Khatauni (Delhi Bhulekh / DLR Act)","khata_khewat_no":"KHT-82","khatauni_no":"KHN-182","owner_name":"Chaudhary Dharamvir Singh","owner_name_local":"चौधरी धर्मवीर सिंह","co_owners":"","tenure_type":"Bhumiswami / Freehold","mutation_status":"PENDING","active_mutation_id":"MUT-DL-00000255","tax_demand_status":"PAID","annual_tax_inr":"185.5","deed_number":"DEED-DL-2024-432-0255","deed_type":"Sale Deed / Conveyance","sro_office":"Sub-Registrar Office, Najafgarh Tehsil","execution_date":"2024-05-10","registered_owner":"Chaudhary Dharamvir Singh","seller_name":"Previous Landholder","consideration_amount_inr":"3500000.0","stamp_duty_inr":"210000.0","survey_sketch_id":"FMB-DL-32-0255","cadastral_sheet_no":"SHT-DL-32","surveyed_area_sqm":"3478.3","survey_status":"RESURVEY_REQUIRED","urban_authority":"Najafgarh Tehsil Urban Development & Town Planning Authority","zone_name":"Commercial Business District","permitted_land_use":"COMMERCIAL","building_permission_status":"NOT_APPLICABLE","violations_reported":"True","is_encumbered":"True","encumbrance_certificate_number":"EC-DL-00000255-0255","encumbrance_type":"GOVT_REVENUE_LIEN","financial_institution":"","mortgage_amount":"0.0","created_at":"2026-01-15T09:00:00Z","updated_at":"2026-09-24T11:30:00Z"}},{"type":"Feature","geometry":{"type":"Polygon","coordinates":[[[77.31886764005259,28.839249916219693],[77.34781583158468,28.839249916219693],[77.34751826123241,28.86139532813588],[77.32235894149757,28.857666856529068],[77.31886764005259,28.839249916219693]]]},"properties":{"ulpin":"07218458449709","parcel_id":"9ad83009-1d78-420e-b9fa-e1ea87890924","state":"Delhi (NCT)","state_code":"DL","state_type":"UT","state_lgd_code":"7","district_lgd_code":"95","district_name":"South West Delhi","subdistrict_lgd_code":"780","subdistrict_name":"Najafgarh Tehsil","subdistrict_type":"Tehsil / Taluk","village_lgd_code":"71092","village_name":"Dhansa","khasra_plot_no":"Mustatil 32, Killa 15/D256","recorded_area":"4.16","recorded_area_unit":"Bigha-Biswa","normalized_area_sqm":"3478.3","gis_area_sqm":"3478.3","land_use_category":"INDUSTRIAL","land_use_raw":"Bhumidhari (Agricultural)","status":"SUBDIVIDED","data_freshness_status":"UNKNOWN","scenario_index":"19748","use_case_description":"Government revenue lien and tax demand","mutation_workflow_status":"UNDER_VERIFICATION","revenue_record_id":"ROR-DL-2025-1032-0256","revenue_record_type":"Khasra Khatauni (Delhi Bhulekh / DLR Act)","khata_khewat_no":"KHT-82","khatauni_no":"KHN-182","owner_name":"Chaudhary Dharamvir Singh","owner_name_local":"चौधरी धर्मवीर सिंह","co_owners":"","tenure_type":"Leasehold","mutation_status":"UNMUTATED_TRANSACTION","active_mutation_id":"MUT-DL-00000256","tax_demand_status":"PAID","annual_tax_inr":"185.5","deed_number":"DEED-DL-2024-432-0256","deed_type":"Sale Deed / Conveyance","sro_office":"Sub-Registrar Office, Najafgarh Tehsil","execution_date":"2024-05-10","registered_owner":"Chaudhary Dharamvir Singh","seller_name":"Previous Landholder","consideration_amount_inr":"3500000.0","stamp_duty_inr":"210000.0","survey_sketch_id":"FMB-DL-32-0256","cadastral_sheet_no":"SHT-DL-32","surveyed_area_sqm":"3478.3","survey_status":"SURVEYED","urban_authority":"Najafgarh Tehsil Urban Development & Town Planning Authority","zone_name":"Commercial Business District","permitted_land_use":"INDUSTRIAL","building_permission_status":"SANCTIONED","violations_reported":"False","is_encumbered":"True","encumbrance_certificate_number":"EC-DL-00000256-0256","encumbrance_type":"COURT_ATTACHMENT","financial_institution":"","mortgage_amount":"0.0","created_at":"2026-01-15T09:00:00Z","updated_at":"2026-09-24T11:30:00Z"}},{"type":"Feature","geometry":{"type":"Polygon","coordinates":[[[77.29112045298031,28.688556700122433],[77.31187393966732,28.687920108329113],[77.30936426609347,28.712169626577627],[77.29112045298031,28.712169626577627],[77.29112045298031,28.688556700122433]]]},"properties":{"ulpin":"07689685152120","parcel_id":"068217d5-a7a8-44f0-9296-f8b8a0d82fc6","state":"Delhi (NCT)","state_code":"DL","state_type":"UT","state_lgd_code":"7","district_lgd_code":"95","district_name":"South West Delhi","subdistrict_lgd_code":"780","subdistrict_name":"Najafgarh Tehsil","subdistrict_type":"Tehsil / Taluk","village_lgd_code":"71092","village_name":"Dhansa","khasra_plot_no":"Mustatil 32, Killa 15/D257","recorded_area":"4.16","recorded_area_unit":"Bigha-Biswa","normalized_area_sqm":"3478.3","gis_area_sqm":"3478.3","land_use_category":"AGRICULTURAL","land_use_raw":"Bhumidhari (Agricultural)","status":"AMALGAMATED","data_freshness_status":"CURRENT","scenario_index":"19749","use_case_description":"Court attachment and disputed possession","mutation_workflow_status":"NOTICE_PERIOD","revenue_record_id":"ROR-DL-2025-1032-0257","revenue_record_type":"Khasra Khatauni (Delhi Bhulekh / DLR Act)","khata_khewat_no":"KHT-82","khatauni_no":"KHN-182","owner_name":"Chaudhary Dharamvir Singh","owner_name_local":"चौधरी धर्मवीर सिंह","co_owners":"","tenure_type":"Government Grant","mutation_status":"REJECTED","active_mutation_id":"MUT-DL-00000257","tax_demand_status":"PAID","annual_tax_inr":"185.5","deed_number":"DEED-DL-2024-432-0257","deed_type":"Sale Deed / Conveyance","sro_office":"Sub-Registrar Office, Najafgarh Tehsil","execution_date":"2024-05-10","registered_owner":"Registry Variance Owner 257","seller_name":"Previous Landholder","consideration_amount_inr":"3500000.0","stamp_duty_inr":"210000.0","survey_sketch_id":"FMB-DL-32-0257","cadastral_sheet_no":"SHT-DL-32","surveyed_area_sqm":"3478.3","survey_status":"PENDING","urban_authority":"Najafgarh Tehsil Urban Development & Town Planning Authority","zone_name":"Commercial Business District","permitted_land_use":"AGRICULTURAL","building_permission_status":"PENDING","violations_reported":"False","is_encumbered":"True","encumbrance_certificate_number":"EC-DL-00000257-0257","encumbrance_type":"TRIBAL_NON_ALIENATION","financial_institution":"","mortgage_amount":"0.0","created_at":"2026-01-15T09:00:00Z","updated_at":"2026-09-24T11:30:00Z"}},{"type":"Feature","geometry":{"type":"Polygon","coordinates":[[[77.51564363807564,28.561391208530658],[77.53068449964238,28.560312483812513],[77.53072915321009,28.57866172623168],[77.516313182726,28.5809621371775],[77.51564363807564,28.561391208530658]]]},"properties":{"ulpin":"07290091134556","parcel_id":"a2e52098-8d10-4e4e-b4d1-91dbe362d690","state":"Delhi (NCT)","state_code":"DL","state_type":"UT","state_lgd_code":"7","district_lgd_code":"95","district_name":"South West Delhi","subdistrict_lgd_code":"780","subdistrict_name":"Najafgarh Tehsil","subdistrict_type":"Tehsil / Taluk","village_lgd_code":"71092","village_name":"Dhansa","khasra_plot_no":"Mustatil 32, Killa 15/D258","recorded_area":"4.16","recorded_area_unit":"Bigha-Biswa","normalized_area_sqm":"3478.3","gis_area_sqm":"3478.3","land_use_category":"INSTITUTIONAL","land_use_raw":"Bhumidhari (Agricultural)","status":"DISPUTED","data_freshness_status":"STALE","scenario_index":"19750","use_case_description":"Tribal non-alienation protection review","mutation_workflow_status":"HEARING_SCHEDULED","revenue_record_id":"ROR-DL-2025-1032-0258","revenue_record_type":"Khasra Khatauni (Delhi Bhulekh / DLR Act)","khata_khewat_no":"KHT-82","khatauni_no":"KHN-182","owner_name":"Chaudhary Dharamvir Singh","owner_name_local":"चौधरी धर्मवीर सिंह","co_owners":"","tenure_type":"Waqf / Religious Trust","mutation_status":"DISPUTED","active_mutation_id":"MUT-DL-00000258","tax_demand_status":"PAID","annual_tax_inr":"185.5","deed_number":"DEED-DL-2024-432-0258","deed_type":"Sale Deed / Conveyance","sro_office":"Sub-Registrar Office, Najafgarh Tehsil","execution_date":"2024-05-10","registered_owner":"Chaudhary Dharamvir Singh","seller_name":"Previous Landholder","consideration_amount_inr":"3500000.0","stamp_duty_inr":"210000.0","survey_sketch_id":"FMB-DL-32-0258","cadastral_sheet_no":"SHT-DL-32","surveyed_area_sqm":"3478.3","survey_status":"DISPUTED","urban_authority":"Najafgarh Tehsil Urban Development & Town Planning Authority","zone_name":"Commercial Business District","permitted_land_use":"INSTITUTIONAL","building_permission_status":"REJECTED","violations_reported":"False","is_encumbered":"True","encumbrance_certificate_number":"EC-DL-00000258-0258","encumbrance_type":"LEASE_CHARGE","financial_institution":"","mortgage_amount":"0.0","created_at":"2026-01-15T09:00:00Z","updated_at":"2026-09-24T11:30:00Z"}},{"type":"Feature","geometry":{"type":"Polygon","coordinates":[[[77.25585456458516,28.799916938595466],[77.2772402005943,28.797797249715124],[77.2772402005943,28.82226886999001],[77.26088597337294,28.819933997855056],[77.25585456458516,28.799916938595466]]]},"properties":{"ulpin":"07997908246486","parcel_id":"d662922e-863b-4152-8177-deb398ef8a89","state":"Delhi (NCT)","state_code":"DL","state_type":"UT","state_lgd_code":"7","district_lgd_code":"95","district_name":"South West Delhi","subdistrict_lgd_code":"780","subdistrict_name":"Najafgarh Tehsil","subdistrict_type":"Tehsil / Taluk","village_lgd_code":"71092","village_name":"Dhansa","khasra_plot_no":"Mustatil 32, Killa 15/D259","recorded_area":"4.16","recorded_area_unit":"Bigha-Biswa","normalized_area_sqm":"3478.3","gis_area_sqm":"3478.3","land_use_category":"FOREST_GREEN_BELT","land_use_raw":"Bhumidhari (Agricultural)","status":"ARCHIVED","data_freshness_status":"UNKNOWN","scenario_index":"19751","use_case_description":"Tribal non-alienation protection review","mutation_workflow_status":"APPROVED","revenue_record_id":"ROR-DL-2025-1032-0259","revenue_record_type":"Khasra Khatauni (Delhi Bhulekh / DLR Act)","khata_khewat_no":"KHT-82","khatauni_no":"KHN-182","owner_name":"Chaudhary Dharamvir Singh","owner_name_local":"चौधरी धर्मवीर सिंह","co_owners":"","tenure_type":"Tribal Community Tenure","mutation_status":"NONE","active_mutation_id":"MUT-DL-00000259","tax_demand_status":"PAID","annual_tax_inr":"185.5","deed_number":"DEED-DL-2024-432-0259","deed_type":"Sale Deed / Conveyance","sro_office":"Sub-Registrar Office, Najafgarh Tehsil","execution_date":"2024-05-10","registered_owner":"Chaudhary Dharamvir Singh","seller_name":"Previous Landholder","consideration_amount_inr":"3500000.0","stamp_duty_inr":"210000.0","survey_sketch_id":"FMB-DL-32-0259","cadastral_sheet_no":"SHT-DL-32","surveyed_area_sqm":"3478.3","survey_status":"RESURVEY_REQUIRED","urban_authority":"Najafgarh Tehsil Urban Development & Town Planning Authority","zone_name":"Commercial Business District","permitted_land_use":"FOREST_GREEN_BELT","building_permission_status":"NOT_APPLICABLE","violations_reported":"False","is_encumbered":"False","encumbrance_certificate_number":"EC-DL-2024-132-0259","encumbrance_type":"NIL","financial_institution":"","mortgage_amount":"0.0","created_at":"2026-01-15T09:00:00Z","updated_at":"2026-09-24T11:30:00Z"}},{"type":"Feature","geometry":{"type":"Polygon","coordinates":[[[77.19344769878386,28.550555953848963],[77.20883874288855,28.55113018827073],[77.20976941509366,28.56750961190213],[77.19344769878386,28.563457758069415],[77.19344769878386,28.550555953848963]]]},"properties":{"ulpin":"07383938587933","parcel_id":"16299f7e-d43b-4d34-8340-041f84b3c379","state":"Delhi (NCT)","state_code":"DL","state_type":"UT","state_lgd_code":"7","district_lgd_code":"95","district_name":"South West Delhi","subdistrict_lgd_code":"780","subdistrict_name":"Najafgarh Tehsil","subdistrict_type":"Tehsil / Taluk","village_lgd_code":"71092","village_name":"Dhansa","khasra_plot_no":"Mustatil 32, Killa 15/D260","recorded_area":"4.16","recorded_area_unit":"Bigha-Biswa","normalized_area_sqm":"3478.3","gis_area_sqm":"3478.3","land_use_category":"WATER_BODY","land_use_raw":"Bhumidhari (Agricultural)","status":"ACTIVE","data_freshness_status":"CURRENT","scenario_index":"19752","use_case_description":"Subdivision or amalgamation history review","mutation_workflow_status":"REJECTED","revenue_record_id":"ROR-DL-2025-1032-0260","revenue_record_type":"Khasra Khatauni (Delhi Bhulekh / DLR Act)","khata_khewat_no":"KHT-82","khatauni_no":"KHN-182","owner_name":"Chaudhary Dharamvir Singh","owner_name_local":"चौधरी धर्मवीर सिंह","co_owners":"","tenure_type":"Bhumiswami / Raiyati with Transferable Rights","mutation_status":"MUTATED","active_mutation_id":"","tax_demand_status":"PAID","annual_tax_inr":"185.5","deed_number":"DEED-DL-2024-432-0260","deed_type":"Sale Deed / Conveyance","sro_office":"Sub-Registrar Office, Najafgarh Tehsil","execution_date":"2024-05-10","registered_owner":"Chaudhary Dharamvir Singh","seller_name":"Previous Landholder","consideration_amount_inr":"3500000.0","stamp_duty_inr":"210000.0","survey_sketch_id":"FMB-DL-32-0260","cadastral_sheet_no":"SHT-DL-32","surveyed_area_sqm":"3478.3","survey_status":"SURVEYED","urban_authority":"Najafgarh Tehsil Urban Development & Town Planning Authority","zone_name":"Commercial Business District","permitted_land_use":"WATER_BODY","building_permission_status":"SANCTIONED","violations_reported":"False","is_encumbered":"True","encumbrance_certificate_number":"EC-DL-00000260-0260","encumbrance_type":"BANK_MORTGAGE","financial_institution":"","mortgage_amount":"0.0","created_at":"2026-01-15T09:00:00Z","updated_at":"2026-09-24T11:30:00Z"}},{"type":"Feature","geometry":{"type":"Polygon","coordinates":[[[77.29730288659213,28.9536786160389],[77.3232775022974,28.955924342122692],[77.31999486977882,28.976552394032662],[77.29730288659213,28.97414868588678],[77.29730288659213,28.9536786160389]]]},"properties":{"ulpin":"07240121600477","parcel_id":"30d2393a-0473-4a2b-8f0e-222a10596d92","state":"Delhi (NCT)","state_code":"DL","state_type":"UT","state_lgd_code":"7","district_lgd_code":"95","district_name":"South West Delhi","subdistrict_lgd_code":"780","subdistrict_name":"Najafgarh Tehsil","subdistrict_type":"Tehsil / Taluk","village_lgd_code":"71092","village_name":"Dhansa","khasra_plot_no":"Mustatil 32, Killa 15/D261","recorded_area":"4.16","recorded_area_unit":"Bigha-Biswa","normalized_area_sqm":"3478.3","gis_area_sqm":"3478.3","land_use_category":"MIXED_USE","land_use_raw":"Bhumidhari (Agricultural)","status":"PENDING_MUTATION","data_freshness_status":"STALE","scenario_index":"19753","use_case_description":"Archived historical record for audit retrieval","mutation_workflow_status":"SLA_BREACHED","revenue_record_id":"ROR-DL-2025-1032-0261","revenue_record_type":"Khasra Khatauni (Delhi Bhulekh / DLR Act)","khata_khewat_no":"KHT-82","khatauni_no":"KHN-182","owner_name":"Chaudhary Dharamvir Singh","owner_name_local":"चौधरी धर्मवीर सिंह","co_owners":"","tenure_type":"Bhumiswami / Freehold","mutation_status":"PENDING","active_mutation_id":"MUT-DL-00000261","tax_demand_status":"PAID","annual_tax_inr":"185.5","deed_number":"DEED-DL-2024-432-0261","deed_type":"Sale Deed / Conveyance","sro_office":"Sub-Registrar Office, Najafgarh Tehsil","execution_date":"2024-05-10","registered_owner":"Chaudhary Dharamvir Singh","seller_name":"Previous Landholder","consideration_amount_inr":"3500000.0","stamp_duty_inr":"210000.0","survey_sketch_id":"FMB-DL-32-0261","cadastral_sheet_no":"SHT-DL-32","surveyed_area_sqm":"3478.3","survey_status":"PENDING","urban_authority":"Najafgarh Tehsil Urban Development & Town Planning Authority","zone_name":"Commercial Business District","permitted_land_use":"MIXED_USE","building_permission_status":"PENDING","violations_reported":"False","is_encumbered":"True","encumbrance_certificate_number":"EC-DL-00000261-0261","encumbrance_type":"GOVT_REVENUE_LIEN","financial_institution":"","mortgage_amount":"0.0","created_at":"2026-01-15T09:00:00Z","updated_at":"2026-09-24T11:30:00Z"}},{"type":"Feature","geometry":{"type":"Polygon","coordinates":[[[77.31817614990061,28.938017539294968],[77.3434792785647,28.93898985736935],[77.34789351110297,28.952498673550437],[77.3232775022974,28.955924342122692],[77.31817614990061,28.938017539294968]]]},"properties":{"ulpin":"07681425980486","parcel_id":"5ae442ea-9e2b-4dbd-a9e9-50584c82a6f7","state":"Delhi (NCT)","state_code":"DL","state_type":"UT","state_lgd_code":"7","district_lgd_code":"95","district_name":"South West Delhi","subdistrict_lgd_code":"780","subdistrict_name":"Najafgarh Tehsil","subdistrict_type":"Tehsil / Taluk","village_lgd_code":"71092","village_name":"Dhansa","khasra_plot_no":"Mustatil 32, Killa 15/D262","recorded_area":"4.16","recorded_area_unit":"Bigha-Biswa","normalized_area_sqm":"3478.3","gis_area_sqm":"3478.3","land_use_category":"OTHER","land_use_raw":"Bhumidhari (Agricultural)","status":"SUBDIVIDED","data_freshness_status":"UNKNOWN","scenario_index":"19754","use_case_description":"Bank mortgage and active encumbrance","mutation_workflow_status":"SUBMITTED","revenue_record_id":"ROR-DL-2025-1032-0262","revenue_record_type":"Khasra Khatauni (Delhi Bhulekh / DLR Act)","khata_khewat_no":"KHT-82","khatauni_no":"KHN-182","owner_name":"Chaudhary Dharamvir Singh","owner_name_local":"चौधरी धर्मवीर सिंह","co_owners":"","tenure_type":"Leasehold","mutation_status":"UNMUTATED_TRANSACTION","active_mutation_id":"MUT-DL-00000262","tax_demand_status":"PAID","annual_tax_inr":"185.5","deed_number":"DEED-DL-2024-432-0262","deed_type":"Sale Deed / Conveyance","sro_office":"Sub-Registrar Office, Najafgarh Tehsil","execution_date":"2024-05-10","registered_owner":"Registry Variance Owner 262","seller_name":"Previous Landholder","consideration_amount_inr":"3500000.0","stamp_duty_inr":"210000.0","survey_sketch_id":"FMB-DL-32-0262","cadastral_sheet_no":"SHT-DL-32","surveyed_area_sqm":"3478.3","survey_status":"DISPUTED","urban_authority":"Najafgarh Tehsil Urban Development & Town Planning Authority","zone_name":"Commercial Business District","permitted_land_use":"OTHER","building_permission_status":"REJECTED","violations_reported":"True","is_encumbered":"True","encumbrance_certificate_number":"EC-DL-00000262-0262","encumbrance_type":"COURT_ATTACHMENT","financial_institution":"","mortgage_amount":"0.0","created_at":"2026-01-15T09:00:00Z","updated_at":"2026-09-24T11:30:00Z"}},{"type":"Feature","geometry":{"type":"Polygon","coordinates":[[[77.4683561558112,28.922695865172702],[77.48936220566695,28.924141386536196],[77.48923178520361,28.942344088070495],[77.47059489051067,28.94111224557827],[77.4683561558112,28.922695865172702]]]},"properties":{"ulpin":"07321245964273","parcel_id":"6f5d5d59-ae78-45f2-9e44-ea46bab94647","state":"Delhi (NCT)","state_code":"DL","state_type":"UT","state_lgd_code":"7","district_lgd_code":"95","district_name":"South West Delhi","subdistrict_lgd_code":"780","subdistrict_name":"Najafgarh Tehsil","subdistrict_type":"Tehsil / Taluk","village_lgd_code":"71092","village_name":"Dhansa","khasra_plot_no":"Mustatil 32, Killa 15/D263","recorded_area":"4.16","recorded_area_unit":"Bigha-Biswa","normalized_area_sqm":"3478.3","gis_area_sqm":"3478.3","land_use_category":"RESIDENTIAL","land_use_raw":"Bhumidhari (Agricultural)","status":"AMALGAMATED","data_freshness_status":"CURRENT","scenario_index":"19755","use_case_description":"Government revenue lien and tax demand","mutation_workflow_status":"UNDER_VERIFICATION","revenue_record_id":"ROR-DL-2025-1032-0263","revenue_record_type":"Khasra Khatauni (Delhi Bhulekh / DLR Act)","khata_khewat_no":"KHT-82","khatauni_no":"KHN-182","owner_name":"Chaudhary Dharamvir Singh","owner_name_local":"चौधरी धर्मवीर सिंह","co_owners":"","tenure_type":"Government Grant","mutation_status":"REJECTED","active_mutation_id":"MUT-DL-00000263","tax_demand_status":"PAID","annual_tax_inr":"185.5","deed_number":"DEED-DL-2024-432-0263","deed_type":"Sale Deed / Conveyance","sro_office":"Sub-Registrar Office, Najafgarh Tehsil","execution_date":"2024-05-10","registered_owner":"Chaudhary Dharamvir Singh","seller_name":"Previous Landholder","consideration_amount_inr":"3500000.0","stamp_duty_inr":"210000.0","survey_sketch_id":"FMB-DL-32-0263","cadastral_sheet_no":"SHT-DL-32","surveyed_area_sqm":"3478.3","survey_status":"RESURVEY_REQUIRED","urban_authority":"Najafgarh Tehsil Urban Development & Town Planning Authority","zone_name":"Commercial Business District","permitted_land_use":"RESIDENTIAL","building_permission_status":"NOT_APPLICABLE","violations_reported":"False","is_encumbered":"True","encumbrance_certificate_number":"EC-DL-00000263-0263","encumbrance_type":"TRIBAL_NON_ALIENATION","financial_institution":"","mortgage_amount":"0.0","created_at":"2026-01-15T09:00:00Z","updated_at":"2026-09-24T11:30:00Z"}},{"type":"Feature","geometry":{"type":"Polygon","coordinates":[[[77.25899614340821,28.88037737056882],[77.2772402005943,28.878589156647802],[77.2772402005943,28.90277079522363],[77.25646891484438,28.90081044389908],[77.25899614340821,28.88037737056882]]]},"properties":{"ulpin":"07488056722542","parcel_id":"baf6b767-ac7d-4c14-a9f9-cc795ba6718f","state":"Delhi (NCT)","state_code":"DL","state_type":"UT","state_lgd_code":"7","district_lgd_code":"95","district_name":"South West Delhi","subdistrict_lgd_code":"780","subdistrict_name":"Najafgarh Tehsil","subdistrict_type":"Tehsil / Taluk","village_lgd_code":"71092","village_name":"Dhansa","khasra_plot_no":"Mustatil 32, Killa 15/D264","recorded_area":"4.16","recorded_area_unit":"Bigha-Biswa","normalized_area_sqm":"3478.3","gis_area_sqm":"3478.3","land_use_category":"COMMERCIAL","land_use_raw":"Bhumidhari (Agricultural)","status":"DISPUTED","data_freshness_status":"STALE","scenario_index":"19756","use_case_description":"Court attachment and disputed possession","mutation_workflow_status":"NOTICE_PERIOD","revenue_record_id":"ROR-DL-2025-1032-0264","revenue_record_type":"Khasra Khatauni (Delhi Bhulekh / DLR Act)","khata_khewat_no":"KHT-82","khatauni_no":"KHN-182","owner_name":"Chaudhary Dharamvir Singh","owner_name_local":"चौधरी धर्मवीर सिंह","co_owners":"","tenure_type":"Waqf / Religious Trust","mutation_status":"DISPUTED","active_mutation_id":"MUT-DL-00000264","tax_demand_status":"PAID","annual_tax_inr":"185.5","deed_number":"DEED-DL-2024-432-0264","deed_type":"Sale Deed / Conveyance","sro_office":"Sub-Registrar Office, Najafgarh Tehsil","execution_date":"2024-05-10","registered_owner":"Chaudhary Dharamvir Singh","seller_name":"Previous Landholder","consideration_amount_inr":"3500000.0","stamp_duty_inr":"210000.0","survey_sketch_id":"FMB-DL-32-0264","cadastral_sheet_no":"SHT-DL-32","surveyed_area_sqm":"3478.3","survey_status":"SURVEYED","urban_authority":"Najafgarh Tehsil Urban Development & Town Planning Authority","zone_name":"Commercial Business District","permitted_land_use":"COMMERCIAL","building_permission_status":"SANCTIONED","violations_reported":"False","is_encumbered":"True","encumbrance_certificate_number":"EC-DL-00000264-0264","encumbrance_type":"LEASE_CHARGE","financial_institution":"","mortgage_amount":"0.0","created_at":"2026-01-15T09:00:00Z","updated_at":"2026-09-24T11:30:00Z"}},{"type":"Feature","geometry":{"type":"Polygon","coordinates":[[[77.34684954032117,28.994908383773318],[77.37374809327119,28.997384736853967],[77.37380259310548,29.013824915293128],[77.34682837588603,29.0165624258671],[77.34684954032117,28.994908383773318]]]},"properties":{"ulpin":"07749105252198","parcel_id":"d8f69e45-77c2-4c7e-9fe1-b4160a626ff3","state":"Delhi (NCT)","state_code":"DL","state_type":"UT","state_lgd_code":"7","district_lgd_code":"95","district_name":"South West Delhi","subdistrict_lgd_code":"780","subdistrict_name":"Najafgarh Tehsil","subdistrict_type":"Tehsil / Taluk","village_lgd_code":"71092","village_name":"Dhansa","khasra_plot_no":"Mustatil 32, Killa 15/D265","recorded_area":"4.16","recorded_area_unit":"Bigha-Biswa","normalized_area_sqm":"3478.3","gis_area_sqm":"3478.3","land_use_category":"INDUSTRIAL","land_use_raw":"Bhumidhari (Agricultural)","status":"ARCHIVED","data_freshness_status":"UNKNOWN","scenario_index":"19757","use_case_description":"Pending sale mutation within statutory SLA","mutation_workflow_status":"HEARING_SCHEDULED","revenue_record_id":"ROR-DL-2025-1032-0265","revenue_record_type":"Khasra Khatauni (Delhi Bhulekh / DLR Act)","khata_khewat_no":"KHT-82","khatauni_no":"KHN-182","owner_name":"Chaudhary Dharamvir Singh","owner_name_local":"चौधरी धर्मवीर सिंह","co_owners":"","tenure_type":"Tribal Community Tenure","mutation_status":"NONE","active_mutation_id":"MUT-DL-00000265","tax_demand_status":"PAID","annual_tax_inr":"185.5","deed_number":"DEED-DL-2024-432-0265","deed_type":"Sale Deed / Conveyance","sro_office":"Sub-Registrar Office, Najafgarh Tehsil","execution_date":"2024-05-10","registered_owner":"Chaudhary Dharamvir Singh","seller_name":"Previous Landholder","consideration_amount_inr":"3500000.0","stamp_duty_inr":"210000.0","survey_sketch_id":"FMB-DL-32-0265","cadastral_sheet_no":"SHT-DL-32","surveyed_area_sqm":"3478.3","survey_status":"PENDING","urban_authority":"Najafgarh Tehsil Urban Development & Town Planning Authority","zone_name":"Commercial Business District","permitted_land_use":"INDUSTRIAL","building_permission_status":"PENDING","violations_reported":"False","is_encumbered":"False","encumbrance_certificate_number":"EC-DL-2024-132-0265","encumbrance_type":"NIL","financial_institution":"","mortgage_amount":"0.0","created_at":"2026-01-15T09:00:00Z","updated_at":"2026-09-24T11:30:00Z"}},{"type":"Feature","geometry":{"type":"Polygon","coordinates":[[[77.29730288659213,28.857129770533096],[77.32235894149757,28.857666856529068],[77.32458372232558,28.878002104806132],[77.29730288659213,28.877518867346325],[77.29730288659213,28.857129770533096]]]},"properties":{"ulpin":"07750290351824","parcel_id":"071b3fb0-a932-49c2-a25e-c070003b732d","state":"Delhi (NCT)","state_code":"DL","state_type":"UT","state_lgd_code":"7","district_lgd_code":"95","district_name":"South West Delhi","subdistrict_lgd_code":"780","subdistrict_name":"Najafgarh Tehsil","subdistrict_type":"Tehsil / Taluk","village_lgd_code":"71092","village_name":"Dhansa","khasra_plot_no":"Mustatil 32, Killa 15/D266","recorded_area":"4.16","recorded_area_unit":"Bigha-Biswa","normalized_area_sqm":"3478.3","gis_area_sqm":"3478.3","land_use_category":"AGRICULTURAL","land_use_raw":"Bhumidhari (Agricultural)","status":"ACTIVE","data_freshness_status":"CURRENT","scenario_index":"19758","use_case_description":"Lease charge and institutional tenancy","mutation_workflow_status":"APPROVED","revenue_record_id":"ROR-DL-2025-1032-0266","revenue_record_type":"Khasra Khatauni (Delhi Bhulekh / DLR Act)","khata_khewat_no":"KHT-82","khatauni_no":"KHN-182","owner_name":"Chaudhary Dharamvir Singh","owner_name_local":"चौधरी धर्मवीर सिंह","co_owners":"","tenure_type":"Bhumiswami / Raiyati with Transferable Rights","mutation_status":"MUTATED","active_mutation_id":"","tax_demand_status":"PAID","annual_tax_inr":"185.5","deed_number":"DEED-DL-2024-432-0266","deed_type":"Sale Deed / Conveyance","sro_office":"Sub-Registrar Office, Najafgarh Tehsil","execution_date":"2024-05-10","registered_owner":"Chaudhary Dharamvir Singh","seller_name":"Previous Landholder","consideration_amount_inr":"3500000.0","stamp_duty_inr":"210000.0","survey_sketch_id":"FMB-DL-32-0266","cadastral_sheet_no":"SHT-DL-32","surveyed_area_sqm":"3478.3","survey_status":"DISPUTED","urban_authority":"Najafgarh Tehsil Urban Development & Town Planning Authority","zone_name":"Commercial Business District","permitted_land_use":"AGRICULTURAL","building_permission_status":"REJECTED","violations_reported":"False","is_encumbered":"True","encumbrance_certificate_number":"EC-DL-00000266-0266","encumbrance_type":"BANK_MORTGAGE","financial_institution":"","mortgage_amount":"0.0","created_at":"2026-01-15T09:00:00Z","updated_at":"2026-09-24T11:30:00Z"}},{"type":"Feature","geometry":{"type":"Polygon","coordinates":[[[77.29730288659213,28.877518867346325],[77.32458372232558,28.878002104806132],[77.32071076259636,28.899493525027747],[77.29730288659213,28.89485372526283],[77.29730288659213,28.877518867346325]]]},"properties":{"ulpin":"07469035342212","parcel_id":"c48e2639-ac09-4b2e-b44b-2860bb8368dc","state":"Delhi (NCT)","state_code":"DL","state_type":"UT","state_lgd_code":"7","district_lgd_code":"95","district_name":"South West Delhi","subdistrict_lgd_code":"780","subdistrict_name":"Najafgarh Tehsil","subdistrict_type":"Tehsil / Taluk","village_lgd_code":"71092","village_name":"Dhansa","khasra_plot_no":"Mustatil 32, Killa 15/D267","recorded_area":"4.16","recorded_area_unit":"Bigha-Biswa","normalized_area_sqm":"3478.3","gis_area_sqm":"3478.3","land_use_category":"INSTITUTIONAL","land_use_raw":"Bhumidhari (Agricultural)","status":"PENDING_MUTATION","data_freshness_status":"STALE","scenario_index":"19759","use_case_description":"Subdivision or amalgamation history review","mutation_workflow_status":"REJECTED","revenue_record_id":"ROR-DL-2025-1032-0267","revenue_record_type":"Khasra Khatauni (Delhi Bhulekh / DLR Act)","khata_khewat_no":"KHT-82","khatauni_no":"KHN-182","owner_name":"Chaudhary Dharamvir Singh","owner_name_local":"चौधरी धर्मवीर सिंह","co_owners":"","tenure_type":"Bhumiswami / Freehold","mutation_status":"PENDING","active_mutation_id":"MUT-DL-00000267","tax_demand_status":"PAID","annual_tax_inr":"185.5","deed_number":"DEED-DL-2024-432-0267","deed_type":"Sale Deed / Conveyance","sro_office":"Sub-Registrar Office, Najafgarh Tehsil","execution_date":"2024-05-10","registered_owner":"Registry Variance Owner 267","seller_name":"Previous Landholder","consideration_amount_inr":"3500000.0","stamp_duty_inr":"210000.0","survey_sketch_id":"FMB-DL-32-0267","cadastral_sheet_no":"SHT-DL-32","surveyed_area_sqm":"3478.3","survey_status":"RESURVEY_REQUIRED","urban_authority":"Najafgarh Tehsil Urban Development & Town Planning Authority","zone_name":"Commercial Business District","permitted_land_use":"INSTITUTIONAL","building_permission_status":"NOT_APPLICABLE","violations_reported":"False","is_encumbered":"True","encumbrance_certificate_number":"EC-DL-00000267-0267","encumbrance_type":"GOVT_REVENUE_LIEN","financial_institution":"","mortgage_amount":"0.0","created_at":"2026-01-15T09:00:00Z","updated_at":"2026-09-24T11:30:00Z"}},{"type":"Feature","geometry":{"type":"Polygon","coordinates":[[[77.23645263515087,28.862942517003365],[77.25572168183915,28.86164066599796],[77.25899614340821,28.88037737056882],[77.24177034799837,28.88064181349734],[77.23645263515087,28.862942517003365]]]},"properties":{"ulpin":"07420485003776","parcel_id":"0ce178d5-0807-4e00-abae-9cc7b1ecaf5e","state":"Delhi (NCT)","state_code":"DL","state_type":"UT","state_lgd_code":"7","district_lgd_code":"95","district_name":"South West Delhi","subdistrict_lgd_code":"780","subdistrict_name":"Najafgarh Tehsil","subdistrict_type":"Tehsil / Taluk","village_lgd_code":"71092","village_name":"Dhansa","khasra_plot_no":"Mustatil 32, Killa 15/D268","recorded_area":"4.16","recorded_area_unit":"Bigha-Biswa","normalized_area_sqm":"3478.3","gis_area_sqm":"3478.3","land_use_category":"FOREST_GREEN_BELT","land_use_raw":"Bhumidhari (Agricultural)","status":"SUBDIVIDED","data_freshness_status":"UNKNOWN","scenario_index":"19760","use_case_description":"Archived historical record for audit retrieval","mutation_workflow_status":"SLA_BREACHED","revenue_record_id":"ROR-DL-2025-1032-0268","revenue_record_type":"Khasra Khatauni (Delhi Bhulekh / DLR Act)","khata_khewat_no":"KHT-82","khatauni_no":"KHN-182","owner_name":"Chaudhary Dharamvir Singh","owner_name_local":"चौधरी धर्मवीर सिंह","co_owners":"","tenure_type":"Leasehold","mutation_status":"UNMUTATED_TRANSACTION","active_mutation_id":"MUT-DL-00000268","tax_demand_status":"PAID","annual_tax_inr":"185.5","deed_number":"DEED-DL-2024-432-0268","deed_type":"Sale Deed / Conveyance","sro_office":"Sub-Registrar Office, Najafgarh Tehsil","execution_date":"2024-05-10","registered_owner":"Chaudhary Dharamvir Singh","seller_name":"Previous Landholder","consideration_amount_inr":"3500000.0","stamp_duty_inr":"210000.0","survey_sketch_id":"FMB-DL-32-0268","cadastral_sheet_no":"SHT-DL-32","surveyed_area_sqm":"3478.3","survey_status":"SURVEYED","urban_authority":"Najafgarh Tehsil Urban Development & Town Planning Authority","zone_name":"Commercial Business District","permitted_land_use":"FOREST_GREEN_BELT","building_permission_status":"SANCTIONED","violations_reported":"False","is_encumbered":"True","encumbrance_certificate_number":"EC-DL-00000268-0268","encumbrance_type":"COURT_ATTACHMENT","financial_institution":"","mortgage_amount":"0.0","created_at":"2026-01-15T09:00:00Z","updated_at":"2026-09-24T11:30:00Z"}},{"type":"Feature","geometry":{"type":"Polygon","coordinates":[[[77.2259613177466,28.532813892559197],[77.24346275245048,28.533748524661647],[77.24259281129899,28.550365433516117],[77.22773921822484,28.550357799959183],[77.2259613177466,28.532813892559197]]]},"properties":{"ulpin":"07943960046488","parcel_id":"b4eedb52-2e21-46c0-9ed1-36c2f0a28fbc","state":"Delhi (NCT)","state_code":"DL","state_type":"UT","state_lgd_code":"7","district_lgd_code":"95","district_name":"South West Delhi","subdistrict_lgd_code":"780","subdistrict_name":"Najafgarh Tehsil","subdistrict_type":"Tehsil / Taluk","village_lgd_code":"71092","village_name":"Dhansa","khasra_plot_no":"Mustatil 32, Killa 15/D269","recorded_area":"4.16","recorded_area_unit":"Bigha-Biswa","normalized_area_sqm":"3478.3","gis_area_sqm":"3478.3","land_use_category":"WATER_BODY","land_use_raw":"Bhumidhari (Agricultural)","status":"AMALGAMATED","data_freshness_status":"CURRENT","scenario_index":"19761","use_case_description":"Bank mortgage and active encumbrance","mutation_workflow_status":"SUBMITTED","revenue_record_id":"ROR-DL-2025-1032-0269","revenue_record_type":"Khasra Khatauni (Delhi Bhulekh / DLR Act)","khata_khewat_no":"KHT-82","khatauni_no":"KHN-182","owner_name":"Chaudhary Dharamvir Singh","owner_name_local":"चौधरी धर्मवीर सिंह","co_owners":"","tenure_type":"Government Grant","mutation_status":"REJECTED","active_mutation_id":"MUT-DL-00000269","tax_demand_status":"PAID","annual_tax_inr":"185.5","deed_number":"DEED-DL-2024-432-0269","deed_type":"Sale Deed / Conveyance","sro_office":"Sub-Registrar Office, Najafgarh Tehsil","execution_date":"2024-05-10","registered_owner":"Chaudhary Dharamvir Singh","seller_name":"Previous Landholder","consideration_amount_inr":"3500000.0","stamp_duty_inr":"210000.0","survey_sketch_id":"FMB-DL-32-0269","cadastral_sheet_no":"SHT-DL-32","surveyed_area_sqm":"3478.3","survey_status":"PENDING","urban_authority":"Najafgarh Tehsil Urban Development & Town Planning Authority","zone_name":"Commercial Business District","permitted_land_use":"WATER_BODY","building_permission_status":"PENDING","violations_reported":"True","is_encumbered":"True","encumbrance_certificate_number":"EC-DL-00000269-0269","encumbrance_type":"TRIBAL_NON_ALIENATION","financial_institution":"","mortgage_amount":"0.0","created_at":"2026-01-15T09:00:00Z","updated_at":"2026-09-24T11:30:00Z"}},{"type":"Feature","geometry":{"type":"Polygon","coordinates":[[[77.20860277919948,28.533046109589783],[77.2259613177466,28.532813892559197],[77.22773921822484,28.550357799959183],[77.20883874288855,28.55113018827073],[77.20860277919948,28.533046109589783]]]},"properties":{"ulpin":"07617869137802","parcel_id":"b425092a-fc20-4059-bca5-fb3129a0639a","state":"Delhi (NCT)","state_code":"DL","state_type":"UT","state_lgd_code":"7","district_lgd_code":"95","district_name":"South West Delhi","subdistrict_lgd_code":"780","subdistrict_name":"Najafgarh Tehsil","subdistrict_type":"Tehsil / Taluk","village_lgd_code":"71092","village_name":"Dhansa","khasra_plot_no":"Mustatil 32, Killa 15/D270","recorded_area":"4.16","recorded_area_unit":"Bigha-Biswa","normalized_area_sqm":"3478.3","gis_area_sqm":"3478.3","land_use_category":"MIXED_USE","land_use_raw":"Bhumidhari (Agricultural)","status":"DISPUTED","data_freshness_status":"STALE","scenario_index":"19762","use_case_description":"Government revenue lien and tax demand","mutation_workflow_status":"UNDER_VERIFICATION","revenue_record_id":"ROR-DL-2025-1032-0270","revenue_record_type":"Khasra Khatauni (Delhi Bhulekh / DLR Act)","khata_khewat_no":"KHT-82","khatauni_no":"KHN-182","owner_name":"Chaudhary Dharamvir Singh","owner_name_local":"चौधरी धर्मवीर सिंह","co_owners":"","tenure_type":"Waqf / Religious Trust","mutation_status":"DISPUTED","active_mutation_id":"MUT-DL-00000270","tax_demand_status":"PAID","annual_tax_inr":"185.5","deed_number":"DEED-DL-2024-432-0270","deed_type":"Sale Deed / Conveyance","sro_office":"Sub-Registrar Office, Najafgarh Tehsil","execution_date":"2024-05-10","registered_owner":"Chaudhary Dharamvir Singh","seller_name":"Previous Landholder","consideration_amount_inr":"3500000.0","stamp_duty_inr":"210000.0","survey_sketch_id":"FMB-DL-32-0270","cadastral_sheet_no":"SHT-DL-32","surveyed_area_sqm":"3478.3","survey_status":"DISPUTED","urban_authority":"Najafgarh Tehsil Urban Development & Town Planning Authority","zone_name":"Commercial Business District","permitted_land_use":"MIXED_USE","building_permission_status":"REJECTED","violations_reported":"False","is_encumbered":"True","encumbrance_certificate_number":"EC-DL-00000270-0270","encumbrance_type":"LEASE_CHARGE","financial_institution":"","mortgage_amount":"0.0","created_at":"2026-01-15T09:00:00Z","updated_at":"2026-09-24T11:30:00Z"}},{"type":"Feature","geometry":{"type":"Polygon","coordinates":[[[77.19344769878386,28.61342650141589],[77.20954701923468,28.616439301635847],[77.2106522785833,28.631239981291447],[77.19344769878386,28.62859625689694],[77.19344769878386,28.61342650141589]]]},"properties":{"ulpin":"07480449650649","parcel_id":"a4a5561f-726d-46c1-9c58-96a72c5fc019","state":"Delhi (NCT)","state_code":"DL","state_type":"UT","state_lgd_code":"7","district_lgd_code":"95","district_name":"South West Delhi","subdistrict_lgd_code":"780","subdistrict_name":"Najafgarh Tehsil","subdistrict_type":"Tehsil / Taluk","village_lgd_code":"71092","village_name":"Dhansa","khasra_plot_no":"Mustatil 32, Killa 15/D271","recorded_area":"4.16","recorded_area_unit":"Bigha-Biswa","normalized_area_sqm":"3478.3","gis_area_sqm":"3478.3","land_use_category":"OTHER","land_use_raw":"Bhumidhari (Agricultural)","status":"ARCHIVED","data_freshness_status":"UNKNOWN","scenario_index":"19763","use_case_description":"Bank mortgage and active encumbrance","mutation_workflow_status":"NOTICE_PERIOD","revenue_record_id":"ROR-DL-2025-1032-0271","revenue_record_type":"Khasra Khatauni (Delhi Bhulekh / DLR Act)","khata_khewat_no":"KHT-82","khatauni_no":"KHN-182","owner_name":"Chaudhary Dharamvir Singh","owner_name_local":"चौधरी धर्मवीर सिंह","co_owners":"","tenure_type":"Tribal Community Tenure","mutation_status":"NONE","active_mutation_id":"MUT-DL-00000271","tax_demand_status":"PAID","annual_tax_inr":"185.5","deed_number":"DEED-DL-2024-432-0271","deed_type":"Sale Deed / Conveyance","sro_office":"Sub-Registrar Office, Najafgarh Tehsil","execution_date":"2024-05-10","registered_owner":"Chaudhary Dharamvir Singh","seller_name":"Previous Landholder","consideration_amount_inr":"3500000.0","stamp_duty_inr":"210000.0","survey_sketch_id":"FMB-DL-32-0271","cadastral_sheet_no":"SHT-DL-32","surveyed_area_sqm":"3478.3","survey_status":"RESURVEY_REQUIRED","urban_authority":"Najafgarh Tehsil Urban Development & Town Planning Authority","zone_name":"Commercial Business District","permitted_land_use":"OTHER","building_permission_status":"NOT_APPLICABLE","violations_reported":"False","is_encumbered":"False","encumbrance_certificate_number":"EC-DL-2024-132-0271","encumbrance_type":"NIL","financial_institution":"","mortgage_amount":"0.0","created_at":"2026-01-15T09:00:00Z","updated_at":"2026-09-24T11:30:00Z"}},{"type":"Feature","geometry":{"type":"Polygon","coordinates":[[[77.2238333645176,28.664389313670902],[77.24388862445751,28.66428864246338],[77.24101509897027,28.678766398354462],[77.22515770866475,28.682353759839973],[77.2238333645176,28.664389313670902]]]},"properties":{"ulpin":"07443433487696","parcel_id":"46c2118f-b8f0-4ae2-b894-a430cddb7c98","state":"Delhi (NCT)","state_code":"DL","state_type":"UT","state_lgd_code":"7","district_lgd_code":"95","district_name":"South West Delhi","subdistrict_lgd_code":"780","subdistrict_name":"Najafgarh Tehsil","subdistrict_type":"Tehsil / Taluk","village_lgd_code":"71092","village_name":"Dhansa","khasra_plot_no":"Mustatil 32, Killa 15/D272","recorded_area":"4.16","recorded_area_unit":"Bigha-Biswa","normalized_area_sqm":"3478.3","gis_area_sqm":"3478.3","land_use_category":"RESIDENTIAL","land_use_raw":"Bhumidhari (Agricultural)","status":"ACTIVE","data_freshness_status":"CURRENT","scenario_index":"19764","use_case_description":"Tribal non-alienation protection review","mutation_workflow_status":"HEARING_SCHEDULED","revenue_record_id":"ROR-DL-2025-1032-0272","revenue_record_type":"Khasra Khatauni (Delhi Bhulekh / DLR Act)","khata_khewat_no":"KHT-82","khatauni_no":"KHN-182","owner_name":"Chaudhary Dharamvir Singh","owner_name_local":"चौधरी धर्मवीर सिंह","co_owners":"","tenure_type":"Bhumiswami / Raiyati with Transferable Rights","mutation_status":"MUTATED","active_mutation_id":"","tax_demand_status":"PAID","annual_tax_inr":"185.5","deed_number":"DEED-DL-2024-432-0272","deed_type":"Sale Deed / Conveyance","sro_office":"Sub-Registrar Office, Najafgarh Tehsil","execution_date":"2024-05-10","registered_owner":"Registry Variance Owner 272","seller_name":"Previous Landholder","consideration_amount_inr":"3500000.0","stamp_duty_inr":"210000.0","survey_sketch_id":"FMB-DL-32-0272","cadastral_sheet_no":"SHT-DL-32","surveyed_area_sqm":"3478.3","survey_status":"SURVEYED","urban_authority":"Najafgarh Tehsil Urban Development & Town Planning Authority","zone_name":"Commercial Business District","permitted_land_use":"RESIDENTIAL","building_permission_status":"SANCTIONED","violations_reported":"False","is_encumbered":"True","encumbrance_certificate_number":"EC-DL-00000272-0272","encumbrance_type":"BANK_MORTGAGE","financial_institution":"","mortgage_amount":"0.0","created_at":"2026-01-15T09:00:00Z","updated_at":"2026-09-24T11:30:00Z"}},{"type":"Feature","geometry":{"type":"Polygon","coordinates":[[[77.32071076259636,28.899493525027747],[77.34815945170038,28.894957037184124],[77.34328163395985,28.91526031930706],[77.32471481530943,28.916640555973487],[77.32071076259636,28.899493525027747]]]},"properties":{"ulpin":"07694889048868","parcel_id":"d09babdc-60b1-4310-ad18-2ec0103e0728","state":"Delhi (NCT)","state_code":"DL","state_type":"UT","state_lgd_code":"7","district_lgd_code":"95","district_name":"South West Delhi","subdistrict_lgd_code":"780","subdistrict_name":"Najafgarh Tehsil","subdistrict_type":"Tehsil / Taluk","village_lgd_code":"71092","village_name":"Dhansa","khasra_plot_no":"Mustatil 32, Killa 15/D273","recorded_area":"4.16","recorded_area_unit":"Bigha-Biswa","normalized_area_sqm":"3478.3","gis_area_sqm":"3478.3","land_use_category":"COMMERCIAL","land_use_raw":"Bhumidhari (Agricultural)","status":"PENDING_MUTATION","data_freshness_status":"STALE","scenario_index":"19765","use_case_description":"Lease charge and institutional tenancy","mutation_workflow_status":"APPROVED","revenue_record_id":"ROR-DL-2025-1032-0273","revenue_record_type":"Khasra Khatauni (Delhi Bhulekh / DLR Act)","khata_khewat_no":"KHT-82","khatauni_no":"KHN-182","owner_name":"Chaudhary Dharamvir Singh","owner_name_local":"चौधरी धर्मवीर सिंह","co_owners":"","tenure_type":"Bhumiswami / Freehold","mutation_status":"PENDING","active_mutation_id":"MUT-DL-00000273","tax_demand_status":"PAID","annual_tax_inr":"185.5","deed_number":"DEED-DL-2024-432-0273","deed_type":"Sale Deed / Conveyance","sro_office":"Sub-Registrar Office, Najafgarh Tehsil","execution_date":"2024-05-10","registered_owner":"Chaudhary Dharamvir Singh","seller_name":"Previous Landholder","consideration_amount_inr":"3500000.0","stamp_duty_inr":"210000.0","survey_sketch_id":"FMB-DL-32-0273","cadastral_sheet_no":"SHT-DL-32","surveyed_area_sqm":"3478.3","survey_status":"PENDING","urban_authority":"Najafgarh Tehsil Urban Development & Town Planning Authority","zone_name":"Commercial Business District","permitted_land_use":"COMMERCIAL","building_permission_status":"PENDING","violations_reported":"False","is_encumbered":"True","encumbrance_certificate_number":"EC-DL-00000273-0273","encumbrance_type":"GOVT_REVENUE_LIEN","financial_institution":"","mortgage_amount":"0.0","created_at":"2026-01-15T09:00:00Z","updated_at":"2026-09-24T11:30:00Z"}},{"type":"Feature","geometry":{"type":"Polygon","coordinates":[[[77.47022165978521,28.907083906791218],[77.4916935744751,28.904478442036886],[77.48936220566695,28.924141386536196],[77.4683561558112,28.922695865172702],[77.47022165978521,28.907083906791218]]]},"properties":{"ulpin":"07090108168147","parcel_id":"8a957f3d-8588-4a1d-9f89-6e205d61268a","state":"Delhi (NCT)","state_code":"DL","state_type":"UT","state_lgd_code":"7","district_lgd_code":"95","district_name":"South West Delhi","subdistrict_lgd_code":"780","subdistrict_name":"Najafgarh Tehsil","subdistrict_type":"Tehsil / Taluk","village_lgd_code":"71092","village_name":"Dhansa","khasra_plot_no":"Mustatil 32, Killa 15/D274","recorded_area":"4.16","recorded_area_unit":"Bigha-Biswa","normalized_area_sqm":"3478.3","gis_area_sqm":"3478.3","land_use_category":"INDUSTRIAL","land_use_raw":"Bhumidhari (Agricultural)","status":"SUBDIVIDED","data_freshness_status":"UNKNOWN","scenario_index":"19766","use_case_description":"Subdivision or amalgamation history review","mutation_workflow_status":"REJECTED","revenue_record_id":"ROR-DL-2025-1032-0274","revenue_record_type":"Khasra Khatauni (Delhi Bhulekh / DLR Act)","khata_khewat_no":"KHT-82","khatauni_no":"KHN-182","owner_name":"Chaudhary Dharamvir Singh","owner_name_local":"चौधरी धर्मवीर सिंह","co_owners":"","tenure_type":"Leasehold","mutation_status":"UNMUTATED_TRANSACTION","active_mutation_id":"MUT-DL-00000274","tax_demand_status":"PAID","annual_tax_inr":"185.5","deed_number":"DEED-DL-2024-432-0274","deed_type":"Sale Deed / Conveyance","sro_office":"Sub-Registrar Office, Najafgarh Tehsil","execution_date":"2024-05-10","registered_owner":"Chaudhary Dharamvir Singh","seller_name":"Previous Landholder","consideration_amount_inr":"3500000.0","stamp_duty_inr":"210000.0","survey_sketch_id":"FMB-DL-32-0274","cadastral_sheet_no":"SHT-DL-32","surveyed_area_sqm":"3478.3","survey_status":"DISPUTED","urban_authority":"Najafgarh Tehsil Urban Development & Town Planning Authority","zone_name":"Commercial Business District","permitted_land_use":"INDUSTRIAL","building_permission_status":"REJECTED","violations_reported":"False","is_encumbered":"True","encumbrance_certificate_number":"EC-DL-00000274-0274","encumbrance_type":"COURT_ATTACHMENT","financial_institution":"","mortgage_amount":"0.0","created_at":"2026-01-15T09:00:00Z","updated_at":"2026-09-24T11:30:00Z"}},{"type":"Feature","geometry":{"type":"Polygon","coordinates":[[[77.20129840112658,28.86271500320888],[77.22180106637228,28.859289435826515],[77.22160480238848,28.881816085889046],[77.20129840112658,28.883080057241493],[77.20129840112658,28.86271500320888]]]},"properties":{"ulpin":"07029127982687","parcel_id":"188c620d-606d-45d9-9376-97717b2e43a8","state":"Delhi (NCT)","state_code":"DL","state_type":"UT","state_lgd_code":"7","district_lgd_code":"95","district_name":"South West Delhi","subdistrict_lgd_code":"780","subdistrict_name":"Najafgarh Tehsil","subdistrict_type":"Tehsil / Taluk","village_lgd_code":"71092","village_name":"Dhansa","khasra_plot_no":"Mustatil 32, Killa 15/D275","recorded_area":"4.16","recorded_area_unit":"Bigha-Biswa","normalized_area_sqm":"3478.3","gis_area_sqm":"3478.3","land_use_category":"AGRICULTURAL","land_use_raw":"Bhumidhari (Agricultural)","status":"AMALGAMATED","data_freshness_status":"CURRENT","scenario_index":"19767","use_case_description":"Archived historical record for audit retrieval","mutation_workflow_status":"SLA_BREACHED","revenue_record_id":"ROR-DL-2025-1032-0275","revenue_record_type":"Khasra Khatauni (Delhi Bhulekh / DLR Act)","khata_khewat_no":"KHT-82","khatauni_no":"KHN-182","owner_name":"Chaudhary Dharamvir Singh","owner_name_local":"चौधरी धर्मवीर सिंह","co_owners":"","tenure_type":"Government Grant","mutation_status":"REJECTED","active_mutation_id":"MUT-DL-00000275","tax_demand_status":"PAID","annual_tax_inr":"185.5","deed_number":"DEED-DL-2024-432-0275","deed_type":"Sale Deed / Conveyance","sro_office":"Sub-Registrar Office, Najafgarh Tehsil","execution_date":"2024-05-10","registered_owner":"Chaudhary Dharamvir Singh","seller_name":"Previous Landholder","consideration_amount_inr":"3500000.0","stamp_duty_inr":"210000.0","survey_sketch_id":"FMB-DL-32-0275","cadastral_sheet_no":"SHT-DL-32","surveyed_area_sqm":"3478.3","survey_status":"RESURVEY_REQUIRED","urban_authority":"Najafgarh Tehsil Urban Development & Town Planning Authority","zone_name":"Commercial Business District","permitted_land_use":"AGRICULTURAL","building_permission_status":"NOT_APPLICABLE","violations_reported":"False","is_encumbered":"True","encumbrance_certificate_number":"EC-DL-00000275-0275","encumbrance_type":"TRIBAL_NON_ALIENATION","financial_institution":"","mortgage_amount":"0.0","created_at":"2026-01-15T09:00:00Z","updated_at":"2026-09-24T11:30:00Z"}},{"type":"Feature","geometry":{"type":"Polygon","coordinates":[[[77.44661491315087,28.92277063926371],[77.4683561558112,28.922695865172702],[77.47059489051067,28.94111224557827],[77.44397634733694,28.94451075333188],[77.44661491315087,28.92277063926371]]]},"properties":{"ulpin":"07332032291519","parcel_id":"03b13318-269b-494a-b15a-487188e66661","state":"Delhi (NCT)","state_code":"DL","state_type":"UT","state_lgd_code":"7","district_lgd_code":"95","district_name":"South West Delhi","subdistrict_lgd_code":"780","subdistrict_name":"Najafgarh Tehsil","subdistrict_type":"Tehsil / Taluk","village_lgd_code":"71092","village_name":"Dhansa","khasra_plot_no":"Mustatil 32, Killa 15/D276","recorded_area":"4.16","recorded_area_unit":"Bigha-Biswa","normalized_area_sqm":"3478.3","gis_area_sqm":"3478.3","land_use_category":"INSTITUTIONAL","land_use_raw":"Bhumidhari (Agricultural)","status":"DISPUTED","data_freshness_status":"STALE","scenario_index":"19768","use_case_description":"Bank mortgage and active encumbrance","mutation_workflow_status":"SUBMITTED","revenue_record_id":"ROR-DL-2025-1032-0276","revenue_record_type":"Khasra Khatauni (Delhi Bhulekh / DLR Act)","khata_khewat_no":"KHT-82","khatauni_no":"KHN-182","owner_name":"Chaudhary Dharamvir Singh","owner_name_local":"चौधरी धर्मवीर सिंह","co_owners":"","tenure_type":"Waqf / Religious Trust","mutation_status":"DISPUTED","active_mutation_id":"MUT-DL-00000276","tax_demand_status":"PAID","annual_tax_inr":"185.5","deed_number":"DEED-DL-2024-432-0276","deed_type":"Sale Deed / Conveyance","sro_office":"Sub-Registrar Office, Najafgarh Tehsil","execution_date":"2024-05-10","registered_owner":"Chaudhary Dharamvir Singh","seller_name":"Previous Landholder","consideration_amount_inr":"3500000.0","stamp_duty_inr":"210000.0","survey_sketch_id":"FMB-DL-32-0276","cadastral_sheet_no":"SHT-DL-32","surveyed_area_sqm":"3478.3","survey_status":"SURVEYED","urban_authority":"Najafgarh Tehsil Urban Development & Town Planning Authority","zone_name":"Commercial Business District","permitted_land_use":"INSTITUTIONAL","building_permission_status":"SANCTIONED","violations_reported":"True","is_encumbered":"True","encumbrance_certificate_number":"EC-DL-00000276-0276","encumbrance_type":"LEASE_CHARGE","financial_institution":"","mortgage_amount":"0.0","created_at":"2026-01-15T09:00:00Z","updated_at":"2026-09-24T11:30:00Z"}},{"type":"Feature","geometry":{"type":"Polygon","coordinates":[[[77.24047509043397,28.613877708644704],[77.25908685489519,28.61658865229437],[77.2607550556959,28.631720076195855],[77.24289295559171,28.628815049451543],[77.24047509043397,28.613877708644704]]]},"properties":{"ulpin":"07170557903016","parcel_id":"8963d1c4-3256-4b25-84fc-7c1404d7b27c","state":"Delhi (NCT)","state_code":"DL","state_type":"UT","state_lgd_code":"7","district_lgd_code":"95","district_name":"South West Delhi","subdistrict_lgd_code":"780","subdistrict_name":"Najafgarh Tehsil","subdistrict_type":"Tehsil / Taluk","village_lgd_code":"71092","village_name":"Dhansa","khasra_plot_no":"Mustatil 32, Killa 15/D277","recorded_area":"4.16","recorded_area_unit":"Bigha-Biswa","normalized_area_sqm":"3478.3","gis_area_sqm":"3478.3","land_use_category":"FOREST_GREEN_BELT","land_use_raw":"Bhumidhari (Agricultural)","status":"ARCHIVED","data_freshness_status":"UNKNOWN","scenario_index":"19769","use_case_description":"Archived historical record for audit retrieval","mutation_workflow_status":"UNDER_VERIFICATION","revenue_record_id":"ROR-DL-2025-1032-0277","revenue_record_type":"Khasra Khatauni (Delhi Bhulekh / DLR Act)","khata_khewat_no":"KHT-82","khatauni_no":"KHN-182","owner_name":"Chaudhary Dharamvir Singh","owner_name_local":"चौधरी धर्मवीर सिंह","co_owners":"","tenure_type":"Tribal Community Tenure","mutation_status":"NONE","active_mutation_id":"MUT-DL-00000277","tax_demand_status":"PAID","annual_tax_inr":"185.5","deed_number":"DEED-DL-2024-432-0277","deed_type":"Sale Deed / Conveyance","sro_office":"Sub-Registrar Office, Najafgarh Tehsil","execution_date":"2024-05-10","registered_owner":"Registry Variance Owner 277","seller_name":"Previous Landholder","consideration_amount_inr":"3500000.0","stamp_duty_inr":"210000.0","survey_sketch_id":"FMB-DL-32-0277","cadastral_sheet_no":"SHT-DL-32","surveyed_area_sqm":"3478.3","survey_status":"PENDING","urban_authority":"Najafgarh Tehsil Urban Development & Town Planning Authority","zone_name":"Commercial Business District","permitted_land_use":"FOREST_GREEN_BELT","building_permission_status":"PENDING","violations_reported":"False","is_encumbered":"False","encumbrance_certificate_number":"EC-DL-2024-132-0277","encumbrance_type":"NIL","financial_institution":"","mortgage_amount":"0.0","created_at":"2026-01-15T09:00:00Z","updated_at":"2026-09-24T11:30:00Z"}},{"type":"Feature","geometry":{"type":"Polygon","coordinates":[[[77.29112045298031,28.66844912772333],[77.31016153870398,28.66765751382564],[77.31187393966732,28.687920108329113],[77.29112045298031,28.688556700122433],[77.29112045298031,28.66844912772333]]]},"properties":{"ulpin":"07657968162985","parcel_id":"7766f0d0-fe63-47c8-9906-c9782a849b66","state":"Delhi (NCT)","state_code":"DL","state_type":"UT","state_lgd_code":"7","district_lgd_code":"95","district_name":"South West Delhi","subdistrict_lgd_code":"780","subdistrict_name":"Najafgarh Tehsil","subdistrict_type":"Tehsil / Taluk","village_lgd_code":"71092","village_name":"Dhansa","khasra_plot_no":"Mustatil 32, Killa 15/D278","recorded_area":"4.16","recorded_area_unit":"Bigha-Biswa","normalized_area_sqm":"3478.3","gis_area_sqm":"3478.3","land_use_category":"WATER_BODY","land_use_raw":"Bhumidhari (Agricultural)","status":"ACTIVE","data_freshness_status":"CURRENT","scenario_index":"19770","use_case_description":"Court attachment and disputed possession","mutation_workflow_status":"NOTICE_PERIOD","revenue_record_id":"ROR-DL-2025-1032-0278","revenue_record_type":"Khasra Khatauni (Delhi Bhulekh / DLR Act)","khata_khewat_no":"KHT-82","khatauni_no":"KHN-182","owner_name":"Chaudhary Dharamvir Singh","owner_name_local":"चौधरी धर्मवीर सिंह","co_owners":"","tenure_type":"Bhumiswami / Raiyati with Transferable Rights","mutation_status":"MUTATED","active_mutation_id":"","tax_demand_status":"PAID","annual_tax_inr":"185.5","deed_number":"DEED-DL-2024-432-0278","deed_type":"Sale Deed / Conveyance","sro_office":"Sub-Registrar Office, Najafgarh Tehsil","execution_date":"2024-05-10","registered_owner":"Chaudhary Dharamvir Singh","seller_name":"Previous Landholder","consideration_amount_inr":"3500000.0","stamp_duty_inr":"210000.0","survey_sketch_id":"FMB-DL-32-0278","cadastral_sheet_no":"SHT-DL-32","surveyed_area_sqm":"3478.3","survey_status":"DISPUTED","urban_authority":"Najafgarh Tehsil Urban Development & Town Planning Authority","zone_name":"Commercial Business District","permitted_land_use":"WATER_BODY","building_permission_status":"REJECTED","violations_reported":"False","is_encumbered":"True","encumbrance_certificate_number":"EC-DL-00000278-0278","encumbrance_type":"BANK_MORTGAGE","financial_institution":"","mortgage_amount":"0.0","created_at":"2026-01-15T09:00:00Z","updated_at":"2026-09-24T11:30:00Z"}}]}