{"type":"FeatureCollection","features":[{"type":"Feature","geometry":{"type":"Polygon","coordinates":[[[77.56267310316146,31.068506338081786],[77.68054304868419,31.058846306021227],[77.68054304868419,31.182698579783356],[77.5733094492201,31.166405815263985],[77.56267310316146,31.068506338081786]]]},"properties":{"ulpin":"02305930191199","parcel_id":"805e076c-6b00-4a52-a193-a172fba67e5d","state":"Himachal Pradesh","state_code":"HP","state_type":"STATE","state_lgd_code":"2","district_lgd_code":"25","district_name":"Shimla","subdistrict_lgd_code":"190","subdistrict_name":"Theog Tehsil","subdistrict_type":"Tehsil / Taluk","village_lgd_code":"24109","village_name":"Fagu","khasra_plot_no":"Khasra 219/D1","recorded_area":"5.5","recorded_area_unit":"Bigha-Biswa","normalized_area_sqm":"4451.53","gis_area_sqm":"4451.53","land_use_category":"FOREST_GREEN_BELT","land_use_raw":"Bageecha Seb (Apple Orchard)","status":"ARCHIVED","data_freshness_status":"UNKNOWN","scenario_index":"4937","use_case_description":"Pending sale mutation within statutory SLA","mutation_workflow_status":"NOTICE_PERIOD","revenue_record_id":"ROR-HP-2025-1009-0001","revenue_record_type":"Jamabandi (HimBhoomi)","khata_khewat_no":"KHT-59","khatauni_no":"KHN-159","owner_name":"Rajinder Singh Thakur","owner_name_local":"राजिंदर सिंह ठाकुर","co_owners":"","tenure_type":"Tribal Community Tenure","mutation_status":"NONE","active_mutation_id":"MUT-HP-00000001","tax_demand_status":"PAID","annual_tax_inr":"185.5","deed_number":"DEED-HP-2024-409-0001","deed_type":"Sale Deed / Conveyance","sro_office":"Sub-Registrar Office, Theog Tehsil","execution_date":"2024-05-10","registered_owner":"Rajinder Singh Thakur","seller_name":"Previous Landholder","consideration_amount_inr":"3500000.0","stamp_duty_inr":"210000.0","survey_sketch_id":"FMB-HP-09-0001","cadastral_sheet_no":"SHT-HP-09","surveyed_area_sqm":"4451.53","survey_status":"PENDING","urban_authority":"Theog Tehsil Urban Development & Town Planning Authority","zone_name":"Agricultural / Green Buffer","permitted_land_use":"FOREST_GREEN_BELT","building_permission_status":"PENDING","violations_reported":"False","is_encumbered":"False","encumbrance_certificate_number":"EC-HP-2024-109-0001","encumbrance_type":"NIL","financial_institution":"","mortgage_amount":"0.0","created_at":"2026-01-15T09:00:00Z","updated_at":"2026-09-24T11:30:00Z"}},{"type":"Feature","geometry":{"type":"Polygon","coordinates":[[[77.07467434974379,29.743683053387922],[77.15785666927204,29.743683053387922],[77.16109119909896,29.8349872535026],[77.07467434974379,29.854995827120906],[77.07467434974379,29.743683053387922]]]},"properties":{"ulpin":"02150814528833","parcel_id":"eef04c10-4ffb-47f9-b441-c8cb65fb9cdb","state":"Himachal Pradesh","state_code":"HP","state_type":"STATE","state_lgd_code":"2","district_lgd_code":"25","district_name":"Shimla","subdistrict_lgd_code":"190","subdistrict_name":"Theog Tehsil","subdistrict_type":"Tehsil / Taluk","village_lgd_code":"24109","village_name":"Fagu","khasra_plot_no":"Khasra 219/D2","recorded_area":"5.5","recorded_area_unit":"Bigha-Biswa","normalized_area_sqm":"4451.53","gis_area_sqm":"4451.53","land_use_category":"WATER_BODY","land_use_raw":"Bageecha Seb (Apple Orchard)","status":"ACTIVE","data_freshness_status":"CURRENT","scenario_index":"4938","use_case_description":"Tribal non-alienation protection review","mutation_workflow_status":"HEARING_SCHEDULED","revenue_record_id":"ROR-HP-2025-1009-0002","revenue_record_type":"Jamabandi (HimBhoomi)","khata_khewat_no":"KHT-59","khatauni_no":"KHN-159","owner_name":"Rajinder Singh Thakur","owner_name_local":"राजिंदर सिंह ठाकुर","co_owners":"","tenure_type":"Bhumiswami / Raiyati with Transferable Rights","mutation_status":"MUTATED","active_mutation_id":"","tax_demand_status":"PAID","annual_tax_inr":"185.5","deed_number":"DEED-HP-2024-409-0002","deed_type":"Sale Deed / Conveyance","sro_office":"Sub-Registrar Office, Theog Tehsil","execution_date":"2024-05-10","registered_owner":"Rajinder Singh Thakur","seller_name":"Previous Landholder","consideration_amount_inr":"3500000.0","stamp_duty_inr":"210000.0","survey_sketch_id":"FMB-HP-09-0002","cadastral_sheet_no":"SHT-HP-09","surveyed_area_sqm":"4451.53","survey_status":"DISPUTED","urban_authority":"Theog Tehsil Urban Development & Town Planning Authority","zone_name":"Agricultural / Green Buffer","permitted_land_use":"WATER_BODY","building_permission_status":"REJECTED","violations_reported":"False","is_encumbered":"True","encumbrance_certificate_number":"EC-HP-00000002-0002","encumbrance_type":"BANK_MORTGAGE","financial_institution":"","mortgage_amount":"0.0","created_at":"2026-01-15T09:00:00Z","updated_at":"2026-09-24T11:30:00Z"}},{"type":"Feature","geometry":{"type":"Polygon","coordinates":[[[77.4407749668209,30.148716453982264],[77.5256369236202,30.12817873089707],[77.5256369236202,30.244157407225224],[77.44538965849492,30.254195836323472],[77.4407749668209,30.148716453982264]]]},"properties":{"ulpin":"02584120800580","parcel_id":"55c551c6-7d31-4cfb-b9a7-4eacf965159a","state":"Himachal Pradesh","state_code":"HP","state_type":"STATE","state_lgd_code":"2","district_lgd_code":"25","district_name":"Shimla","subdistrict_lgd_code":"190","subdistrict_name":"Theog Tehsil","subdistrict_type":"Tehsil / Taluk","village_lgd_code":"24109","village_name":"Fagu","khasra_plot_no":"Khasra 219/D3","recorded_area":"5.5","recorded_area_unit":"Bigha-Biswa","normalized_area_sqm":"4451.53","gis_area_sqm":"4451.53","land_use_category":"MIXED_USE","land_use_raw":"Bageecha Seb (Apple Orchard)","status":"PENDING_MUTATION","data_freshness_status":"STALE","scenario_index":"4939","use_case_description":"Lease charge and institutional tenancy","mutation_workflow_status":"APPROVED","revenue_record_id":"ROR-HP-2025-1009-0003","revenue_record_type":"Jamabandi (HimBhoomi)","khata_khewat_no":"KHT-59","khatauni_no":"KHN-159","owner_name":"Rajinder Singh Thakur","owner_name_local":"राजिंदर सिंह ठाकुर","co_owners":"","tenure_type":"Bhumiswami / Freehold","mutation_status":"PENDING","active_mutation_id":"MUT-HP-00000003","tax_demand_status":"PAID","annual_tax_inr":"185.5","deed_number":"DEED-HP-2024-409-0003","deed_type":"Sale Deed / Conveyance","sro_office":"Sub-Registrar Office, Theog Tehsil","execution_date":"2024-05-10","registered_owner":"Registry Variance Owner 3","seller_name":"Previous Landholder","consideration_amount_inr":"3500000.0","stamp_duty_inr":"210000.0","survey_sketch_id":"FMB-HP-09-0003","cadastral_sheet_no":"SHT-HP-09","surveyed_area_sqm":"4451.53","survey_status":"RESURVEY_REQUIRED","urban_authority":"Theog Tehsil Urban Development & Town Planning Authority","zone_name":"Agricultural / Green Buffer","permitted_land_use":"MIXED_USE","building_permission_status":"NOT_APPLICABLE","violations_reported":"False","is_encumbered":"True","encumbrance_certificate_number":"EC-HP-00000003-0003","encumbrance_type":"GOVT_REVENUE_LIEN","financial_institution":"","mortgage_amount":"0.0","created_at":"2026-01-15T09:00:00Z","updated_at":"2026-09-24T11:30:00Z"}},{"type":"Feature","geometry":{"type":"Polygon","coordinates":[[[76.41113789559925,31.10730845359152],[76.53996963935167,31.11918683266936],[76.54629822331168,31.236153480167765],[76.43090071127338,31.236153480167765],[76.41113789559925,31.10730845359152]]]},"properties":{"ulpin":"02122011418528","parcel_id":"f5e07846-7949-471d-80bb-4b1eda855254","state":"Himachal Pradesh","state_code":"HP","state_type":"STATE","state_lgd_code":"2","district_lgd_code":"25","district_name":"Shimla","subdistrict_lgd_code":"190","subdistrict_name":"Theog Tehsil","subdistrict_type":"Tehsil / Taluk","village_lgd_code":"24109","village_name":"Fagu","khasra_plot_no":"Khasra 219/D4","recorded_area":"5.5","recorded_area_unit":"Bigha-Biswa","normalized_area_sqm":"4451.53","gis_area_sqm":"4451.53","land_use_category":"OTHER","land_use_raw":"Bageecha Seb (Apple Orchard)","status":"SUBDIVIDED","data_freshness_status":"UNKNOWN","scenario_index":"4940","use_case_description":"Subdivision or amalgamation history review","mutation_workflow_status":"REJECTED","revenue_record_id":"ROR-HP-2025-1009-0004","revenue_record_type":"Jamabandi (HimBhoomi)","khata_khewat_no":"KHT-59","khatauni_no":"KHN-159","owner_name":"Rajinder Singh Thakur","owner_name_local":"राजिंदर सिंह ठाकुर","co_owners":"","tenure_type":"Leasehold","mutation_status":"UNMUTATED_TRANSACTION","active_mutation_id":"MUT-HP-00000004","tax_demand_status":"PAID","annual_tax_inr":"185.5","deed_number":"DEED-HP-2024-409-0004","deed_type":"Sale Deed / Conveyance","sro_office":"Sub-Registrar Office, Theog Tehsil","execution_date":"2024-05-10","registered_owner":"Rajinder Singh Thakur","seller_name":"Previous Landholder","consideration_amount_inr":"3500000.0","stamp_duty_inr":"210000.0","survey_sketch_id":"FMB-HP-09-0004","cadastral_sheet_no":"SHT-HP-09","surveyed_area_sqm":"4451.53","survey_status":"SURVEYED","urban_authority":"Theog Tehsil Urban Development & Town Planning Authority","zone_name":"Agricultural / Green Buffer","permitted_land_use":"OTHER","building_permission_status":"SANCTIONED","violations_reported":"False","is_encumbered":"True","encumbrance_certificate_number":"EC-HP-00000004-0004","encumbrance_type":"COURT_ATTACHMENT","financial_institution":"","mortgage_amount":"0.0","created_at":"2026-01-15T09:00:00Z","updated_at":"2026-09-24T11:30:00Z"}},{"type":"Feature","geometry":{"type":"Polygon","coordinates":[[[77.34825674429821,30.24011940631443],[77.44538965849492,30.254195836323472],[77.42561530803107,30.34388915951664],[77.33946527439402,30.34388915951664],[77.34825674429821,30.24011940631443]]]},"properties":{"ulpin":"02687274183230","parcel_id":"7744030f-2fed-4a31-ae36-08f1be25b17f","state":"Himachal Pradesh","state_code":"HP","state_type":"STATE","state_lgd_code":"2","district_lgd_code":"25","district_name":"Shimla","subdistrict_lgd_code":"190","subdistrict_name":"Theog Tehsil","subdistrict_type":"Tehsil / Taluk","village_lgd_code":"24109","village_name":"Fagu","khasra_plot_no":"Khasra 219/D5","recorded_area":"5.5","recorded_area_unit":"Bigha-Biswa","normalized_area_sqm":"4451.53","gis_area_sqm":"4451.53","land_use_category":"RESIDENTIAL","land_use_raw":"Bageecha Seb (Apple Orchard)","status":"AMALGAMATED","data_freshness_status":"CURRENT","scenario_index":"4941","use_case_description":"Archived historical record for audit retrieval","mutation_workflow_status":"SLA_BREACHED","revenue_record_id":"ROR-HP-2025-1009-0005","revenue_record_type":"Jamabandi (HimBhoomi)","khata_khewat_no":"KHT-59","khatauni_no":"KHN-159","owner_name":"Rajinder Singh Thakur","owner_name_local":"राजिंदर सिंह ठाकुर","co_owners":"","tenure_type":"Government Grant","mutation_status":"REJECTED","active_mutation_id":"MUT-HP-00000005","tax_demand_status":"PAID","annual_tax_inr":"185.5","deed_number":"DEED-HP-2024-409-0005","deed_type":"Sale Deed / Conveyance","sro_office":"Sub-Registrar Office, Theog Tehsil","execution_date":"2024-05-10","registered_owner":"Rajinder Singh Thakur","seller_name":"Previous Landholder","consideration_amount_inr":"3500000.0","stamp_duty_inr":"210000.0","survey_sketch_id":"FMB-HP-09-0005","cadastral_sheet_no":"SHT-HP-09","surveyed_area_sqm":"4451.53","survey_status":"PENDING","urban_authority":"Theog Tehsil Urban Development & Town Planning Authority","zone_name":"Agricultural / Green Buffer","permitted_land_use":"RESIDENTIAL","building_permission_status":"PENDING","violations_reported":"False","is_encumbered":"True","encumbrance_certificate_number":"EC-HP-00000005-0005","encumbrance_type":"TRIBAL_NON_ALIENATION","financial_institution":"","mortgage_amount":"0.0","created_at":"2026-01-15T09:00:00Z","updated_at":"2026-09-24T11:30:00Z"}},{"type":"Feature","geometry":{"type":"Polygon","coordinates":[[[76.5484139557646,30.263167499880247],[76.65118635116214,30.247024359199884],[76.63745366748904,30.36787348519805],[76.54079815568453,30.36787348519805],[76.5484139557646,30.263167499880247]]]},"properties":{"ulpin":"02990400913460","parcel_id":"37dbe310-5020-4507-a9c7-36a655a98649","state":"Himachal Pradesh","state_code":"HP","state_type":"STATE","state_lgd_code":"2","district_lgd_code":"25","district_name":"Shimla","subdistrict_lgd_code":"190","subdistrict_name":"Theog Tehsil","subdistrict_type":"Tehsil / Taluk","village_lgd_code":"24109","village_name":"Fagu","khasra_plot_no":"Khasra 219/D6","recorded_area":"5.5","recorded_area_unit":"Bigha-Biswa","normalized_area_sqm":"4451.53","gis_area_sqm":"4451.53","land_use_category":"COMMERCIAL","land_use_raw":"Bageecha Seb (Apple Orchard)","status":"DISPUTED","data_freshness_status":"STALE","scenario_index":"4942","use_case_description":"Bank mortgage and active encumbrance","mutation_workflow_status":"SUBMITTED","revenue_record_id":"ROR-HP-2025-1009-0006","revenue_record_type":"Jamabandi (HimBhoomi)","khata_khewat_no":"KHT-59","khatauni_no":"KHN-159","owner_name":"Rajinder Singh Thakur","owner_name_local":"राजिंदर सिंह ठाकुर","co_owners":"","tenure_type":"Waqf / Religious Trust","mutation_status":"DISPUTED","active_mutation_id":"MUT-HP-00000006","tax_demand_status":"PAID","annual_tax_inr":"185.5","deed_number":"DEED-HP-2024-409-0006","deed_type":"Sale Deed / Conveyance","sro_office":"Sub-Registrar Office, Theog Tehsil","execution_date":"2024-05-10","registered_owner":"Rajinder Singh Thakur","seller_name":"Previous Landholder","consideration_amount_inr":"3500000.0","stamp_duty_inr":"210000.0","survey_sketch_id":"FMB-HP-09-0006","cadastral_sheet_no":"SHT-HP-09","surveyed_area_sqm":"4451.53","survey_status":"DISPUTED","urban_authority":"Theog Tehsil Urban Development & Town Planning Authority","zone_name":"Agricultural / Green Buffer","permitted_land_use":"COMMERCIAL","building_permission_status":"REJECTED","violations_reported":"True","is_encumbered":"True","encumbrance_certificate_number":"EC-HP-00000006-0006","encumbrance_type":"LEASE_CHARGE","financial_institution":"","mortgage_amount":"0.0","created_at":"2026-01-15T09:00:00Z","updated_at":"2026-09-24T11:30:00Z"}},{"type":"Feature","geometry":{"type":"Polygon","coordinates":[[[76.52304255559345,30.04812735782252],[76.66100456509135,30.03983286822186],[76.64330669500897,30.16722319461031],[76.52417972703941,30.148320726247608],[76.52304255559345,30.04812735782252]]]},"properties":{"ulpin":"02533078026868","parcel_id":"fd4f4c47-f098-4958-bca7-3585684c9d00","state":"Himachal Pradesh","state_code":"HP","state_type":"STATE","state_lgd_code":"2","district_lgd_code":"25","district_name":"Shimla","subdistrict_lgd_code":"190","subdistrict_name":"Theog Tehsil","subdistrict_type":"Tehsil / Taluk","village_lgd_code":"24109","village_name":"Fagu","khasra_plot_no":"Khasra 219/D7","recorded_area":"5.5","recorded_area_unit":"Bigha-Biswa","normalized_area_sqm":"4451.53","gis_area_sqm":"4451.53","land_use_category":"INDUSTRIAL","land_use_raw":"Bageecha Seb (Apple Orchard)","status":"ARCHIVED","data_freshness_status":"UNKNOWN","scenario_index":"4943","use_case_description":"Bank mortgage and active encumbrance","mutation_workflow_status":"UNDER_VERIFICATION","revenue_record_id":"ROR-HP-2025-1009-0007","revenue_record_type":"Jamabandi (HimBhoomi)","khata_khewat_no":"KHT-59","khatauni_no":"KHN-159","owner_name":"Rajinder Singh Thakur","owner_name_local":"राजिंदर सिंह ठाकुर","co_owners":"","tenure_type":"Tribal Community Tenure","mutation_status":"NONE","active_mutation_id":"MUT-HP-00000007","tax_demand_status":"PAID","annual_tax_inr":"185.5","deed_number":"DEED-HP-2024-409-0007","deed_type":"Sale Deed / Conveyance","sro_office":"Sub-Registrar Office, Theog Tehsil","execution_date":"2024-05-10","registered_owner":"Rajinder Singh Thakur","seller_name":"Previous Landholder","consideration_amount_inr":"3500000.0","stamp_duty_inr":"210000.0","survey_sketch_id":"FMB-HP-09-0007","cadastral_sheet_no":"SHT-HP-09","surveyed_area_sqm":"4451.53","survey_status":"RESURVEY_REQUIRED","urban_authority":"Theog Tehsil Urban Development & Town Planning Authority","zone_name":"Agricultural / Green Buffer","permitted_land_use":"INDUSTRIAL","building_permission_status":"NOT_APPLICABLE","violations_reported":"False","is_encumbered":"False","encumbrance_certificate_number":"EC-HP-2024-109-0007","encumbrance_type":"NIL","financial_institution":"","mortgage_amount":"0.0","created_at":"2026-01-15T09:00:00Z","updated_at":"2026-09-24T11:30:00Z"}},{"type":"Feature","geometry":{"type":"Polygon","coordinates":[[[77.53841254879511,30.946283476366933],[77.68054304868419,30.9125407743887],[77.68054304868419,31.058846306021227],[77.56267310316146,31.068506338081786],[77.53841254879511,30.946283476366933]]]},"properties":{"ulpin":"02323562179379","parcel_id":"1e094333-502f-48ed-8025-1d216e383c4e","state":"Himachal Pradesh","state_code":"HP","state_type":"STATE","state_lgd_code":"2","district_lgd_code":"25","district_name":"Shimla","subdistrict_lgd_code":"190","subdistrict_name":"Theog Tehsil","subdistrict_type":"Tehsil / Taluk","village_lgd_code":"24109","village_name":"Fagu","khasra_plot_no":"Khasra 219/D8","recorded_area":"5.5","recorded_area_unit":"Bigha-Biswa","normalized_area_sqm":"4451.53","gis_area_sqm":"4451.53","land_use_category":"AGRICULTURAL","land_use_raw":"Bageecha Seb (Apple Orchard)","status":"ACTIVE","data_freshness_status":"CURRENT","scenario_index":"4944","use_case_description":"Court attachment and disputed possession","mutation_workflow_status":"NOTICE_PERIOD","revenue_record_id":"ROR-HP-2025-1009-0008","revenue_record_type":"Jamabandi (HimBhoomi)","khata_khewat_no":"KHT-59","khatauni_no":"KHN-159","owner_name":"Rajinder Singh Thakur","owner_name_local":"राजिंदर सिंह ठाकुर","co_owners":"","tenure_type":"Bhumiswami / Raiyati with Transferable Rights","mutation_status":"MUTATED","active_mutation_id":"","tax_demand_status":"PAID","annual_tax_inr":"185.5","deed_number":"DEED-HP-2024-409-0008","deed_type":"Sale Deed / Conveyance","sro_office":"Sub-Registrar Office, Theog Tehsil","execution_date":"2024-05-10","registered_owner":"Registry Variance Owner 8","seller_name":"Previous Landholder","consideration_amount_inr":"3500000.0","stamp_duty_inr":"210000.0","survey_sketch_id":"FMB-HP-09-0008","cadastral_sheet_no":"SHT-HP-09","surveyed_area_sqm":"4451.53","survey_status":"SURVEYED","urban_authority":"Theog Tehsil Urban Development & Town Planning Authority","zone_name":"Agricultural / Green Buffer","permitted_land_use":"AGRICULTURAL","building_permission_status":"SANCTIONED","violations_reported":"False","is_encumbered":"True","encumbrance_certificate_number":"EC-HP-00000008-0008","encumbrance_type":"BANK_MORTGAGE","financial_institution":"","mortgage_amount":"0.0","created_at":"2026-01-15T09:00:00Z","updated_at":"2026-09-24T11:30:00Z"}},{"type":"Feature","geometry":{"type":"Polygon","coordinates":[[[77.17815431735451,30.053948738623486],[77.24288993129088,30.04334545030569],[77.26078284313145,30.130407097449048],[77.15419532068205,30.139361924850668],[77.17815431735451,30.053948738623486]]]},"properties":{"ulpin":"02096475705443","parcel_id":"b8d47911-c9c8-41fb-89af-1ec3394a7d6f","state":"Himachal Pradesh","state_code":"HP","state_type":"STATE","state_lgd_code":"2","district_lgd_code":"25","district_name":"Shimla","subdistrict_lgd_code":"190","subdistrict_name":"Theog Tehsil","subdistrict_type":"Tehsil / Taluk","village_lgd_code":"24109","village_name":"Fagu","khasra_plot_no":"Khasra 219/D9","recorded_area":"5.5","recorded_area_unit":"Bigha-Biswa","normalized_area_sqm":"4451.53","gis_area_sqm":"4451.53","land_use_category":"INSTITUTIONAL","land_use_raw":"Bageecha Seb (Apple Orchard)","status":"PENDING_MUTATION","data_freshness_status":"STALE","scenario_index":"4945","use_case_description":"Tribal non-alienation protection review","mutation_workflow_status":"HEARING_SCHEDULED","revenue_record_id":"ROR-HP-2025-1009-0009","revenue_record_type":"Jamabandi (HimBhoomi)","khata_khewat_no":"KHT-59","khatauni_no":"KHN-159","owner_name":"Rajinder Singh Thakur","owner_name_local":"राजिंदर सिंह ठाकुर","co_owners":"","tenure_type":"Bhumiswami / Freehold","mutation_status":"PENDING","active_mutation_id":"MUT-HP-00000009","tax_demand_status":"PAID","annual_tax_inr":"185.5","deed_number":"DEED-HP-2024-409-0009","deed_type":"Sale Deed / Conveyance","sro_office":"Sub-Registrar Office, Theog Tehsil","execution_date":"2024-05-10","registered_owner":"Rajinder Singh Thakur","seller_name":"Previous Landholder","consideration_amount_inr":"3500000.0","stamp_duty_inr":"210000.0","survey_sketch_id":"FMB-HP-09-0009","cadastral_sheet_no":"SHT-HP-09","surveyed_area_sqm":"4451.53","survey_status":"PENDING","urban_authority":"Theog Tehsil Urban Development & Town Planning Authority","zone_name":"Agricultural / Green Buffer","permitted_land_use":"INSTITUTIONAL","building_permission_status":"PENDING","violations_reported":"False","is_encumbered":"True","encumbrance_certificate_number":"EC-HP-00000009-0009","encumbrance_type":"GOVT_REVENUE_LIEN","financial_institution":"","mortgage_amount":"0.0","created_at":"2026-01-15T09:00:00Z","updated_at":"2026-09-24T11:30:00Z"}},{"type":"Feature","geometry":{"type":"Polygon","coordinates":[[[77.17061728794603,31.195067535568334],[77.32741630312391,31.177903654710146],[77.30666461270299,31.306801054876843],[77.20475814853503,31.306801054876843],[77.17061728794603,31.195067535568334]]]},"properties":{"ulpin":"02688091304509","parcel_id":"fdf0e110-13d8-4e9b-9971-1f86b22a530b","state":"Himachal Pradesh","state_code":"HP","state_type":"STATE","state_lgd_code":"2","district_lgd_code":"25","district_name":"Shimla","subdistrict_lgd_code":"190","subdistrict_name":"Theog Tehsil","subdistrict_type":"Tehsil / Taluk","village_lgd_code":"24109","village_name":"Fagu","khasra_plot_no":"Khasra 219/D10","recorded_area":"5.5","recorded_area_unit":"Bigha-Biswa","normalized_area_sqm":"4451.53","gis_area_sqm":"4451.53","land_use_category":"FOREST_GREEN_BELT","land_use_raw":"Bageecha Seb (Apple Orchard)","status":"SUBDIVIDED","data_freshness_status":"UNKNOWN","scenario_index":"4946","use_case_description":"Lease charge and institutional tenancy","mutation_workflow_status":"APPROVED","revenue_record_id":"ROR-HP-2025-1009-0010","revenue_record_type":"Jamabandi (HimBhoomi)","khata_khewat_no":"KHT-59","khatauni_no":"KHN-159","owner_name":"Rajinder Singh Thakur","owner_name_local":"राजिंदर सिंह ठाकुर","co_owners":"","tenure_type":"Leasehold","mutation_status":"UNMUTATED_TRANSACTION","active_mutation_id":"MUT-HP-00000010","tax_demand_status":"PAID","annual_tax_inr":"185.5","deed_number":"DEED-HP-2024-409-0010","deed_type":"Sale Deed / Conveyance","sro_office":"Sub-Registrar Office, Theog Tehsil","execution_date":"2024-05-10","registered_owner":"Rajinder Singh Thakur","seller_name":"Previous Landholder","consideration_amount_inr":"3500000.0","stamp_duty_inr":"210000.0","survey_sketch_id":"FMB-HP-09-0010","cadastral_sheet_no":"SHT-HP-09","surveyed_area_sqm":"4451.53","survey_status":"DISPUTED","urban_authority":"Theog Tehsil Urban Development & Town Planning Authority","zone_name":"Agricultural / Green Buffer","permitted_land_use":"FOREST_GREEN_BELT","building_permission_status":"REJECTED","violations_reported":"False","is_encumbered":"True","encumbrance_certificate_number":"EC-HP-00000010-0010","encumbrance_type":"COURT_ATTACHMENT","financial_institution":"","mortgage_amount":"0.0","created_at":"2026-01-15T09:00:00Z","updated_at":"2026-09-24T11:30:00Z"}},{"type":"Feature","geometry":{"type":"Polygon","coordinates":[[[78.12737723401239,31.08678058754046],[78.26353406698472,31.091244204500683],[78.2673421215308,31.235061927379903],[78.14327704317786,31.22115470823949],[78.12737723401239,31.08678058754046]]]},"properties":{"ulpin":"02943390293264","parcel_id":"282c44f9-be51-402b-a90f-b46f39108779","state":"Himachal Pradesh","state_code":"HP","state_type":"STATE","state_lgd_code":"2","district_lgd_code":"25","district_name":"Shimla","subdistrict_lgd_code":"190","subdistrict_name":"Theog Tehsil","subdistrict_type":"Tehsil / Taluk","village_lgd_code":"24109","village_name":"Fagu","khasra_plot_no":"Khasra 219/D11","recorded_area":"5.5","recorded_area_unit":"Bigha-Biswa","normalized_area_sqm":"4451.53","gis_area_sqm":"4451.53","land_use_category":"WATER_BODY","land_use_raw":"Bageecha Seb (Apple Orchard)","status":"AMALGAMATED","data_freshness_status":"CURRENT","scenario_index":"4947","use_case_description":"Subdivision or amalgamation history review","mutation_workflow_status":"REJECTED","revenue_record_id":"ROR-HP-2025-1009-0011","revenue_record_type":"Jamabandi (HimBhoomi)","khata_khewat_no":"KHT-59","khatauni_no":"KHN-159","owner_name":"Rajinder Singh Thakur","owner_name_local":"राजिंदर सिंह ठाकुर","co_owners":"","tenure_type":"Government Grant","mutation_status":"REJECTED","active_mutation_id":"MUT-HP-00000011","tax_demand_status":"PAID","annual_tax_inr":"185.5","deed_number":"DEED-HP-2024-409-0011","deed_type":"Sale Deed / Conveyance","sro_office":"Sub-Registrar Office, Theog Tehsil","execution_date":"2024-05-10","registered_owner":"Rajinder Singh Thakur","seller_name":"Previous Landholder","consideration_amount_inr":"3500000.0","stamp_duty_inr":"210000.0","survey_sketch_id":"FMB-HP-09-0011","cadastral_sheet_no":"SHT-HP-09","surveyed_area_sqm":"4451.53","survey_status":"RESURVEY_REQUIRED","urban_authority":"Theog Tehsil Urban Development & Town Planning Authority","zone_name":"Agricultural / Green Buffer","permitted_land_use":"WATER_BODY","building_permission_status":"NOT_APPLICABLE","violations_reported":"False","is_encumbered":"True","encumbrance_certificate_number":"EC-HP-00000011-0011","encumbrance_type":"TRIBAL_NON_ALIENATION","financial_institution":"","mortgage_amount":"0.0","created_at":"2026-01-15T09:00:00Z","updated_at":"2026-09-24T11:30:00Z"}},{"type":"Feature","geometry":{"type":"Polygon","coordinates":[[[76.6374017962471,29.720365875663784],[76.77105965663013,29.720365875663784],[76.76445299006902,29.834076860553804],[76.64402957831547,29.825124679233998],[76.6374017962471,29.720365875663784]]]},"properties":{"ulpin":"02768731623665","parcel_id":"d1e8a574-e2f6-4836-8ca3-74075f3f8283","state":"Himachal Pradesh","state_code":"HP","state_type":"STATE","state_lgd_code":"2","district_lgd_code":"25","district_name":"Shimla","subdistrict_lgd_code":"190","subdistrict_name":"Theog Tehsil","subdistrict_type":"Tehsil / Taluk","village_lgd_code":"24109","village_name":"Fagu","khasra_plot_no":"Khasra 219/D12","recorded_area":"5.5","recorded_area_unit":"Bigha-Biswa","normalized_area_sqm":"4451.53","gis_area_sqm":"4451.53","land_use_category":"MIXED_USE","land_use_raw":"Bageecha Seb (Apple Orchard)","status":"DISPUTED","data_freshness_status":"STALE","scenario_index":"4948","use_case_description":"Archived historical record for audit retrieval","mutation_workflow_status":"SLA_BREACHED","revenue_record_id":"ROR-HP-2025-1009-0012","revenue_record_type":"Jamabandi (HimBhoomi)","khata_khewat_no":"KHT-59","khatauni_no":"KHN-159","owner_name":"Rajinder Singh Thakur","owner_name_local":"राजिंदर सिंह ठाकुर","co_owners":"","tenure_type":"Waqf / Religious Trust","mutation_status":"DISPUTED","active_mutation_id":"MUT-HP-00000012","tax_demand_status":"PAID","annual_tax_inr":"185.5","deed_number":"DEED-HP-2024-409-0012","deed_type":"Sale Deed / Conveyance","sro_office":"Sub-Registrar Office, Theog Tehsil","execution_date":"2024-05-10","registered_owner":"Rajinder Singh Thakur","seller_name":"Previous Landholder","consideration_amount_inr":"3500000.0","stamp_duty_inr":"210000.0","survey_sketch_id":"FMB-HP-09-0012","cadastral_sheet_no":"SHT-HP-09","surveyed_area_sqm":"4451.53","survey_status":"SURVEYED","urban_authority":"Theog Tehsil Urban Development & Town Planning Authority","zone_name":"Agricultural / Green Buffer","permitted_land_use":"MIXED_USE","building_permission_status":"SANCTIONED","violations_reported":"False","is_encumbered":"True","encumbrance_certificate_number":"EC-HP-00000012-0012","encumbrance_type":"LEASE_CHARGE","financial_institution":"","mortgage_amount":"0.0","created_at":"2026-01-15T09:00:00Z","updated_at":"2026-09-24T11:30:00Z"}},{"type":"Feature","geometry":{"type":"Polygon","coordinates":[[[77.87534779640211,30.95881420627953],[77.98538861152333,30.984095161876997],[78.00149998391973,31.09000612045946],[77.87534779640211,31.127328735753625],[77.87534779640211,30.95881420627953]]]},"properties":{"ulpin":"02224348570004","parcel_id":"6a2ca598-14ea-43c4-9e78-a2dc96c887d4","state":"Himachal Pradesh","state_code":"HP","state_type":"STATE","state_lgd_code":"2","district_lgd_code":"25","district_name":"Shimla","subdistrict_lgd_code":"190","subdistrict_name":"Theog Tehsil","subdistrict_type":"Tehsil / Taluk","village_lgd_code":"24109","village_name":"Fagu","khasra_plot_no":"Khasra 219/D13","recorded_area":"5.5","recorded_area_unit":"Bigha-Biswa","normalized_area_sqm":"4451.53","gis_area_sqm":"4451.53","land_use_category":"OTHER","land_use_raw":"Bageecha Seb (Apple Orchard)","status":"ARCHIVED","data_freshness_status":"UNKNOWN","scenario_index":"4949","use_case_description":"Archived historical record for audit retrieval","mutation_workflow_status":"SUBMITTED","revenue_record_id":"ROR-HP-2025-1009-0013","revenue_record_type":"Jamabandi (HimBhoomi)","khata_khewat_no":"KHT-59","khatauni_no":"KHN-159","owner_name":"Rajinder Singh Thakur","owner_name_local":"राजिंदर सिंह ठाकुर","co_owners":"","tenure_type":"Tribal Community Tenure","mutation_status":"NONE","active_mutation_id":"MUT-HP-00000013","tax_demand_status":"PAID","annual_tax_inr":"185.5","deed_number":"DEED-HP-2024-409-0013","deed_type":"Sale Deed / Conveyance","sro_office":"Sub-Registrar Office, Theog Tehsil","execution_date":"2024-05-10","registered_owner":"Registry Variance Owner 13","seller_name":"Previous Landholder","consideration_amount_inr":"3500000.0","stamp_duty_inr":"210000.0","survey_sketch_id":"FMB-HP-09-0013","cadastral_sheet_no":"SHT-HP-09","surveyed_area_sqm":"4451.53","survey_status":"PENDING","urban_authority":"Theog Tehsil Urban Development & Town Planning Authority","zone_name":"Agricultural / Green Buffer","permitted_land_use":"OTHER","building_permission_status":"PENDING","violations_reported":"True","is_encumbered":"False","encumbrance_certificate_number":"EC-HP-2024-109-0013","encumbrance_type":"NIL","financial_institution":"","mortgage_amount":"0.0","created_at":"2026-01-15T09:00:00Z","updated_at":"2026-09-24T11:30:00Z"}},{"type":"Feature","geometry":{"type":"Polygon","coordinates":[[[78.27572097034174,30.99367651890087],[78.40125389759791,30.962426684427864],[78.39740981405771,31.119506081008243],[78.26353406698472,31.091244204500683],[78.27572097034174,30.99367651890087]]]},"properties":{"ulpin":"02675783889829","parcel_id":"e55538fd-efe1-4e54-9ccc-cf104f47a6ee","state":"Himachal Pradesh","state_code":"HP","state_type":"STATE","state_lgd_code":"2","district_lgd_code":"25","district_name":"Shimla","subdistrict_lgd_code":"190","subdistrict_name":"Theog Tehsil","subdistrict_type":"Tehsil / Taluk","village_lgd_code":"24109","village_name":"Fagu","khasra_plot_no":"Khasra 219/D14","recorded_area":"5.5","recorded_area_unit":"Bigha-Biswa","normalized_area_sqm":"4451.53","gis_area_sqm":"4451.53","land_use_category":"RESIDENTIAL","land_use_raw":"Bageecha Seb (Apple Orchard)","status":"ACTIVE","data_freshness_status":"CURRENT","scenario_index":"4950","use_case_description":"Government revenue lien and tax demand","mutation_workflow_status":"UNDER_VERIFICATION","revenue_record_id":"ROR-HP-2025-1009-0014","revenue_record_type":"Jamabandi (HimBhoomi)","khata_khewat_no":"KHT-59","khatauni_no":"KHN-159","owner_name":"Rajinder Singh Thakur","owner_name_local":"राजिंदर सिंह ठाकुर","co_owners":"","tenure_type":"Bhumiswami / Raiyati with Transferable Rights","mutation_status":"MUTATED","active_mutation_id":"","tax_demand_status":"PAID","annual_tax_inr":"185.5","deed_number":"DEED-HP-2024-409-0014","deed_type":"Sale Deed / Conveyance","sro_office":"Sub-Registrar Office, Theog Tehsil","execution_date":"2024-05-10","registered_owner":"Rajinder Singh Thakur","seller_name":"Previous Landholder","consideration_amount_inr":"3500000.0","stamp_duty_inr":"210000.0","survey_sketch_id":"FMB-HP-09-0014","cadastral_sheet_no":"SHT-HP-09","surveyed_area_sqm":"4451.53","survey_status":"DISPUTED","urban_authority":"Theog Tehsil Urban Development & Town Planning Authority","zone_name":"Agricultural / Green Buffer","permitted_land_use":"RESIDENTIAL","building_permission_status":"REJECTED","violations_reported":"False","is_encumbered":"True","encumbrance_certificate_number":"EC-HP-00000014-0014","encumbrance_type":"BANK_MORTGAGE","financial_institution":"","mortgage_amount":"0.0","created_at":"2026-01-15T09:00:00Z","updated_at":"2026-09-24T11:30:00Z"}},{"type":"Feature","geometry":{"type":"Polygon","coordinates":[[[78.12636933809974,30.96170361609956],[78.27572097034174,30.99367651890087],[78.26353406698472,31.091244204500683],[78.12737723401239,31.08678058754046],[78.12636933809974,30.96170361609956]]]},"properties":{"ulpin":"02067166877675","parcel_id":"e7a075f1-3b90-4192-8b3e-07f3222a3f8c","state":"Himachal Pradesh","state_code":"HP","state_type":"STATE","state_lgd_code":"2","district_lgd_code":"25","district_name":"Shimla","subdistrict_lgd_code":"190","subdistrict_name":"Theog Tehsil","subdistrict_type":"Tehsil / Taluk","village_lgd_code":"24109","village_name":"Fagu","khasra_plot_no":"Khasra 219/D15","recorded_area":"5.5","recorded_area_unit":"Bigha-Biswa","normalized_area_sqm":"4451.53","gis_area_sqm":"4451.53","land_use_category":"COMMERCIAL","land_use_raw":"Bageecha Seb (Apple Orchard)","status":"PENDING_MUTATION","data_freshness_status":"STALE","scenario_index":"4951","use_case_description":"Court attachment and disputed possession","mutation_workflow_status":"NOTICE_PERIOD","revenue_record_id":"ROR-HP-2025-1009-0015","revenue_record_type":"Jamabandi (HimBhoomi)","khata_khewat_no":"KHT-59","khatauni_no":"KHN-159","owner_name":"Rajinder Singh Thakur","owner_name_local":"राजिंदर सिंह ठाकुर","co_owners":"","tenure_type":"Bhumiswami / Freehold","mutation_status":"PENDING","active_mutation_id":"MUT-HP-00000015","tax_demand_status":"PAID","annual_tax_inr":"185.5","deed_number":"DEED-HP-2024-409-0015","deed_type":"Sale Deed / Conveyance","sro_office":"Sub-Registrar Office, Theog Tehsil","execution_date":"2024-05-10","registered_owner":"Rajinder Singh Thakur","seller_name":"Previous Landholder","consideration_amount_inr":"3500000.0","stamp_duty_inr":"210000.0","survey_sketch_id":"FMB-HP-09-0015","cadastral_sheet_no":"SHT-HP-09","surveyed_area_sqm":"4451.53","survey_status":"RESURVEY_REQUIRED","urban_authority":"Theog Tehsil Urban Development & Town Planning Authority","zone_name":"Agricultural / Green Buffer","permitted_land_use":"COMMERCIAL","building_permission_status":"NOT_APPLICABLE","violations_reported":"False","is_encumbered":"True","encumbrance_certificate_number":"EC-HP-00000015-0015","encumbrance_type":"GOVT_REVENUE_LIEN","financial_institution":"","mortgage_amount":"0.0","created_at":"2026-01-15T09:00:00Z","updated_at":"2026-09-24T11:30:00Z"}},{"type":"Feature","geometry":{"type":"Polygon","coordinates":[[[76.64319792660851,31.12420700021373],[76.762335821801,31.089049552740732],[76.74675900811509,31.236153480167765],[76.64818058850788,31.236153480167765],[76.64319792660851,31.12420700021373]]]},"properties":{"ulpin":"02999538313368","parcel_id":"43b56e67-5c77-448f-ae61-73aafcaedd89","state":"Himachal Pradesh","state_code":"HP","state_type":"STATE","state_lgd_code":"2","district_lgd_code":"25","district_name":"Shimla","subdistrict_lgd_code":"190","subdistrict_name":"Theog Tehsil","subdistrict_type":"Tehsil / Taluk","village_lgd_code":"24109","village_name":"Fagu","khasra_plot_no":"Khasra 219/D16","recorded_area":"5.5","recorded_area_unit":"Bigha-Biswa","normalized_area_sqm":"4451.53","gis_area_sqm":"4451.53","land_use_category":"INDUSTRIAL","land_use_raw":"Bageecha Seb (Apple Orchard)","status":"SUBDIVIDED","data_freshness_status":"UNKNOWN","scenario_index":"4952","use_case_description":"Tribal non-alienation protection review","mutation_workflow_status":"HEARING_SCHEDULED","revenue_record_id":"ROR-HP-2025-1009-0016","revenue_record_type":"Jamabandi (HimBhoomi)","khata_khewat_no":"KHT-59","khatauni_no":"KHN-159","owner_name":"Rajinder Singh Thakur","owner_name_local":"राजिंदर सिंह ठाकुर","co_owners":"","tenure_type":"Leasehold","mutation_status":"UNMUTATED_TRANSACTION","active_mutation_id":"MUT-HP-00000016","tax_demand_status":"PAID","annual_tax_inr":"185.5","deed_number":"DEED-HP-2024-409-0016","deed_type":"Sale Deed / Conveyance","sro_office":"Sub-Registrar Office, Theog Tehsil","execution_date":"2024-05-10","registered_owner":"Rajinder Singh Thakur","seller_name":"Previous Landholder","consideration_amount_inr":"3500000.0","stamp_duty_inr":"210000.0","survey_sketch_id":"FMB-HP-09-0016","cadastral_sheet_no":"SHT-HP-09","surveyed_area_sqm":"4451.53","survey_status":"SURVEYED","urban_authority":"Theog Tehsil Urban Development & Town Planning Authority","zone_name":"Agricultural / Green Buffer","permitted_land_use":"INDUSTRIAL","building_permission_status":"SANCTIONED","violations_reported":"False","is_encumbered":"True","encumbrance_certificate_number":"EC-HP-00000016-0016","encumbrance_type":"COURT_ATTACHMENT","financial_institution":"","mortgage_amount":"0.0","created_at":"2026-01-15T09:00:00Z","updated_at":"2026-09-24T11:30:00Z"}},{"type":"Feature","geometry":{"type":"Polygon","coordinates":[[[78.2673421215308,31.235061927379903],[78.4037357340263,31.22695664920175],[78.36486842447435,31.37063430759752],[78.25253559349325,31.37063430759752],[78.2673421215308,31.235061927379903]]]},"properties":{"ulpin":"02203285676643","parcel_id":"3a7266d3-c1d4-4297-9ae9-69fc1ca9d79c","state":"Himachal Pradesh","state_code":"HP","state_type":"STATE","state_lgd_code":"2","district_lgd_code":"25","district_name":"Shimla","subdistrict_lgd_code":"190","subdistrict_name":"Theog Tehsil","subdistrict_type":"Tehsil / Taluk","village_lgd_code":"24109","village_name":"Fagu","khasra_plot_no":"Khasra 219/D17","recorded_area":"5.5","recorded_area_unit":"Bigha-Biswa","normalized_area_sqm":"4451.53","gis_area_sqm":"4451.53","land_use_category":"AGRICULTURAL","land_use_raw":"Bageecha Seb (Apple Orchard)","status":"AMALGAMATED","data_freshness_status":"CURRENT","scenario_index":"4953","use_case_description":"Lease charge and institutional tenancy","mutation_workflow_status":"APPROVED","revenue_record_id":"ROR-HP-2025-1009-0017","revenue_record_type":"Jamabandi (HimBhoomi)","khata_khewat_no":"KHT-59","khatauni_no":"KHN-159","owner_name":"Rajinder Singh Thakur","owner_name_local":"राजिंदर सिंह ठाकुर","co_owners":"","tenure_type":"Government Grant","mutation_status":"REJECTED","active_mutation_id":"MUT-HP-00000017","tax_demand_status":"PAID","annual_tax_inr":"185.5","deed_number":"DEED-HP-2024-409-0017","deed_type":"Sale Deed / Conveyance","sro_office":"Sub-Registrar Office, Theog Tehsil","execution_date":"2024-05-10","registered_owner":"Rajinder Singh Thakur","seller_name":"Previous Landholder","consideration_amount_inr":"3500000.0","stamp_duty_inr":"210000.0","survey_sketch_id":"FMB-HP-09-0017","cadastral_sheet_no":"SHT-HP-09","surveyed_area_sqm":"4451.53","survey_status":"PENDING","urban_authority":"Theog Tehsil Urban Development & Town Planning Authority","zone_name":"Agricultural / Green Buffer","permitted_land_use":"AGRICULTURAL","building_permission_status":"PENDING","violations_reported":"False","is_encumbered":"True","encumbrance_certificate_number":"EC-HP-00000017-0017","encumbrance_type":"TRIBAL_NON_ALIENATION","financial_institution":"","mortgage_amount":"0.0","created_at":"2026-01-15T09:00:00Z","updated_at":"2026-09-24T11:30:00Z"}},{"type":"Feature","geometry":{"type":"Polygon","coordinates":[[[76.30166191162103,30.040675768432276],[76.42451414787709,30.037404094260054],[76.409760453378,30.139041279339118],[76.30166191162103,30.148549972507265],[76.30166191162103,30.040675768432276]]]},"properties":{"ulpin":"02666152406248","parcel_id":"c65b9712-64cd-4093-89d5-07c9ca7d49b4","state":"Himachal Pradesh","state_code":"HP","state_type":"STATE","state_lgd_code":"2","district_lgd_code":"25","district_name":"Shimla","subdistrict_lgd_code":"190","subdistrict_name":"Theog Tehsil","subdistrict_type":"Tehsil / Taluk","village_lgd_code":"24109","village_name":"Fagu","khasra_plot_no":"Khasra 219/D18","recorded_area":"5.5","recorded_area_unit":"Bigha-Biswa","normalized_area_sqm":"4451.53","gis_area_sqm":"4451.53","land_use_category":"INSTITUTIONAL","land_use_raw":"Bageecha Seb (Apple Orchard)","status":"DISPUTED","data_freshness_status":"STALE","scenario_index":"4954","use_case_description":"Subdivision or amalgamation history review","mutation_workflow_status":"REJECTED","revenue_record_id":"ROR-HP-2025-1009-0018","revenue_record_type":"Jamabandi (HimBhoomi)","khata_khewat_no":"KHT-59","khatauni_no":"KHN-159","owner_name":"Rajinder Singh Thakur","owner_name_local":"राजिंदर सिंह ठाकुर","co_owners":"","tenure_type":"Waqf / Religious Trust","mutation_status":"DISPUTED","active_mutation_id":"MUT-HP-00000018","tax_demand_status":"PAID","annual_tax_inr":"185.5","deed_number":"DEED-HP-2024-409-0018","deed_type":"Sale Deed / Conveyance","sro_office":"Sub-Registrar Office, Theog Tehsil","execution_date":"2024-05-10","registered_owner":"Registry Variance Owner 18","seller_name":"Previous Landholder","consideration_amount_inr":"3500000.0","stamp_duty_inr":"210000.0","survey_sketch_id":"FMB-HP-09-0018","cadastral_sheet_no":"SHT-HP-09","surveyed_area_sqm":"4451.53","survey_status":"DISPUTED","urban_authority":"Theog Tehsil Urban Development & Town Planning Authority","zone_name":"Agricultural / Green Buffer","permitted_land_use":"INSTITUTIONAL","building_permission_status":"REJECTED","violations_reported":"False","is_encumbered":"True","encumbrance_certificate_number":"EC-HP-00000018-0018","encumbrance_type":"LEASE_CHARGE","financial_institution":"","mortgage_amount":"0.0","created_at":"2026-01-15T09:00:00Z","updated_at":"2026-09-24T11:30:00Z"}},{"type":"Feature","geometry":{"type":"Polygon","coordinates":[[[76.40840957214014,30.70783487711327],[76.52132443964314,30.70783487711327],[76.51943609812594,30.83301301389378],[76.43263776276557,30.83707818674488],[76.40840957214014,30.70783487711327]]]},"properties":{"ulpin":"02513920627400","parcel_id":"db406a89-06cc-4d6c-ab52-35a92a2b872b","state":"Himachal Pradesh","state_code":"HP","state_type":"STATE","state_lgd_code":"2","district_lgd_code":"25","district_name":"Shimla","subdistrict_lgd_code":"190","subdistrict_name":"Theog Tehsil","subdistrict_type":"Tehsil / Taluk","village_lgd_code":"24109","village_name":"Fagu","khasra_plot_no":"Khasra 219/D19","recorded_area":"5.5","recorded_area_unit":"Bigha-Biswa","normalized_area_sqm":"4451.53","gis_area_sqm":"4451.53","land_use_category":"FOREST_GREEN_BELT","land_use_raw":"Bageecha Seb (Apple Orchard)","status":"ARCHIVED","data_freshness_status":"UNKNOWN","scenario_index":"4955","use_case_description":"Cadastral area discrepancy requiring resurvey","mutation_workflow_status":"SLA_BREACHED","revenue_record_id":"ROR-HP-2025-1009-0019","revenue_record_type":"Jamabandi (HimBhoomi)","khata_khewat_no":"KHT-59","khatauni_no":"KHN-159","owner_name":"Rajinder Singh Thakur","owner_name_local":"राजिंदर सिंह ठाकुर","co_owners":"","tenure_type":"Tribal Community Tenure","mutation_status":"NONE","active_mutation_id":"MUT-HP-00000019","tax_demand_status":"PAID","annual_tax_inr":"185.5","deed_number":"DEED-HP-2024-409-0019","deed_type":"Sale Deed / Conveyance","sro_office":"Sub-Registrar Office, Theog Tehsil","execution_date":"2024-05-10","registered_owner":"Rajinder Singh Thakur","seller_name":"Previous Landholder","consideration_amount_inr":"3500000.0","stamp_duty_inr":"210000.0","survey_sketch_id":"FMB-HP-09-0019","cadastral_sheet_no":"SHT-HP-09","surveyed_area_sqm":"4451.53","survey_status":"RESURVEY_REQUIRED","urban_authority":"Theog Tehsil Urban Development & Town Planning Authority","zone_name":"Agricultural / Green Buffer","permitted_land_use":"FOREST_GREEN_BELT","building_permission_status":"NOT_APPLICABLE","violations_reported":"False","is_encumbered":"False","encumbrance_certificate_number":"EC-HP-2024-109-0019","encumbrance_type":"NIL","financial_institution":"","mortgage_amount":"0.0","created_at":"2026-01-15T09:00:00Z","updated_at":"2026-09-24T11:30:00Z"}},{"type":"Feature","geometry":{"type":"Polygon","coordinates":[[[76.53794114669745,30.959366199983922],[76.63320991047617,30.965440013908196],[76.64319792660851,31.12420700021373],[76.53996963935167,31.11918683266936],[76.53794114669745,30.959366199983922]]]},"properties":{"ulpin":"02054007739571","parcel_id":"941e6faa-f228-421d-ab77-ff151db8cda1","state":"Himachal Pradesh","state_code":"HP","state_type":"STATE","state_lgd_code":"2","district_lgd_code":"25","district_name":"Shimla","subdistrict_lgd_code":"190","subdistrict_name":"Theog Tehsil","subdistrict_type":"Tehsil / Taluk","village_lgd_code":"24109","village_name":"Fagu","khasra_plot_no":"Khasra 219/D20","recorded_area":"5.5","recorded_area_unit":"Bigha-Biswa","normalized_area_sqm":"4451.53","gis_area_sqm":"4451.53","land_use_category":"WATER_BODY","land_use_raw":"Bageecha Seb (Apple Orchard)","status":"ACTIVE","data_freshness_status":"CURRENT","scenario_index":"4956","use_case_description":"Bank mortgage and active encumbrance","mutation_workflow_status":"SUBMITTED","revenue_record_id":"ROR-HP-2025-1009-0020","revenue_record_type":"Jamabandi (HimBhoomi)","khata_khewat_no":"KHT-59","khatauni_no":"KHN-159","owner_name":"Rajinder Singh Thakur","owner_name_local":"राजिंदर सिंह ठाकुर","co_owners":"","tenure_type":"Bhumiswami / Raiyati with Transferable Rights","mutation_status":"MUTATED","active_mutation_id":"","tax_demand_status":"PAID","annual_tax_inr":"185.5","deed_number":"DEED-HP-2024-409-0020","deed_type":"Sale Deed / Conveyance","sro_office":"Sub-Registrar Office, Theog Tehsil","execution_date":"2024-05-10","registered_owner":"Rajinder Singh Thakur","seller_name":"Previous Landholder","consideration_amount_inr":"3500000.0","stamp_duty_inr":"210000.0","survey_sketch_id":"FMB-HP-09-0020","cadastral_sheet_no":"SHT-HP-09","surveyed_area_sqm":"4451.53","survey_status":"SURVEYED","urban_authority":"Theog Tehsil Urban Development & Town Planning Authority","zone_name":"Agricultural / Green Buffer","permitted_land_use":"WATER_BODY","building_permission_status":"SANCTIONED","violations_reported":"True","is_encumbered":"True","encumbrance_certificate_number":"EC-HP-00000020-0020","encumbrance_type":"BANK_MORTGAGE","financial_institution":"","mortgage_amount":"0.0","created_at":"2026-01-15T09:00:00Z","updated_at":"2026-09-24T11:30:00Z"}},{"type":"Feature","geometry":{"type":"Polygon","coordinates":[[[78.26353406698472,31.091244204500683],[78.39740981405771,31.119506081008243],[78.4037357340263,31.22695664920175],[78.2673421215308,31.235061927379903],[78.26353406698472,31.091244204500683]]]},"properties":{"ulpin":"02032528287803","parcel_id":"9600e543-7bb5-4b39-ad8c-6cada468f2c1","state":"Himachal Pradesh","state_code":"HP","state_type":"STATE","state_lgd_code":"2","district_lgd_code":"25","district_name":"Shimla","subdistrict_lgd_code":"190","subdistrict_name":"Theog Tehsil","subdistrict_type":"Tehsil / Taluk","village_lgd_code":"24109","village_name":"Fagu","khasra_plot_no":"Khasra 219/D21","recorded_area":"5.5","recorded_area_unit":"Bigha-Biswa","normalized_area_sqm":"4451.53","gis_area_sqm":"4451.53","land_use_category":"MIXED_USE","land_use_raw":"Bageecha Seb (Apple Orchard)","status":"PENDING_MUTATION","data_freshness_status":"STALE","scenario_index":"4957","use_case_description":"Government revenue lien and tax demand","mutation_workflow_status":"UNDER_VERIFICATION","revenue_record_id":"ROR-HP-2025-1009-0021","revenue_record_type":"Jamabandi (HimBhoomi)","khata_khewat_no":"KHT-59","khatauni_no":"KHN-159","owner_name":"Rajinder Singh Thakur","owner_name_local":"राजिंदर सिंह ठाकुर","co_owners":"","tenure_type":"Bhumiswami / Freehold","mutation_status":"PENDING","active_mutation_id":"MUT-HP-00000021","tax_demand_status":"PAID","annual_tax_inr":"185.5","deed_number":"DEED-HP-2024-409-0021","deed_type":"Sale Deed / Conveyance","sro_office":"Sub-Registrar Office, Theog Tehsil","execution_date":"2024-05-10","registered_owner":"Rajinder Singh Thakur","seller_name":"Previous Landholder","consideration_amount_inr":"3500000.0","stamp_duty_inr":"210000.0","survey_sketch_id":"FMB-HP-09-0021","cadastral_sheet_no":"SHT-HP-09","surveyed_area_sqm":"4451.53","survey_status":"PENDING","urban_authority":"Theog Tehsil Urban Development & Town Planning Authority","zone_name":"Agricultural / Green Buffer","permitted_land_use":"MIXED_USE","building_permission_status":"PENDING","violations_reported":"False","is_encumbered":"True","encumbrance_certificate_number":"EC-HP-00000021-0021","encumbrance_type":"GOVT_REVENUE_LIEN","financial_institution":"","mortgage_amount":"0.0","created_at":"2026-01-15T09:00:00Z","updated_at":"2026-09-24T11:30:00Z"}},{"type":"Feature","geometry":{"type":"Polygon","coordinates":[[[76.64402957831547,29.825124679233998],[76.76445299006902,29.834076860553804],[76.7476031851525,29.935085991966616],[76.64673391516166,29.946930771641934],[76.64402957831547,29.825124679233998]]]},"properties":{"ulpin":"02873790100538","parcel_id":"204ea107-9063-4422-9a81-e92e77c43818","state":"Himachal Pradesh","state_code":"HP","state_type":"STATE","state_lgd_code":"2","district_lgd_code":"25","district_name":"Shimla","subdistrict_lgd_code":"190","subdistrict_name":"Theog Tehsil","subdistrict_type":"Tehsil / Taluk","village_lgd_code":"24109","village_name":"Fagu","khasra_plot_no":"Khasra 219/D22","recorded_area":"5.5","recorded_area_unit":"Bigha-Biswa","normalized_area_sqm":"4451.53","gis_area_sqm":"4451.53","land_use_category":"OTHER","land_use_raw":"Bageecha Seb (Apple Orchard)","status":"SUBDIVIDED","data_freshness_status":"UNKNOWN","scenario_index":"4958","use_case_description":"Court attachment and disputed possession","mutation_workflow_status":"NOTICE_PERIOD","revenue_record_id":"ROR-HP-2025-1009-0022","revenue_record_type":"Jamabandi (HimBhoomi)","khata_khewat_no":"KHT-59","khatauni_no":"KHN-159","owner_name":"Rajinder Singh Thakur","owner_name_local":"राजिंदर सिंह ठाकुर","co_owners":"","tenure_type":"Leasehold","mutation_status":"UNMUTATED_TRANSACTION","active_mutation_id":"MUT-HP-00000022","tax_demand_status":"PAID","annual_tax_inr":"185.5","deed_number":"DEED-HP-2024-409-0022","deed_type":"Sale Deed / Conveyance","sro_office":"Sub-Registrar Office, Theog Tehsil","execution_date":"2024-05-10","registered_owner":"Rajinder Singh Thakur","seller_name":"Previous Landholder","consideration_amount_inr":"3500000.0","stamp_duty_inr":"210000.0","survey_sketch_id":"FMB-HP-09-0022","cadastral_sheet_no":"SHT-HP-09","surveyed_area_sqm":"4451.53","survey_status":"DISPUTED","urban_authority":"Theog Tehsil Urban Development & Town Planning Authority","zone_name":"Agricultural / Green Buffer","permitted_land_use":"OTHER","building_permission_status":"REJECTED","violations_reported":"False","is_encumbered":"True","encumbrance_certificate_number":"EC-HP-00000022-0022","encumbrance_type":"COURT_ATTACHMENT","financial_institution":"","mortgage_amount":"0.0","created_at":"2026-01-15T09:00:00Z","updated_at":"2026-09-24T11:30:00Z"}},{"type":"Feature","geometry":{"type":"Polygon","coordinates":[[[78.26379272844929,30.82321727969846],[78.37805717324241,30.8548407004799],[78.40125389759791,30.962426684427864],[78.27572097034174,30.99367651890087],[78.26379272844929,30.82321727969846]]]},"properties":{"ulpin":"02477024347895","parcel_id":"09ba4a9c-a119-4ec6-92f0-fe1d3e4273af","state":"Himachal Pradesh","state_code":"HP","state_type":"STATE","state_lgd_code":"2","district_lgd_code":"25","district_name":"Shimla","subdistrict_lgd_code":"190","subdistrict_name":"Theog Tehsil","subdistrict_type":"Tehsil / Taluk","village_lgd_code":"24109","village_name":"Fagu","khasra_plot_no":"Khasra 219/D23","recorded_area":"5.5","recorded_area_unit":"Bigha-Biswa","normalized_area_sqm":"4451.53","gis_area_sqm":"4451.53","land_use_category":"RESIDENTIAL","land_use_raw":"Bageecha Seb (Apple Orchard)","status":"AMALGAMATED","data_freshness_status":"CURRENT","scenario_index":"4959","use_case_description":"Tribal non-alienation protection review","mutation_workflow_status":"HEARING_SCHEDULED","revenue_record_id":"ROR-HP-2025-1009-0023","revenue_record_type":"Jamabandi (HimBhoomi)","khata_khewat_no":"KHT-59","khatauni_no":"KHN-159","owner_name":"Rajinder Singh Thakur","owner_name_local":"राजिंदर सिंह ठाकुर","co_owners":"","tenure_type":"Government Grant","mutation_status":"REJECTED","active_mutation_id":"MUT-HP-00000023","tax_demand_status":"PAID","annual_tax_inr":"185.5","deed_number":"DEED-HP-2024-409-0023","deed_type":"Sale Deed / Conveyance","sro_office":"Sub-Registrar Office, Theog Tehsil","execution_date":"2024-05-10","registered_owner":"Registry Variance Owner 23","seller_name":"Previous Landholder","consideration_amount_inr":"3500000.0","stamp_duty_inr":"210000.0","survey_sketch_id":"FMB-HP-09-0023","cadastral_sheet_no":"SHT-HP-09","surveyed_area_sqm":"4451.53","survey_status":"RESURVEY_REQUIRED","urban_authority":"Theog Tehsil Urban Development & Town Planning Authority","zone_name":"Agricultural / Green Buffer","permitted_land_use":"RESIDENTIAL","building_permission_status":"NOT_APPLICABLE","violations_reported":"False","is_encumbered":"True","encumbrance_certificate_number":"EC-HP-00000023-0023","encumbrance_type":"TRIBAL_NON_ALIENATION","financial_institution":"","mortgage_amount":"0.0","created_at":"2026-01-15T09:00:00Z","updated_at":"2026-09-24T11:30:00Z"}},{"type":"Feature","geometry":{"type":"Polygon","coordinates":[[[77.87534779640211,31.127328735753625],[78.00149998391973,31.09000612045946],[77.99803761908278,31.25788857787462],[77.87534779640211,31.223860323353843],[77.87534779640211,31.127328735753625]]]},"properties":{"ulpin":"02253610961263","parcel_id":"c58b0698-26cb-4e8a-aab1-88070039da0a","state":"Himachal Pradesh","state_code":"HP","state_type":"STATE","state_lgd_code":"2","district_lgd_code":"25","district_name":"Shimla","subdistrict_lgd_code":"190","subdistrict_name":"Theog Tehsil","subdistrict_type":"Tehsil / Taluk","village_lgd_code":"24109","village_name":"Fagu","khasra_plot_no":"Khasra 219/D24","recorded_area":"5.5","recorded_area_unit":"Bigha-Biswa","normalized_area_sqm":"4451.53","gis_area_sqm":"4451.53","land_use_category":"COMMERCIAL","land_use_raw":"Bageecha Seb (Apple Orchard)","status":"DISPUTED","data_freshness_status":"STALE","scenario_index":"4960","use_case_description":"Lease charge and institutional tenancy","mutation_workflow_status":"APPROVED","revenue_record_id":"ROR-HP-2025-1009-0024","revenue_record_type":"Jamabandi (HimBhoomi)","khata_khewat_no":"KHT-59","khatauni_no":"KHN-159","owner_name":"Rajinder Singh Thakur","owner_name_local":"राजिंदर सिंह ठाकुर","co_owners":"","tenure_type":"Waqf / Religious Trust","mutation_status":"DISPUTED","active_mutation_id":"MUT-HP-00000024","tax_demand_status":"PAID","annual_tax_inr":"185.5","deed_number":"DEED-HP-2024-409-0024","deed_type":"Sale Deed / Conveyance","sro_office":"Sub-Registrar Office, Theog Tehsil","execution_date":"2024-05-10","registered_owner":"Rajinder Singh Thakur","seller_name":"Previous Landholder","consideration_amount_inr":"3500000.0","stamp_duty_inr":"210000.0","survey_sketch_id":"FMB-HP-09-0024","cadastral_sheet_no":"SHT-HP-09","surveyed_area_sqm":"4451.53","survey_status":"SURVEYED","urban_authority":"Theog Tehsil Urban Development & Town Planning Authority","zone_name":"Agricultural / Green Buffer","permitted_land_use":"COMMERCIAL","building_permission_status":"SANCTIONED","violations_reported":"False","is_encumbered":"True","encumbrance_certificate_number":"EC-HP-00000024-0024","encumbrance_type":"LEASE_CHARGE","financial_institution":"","mortgage_amount":"0.0","created_at":"2026-01-15T09:00:00Z","updated_at":"2026-09-24T11:30:00Z"}},{"type":"Feature","geometry":{"type":"Polygon","coordinates":[[[78.239920972582,30.7117670139493],[78.38939755742022,30.7117670139493],[78.37805717324241,30.8548407004799],[78.26379272844929,30.82321727969846],[78.239920972582,30.7117670139493]]]},"properties":{"ulpin":"02798669872140","parcel_id":"50baa91f-3ab9-4671-9e98-ddec7916774b","state":"Himachal Pradesh","state_code":"HP","state_type":"STATE","state_lgd_code":"2","district_lgd_code":"25","district_name":"Shimla","subdistrict_lgd_code":"190","subdistrict_name":"Theog Tehsil","subdistrict_type":"Tehsil / Taluk","village_lgd_code":"24109","village_name":"Fagu","khasra_plot_no":"Khasra 219/D25","recorded_area":"5.5","recorded_area_unit":"Bigha-Biswa","normalized_area_sqm":"4451.53","gis_area_sqm":"4451.53","land_use_category":"INDUSTRIAL","land_use_raw":"Bageecha Seb (Apple Orchard)","status":"ARCHIVED","data_freshness_status":"UNKNOWN","scenario_index":"4961","use_case_description":"Tribal non-alienation protection review","mutation_workflow_status":"REJECTED","revenue_record_id":"ROR-HP-2025-1009-0025","revenue_record_type":"Jamabandi (HimBhoomi)","khata_khewat_no":"KHT-59","khatauni_no":"KHN-159","owner_name":"Rajinder Singh Thakur","owner_name_local":"राजिंदर सिंह ठाकुर","co_owners":"","tenure_type":"Tribal Community Tenure","mutation_status":"NONE","active_mutation_id":"MUT-HP-00000025","tax_demand_status":"PAID","annual_tax_inr":"185.5","deed_number":"DEED-HP-2024-409-0025","deed_type":"Sale Deed / Conveyance","sro_office":"Sub-Registrar Office, Theog Tehsil","execution_date":"2024-05-10","registered_owner":"Rajinder Singh Thakur","seller_name":"Previous Landholder","consideration_amount_inr":"3500000.0","stamp_duty_inr":"210000.0","survey_sketch_id":"FMB-HP-09-0025","cadastral_sheet_no":"SHT-HP-09","surveyed_area_sqm":"4451.53","survey_status":"PENDING","urban_authority":"Theog Tehsil Urban Development & Town Planning Authority","zone_name":"Agricultural / Green Buffer","permitted_land_use":"INDUSTRIAL","building_permission_status":"PENDING","violations_reported":"False","is_encumbered":"False","encumbrance_certificate_number":"EC-HP-2024-109-0025","encumbrance_type":"NIL","financial_institution":"","mortgage_amount":"0.0","created_at":"2026-01-15T09:00:00Z","updated_at":"2026-09-24T11:30:00Z"}},{"type":"Feature","geometry":{"type":"Polygon","coordinates":[[[78.37805717324241,30.8548407004799],[78.51171908240025,30.86326482172319],[78.51171908240025,30.981418660991032],[78.40125389759791,30.962426684427864],[78.37805717324241,30.8548407004799]]]},"properties":{"ulpin":"02002439093447","parcel_id":"e3fe1302-7ad5-4fca-b6f5-e8d2e68d8186","state":"Himachal Pradesh","state_code":"HP","state_type":"STATE","state_lgd_code":"2","district_lgd_code":"25","district_name":"Shimla","subdistrict_lgd_code":"190","subdistrict_name":"Theog Tehsil","subdistrict_type":"Tehsil / Taluk","village_lgd_code":"24109","village_name":"Fagu","khasra_plot_no":"Khasra 219/D26","recorded_area":"5.5","recorded_area_unit":"Bigha-Biswa","normalized_area_sqm":"4451.53","gis_area_sqm":"4451.53","land_use_category":"AGRICULTURAL","land_use_raw":"Bageecha Seb (Apple Orchard)","status":"ACTIVE","data_freshness_status":"CURRENT","scenario_index":"4962","use_case_description":"Archived historical record for audit retrieval","mutation_workflow_status":"SLA_BREACHED","revenue_record_id":"ROR-HP-2025-1009-0026","revenue_record_type":"Jamabandi (HimBhoomi)","khata_khewat_no":"KHT-59","khatauni_no":"KHN-159","owner_name":"Rajinder Singh Thakur","owner_name_local":"राजिंदर सिंह ठाकुर","co_owners":"","tenure_type":"Bhumiswami / Raiyati with Transferable Rights","mutation_status":"MUTATED","active_mutation_id":"","tax_demand_status":"PAID","annual_tax_inr":"185.5","deed_number":"DEED-HP-2024-409-0026","deed_type":"Sale Deed / Conveyance","sro_office":"Sub-Registrar Office, Theog Tehsil","execution_date":"2024-05-10","registered_owner":"Rajinder Singh Thakur","seller_name":"Previous Landholder","consideration_amount_inr":"3500000.0","stamp_duty_inr":"210000.0","survey_sketch_id":"FMB-HP-09-0026","cadastral_sheet_no":"SHT-HP-09","surveyed_area_sqm":"4451.53","survey_status":"DISPUTED","urban_authority":"Theog Tehsil Urban Development & Town Planning Authority","zone_name":"Agricultural / Green Buffer","permitted_land_use":"AGRICULTURAL","building_permission_status":"REJECTED","violations_reported":"False","is_encumbered":"True","encumbrance_certificate_number":"EC-HP-00000026-0026","encumbrance_type":"BANK_MORTGAGE","financial_institution":"","mortgage_amount":"0.0","created_at":"2026-01-15T09:00:00Z","updated_at":"2026-09-24T11:30:00Z"}},{"type":"Feature","geometry":{"type":"Polygon","coordinates":[[[77.5733094492201,31.166405815263985],[77.68054304868419,31.182698579783356],[77.68054304868419,31.306801054876843],[77.55239546188778,31.306801054876843],[77.5733094492201,31.166405815263985]]]},"properties":{"ulpin":"02450451880014","parcel_id":"a70b36da-ec18-4af8-a2d5-2e00e69ebbfc","state":"Himachal Pradesh","state_code":"HP","state_type":"STATE","state_lgd_code":"2","district_lgd_code":"25","district_name":"Shimla","subdistrict_lgd_code":"190","subdistrict_name":"Theog Tehsil","subdistrict_type":"Tehsil / Taluk","village_lgd_code":"24109","village_name":"Fagu","khasra_plot_no":"Khasra 219/D27","recorded_area":"5.5","recorded_area_unit":"Bigha-Biswa","normalized_area_sqm":"4451.53","gis_area_sqm":"4451.53","land_use_category":"INSTITUTIONAL","land_use_raw":"Bageecha Seb (Apple Orchard)","status":"PENDING_MUTATION","data_freshness_status":"STALE","scenario_index":"4963","use_case_description":"Bank mortgage and active encumbrance","mutation_workflow_status":"SUBMITTED","revenue_record_id":"ROR-HP-2025-1009-0027","revenue_record_type":"Jamabandi (HimBhoomi)","khata_khewat_no":"KHT-59","khatauni_no":"KHN-159","owner_name":"Rajinder Singh Thakur","owner_name_local":"राजिंदर सिंह ठाकुर","co_owners":"","tenure_type":"Bhumiswami / Freehold","mutation_status":"PENDING","active_mutation_id":"MUT-HP-00000027","tax_demand_status":"PAID","annual_tax_inr":"185.5","deed_number":"DEED-HP-2024-409-0027","deed_type":"Sale Deed / Conveyance","sro_office":"Sub-Registrar Office, Theog Tehsil","execution_date":"2024-05-10","registered_owner":"Rajinder Singh Thakur","seller_name":"Previous Landholder","consideration_amount_inr":"3500000.0","stamp_duty_inr":"210000.0","survey_sketch_id":"FMB-HP-09-0027","cadastral_sheet_no":"SHT-HP-09","surveyed_area_sqm":"4451.53","survey_status":"RESURVEY_REQUIRED","urban_authority":"Theog Tehsil Urban Development & Town Planning Authority","zone_name":"Agricultural / Green Buffer","permitted_land_use":"INSTITUTIONAL","building_permission_status":"NOT_APPLICABLE","violations_reported":"True","is_encumbered":"True","encumbrance_certificate_number":"EC-HP-00000027-0027","encumbrance_type":"GOVT_REVENUE_LIEN","financial_institution":"","mortgage_amount":"0.0","created_at":"2026-01-15T09:00:00Z","updated_at":"2026-09-24T11:30:00Z"}},{"type":"Feature","geometry":{"type":"Polygon","coordinates":[[[77.44873883144604,29.832095932746743],[77.5256369236202,29.835083794941607],[77.5256369236202,29.939110345580403],[77.44730848949193,29.948419513208265],[77.44873883144604,29.832095932746743]]]},"properties":{"ulpin":"02083171921204","parcel_id":"311ce142-edbb-4f35-a8a5-cd68ff88066b","state":"Himachal Pradesh","state_code":"HP","state_type":"STATE","state_lgd_code":"2","district_lgd_code":"25","district_name":"Shimla","subdistrict_lgd_code":"190","subdistrict_name":"Theog Tehsil","subdistrict_type":"Tehsil / Taluk","village_lgd_code":"24109","village_name":"Fagu","khasra_plot_no":"Khasra 219/D28","recorded_area":"5.5","recorded_area_unit":"Bigha-Biswa","normalized_area_sqm":"4451.53","gis_area_sqm":"4451.53","land_use_category":"FOREST_GREEN_BELT","land_use_raw":"Bageecha Seb (Apple Orchard)","status":"SUBDIVIDED","data_freshness_status":"UNKNOWN","scenario_index":"4964","use_case_description":"Government revenue lien and tax demand","mutation_workflow_status":"UNDER_VERIFICATION","revenue_record_id":"ROR-HP-2025-1009-0028","revenue_record_type":"Jamabandi (HimBhoomi)","khata_khewat_no":"KHT-59","khatauni_no":"KHN-159","owner_name":"Rajinder Singh Thakur","owner_name_local":"राजिंदर सिंह ठाकुर","co_owners":"","tenure_type":"Leasehold","mutation_status":"UNMUTATED_TRANSACTION","active_mutation_id":"MUT-HP-00000028","tax_demand_status":"PAID","annual_tax_inr":"185.5","deed_number":"DEED-HP-2024-409-0028","deed_type":"Sale Deed / Conveyance","sro_office":"Sub-Registrar Office, Theog Tehsil","execution_date":"2024-05-10","registered_owner":"Registry Variance Owner 28","seller_name":"Previous Landholder","consideration_amount_inr":"3500000.0","stamp_duty_inr":"210000.0","survey_sketch_id":"FMB-HP-09-0028","cadastral_sheet_no":"SHT-HP-09","surveyed_area_sqm":"4451.53","survey_status":"SURVEYED","urban_authority":"Theog Tehsil Urban Development & Town Planning Authority","zone_name":"Agricultural / Green Buffer","permitted_land_use":"FOREST_GREEN_BELT","building_permission_status":"SANCTIONED","violations_reported":"False","is_encumbered":"True","encumbrance_certificate_number":"EC-HP-00000028-0028","encumbrance_type":"COURT_ATTACHMENT","financial_institution":"","mortgage_amount":"0.0","created_at":"2026-01-15T09:00:00Z","updated_at":"2026-09-24T11:30:00Z"}},{"type":"Feature","geometry":{"type":"Polygon","coordinates":[[[78.14639800125806,30.83966449610183],[78.26379272844929,30.82321727969846],[78.27572097034174,30.99367651890087],[78.12636933809974,30.96170361609956],[78.14639800125806,30.83966449610183]]]},"properties":{"ulpin":"02910126553824","parcel_id":"419afd59-f3e1-40aa-8a8c-6632c9cb95dc","state":"Himachal Pradesh","state_code":"HP","state_type":"STATE","state_lgd_code":"2","district_lgd_code":"25","district_name":"Shimla","subdistrict_lgd_code":"190","subdistrict_name":"Theog Tehsil","subdistrict_type":"Tehsil / Taluk","village_lgd_code":"24109","village_name":"Fagu","khasra_plot_no":"Khasra 219/D29","recorded_area":"5.5","recorded_area_unit":"Bigha-Biswa","normalized_area_sqm":"4451.53","gis_area_sqm":"4451.53","land_use_category":"WATER_BODY","land_use_raw":"Bageecha Seb (Apple Orchard)","status":"AMALGAMATED","data_freshness_status":"CURRENT","scenario_index":"4965","use_case_description":"Court attachment and disputed possession","mutation_workflow_status":"NOTICE_PERIOD","revenue_record_id":"ROR-HP-2025-1009-0029","revenue_record_type":"Jamabandi (HimBhoomi)","khata_khewat_no":"KHT-59","khatauni_no":"KHN-159","owner_name":"Rajinder Singh Thakur","owner_name_local":"राजिंदर सिंह ठाकुर","co_owners":"","tenure_type":"Government Grant","mutation_status":"REJECTED","active_mutation_id":"MUT-HP-00000029","tax_demand_status":"PAID","annual_tax_inr":"185.5","deed_number":"DEED-HP-2024-409-0029","deed_type":"Sale Deed / Conveyance","sro_office":"Sub-Registrar Office, Theog Tehsil","execution_date":"2024-05-10","registered_owner":"Rajinder Singh Thakur","seller_name":"Previous Landholder","consideration_amount_inr":"3500000.0","stamp_duty_inr":"210000.0","survey_sketch_id":"FMB-HP-09-0029","cadastral_sheet_no":"SHT-HP-09","surveyed_area_sqm":"4451.53","survey_status":"PENDING","urban_authority":"Theog Tehsil Urban Development & Town Planning Authority","zone_name":"Agricultural / Green Buffer","permitted_land_use":"WATER_BODY","building_permission_status":"PENDING","violations_reported":"False","is_encumbered":"True","encumbrance_certificate_number":"EC-HP-00000029-0029","encumbrance_type":"TRIBAL_NON_ALIENATION","financial_institution":"","mortgage_amount":"0.0","created_at":"2026-01-15T09:00:00Z","updated_at":"2026-09-24T11:30:00Z"}},{"type":"Feature","geometry":{"type":"Polygon","coordinates":[[[76.52417972703941,30.148320726247608],[76.64330669500897,30.16722319461031],[76.65118635116214,30.247024359199884],[76.5484139557646,30.263167499880247],[76.52417972703941,30.148320726247608]]]},"properties":{"ulpin":"02026699919275","parcel_id":"b19a5baf-6d70-4464-952d-f6dcfb1e693c","state":"Himachal Pradesh","state_code":"HP","state_type":"STATE","state_lgd_code":"2","district_lgd_code":"25","district_name":"Shimla","subdistrict_lgd_code":"190","subdistrict_name":"Theog Tehsil","subdistrict_type":"Tehsil / Taluk","village_lgd_code":"24109","village_name":"Fagu","khasra_plot_no":"Khasra 219/D30","recorded_area":"5.5","recorded_area_unit":"Bigha-Biswa","normalized_area_sqm":"4451.53","gis_area_sqm":"4451.53","land_use_category":"MIXED_USE","land_use_raw":"Bageecha Seb (Apple Orchard)","status":"DISPUTED","data_freshness_status":"STALE","scenario_index":"4966","use_case_description":"Tribal non-alienation protection review","mutation_workflow_status":"HEARING_SCHEDULED","revenue_record_id":"ROR-HP-2025-1009-0030","revenue_record_type":"Jamabandi (HimBhoomi)","khata_khewat_no":"KHT-59","khatauni_no":"KHN-159","owner_name":"Rajinder Singh Thakur","owner_name_local":"राजिंदर सिंह ठाकुर","co_owners":"","tenure_type":"Waqf / Religious Trust","mutation_status":"DISPUTED","active_mutation_id":"MUT-HP-00000030","tax_demand_status":"PAID","annual_tax_inr":"185.5","deed_number":"DEED-HP-2024-409-0030","deed_type":"Sale Deed / Conveyance","sro_office":"Sub-Registrar Office, Theog Tehsil","execution_date":"2024-05-10","registered_owner":"Rajinder Singh Thakur","seller_name":"Previous Landholder","consideration_amount_inr":"3500000.0","stamp_duty_inr":"210000.0","survey_sketch_id":"FMB-HP-09-0030","cadastral_sheet_no":"SHT-HP-09","surveyed_area_sqm":"4451.53","survey_status":"DISPUTED","urban_authority":"Theog Tehsil Urban Development & Town Planning Authority","zone_name":"Agricultural / Green Buffer","permitted_land_use":"MIXED_USE","building_permission_status":"REJECTED","violations_reported":"False","is_encumbered":"True","encumbrance_certificate_number":"EC-HP-00000030-0030","encumbrance_type":"LEASE_CHARGE","financial_institution":"","mortgage_amount":"0.0","created_at":"2026-01-15T09:00:00Z","updated_at":"2026-09-24T11:30:00Z"}},{"type":"Feature","geometry":{"type":"Polygon","coordinates":[[[76.30166191162103,30.148549972507265],[76.409760453378,30.139041279339118],[76.42988280128468,30.256041502310346],[76.30166191162103,30.256683034555575],[76.30166191162103,30.148549972507265]]]},"properties":{"ulpin":"02831106808620","parcel_id":"eb5ced09-faff-45b7-80a3-3f14dff6b787","state":"Himachal Pradesh","state_code":"HP","state_type":"STATE","state_lgd_code":"2","district_lgd_code":"25","district_name":"Shimla","subdistrict_lgd_code":"190","subdistrict_name":"Theog Tehsil","subdistrict_type":"Tehsil / Taluk","village_lgd_code":"24109","village_name":"Fagu","khasra_plot_no":"Khasra 219/D31","recorded_area":"5.5","recorded_area_unit":"Bigha-Biswa","normalized_area_sqm":"4451.53","gis_area_sqm":"4451.53","land_use_category":"OTHER","land_use_raw":"Bageecha Seb (Apple Orchard)","status":"ARCHIVED","data_freshness_status":"UNKNOWN","scenario_index":"4967","use_case_description":"Pending sale mutation within statutory SLA","mutation_workflow_status":"APPROVED","revenue_record_id":"ROR-HP-2025-1009-0031","revenue_record_type":"Jamabandi (HimBhoomi)","khata_khewat_no":"KHT-59","khatauni_no":"KHN-159","owner_name":"Rajinder Singh Thakur","owner_name_local":"राजिंदर सिंह ठाकुर","co_owners":"","tenure_type":"Tribal Community Tenure","mutation_status":"NONE","active_mutation_id":"MUT-HP-00000031","tax_demand_status":"PAID","annual_tax_inr":"185.5","deed_number":"DEED-HP-2024-409-0031","deed_type":"Sale Deed / Conveyance","sro_office":"Sub-Registrar Office, Theog Tehsil","execution_date":"2024-05-10","registered_owner":"Rajinder Singh Thakur","seller_name":"Previous Landholder","consideration_amount_inr":"3500000.0","stamp_duty_inr":"210000.0","survey_sketch_id":"FMB-HP-09-0031","cadastral_sheet_no":"SHT-HP-09","surveyed_area_sqm":"4451.53","survey_status":"RESURVEY_REQUIRED","urban_authority":"Theog Tehsil Urban Development & Town Planning Authority","zone_name":"Agricultural / Green Buffer","permitted_land_use":"OTHER","building_permission_status":"NOT_APPLICABLE","violations_reported":"False","is_encumbered":"False","encumbrance_certificate_number":"EC-HP-2024-109-0031","encumbrance_type":"NIL","financial_institution":"","mortgage_amount":"0.0","created_at":"2026-01-15T09:00:00Z","updated_at":"2026-09-24T11:30:00Z"}},{"type":"Feature","geometry":{"type":"Polygon","coordinates":[[[76.74229123731196,30.846454343865016],[76.86599663715022,30.82088947479911],[76.86599663715022,30.957672195171856],[76.76977777537334,30.96016255969571],[76.74229123731196,30.846454343865016]]]},"properties":{"ulpin":"02222867865638","parcel_id":"7c756ad5-9796-41de-96b6-a089fe462bca","state":"Himachal Pradesh","state_code":"HP","state_type":"STATE","state_lgd_code":"2","district_lgd_code":"25","district_name":"Shimla","subdistrict_lgd_code":"190","subdistrict_name":"Theog Tehsil","subdistrict_type":"Tehsil / Taluk","village_lgd_code":"24109","village_name":"Fagu","khasra_plot_no":"Khasra 219/D32","recorded_area":"5.5","recorded_area_unit":"Bigha-Biswa","normalized_area_sqm":"4451.53","gis_area_sqm":"4451.53","land_use_category":"RESIDENTIAL","land_use_raw":"Bageecha Seb (Apple Orchard)","status":"ACTIVE","data_freshness_status":"CURRENT","scenario_index":"4968","use_case_description":"Subdivision or amalgamation history review","mutation_workflow_status":"REJECTED","revenue_record_id":"ROR-HP-2025-1009-0032","revenue_record_type":"Jamabandi (HimBhoomi)","khata_khewat_no":"KHT-59","khatauni_no":"KHN-159","owner_name":"Rajinder Singh Thakur","owner_name_local":"राजिंदर सिंह ठाकुर","co_owners":"","tenure_type":"Bhumiswami / Raiyati with Transferable Rights","mutation_status":"MUTATED","active_mutation_id":"","tax_demand_status":"PAID","annual_tax_inr":"185.5","deed_number":"DEED-HP-2024-409-0032","deed_type":"Sale Deed / Conveyance","sro_office":"Sub-Registrar Office, Theog Tehsil","execution_date":"2024-05-10","registered_owner":"Rajinder Singh Thakur","seller_name":"Previous Landholder","consideration_amount_inr":"3500000.0","stamp_duty_inr":"210000.0","survey_sketch_id":"FMB-HP-09-0032","cadastral_sheet_no":"SHT-HP-09","surveyed_area_sqm":"4451.53","survey_status":"SURVEYED","urban_authority":"Theog Tehsil Urban Development & Town Planning Authority","zone_name":"Agricultural / Green Buffer","permitted_land_use":"RESIDENTIAL","building_permission_status":"SANCTIONED","violations_reported":"False","is_encumbered":"True","encumbrance_certificate_number":"EC-HP-00000032-0032","encumbrance_type":"BANK_MORTGAGE","financial_institution":"","mortgage_amount":"0.0","created_at":"2026-01-15T09:00:00Z","updated_at":"2026-09-24T11:30:00Z"}},{"type":"Feature","geometry":{"type":"Polygon","coordinates":[[[77.15419532068205,30.139361924850668],[77.26078284313145,30.130407097449048],[77.25131985535468,30.253470994737672],[77.15565553922673,30.252245410375174],[77.15419532068205,30.139361924850668]]]},"properties":{"ulpin":"02334414543690","parcel_id":"9c5e5ce3-284d-4406-965c-6f1b92a01cdb","state":"Himachal Pradesh","state_code":"HP","state_type":"STATE","state_lgd_code":"2","district_lgd_code":"25","district_name":"Shimla","subdistrict_lgd_code":"190","subdistrict_name":"Theog Tehsil","subdistrict_type":"Tehsil / Taluk","village_lgd_code":"24109","village_name":"Fagu","khasra_plot_no":"Khasra 219/D33","recorded_area":"5.5","recorded_area_unit":"Bigha-Biswa","normalized_area_sqm":"4451.53","gis_area_sqm":"4451.53","land_use_category":"COMMERCIAL","land_use_raw":"Bageecha Seb (Apple Orchard)","status":"PENDING_MUTATION","data_freshness_status":"STALE","scenario_index":"4969","use_case_description":"Archived historical record for audit retrieval","mutation_workflow_status":"SLA_BREACHED","revenue_record_id":"ROR-HP-2025-1009-0033","revenue_record_type":"Jamabandi (HimBhoomi)","khata_khewat_no":"KHT-59","khatauni_no":"KHN-159","owner_name":"Rajinder Singh Thakur","owner_name_local":"राजिंदर सिंह ठाकुर","co_owners":"","tenure_type":"Bhumiswami / Freehold","mutation_status":"PENDING","active_mutation_id":"MUT-HP-00000033","tax_demand_status":"PAID","annual_tax_inr":"185.5","deed_number":"DEED-HP-2024-409-0033","deed_type":"Sale Deed / Conveyance","sro_office":"Sub-Registrar Office, Theog Tehsil","execution_date":"2024-05-10","registered_owner":"Registry Variance Owner 33","seller_name":"Previous Landholder","consideration_amount_inr":"3500000.0","stamp_duty_inr":"210000.0","survey_sketch_id":"FMB-HP-09-0033","cadastral_sheet_no":"SHT-HP-09","surveyed_area_sqm":"4451.53","survey_status":"PENDING","urban_authority":"Theog Tehsil Urban Development & Town Planning Authority","zone_name":"Agricultural / Green Buffer","permitted_land_use":"COMMERCIAL","building_permission_status":"PENDING","violations_reported":"False","is_encumbered":"True","encumbrance_certificate_number":"EC-HP-00000033-0033","encumbrance_type":"GOVT_REVENUE_LIEN","financial_institution":"","mortgage_amount":"0.0","created_at":"2026-01-15T09:00:00Z","updated_at":"2026-09-24T11:30:00Z"}},{"type":"Feature","geometry":{"type":"Polygon","coordinates":[[[78.02013053004376,30.7117670139493],[78.1410466202589,30.7117670139493],[78.14639800125806,30.83966449610183],[78.0057275093614,30.855069029984918],[78.02013053004376,30.7117670139493]]]},"properties":{"ulpin":"02409828122203","parcel_id":"6b110d07-e755-47be-bd34-a37d93b44209","state":"Himachal Pradesh","state_code":"HP","state_type":"STATE","state_lgd_code":"2","district_lgd_code":"25","district_name":"Shimla","subdistrict_lgd_code":"190","subdistrict_name":"Theog Tehsil","subdistrict_type":"Tehsil / Taluk","village_lgd_code":"24109","village_name":"Fagu","khasra_plot_no":"Khasra 219/D34","recorded_area":"5.5","recorded_area_unit":"Bigha-Biswa","normalized_area_sqm":"4451.53","gis_area_sqm":"4451.53","land_use_category":"INDUSTRIAL","land_use_raw":"Bageecha Seb (Apple Orchard)","status":"SUBDIVIDED","data_freshness_status":"UNKNOWN","scenario_index":"4970","use_case_description":"Bank mortgage and active encumbrance","mutation_workflow_status":"SUBMITTED","revenue_record_id":"ROR-HP-2025-1009-0034","revenue_record_type":"Jamabandi (HimBhoomi)","khata_khewat_no":"KHT-59","khatauni_no":"KHN-159","owner_name":"Rajinder Singh Thakur","owner_name_local":"राजिंदर सिंह ठाकुर","co_owners":"","tenure_type":"Leasehold","mutation_status":"UNMUTATED_TRANSACTION","active_mutation_id":"MUT-HP-00000034","tax_demand_status":"PAID","annual_tax_inr":"185.5","deed_number":"DEED-HP-2024-409-0034","deed_type":"Sale Deed / Conveyance","sro_office":"Sub-Registrar Office, Theog Tehsil","execution_date":"2024-05-10","registered_owner":"Rajinder Singh Thakur","seller_name":"Previous Landholder","consideration_amount_inr":"3500000.0","stamp_duty_inr":"210000.0","survey_sketch_id":"FMB-HP-09-0034","cadastral_sheet_no":"SHT-HP-09","surveyed_area_sqm":"4451.53","survey_status":"DISPUTED","urban_authority":"Theog Tehsil Urban Development & Town Planning Authority","zone_name":"Agricultural / Green Buffer","permitted_land_use":"INDUSTRIAL","building_permission_status":"REJECTED","violations_reported":"True","is_encumbered":"True","encumbrance_certificate_number":"EC-HP-00000034-0034","encumbrance_type":"COURT_ATTACHMENT","financial_institution":"","mortgage_amount":"0.0","created_at":"2026-01-15T09:00:00Z","updated_at":"2026-09-24T11:30:00Z"}},{"type":"Feature","geometry":{"type":"Polygon","coordinates":[[[76.54062859187839,29.951921929847014],[76.64673391516166,29.946930771641934],[76.66100456509135,30.03983286822186],[76.52304255559345,30.04812735782252],[76.54062859187839,29.951921929847014]]]},"properties":{"ulpin":"02780763520099","parcel_id":"ed2e8dce-ec7a-4186-9782-eb7f3cbdc961","state":"Himachal Pradesh","state_code":"HP","state_type":"STATE","state_lgd_code":"2","district_lgd_code":"25","district_name":"Shimla","subdistrict_lgd_code":"190","subdistrict_name":"Theog Tehsil","subdistrict_type":"Tehsil / Taluk","village_lgd_code":"24109","village_name":"Fagu","khasra_plot_no":"Khasra 219/D35","recorded_area":"5.5","recorded_area_unit":"Bigha-Biswa","normalized_area_sqm":"4451.53","gis_area_sqm":"4451.53","land_use_category":"AGRICULTURAL","land_use_raw":"Bageecha Seb (Apple Orchard)","status":"AMALGAMATED","data_freshness_status":"CURRENT","scenario_index":"4971","use_case_description":"Government revenue lien and tax demand","mutation_workflow_status":"UNDER_VERIFICATION","revenue_record_id":"ROR-HP-2025-1009-0035","revenue_record_type":"Jamabandi (HimBhoomi)","khata_khewat_no":"KHT-59","khatauni_no":"KHN-159","owner_name":"Rajinder Singh Thakur","owner_name_local":"राजिंदर सिंह ठाकुर","co_owners":"","tenure_type":"Government Grant","mutation_status":"REJECTED","active_mutation_id":"MUT-HP-00000035","tax_demand_status":"PAID","annual_tax_inr":"185.5","deed_number":"DEED-HP-2024-409-0035","deed_type":"Sale Deed / Conveyance","sro_office":"Sub-Registrar Office, Theog Tehsil","execution_date":"2024-05-10","registered_owner":"Rajinder Singh Thakur","seller_name":"Previous Landholder","consideration_amount_inr":"3500000.0","stamp_duty_inr":"210000.0","survey_sketch_id":"FMB-HP-09-0035","cadastral_sheet_no":"SHT-HP-09","surveyed_area_sqm":"4451.53","survey_status":"RESURVEY_REQUIRED","urban_authority":"Theog Tehsil Urban Development & Town Planning Authority","zone_name":"Agricultural / Green Buffer","permitted_land_use":"AGRICULTURAL","building_permission_status":"NOT_APPLICABLE","violations_reported":"False","is_encumbered":"True","encumbrance_certificate_number":"EC-HP-00000035-0035","encumbrance_type":"TRIBAL_NON_ALIENATION","financial_institution":"","mortgage_amount":"0.0","created_at":"2026-01-15T09:00:00Z","updated_at":"2026-09-24T11:30:00Z"}},{"type":"Feature","geometry":{"type":"Polygon","coordinates":[[[77.35317767618868,29.743683053387922],[77.4333454019798,29.743683053387922],[77.44873883144604,29.832095932746743],[77.3446494597984,29.841763639563105],[77.35317767618868,29.743683053387922]]]},"properties":{"ulpin":"02518498906922","parcel_id":"2bbb83fe-5fa3-4b16-9cb1-40cbfe122116","state":"Himachal Pradesh","state_code":"HP","state_type":"STATE","state_lgd_code":"2","district_lgd_code":"25","district_name":"Shimla","subdistrict_lgd_code":"190","subdistrict_name":"Theog Tehsil","subdistrict_type":"Tehsil / Taluk","village_lgd_code":"24109","village_name":"Fagu","khasra_plot_no":"Khasra 219/D36","recorded_area":"5.5","recorded_area_unit":"Bigha-Biswa","normalized_area_sqm":"4451.53","gis_area_sqm":"4451.53","land_use_category":"INSTITUTIONAL","land_use_raw":"Bageecha Seb (Apple Orchard)","status":"DISPUTED","data_freshness_status":"STALE","scenario_index":"4972","use_case_description":"Court attachment and disputed possession","mutation_workflow_status":"NOTICE_PERIOD","revenue_record_id":"ROR-HP-2025-1009-0036","revenue_record_type":"Jamabandi (HimBhoomi)","khata_khewat_no":"KHT-59","khatauni_no":"KHN-159","owner_name":"Rajinder Singh Thakur","owner_name_local":"राजिंदर सिंह ठाकुर","co_owners":"","tenure_type":"Waqf / Religious Trust","mutation_status":"DISPUTED","active_mutation_id":"MUT-HP-00000036","tax_demand_status":"PAID","annual_tax_inr":"185.5","deed_number":"DEED-HP-2024-409-0036","deed_type":"Sale Deed / Conveyance","sro_office":"Sub-Registrar Office, Theog Tehsil","execution_date":"2024-05-10","registered_owner":"Rajinder Singh Thakur","seller_name":"Previous Landholder","consideration_amount_inr":"3500000.0","stamp_duty_inr":"210000.0","survey_sketch_id":"FMB-HP-09-0036","cadastral_sheet_no":"SHT-HP-09","surveyed_area_sqm":"4451.53","survey_status":"SURVEYED","urban_authority":"Theog Tehsil Urban Development & Town Planning Authority","zone_name":"Agricultural / Green Buffer","permitted_land_use":"INSTITUTIONAL","building_permission_status":"SANCTIONED","violations_reported":"False","is_encumbered":"True","encumbrance_certificate_number":"EC-HP-00000036-0036","encumbrance_type":"LEASE_CHARGE","financial_institution":"","mortgage_amount":"0.0","created_at":"2026-01-15T09:00:00Z","updated_at":"2026-09-24T11:30:00Z"}},{"type":"Feature","geometry":{"type":"Polygon","coordinates":[[[76.53874572425993,29.81138542314159],[76.64402957831547,29.825124679233998],[76.64673391516166,29.946930771641934],[76.54062859187839,29.951921929847014],[76.53874572425993,29.81138542314159]]]},"properties":{"ulpin":"02245360126940","parcel_id":"cc2a5f12-22c5-4366-8530-3626b0b37aaa","state":"Himachal Pradesh","state_code":"HP","state_type":"STATE","state_lgd_code":"2","district_lgd_code":"25","district_name":"Shimla","subdistrict_lgd_code":"190","subdistrict_name":"Theog Tehsil","subdistrict_type":"Tehsil / Taluk","village_lgd_code":"24109","village_name":"Fagu","khasra_plot_no":"Khasra 219/D37","recorded_area":"5.5","recorded_area_unit":"Bigha-Biswa","normalized_area_sqm":"4451.53","gis_area_sqm":"4451.53","land_use_category":"FOREST_GREEN_BELT","land_use_raw":"Bageecha Seb (Apple Orchard)","status":"ARCHIVED","data_freshness_status":"UNKNOWN","scenario_index":"4973","use_case_description":"Bank mortgage and active encumbrance","mutation_workflow_status":"HEARING_SCHEDULED","revenue_record_id":"ROR-HP-2025-1009-0037","revenue_record_type":"Jamabandi (HimBhoomi)","khata_khewat_no":"KHT-59","khatauni_no":"KHN-159","owner_name":"Rajinder Singh Thakur","owner_name_local":"राजिंदर सिंह ठाकुर","co_owners":"","tenure_type":"Tribal Community Tenure","mutation_status":"NONE","active_mutation_id":"MUT-HP-00000037","tax_demand_status":"PAID","annual_tax_inr":"185.5","deed_number":"DEED-HP-2024-409-0037","deed_type":"Sale Deed / Conveyance","sro_office":"Sub-Registrar Office, Theog Tehsil","execution_date":"2024-05-10","registered_owner":"Rajinder Singh Thakur","seller_name":"Previous Landholder","consideration_amount_inr":"3500000.0","stamp_duty_inr":"210000.0","survey_sketch_id":"FMB-HP-09-0037","cadastral_sheet_no":"SHT-HP-09","surveyed_area_sqm":"4451.53","survey_status":"PENDING","urban_authority":"Theog Tehsil Urban Development & Town Planning Authority","zone_name":"Agricultural / Green Buffer","permitted_land_use":"FOREST_GREEN_BELT","building_permission_status":"PENDING","violations_reported":"False","is_encumbered":"False","encumbrance_certificate_number":"EC-HP-2024-109-0037","encumbrance_type":"NIL","financial_institution":"","mortgage_amount":"0.0","created_at":"2026-01-15T09:00:00Z","updated_at":"2026-09-24T11:30:00Z"}},{"type":"Feature","geometry":{"type":"Polygon","coordinates":[[[76.762335821801,31.089049552740732],[76.86599663715022,31.08468823141151],[76.86599663715022,31.236153480167765],[76.74675900811509,31.236153480167765],[76.762335821801,31.089049552740732]]]},"properties":{"ulpin":"02213784527431","parcel_id":"ce1b7616-dafb-46d6-9b38-5f75372f1e9e","state":"Himachal Pradesh","state_code":"HP","state_type":"STATE","state_lgd_code":"2","district_lgd_code":"25","district_name":"Shimla","subdistrict_lgd_code":"190","subdistrict_name":"Theog Tehsil","subdistrict_type":"Tehsil / Taluk","village_lgd_code":"24109","village_name":"Fagu","khasra_plot_no":"Khasra 219/D38","recorded_area":"5.5","recorded_area_unit":"Bigha-Biswa","normalized_area_sqm":"4451.53","gis_area_sqm":"4451.53","land_use_category":"WATER_BODY","land_use_raw":"Bageecha Seb (Apple Orchard)","status":"ACTIVE","data_freshness_status":"CURRENT","scenario_index":"4974","use_case_description":"Lease charge and institutional tenancy","mutation_workflow_status":"APPROVED","revenue_record_id":"ROR-HP-2025-1009-0038","revenue_record_type":"Jamabandi (HimBhoomi)","khata_khewat_no":"KHT-59","khatauni_no":"KHN-159","owner_name":"Rajinder Singh Thakur","owner_name_local":"राजिंदर सिंह ठाकुर","co_owners":"","tenure_type":"Bhumiswami / Raiyati with Transferable Rights","mutation_status":"MUTATED","active_mutation_id":"","tax_demand_status":"PAID","annual_tax_inr":"185.5","deed_number":"DEED-HP-2024-409-0038","deed_type":"Sale Deed / Conveyance","sro_office":"Sub-Registrar Office, Theog Tehsil","execution_date":"2024-05-10","registered_owner":"Registry Variance Owner 38","seller_name":"Previous Landholder","consideration_amount_inr":"3500000.0","stamp_duty_inr":"210000.0","survey_sketch_id":"FMB-HP-09-0038","cadastral_sheet_no":"SHT-HP-09","surveyed_area_sqm":"4451.53","survey_status":"DISPUTED","urban_authority":"Theog Tehsil Urban Development & Town Planning Authority","zone_name":"Agricultural / Green Buffer","permitted_land_use":"WATER_BODY","building_permission_status":"REJECTED","violations_reported":"False","is_encumbered":"True","encumbrance_certificate_number":"EC-HP-00000038-0038","encumbrance_type":"BANK_MORTGAGE","financial_institution":"","mortgage_amount":"0.0","created_at":"2026-01-15T09:00:00Z","updated_at":"2026-09-24T11:30:00Z"}},{"type":"Feature","geometry":{"type":"Polygon","coordinates":[[[76.64673391516166,29.946930771641934],[76.7476031851525,29.935085991966616],[76.76870149842486,30.051476478783623],[76.66100456509135,30.03983286822186],[76.64673391516166,29.946930771641934]]]},"properties":{"ulpin":"02393797929419","parcel_id":"ec078fc3-01f9-4f11-ba3a-42e950b44c22","state":"Himachal Pradesh","state_code":"HP","state_type":"STATE","state_lgd_code":"2","district_lgd_code":"25","district_name":"Shimla","subdistrict_lgd_code":"190","subdistrict_name":"Theog Tehsil","subdistrict_type":"Tehsil / Taluk","village_lgd_code":"24109","village_name":"Fagu","khasra_plot_no":"Khasra 219/D39","recorded_area":"5.5","recorded_area_unit":"Bigha-Biswa","normalized_area_sqm":"4451.53","gis_area_sqm":"4451.53","land_use_category":"MIXED_USE","land_use_raw":"Bageecha Seb (Apple Orchard)","status":"PENDING_MUTATION","data_freshness_status":"STALE","scenario_index":"4975","use_case_description":"Subdivision or amalgamation history review","mutation_workflow_status":"REJECTED","revenue_record_id":"ROR-HP-2025-1009-0039","revenue_record_type":"Jamabandi (HimBhoomi)","khata_khewat_no":"KHT-59","khatauni_no":"KHN-159","owner_name":"Rajinder Singh Thakur","owner_name_local":"राजिंदर सिंह ठाकुर","co_owners":"","tenure_type":"Bhumiswami / Freehold","mutation_status":"PENDING","active_mutation_id":"MUT-HP-00000039","tax_demand_status":"PAID","annual_tax_inr":"185.5","deed_number":"DEED-HP-2024-409-0039","deed_type":"Sale Deed / Conveyance","sro_office":"Sub-Registrar Office, Theog Tehsil","execution_date":"2024-05-10","registered_owner":"Rajinder Singh Thakur","seller_name":"Previous Landholder","consideration_amount_inr":"3500000.0","stamp_duty_inr":"210000.0","survey_sketch_id":"FMB-HP-09-0039","cadastral_sheet_no":"SHT-HP-09","surveyed_area_sqm":"4451.53","survey_status":"RESURVEY_REQUIRED","urban_authority":"Theog Tehsil Urban Development & Town Planning Authority","zone_name":"Agricultural / Green Buffer","permitted_land_use":"MIXED_USE","building_permission_status":"NOT_APPLICABLE","violations_reported":"False","is_encumbered":"True","encumbrance_certificate_number":"EC-HP-00000039-0039","encumbrance_type":"GOVT_REVENUE_LIEN","financial_institution":"","mortgage_amount":"0.0","created_at":"2026-01-15T09:00:00Z","updated_at":"2026-09-24T11:30:00Z"}},{"type":"Feature","geometry":{"type":"Polygon","coordinates":[[[77.99803761908278,31.25788857787462],[78.14327704317786,31.22115470823949],[78.14764466168704,31.37063430759752],[77.99276259014003,31.37063430759752],[77.99803761908278,31.25788857787462]]]},"properties":{"ulpin":"02924771033411","parcel_id":"0dfd1aa8-fa3d-4245-ab93-95802702e08b","state":"Himachal Pradesh","state_code":"HP","state_type":"STATE","state_lgd_code":"2","district_lgd_code":"25","district_name":"Shimla","subdistrict_lgd_code":"190","subdistrict_name":"Theog Tehsil","subdistrict_type":"Tehsil / Taluk","village_lgd_code":"24109","village_name":"Fagu","khasra_plot_no":"Khasra 219/D40","recorded_area":"5.5","recorded_area_unit":"Bigha-Biswa","normalized_area_sqm":"4451.53","gis_area_sqm":"4451.53","land_use_category":"OTHER","land_use_raw":"Bageecha Seb (Apple Orchard)","status":"SUBDIVIDED","data_freshness_status":"UNKNOWN","scenario_index":"4976","use_case_description":"Archived historical record for audit retrieval","mutation_workflow_status":"SLA_BREACHED","revenue_record_id":"ROR-HP-2025-1009-0040","revenue_record_type":"Jamabandi (HimBhoomi)","khata_khewat_no":"KHT-59","khatauni_no":"KHN-159","owner_name":"Rajinder Singh Thakur","owner_name_local":"राजिंदर सिंह ठाकुर","co_owners":"","tenure_type":"Leasehold","mutation_status":"UNMUTATED_TRANSACTION","active_mutation_id":"MUT-HP-00000040","tax_demand_status":"PAID","annual_tax_inr":"185.5","deed_number":"DEED-HP-2024-409-0040","deed_type":"Sale Deed / Conveyance","sro_office":"Sub-Registrar Office, Theog Tehsil","execution_date":"2024-05-10","registered_owner":"Rajinder Singh Thakur","seller_name":"Previous Landholder","consideration_amount_inr":"3500000.0","stamp_duty_inr":"210000.0","survey_sketch_id":"FMB-HP-09-0040","cadastral_sheet_no":"SHT-HP-09","surveyed_area_sqm":"4451.53","survey_status":"SURVEYED","urban_authority":"Theog Tehsil Urban Development & Town Planning Authority","zone_name":"Agricultural / Green Buffer","permitted_land_use":"OTHER","building_permission_status":"SANCTIONED","violations_reported":"False","is_encumbered":"True","encumbrance_certificate_number":"EC-HP-00000040-0040","encumbrance_type":"COURT_ATTACHMENT","financial_institution":"","mortgage_amount":"0.0","created_at":"2026-01-15T09:00:00Z","updated_at":"2026-09-24T11:30:00Z"}},{"type":"Feature","geometry":{"type":"Polygon","coordinates":[[[77.44730848949193,29.948419513208265],[77.5256369236202,29.939110345580403],[77.5256369236202,30.05821558167939],[77.4427232594341,30.048689264882995],[77.44730848949193,29.948419513208265]]]},"properties":{"ulpin":"02534817757518","parcel_id":"76ff25d1-7a6d-4b19-ae83-6b5409c4a9cb","state":"Himachal Pradesh","state_code":"HP","state_type":"STATE","state_lgd_code":"2","district_lgd_code":"25","district_name":"Shimla","subdistrict_lgd_code":"190","subdistrict_name":"Theog Tehsil","subdistrict_type":"Tehsil / Taluk","village_lgd_code":"24109","village_name":"Fagu","khasra_plot_no":"Khasra 219/D41","recorded_area":"5.5","recorded_area_unit":"Bigha-Biswa","normalized_area_sqm":"4451.53","gis_area_sqm":"4451.53","land_use_category":"RESIDENTIAL","land_use_raw":"Bageecha Seb (Apple Orchard)","status":"AMALGAMATED","data_freshness_status":"CURRENT","scenario_index":"4977","use_case_description":"Bank mortgage and active encumbrance","mutation_workflow_status":"SUBMITTED","revenue_record_id":"ROR-HP-2025-1009-0041","revenue_record_type":"Jamabandi (HimBhoomi)","khata_khewat_no":"KHT-59","khatauni_no":"KHN-159","owner_name":"Rajinder Singh Thakur","owner_name_local":"राजिंदर सिंह ठाकुर","co_owners":"","tenure_type":"Government Grant","mutation_status":"REJECTED","active_mutation_id":"MUT-HP-00000041","tax_demand_status":"PAID","annual_tax_inr":"185.5","deed_number":"DEED-HP-2024-409-0041","deed_type":"Sale Deed / Conveyance","sro_office":"Sub-Registrar Office, Theog Tehsil","execution_date":"2024-05-10","registered_owner":"Rajinder Singh Thakur","seller_name":"Previous Landholder","consideration_amount_inr":"3500000.0","stamp_duty_inr":"210000.0","survey_sketch_id":"FMB-HP-09-0041","cadastral_sheet_no":"SHT-HP-09","surveyed_area_sqm":"4451.53","survey_status":"PENDING","urban_authority":"Theog Tehsil Urban Development & Town Planning Authority","zone_name":"Agricultural / Green Buffer","permitted_land_use":"RESIDENTIAL","building_permission_status":"PENDING","violations_reported":"True","is_encumbered":"True","encumbrance_certificate_number":"EC-HP-00000041-0041","encumbrance_type":"TRIBAL_NON_ALIENATION","financial_institution":"","mortgage_amount":"0.0","created_at":"2026-01-15T09:00:00Z","updated_at":"2026-09-24T11:30:00Z"}},{"type":"Feature","geometry":{"type":"Polygon","coordinates":[[[77.30753476517663,30.799674022673358],[77.4278528672307,30.799674022673358],[77.43786244899178,30.912960805843014],[77.30025702645246,30.91641569902602],[77.30753476517663,30.799674022673358]]]},"properties":{"ulpin":"02186663831775","parcel_id":"6eb3df94-7273-41de-9226-1472aacdecbe","state":"Himachal Pradesh","state_code":"HP","state_type":"STATE","state_lgd_code":"2","district_lgd_code":"25","district_name":"Shimla","subdistrict_lgd_code":"190","subdistrict_name":"Theog Tehsil","subdistrict_type":"Tehsil / Taluk","village_lgd_code":"24109","village_name":"Fagu","khasra_plot_no":"Khasra 219/D42","recorded_area":"5.5","recorded_area_unit":"Bigha-Biswa","normalized_area_sqm":"4451.53","gis_area_sqm":"4451.53","land_use_category":"COMMERCIAL","land_use_raw":"Bageecha Seb (Apple Orchard)","status":"DISPUTED","data_freshness_status":"STALE","scenario_index":"4978","use_case_description":"Government revenue lien and tax demand","mutation_workflow_status":"UNDER_VERIFICATION","revenue_record_id":"ROR-HP-2025-1009-0042","revenue_record_type":"Jamabandi (HimBhoomi)","khata_khewat_no":"KHT-59","khatauni_no":"KHN-159","owner_name":"Rajinder Singh Thakur","owner_name_local":"राजिंदर सिंह ठाकुर","co_owners":"","tenure_type":"Waqf / Religious Trust","mutation_status":"DISPUTED","active_mutation_id":"MUT-HP-00000042","tax_demand_status":"PAID","annual_tax_inr":"185.5","deed_number":"DEED-HP-2024-409-0042","deed_type":"Sale Deed / Conveyance","sro_office":"Sub-Registrar Office, Theog Tehsil","execution_date":"2024-05-10","registered_owner":"Rajinder Singh Thakur","seller_name":"Previous Landholder","consideration_amount_inr":"3500000.0","stamp_duty_inr":"210000.0","survey_sketch_id":"FMB-HP-09-0042","cadastral_sheet_no":"SHT-HP-09","surveyed_area_sqm":"4451.53","survey_status":"DISPUTED","urban_authority":"Theog Tehsil Urban Development & Town Planning Authority","zone_name":"Agricultural / Green Buffer","permitted_land_use":"COMMERCIAL","building_permission_status":"REJECTED","violations_reported":"False","is_encumbered":"True","encumbrance_certificate_number":"EC-HP-00000042-0042","encumbrance_type":"LEASE_CHARGE","financial_institution":"","mortgage_amount":"0.0","created_at":"2026-01-15T09:00:00Z","updated_at":"2026-09-24T11:30:00Z"}},{"type":"Feature","geometry":{"type":"Polygon","coordinates":[[[77.06636738168042,30.9338405992798],[77.16972035681971,30.92368259940362],[77.1818416244552,31.049163685619703],[77.06636738168042,31.06165613353197],[77.06636738168042,30.9338405992798]]]},"properties":{"ulpin":"02592455236167","parcel_id":"7a1dfa27-8695-4b8f-8ee1-66444beb6d12","state":"Himachal Pradesh","state_code":"HP","state_type":"STATE","state_lgd_code":"2","district_lgd_code":"25","district_name":"Shimla","subdistrict_lgd_code":"190","subdistrict_name":"Theog Tehsil","subdistrict_type":"Tehsil / Taluk","village_lgd_code":"24109","village_name":"Fagu","khasra_plot_no":"Khasra 219/D43","recorded_area":"5.5","recorded_area_unit":"Bigha-Biswa","normalized_area_sqm":"4451.53","gis_area_sqm":"4451.53","land_use_category":"INDUSTRIAL","land_use_raw":"Bageecha Seb (Apple Orchard)","status":"ARCHIVED","data_freshness_status":"UNKNOWN","scenario_index":"4979","use_case_description":"Archived historical record for audit retrieval","mutation_workflow_status":"NOTICE_PERIOD","revenue_record_id":"ROR-HP-2025-1009-0043","revenue_record_type":"Jamabandi (HimBhoomi)","khata_khewat_no":"KHT-59","khatauni_no":"KHN-159","owner_name":"Rajinder Singh Thakur","owner_name_local":"राजिंदर सिंह ठाकुर","co_owners":"","tenure_type":"Tribal Community Tenure","mutation_status":"NONE","active_mutation_id":"MUT-HP-00000043","tax_demand_status":"PAID","annual_tax_inr":"185.5","deed_number":"DEED-HP-2024-409-0043","deed_type":"Sale Deed / Conveyance","sro_office":"Sub-Registrar Office, Theog Tehsil","execution_date":"2024-05-10","registered_owner":"Registry Variance Owner 43","seller_name":"Previous Landholder","consideration_amount_inr":"3500000.0","stamp_duty_inr":"210000.0","survey_sketch_id":"FMB-HP-09-0043","cadastral_sheet_no":"SHT-HP-09","surveyed_area_sqm":"4451.53","survey_status":"RESURVEY_REQUIRED","urban_authority":"Theog Tehsil Urban Development & Town Planning Authority","zone_name":"Agricultural / Green Buffer","permitted_land_use":"INDUSTRIAL","building_permission_status":"NOT_APPLICABLE","violations_reported":"False","is_encumbered":"False","encumbrance_certificate_number":"EC-HP-2024-109-0043","encumbrance_type":"NIL","financial_institution":"","mortgage_amount":"0.0","created_at":"2026-01-15T09:00:00Z","updated_at":"2026-09-24T11:30:00Z"}},{"type":"Feature","geometry":{"type":"Polygon","coordinates":[[[77.15565553922673,30.252245410375174],[77.25131985535468,30.253470994737672],[77.24947541140098,30.34388915951664],[77.16091882394605,30.34388915951664],[77.15565553922673,30.252245410375174]]]},"properties":{"ulpin":"02355807643976","parcel_id":"c5c64778-0700-4a66-bc95-ab021b5027a6","state":"Himachal Pradesh","state_code":"HP","state_type":"STATE","state_lgd_code":"2","district_lgd_code":"25","district_name":"Shimla","subdistrict_lgd_code":"190","subdistrict_name":"Theog Tehsil","subdistrict_type":"Tehsil / Taluk","village_lgd_code":"24109","village_name":"Fagu","khasra_plot_no":"Khasra 219/D44","recorded_area":"5.5","recorded_area_unit":"Bigha-Biswa","normalized_area_sqm":"4451.53","gis_area_sqm":"4451.53","land_use_category":"AGRICULTURAL","land_use_raw":"Bageecha Seb (Apple Orchard)","status":"ACTIVE","data_freshness_status":"CURRENT","scenario_index":"4980","use_case_description":"Tribal non-alienation protection review","mutation_workflow_status":"HEARING_SCHEDULED","revenue_record_id":"ROR-HP-2025-1009-0044","revenue_record_type":"Jamabandi (HimBhoomi)","khata_khewat_no":"KHT-59","khatauni_no":"KHN-159","owner_name":"Rajinder Singh Thakur","owner_name_local":"राजिंदर सिंह ठाकुर","co_owners":"","tenure_type":"Bhumiswami / Raiyati with Transferable Rights","mutation_status":"MUTATED","active_mutation_id":"","tax_demand_status":"PAID","annual_tax_inr":"185.5","deed_number":"DEED-HP-2024-409-0044","deed_type":"Sale Deed / Conveyance","sro_office":"Sub-Registrar Office, Theog Tehsil","execution_date":"2024-05-10","registered_owner":"Rajinder Singh Thakur","seller_name":"Previous Landholder","consideration_amount_inr":"3500000.0","stamp_duty_inr":"210000.0","survey_sketch_id":"FMB-HP-09-0044","cadastral_sheet_no":"SHT-HP-09","surveyed_area_sqm":"4451.53","survey_status":"SURVEYED","urban_authority":"Theog Tehsil Urban Development & Town Planning Authority","zone_name":"Agricultural / Green Buffer","permitted_land_use":"AGRICULTURAL","building_permission_status":"SANCTIONED","violations_reported":"False","is_encumbered":"True","encumbrance_certificate_number":"EC-HP-00000044-0044","encumbrance_type":"BANK_MORTGAGE","financial_institution":"","mortgage_amount":"0.0","created_at":"2026-01-15T09:00:00Z","updated_at":"2026-09-24T11:30:00Z"}},{"type":"Feature","geometry":{"type":"Polygon","coordinates":[[[77.07467434974379,30.14140281841882],[77.15419532068205,30.139361924850668],[77.15565553922673,30.252245410375174],[77.07467434974379,30.23421638951188],[77.07467434974379,30.14140281841882]]]},"properties":{"ulpin":"02615437252214","parcel_id":"7b3d4596-941c-4c7e-a2d0-d12620d51414","state":"Himachal Pradesh","state_code":"HP","state_type":"STATE","state_lgd_code":"2","district_lgd_code":"25","district_name":"Shimla","subdistrict_lgd_code":"190","subdistrict_name":"Theog Tehsil","subdistrict_type":"Tehsil / Taluk","village_lgd_code":"24109","village_name":"Fagu","khasra_plot_no":"Khasra 219/D45","recorded_area":"5.5","recorded_area_unit":"Bigha-Biswa","normalized_area_sqm":"4451.53","gis_area_sqm":"4451.53","land_use_category":"INSTITUTIONAL","land_use_raw":"Bageecha Seb (Apple Orchard)","status":"PENDING_MUTATION","data_freshness_status":"STALE","scenario_index":"4981","use_case_description":"Lease charge and institutional tenancy","mutation_workflow_status":"APPROVED","revenue_record_id":"ROR-HP-2025-1009-0045","revenue_record_type":"Jamabandi (HimBhoomi)","khata_khewat_no":"KHT-59","khatauni_no":"KHN-159","owner_name":"Rajinder Singh Thakur","owner_name_local":"राजिंदर सिंह ठाकुर","co_owners":"","tenure_type":"Bhumiswami / Freehold","mutation_status":"PENDING","active_mutation_id":"MUT-HP-00000045","tax_demand_status":"PAID","annual_tax_inr":"185.5","deed_number":"DEED-HP-2024-409-0045","deed_type":"Sale Deed / Conveyance","sro_office":"Sub-Registrar Office, Theog Tehsil","execution_date":"2024-05-10","registered_owner":"Rajinder Singh Thakur","seller_name":"Previous Landholder","consideration_amount_inr":"3500000.0","stamp_duty_inr":"210000.0","survey_sketch_id":"FMB-HP-09-0045","cadastral_sheet_no":"SHT-HP-09","surveyed_area_sqm":"4451.53","survey_status":"PENDING","urban_authority":"Theog Tehsil Urban Development & Town Planning Authority","zone_name":"Agricultural / Green Buffer","permitted_land_use":"INSTITUTIONAL","building_permission_status":"PENDING","violations_reported":"False","is_encumbered":"True","encumbrance_certificate_number":"EC-HP-00000045-0045","encumbrance_type":"GOVT_REVENUE_LIEN","financial_institution":"","mortgage_amount":"0.0","created_at":"2026-01-15T09:00:00Z","updated_at":"2026-09-24T11:30:00Z"}},{"type":"Feature","geometry":{"type":"Polygon","coordinates":[[[77.35269401347526,29.934475496756484],[77.44730848949193,29.948419513208265],[77.4427232594341,30.048689264882995],[77.35367423292644,30.029598575244197],[77.35269401347526,29.934475496756484]]]},"properties":{"ulpin":"02697415201491","parcel_id":"d3839e39-9ac9-4be8-9356-400411a8f038","state":"Himachal Pradesh","state_code":"HP","state_type":"STATE","state_lgd_code":"2","district_lgd_code":"25","district_name":"Shimla","subdistrict_lgd_code":"190","subdistrict_name":"Theog Tehsil","subdistrict_type":"Tehsil / Taluk","village_lgd_code":"24109","village_name":"Fagu","khasra_plot_no":"Khasra 219/D46","recorded_area":"5.5","recorded_area_unit":"Bigha-Biswa","normalized_area_sqm":"4451.53","gis_area_sqm":"4451.53","land_use_category":"FOREST_GREEN_BELT","land_use_raw":"Bageecha Seb (Apple Orchard)","status":"SUBDIVIDED","data_freshness_status":"UNKNOWN","scenario_index":"4982","use_case_description":"Subdivision or amalgamation history review","mutation_workflow_status":"REJECTED","revenue_record_id":"ROR-HP-2025-1009-0046","revenue_record_type":"Jamabandi (HimBhoomi)","khata_khewat_no":"KHT-59","khatauni_no":"KHN-159","owner_name":"Rajinder Singh Thakur","owner_name_local":"राजिंदर सिंह ठाकुर","co_owners":"","tenure_type":"Leasehold","mutation_status":"UNMUTATED_TRANSACTION","active_mutation_id":"MUT-HP-00000046","tax_demand_status":"PAID","annual_tax_inr":"185.5","deed_number":"DEED-HP-2024-409-0046","deed_type":"Sale Deed / Conveyance","sro_office":"Sub-Registrar Office, Theog Tehsil","execution_date":"2024-05-10","registered_owner":"Rajinder Singh Thakur","seller_name":"Previous Landholder","consideration_amount_inr":"3500000.0","stamp_duty_inr":"210000.0","survey_sketch_id":"FMB-HP-09-0046","cadastral_sheet_no":"SHT-HP-09","surveyed_area_sqm":"4451.53","survey_status":"DISPUTED","urban_authority":"Theog Tehsil Urban Development & Town Planning Authority","zone_name":"Agricultural / Green Buffer","permitted_land_use":"FOREST_GREEN_BELT","building_permission_status":"REJECTED","violations_reported":"False","is_encumbered":"True","encumbrance_certificate_number":"EC-HP-00000046-0046","encumbrance_type":"COURT_ATTACHMENT","financial_institution":"","mortgage_amount":"0.0","created_at":"2026-01-15T09:00:00Z","updated_at":"2026-09-24T11:30:00Z"}},{"type":"Feature","geometry":{"type":"Polygon","coordinates":[[[76.53996963935167,31.11918683266936],[76.64319792660851,31.12420700021373],[76.64818058850788,31.236153480167765],[76.54629822331168,31.236153480167765],[76.53996963935167,31.11918683266936]]]},"properties":{"ulpin":"02332002479955","parcel_id":"827f1596-59cc-45a5-8113-8ed16d4445aa","state":"Himachal Pradesh","state_code":"HP","state_type":"STATE","state_lgd_code":"2","district_lgd_code":"25","district_name":"Shimla","subdistrict_lgd_code":"190","subdistrict_name":"Theog Tehsil","subdistrict_type":"Tehsil / Taluk","village_lgd_code":"24109","village_name":"Fagu","khasra_plot_no":"Khasra 219/D47","recorded_area":"5.5","recorded_area_unit":"Bigha-Biswa","normalized_area_sqm":"4451.53","gis_area_sqm":"4451.53","land_use_category":"WATER_BODY","land_use_raw":"Bageecha Seb (Apple Orchard)","status":"AMALGAMATED","data_freshness_status":"CURRENT","scenario_index":"4983","use_case_description":"Archived historical record for audit retrieval","mutation_workflow_status":"SLA_BREACHED","revenue_record_id":"ROR-HP-2025-1009-0047","revenue_record_type":"Jamabandi (HimBhoomi)","khata_khewat_no":"KHT-59","khatauni_no":"KHN-159","owner_name":"Rajinder Singh Thakur","owner_name_local":"राजिंदर सिंह ठाकुर","co_owners":"","tenure_type":"Government Grant","mutation_status":"REJECTED","active_mutation_id":"MUT-HP-00000047","tax_demand_status":"PAID","annual_tax_inr":"185.5","deed_number":"DEED-HP-2024-409-0047","deed_type":"Sale Deed / Conveyance","sro_office":"Sub-Registrar Office, Theog Tehsil","execution_date":"2024-05-10","registered_owner":"Rajinder Singh Thakur","seller_name":"Previous Landholder","consideration_amount_inr":"3500000.0","stamp_duty_inr":"210000.0","survey_sketch_id":"FMB-HP-09-0047","cadastral_sheet_no":"SHT-HP-09","surveyed_area_sqm":"4451.53","survey_status":"RESURVEY_REQUIRED","urban_authority":"Theog Tehsil Urban Development & Town Planning Authority","zone_name":"Agricultural / Green Buffer","permitted_land_use":"WATER_BODY","building_permission_status":"NOT_APPLICABLE","violations_reported":"False","is_encumbered":"True","encumbrance_certificate_number":"EC-HP-00000047-0047","encumbrance_type":"TRIBAL_NON_ALIENATION","financial_institution":"","mortgage_amount":"0.0","created_at":"2026-01-15T09:00:00Z","updated_at":"2026-09-24T11:30:00Z"}},{"type":"Feature","geometry":{"type":"Polygon","coordinates":[[[77.24288993129088,30.04334545030569],[77.35367423292644,30.029598575244197],[77.3497922447948,30.15786060411447],[77.26078284313145,30.130407097449048],[77.24288993129088,30.04334545030569]]]},"properties":{"ulpin":"02963779081394","parcel_id":"876de317-4cec-4cf2-955c-c624dc493980","state":"Himachal Pradesh","state_code":"HP","state_type":"STATE","state_lgd_code":"2","district_lgd_code":"25","district_name":"Shimla","subdistrict_lgd_code":"190","subdistrict_name":"Theog Tehsil","subdistrict_type":"Tehsil / Taluk","village_lgd_code":"24109","village_name":"Fagu","khasra_plot_no":"Khasra 219/D48","recorded_area":"5.5","recorded_area_unit":"Bigha-Biswa","normalized_area_sqm":"4451.53","gis_area_sqm":"4451.53","land_use_category":"MIXED_USE","land_use_raw":"Bageecha Seb (Apple Orchard)","status":"DISPUTED","data_freshness_status":"STALE","scenario_index":"4984","use_case_description":"Bank mortgage and active encumbrance","mutation_workflow_status":"SUBMITTED","revenue_record_id":"ROR-HP-2025-1009-0048","revenue_record_type":"Jamabandi (HimBhoomi)","khata_khewat_no":"KHT-59","khatauni_no":"KHN-159","owner_name":"Rajinder Singh Thakur","owner_name_local":"राजिंदर सिंह ठाकुर","co_owners":"","tenure_type":"Waqf / Religious Trust","mutation_status":"DISPUTED","active_mutation_id":"MUT-HP-00000048","tax_demand_status":"PAID","annual_tax_inr":"185.5","deed_number":"DEED-HP-2024-409-0048","deed_type":"Sale Deed / Conveyance","sro_office":"Sub-Registrar Office, Theog Tehsil","execution_date":"2024-05-10","registered_owner":"Registry Variance Owner 48","seller_name":"Previous Landholder","consideration_amount_inr":"3500000.0","stamp_duty_inr":"210000.0","survey_sketch_id":"FMB-HP-09-0048","cadastral_sheet_no":"SHT-HP-09","surveyed_area_sqm":"4451.53","survey_status":"SURVEYED","urban_authority":"Theog Tehsil Urban Development & Town Planning Authority","zone_name":"Agricultural / Green Buffer","permitted_land_use":"MIXED_USE","building_permission_status":"SANCTIONED","violations_reported":"True","is_encumbered":"True","encumbrance_certificate_number":"EC-HP-00000048-0048","encumbrance_type":"LEASE_CHARGE","financial_institution":"","mortgage_amount":"0.0","created_at":"2026-01-15T09:00:00Z","updated_at":"2026-09-24T11:30:00Z"}},{"type":"Feature","geometry":{"type":"Polygon","coordinates":[[[77.32741630312391,31.177903654710146],[77.43260017398828,31.18504803851201],[77.44954902243238,31.306801054876843],[77.30666461270299,31.306801054876843],[77.32741630312391,31.177903654710146]]]},"properties":{"ulpin":"02204263661507","parcel_id":"683981db-107a-4cf8-8f57-7829291aabcb","state":"Himachal Pradesh","state_code":"HP","state_type":"STATE","state_lgd_code":"2","district_lgd_code":"25","district_name":"Shimla","subdistrict_lgd_code":"190","subdistrict_name":"Theog Tehsil","subdistrict_type":"Tehsil / Taluk","village_lgd_code":"24109","village_name":"Fagu","khasra_plot_no":"Khasra 219/D49","recorded_area":"5.5","recorded_area_unit":"Bigha-Biswa","normalized_area_sqm":"4451.53","gis_area_sqm":"4451.53","land_use_category":"OTHER","land_use_raw":"Bageecha Seb (Apple Orchard)","status":"ARCHIVED","data_freshness_status":"UNKNOWN","scenario_index":"4985","use_case_description":"Cadastral area discrepancy requiring resurvey","mutation_workflow_status":"UNDER_VERIFICATION","revenue_record_id":"ROR-HP-2025-1009-0049","revenue_record_type":"Jamabandi (HimBhoomi)","khata_khewat_no":"KHT-59","khatauni_no":"KHN-159","owner_name":"Rajinder Singh Thakur","owner_name_local":"राजिंदर सिंह ठाकुर","co_owners":"","tenure_type":"Tribal Community Tenure","mutation_status":"NONE","active_mutation_id":"MUT-HP-00000049","tax_demand_status":"PAID","annual_tax_inr":"185.5","deed_number":"DEED-HP-2024-409-0049","deed_type":"Sale Deed / Conveyance","sro_office":"Sub-Registrar Office, Theog Tehsil","execution_date":"2024-05-10","registered_owner":"Rajinder Singh Thakur","seller_name":"Previous Landholder","consideration_amount_inr":"3500000.0","stamp_duty_inr":"210000.0","survey_sketch_id":"FMB-HP-09-0049","cadastral_sheet_no":"SHT-HP-09","surveyed_area_sqm":"4451.53","survey_status":"PENDING","urban_authority":"Theog Tehsil Urban Development & Town Planning Authority","zone_name":"Agricultural / Green Buffer","permitted_land_use":"OTHER","building_permission_status":"PENDING","violations_reported":"False","is_encumbered":"False","encumbrance_certificate_number":"EC-HP-2024-109-0049","encumbrance_type":"NIL","financial_institution":"","mortgage_amount":"0.0","created_at":"2026-01-15T09:00:00Z","updated_at":"2026-09-24T11:30:00Z"}},{"type":"Feature","geometry":{"type":"Polygon","coordinates":[[[78.1410466202589,30.7117670139493],[78.239920972582,30.7117670139493],[78.26379272844929,30.82321727969846],[78.14639800125806,30.83966449610183],[78.1410466202589,30.7117670139493]]]},"properties":{"ulpin":"02544070063360","parcel_id":"62af6e7f-7783-43f1-a211-15444765bb35","state":"Himachal Pradesh","state_code":"HP","state_type":"STATE","state_lgd_code":"2","district_lgd_code":"25","district_name":"Shimla","subdistrict_lgd_code":"190","subdistrict_name":"Theog Tehsil","subdistrict_type":"Tehsil / Taluk","village_lgd_code":"24109","village_name":"Fagu","khasra_plot_no":"Khasra 219/D50","recorded_area":"5.5","recorded_area_unit":"Bigha-Biswa","normalized_area_sqm":"4451.53","gis_area_sqm":"4451.53","land_use_category":"RESIDENTIAL","land_use_raw":"Bageecha Seb (Apple Orchard)","status":"ACTIVE","data_freshness_status":"CURRENT","scenario_index":"4986","use_case_description":"Court attachment and disputed possession","mutation_workflow_status":"NOTICE_PERIOD","revenue_record_id":"ROR-HP-2025-1009-0050","revenue_record_type":"Jamabandi (HimBhoomi)","khata_khewat_no":"KHT-59","khatauni_no":"KHN-159","owner_name":"Rajinder Singh Thakur","owner_name_local":"राजिंदर सिंह ठाकुर","co_owners":"","tenure_type":"Bhumiswami / Raiyati with Transferable Rights","mutation_status":"MUTATED","active_mutation_id":"","tax_demand_status":"PAID","annual_tax_inr":"185.5","deed_number":"DEED-HP-2024-409-0050","deed_type":"Sale Deed / Conveyance","sro_office":"Sub-Registrar Office, Theog Tehsil","execution_date":"2024-05-10","registered_owner":"Rajinder Singh Thakur","seller_name":"Previous Landholder","consideration_amount_inr":"3500000.0","stamp_duty_inr":"210000.0","survey_sketch_id":"FMB-HP-09-0050","cadastral_sheet_no":"SHT-HP-09","surveyed_area_sqm":"4451.53","survey_status":"DISPUTED","urban_authority":"Theog Tehsil Urban Development & Town Planning Authority","zone_name":"Agricultural / Green Buffer","permitted_land_use":"RESIDENTIAL","building_permission_status":"REJECTED","violations_reported":"False","is_encumbered":"True","encumbrance_certificate_number":"EC-HP-00000050-0050","encumbrance_type":"BANK_MORTGAGE","financial_institution":"","mortgage_amount":"0.0","created_at":"2026-01-15T09:00:00Z","updated_at":"2026-09-24T11:30:00Z"}},{"type":"Feature","geometry":{"type":"Polygon","coordinates":[[[76.31517581808173,31.094868732584544],[76.41113789559925,31.10730845359152],[76.43090071127338,31.236153480167765],[76.31517581808173,31.236153480167765],[76.31517581808173,31.094868732584544]]]},"properties":{"ulpin":"02326157111214","parcel_id":"f0f1f1a5-4f9f-4ee1-babc-3d91097ed41a","state":"Himachal Pradesh","state_code":"HP","state_type":"STATE","state_lgd_code":"2","district_lgd_code":"25","district_name":"Shimla","subdistrict_lgd_code":"190","subdistrict_name":"Theog Tehsil","subdistrict_type":"Tehsil / Taluk","village_lgd_code":"24109","village_name":"Fagu","khasra_plot_no":"Khasra 219/D51","recorded_area":"5.5","recorded_area_unit":"Bigha-Biswa","normalized_area_sqm":"4451.53","gis_area_sqm":"4451.53","land_use_category":"COMMERCIAL","land_use_raw":"Bageecha Seb (Apple Orchard)","status":"PENDING_MUTATION","data_freshness_status":"STALE","scenario_index":"4987","use_case_description":"Tribal non-alienation protection review","mutation_workflow_status":"HEARING_SCHEDULED","revenue_record_id":"ROR-HP-2025-1009-0051","revenue_record_type":"Jamabandi (HimBhoomi)","khata_khewat_no":"KHT-59","khatauni_no":"KHN-159","owner_name":"Rajinder Singh Thakur","owner_name_local":"राजिंदर सिंह ठाकुर","co_owners":"","tenure_type":"Bhumiswami / Freehold","mutation_status":"PENDING","active_mutation_id":"MUT-HP-00000051","tax_demand_status":"PAID","annual_tax_inr":"185.5","deed_number":"DEED-HP-2024-409-0051","deed_type":"Sale Deed / Conveyance","sro_office":"Sub-Registrar Office, Theog Tehsil","execution_date":"2024-05-10","registered_owner":"Rajinder Singh Thakur","seller_name":"Previous Landholder","consideration_amount_inr":"3500000.0","stamp_duty_inr":"210000.0","survey_sketch_id":"FMB-HP-09-0051","cadastral_sheet_no":"SHT-HP-09","surveyed_area_sqm":"4451.53","survey_status":"RESURVEY_REQUIRED","urban_authority":"Theog Tehsil Urban Development & Town Planning Authority","zone_name":"Agricultural / Green Buffer","permitted_land_use":"COMMERCIAL","building_permission_status":"NOT_APPLICABLE","violations_reported":"False","is_encumbered":"True","encumbrance_certificate_number":"EC-HP-00000051-0051","encumbrance_type":"GOVT_REVENUE_LIEN","financial_institution":"","mortgage_amount":"0.0","created_at":"2026-01-15T09:00:00Z","updated_at":"2026-09-24T11:30:00Z"}},{"type":"Feature","geometry":{"type":"Polygon","coordinates":[[[76.64756535938827,30.70783487711327],[76.76478091951908,30.70783487711327],[76.74229123731196,30.846454343865016],[76.64953618658343,30.822630725376374],[76.64756535938827,30.70783487711327]]]},"properties":{"ulpin":"02652090006582","parcel_id":"1bd8d2d6-50de-4644-91ff-7a09166e5d00","state":"Himachal Pradesh","state_code":"HP","state_type":"STATE","state_lgd_code":"2","district_lgd_code":"25","district_name":"Shimla","subdistrict_lgd_code":"190","subdistrict_name":"Theog Tehsil","subdistrict_type":"Tehsil / Taluk","village_lgd_code":"24109","village_name":"Fagu","khasra_plot_no":"Khasra 219/D52","recorded_area":"5.5","recorded_area_unit":"Bigha-Biswa","normalized_area_sqm":"4451.53","gis_area_sqm":"4451.53","land_use_category":"INDUSTRIAL","land_use_raw":"Bageecha Seb (Apple Orchard)","status":"SUBDIVIDED","data_freshness_status":"UNKNOWN","scenario_index":"4988","use_case_description":"Lease charge and institutional tenancy","mutation_workflow_status":"APPROVED","revenue_record_id":"ROR-HP-2025-1009-0052","revenue_record_type":"Jamabandi (HimBhoomi)","khata_khewat_no":"KHT-59","khatauni_no":"KHN-159","owner_name":"Rajinder Singh Thakur","owner_name_local":"राजिंदर सिंह ठाकुर","co_owners":"","tenure_type":"Leasehold","mutation_status":"UNMUTATED_TRANSACTION","active_mutation_id":"MUT-HP-00000052","tax_demand_status":"PAID","annual_tax_inr":"185.5","deed_number":"DEED-HP-2024-409-0052","deed_type":"Sale Deed / Conveyance","sro_office":"Sub-Registrar Office, Theog Tehsil","execution_date":"2024-05-10","registered_owner":"Rajinder Singh Thakur","seller_name":"Previous Landholder","consideration_amount_inr":"3500000.0","stamp_duty_inr":"210000.0","survey_sketch_id":"FMB-HP-09-0052","cadastral_sheet_no":"SHT-HP-09","surveyed_area_sqm":"4451.53","survey_status":"SURVEYED","urban_authority":"Theog Tehsil Urban Development & Town Planning Authority","zone_name":"Agricultural / Green Buffer","permitted_land_use":"INDUSTRIAL","building_permission_status":"SANCTIONED","violations_reported":"False","is_encumbered":"True","encumbrance_certificate_number":"EC-HP-00000052-0052","encumbrance_type":"COURT_ATTACHMENT","financial_institution":"","mortgage_amount":"0.0","created_at":"2026-01-15T09:00:00Z","updated_at":"2026-09-24T11:30:00Z"}},{"type":"Feature","geometry":{"type":"Polygon","coordinates":[[[77.16972035681971,30.92368259940362],[77.30025702645246,30.91641569902602],[77.32786872906202,31.069437771127664],[77.1818416244552,31.049163685619703],[77.16972035681971,30.92368259940362]]]},"properties":{"ulpin":"02736050152998","parcel_id":"23a9e573-b580-4e3b-bc79-bb63c8156ebe","state":"Himachal Pradesh","state_code":"HP","state_type":"STATE","state_lgd_code":"2","district_lgd_code":"25","district_name":"Shimla","subdistrict_lgd_code":"190","subdistrict_name":"Theog Tehsil","subdistrict_type":"Tehsil / Taluk","village_lgd_code":"24109","village_name":"Fagu","khasra_plot_no":"Khasra 219/D53","recorded_area":"5.5","recorded_area_unit":"Bigha-Biswa","normalized_area_sqm":"4451.53","gis_area_sqm":"4451.53","land_use_category":"AGRICULTURAL","land_use_raw":"Bageecha Seb (Apple Orchard)","status":"AMALGAMATED","data_freshness_status":"CURRENT","scenario_index":"4989","use_case_description":"Subdivision or amalgamation history review","mutation_workflow_status":"REJECTED","revenue_record_id":"ROR-HP-2025-1009-0053","revenue_record_type":"Jamabandi (HimBhoomi)","khata_khewat_no":"KHT-59","khatauni_no":"KHN-159","owner_name":"Rajinder Singh Thakur","owner_name_local":"राजिंदर सिंह ठाकुर","co_owners":"","tenure_type":"Government Grant","mutation_status":"REJECTED","active_mutation_id":"MUT-HP-00000053","tax_demand_status":"PAID","annual_tax_inr":"185.5","deed_number":"DEED-HP-2024-409-0053","deed_type":"Sale Deed / Conveyance","sro_office":"Sub-Registrar Office, Theog Tehsil","execution_date":"2024-05-10","registered_owner":"Registry Variance Owner 53","seller_name":"Previous Landholder","consideration_amount_inr":"3500000.0","stamp_duty_inr":"210000.0","survey_sketch_id":"FMB-HP-09-0053","cadastral_sheet_no":"SHT-HP-09","surveyed_area_sqm":"4451.53","survey_status":"PENDING","urban_authority":"Theog Tehsil Urban Development & Town Planning Authority","zone_name":"Agricultural / Green Buffer","permitted_land_use":"AGRICULTURAL","building_permission_status":"PENDING","violations_reported":"False","is_encumbered":"True","encumbrance_certificate_number":"EC-HP-00000053-0053","encumbrance_type":"TRIBAL_NON_ALIENATION","financial_institution":"","mortgage_amount":"0.0","created_at":"2026-01-15T09:00:00Z","updated_at":"2026-09-24T11:30:00Z"}},{"type":"Feature","geometry":{"type":"Polygon","coordinates":[[[76.42451414787709,30.037404094260054],[76.52304255559345,30.04812735782252],[76.52417972703941,30.148320726247608],[76.409760453378,30.139041279339118],[76.42451414787709,30.037404094260054]]]},"properties":{"ulpin":"02736382133749","parcel_id":"3db358f7-985c-41a8-b436-7fd71d7c32cb","state":"Himachal Pradesh","state_code":"HP","state_type":"STATE","state_lgd_code":"2","district_lgd_code":"25","district_name":"Shimla","subdistrict_lgd_code":"190","subdistrict_name":"Theog Tehsil","subdistrict_type":"Tehsil / Taluk","village_lgd_code":"24109","village_name":"Fagu","khasra_plot_no":"Khasra 219/D54","recorded_area":"5.5","recorded_area_unit":"Bigha-Biswa","normalized_area_sqm":"4451.53","gis_area_sqm":"4451.53","land_use_category":"INSTITUTIONAL","land_use_raw":"Bageecha Seb (Apple Orchard)","status":"DISPUTED","data_freshness_status":"STALE","scenario_index":"4990","use_case_description":"Archived historical record for audit retrieval","mutation_workflow_status":"SLA_BREACHED","revenue_record_id":"ROR-HP-2025-1009-0054","revenue_record_type":"Jamabandi (HimBhoomi)","khata_khewat_no":"KHT-59","khatauni_no":"KHN-159","owner_name":"Rajinder Singh Thakur","owner_name_local":"राजिंदर सिंह ठाकुर","co_owners":"","tenure_type":"Waqf / Religious Trust","mutation_status":"DISPUTED","active_mutation_id":"MUT-HP-00000054","tax_demand_status":"PAID","annual_tax_inr":"185.5","deed_number":"DEED-HP-2024-409-0054","deed_type":"Sale Deed / Conveyance","sro_office":"Sub-Registrar Office, Theog Tehsil","execution_date":"2024-05-10","registered_owner":"Rajinder Singh Thakur","seller_name":"Previous Landholder","consideration_amount_inr":"3500000.0","stamp_duty_inr":"210000.0","survey_sketch_id":"FMB-HP-09-0054","cadastral_sheet_no":"SHT-HP-09","surveyed_area_sqm":"4451.53","survey_status":"DISPUTED","urban_authority":"Theog Tehsil Urban Development & Town Planning Authority","zone_name":"Agricultural / Green Buffer","permitted_land_use":"INSTITUTIONAL","building_permission_status":"REJECTED","violations_reported":"False","is_encumbered":"True","encumbrance_certificate_number":"EC-HP-00000054-0054","encumbrance_type":"LEASE_CHARGE","financial_institution":"","mortgage_amount":"0.0","created_at":"2026-01-15T09:00:00Z","updated_at":"2026-09-24T11:30:00Z"}},{"type":"Feature","geometry":{"type":"Polygon","coordinates":[[[76.63320991047617,30.965440013908196],[76.76977777537334,30.96016255969571],[76.762335821801,31.089049552740732],[76.64319792660851,31.12420700021373],[76.63320991047617,30.965440013908196]]]},"properties":{"ulpin":"02557507815882","parcel_id":"a64d0d8e-e25d-4381-912e-d158cd57fcfc","state":"Himachal Pradesh","state_code":"HP","state_type":"STATE","state_lgd_code":"2","district_lgd_code":"25","district_name":"Shimla","subdistrict_lgd_code":"190","subdistrict_name":"Theog Tehsil","subdistrict_type":"Tehsil / Taluk","village_lgd_code":"24109","village_name":"Fagu","khasra_plot_no":"Khasra 219/D55","recorded_area":"5.5","recorded_area_unit":"Bigha-Biswa","normalized_area_sqm":"4451.53","gis_area_sqm":"4451.53","land_use_category":"FOREST_GREEN_BELT","land_use_raw":"Bageecha Seb (Apple Orchard)","status":"ARCHIVED","data_freshness_status":"UNKNOWN","scenario_index":"4991","use_case_description":"Tribal non-alienation protection review","mutation_workflow_status":"SUBMITTED","revenue_record_id":"ROR-HP-2025-1009-0055","revenue_record_type":"Jamabandi (HimBhoomi)","khata_khewat_no":"KHT-59","khatauni_no":"KHN-159","owner_name":"Rajinder Singh Thakur","owner_name_local":"राजिंदर सिंह ठाकुर","co_owners":"","tenure_type":"Tribal Community Tenure","mutation_status":"NONE","active_mutation_id":"MUT-HP-00000055","tax_demand_status":"PAID","annual_tax_inr":"185.5","deed_number":"DEED-HP-2024-409-0055","deed_type":"Sale Deed / Conveyance","sro_office":"Sub-Registrar Office, Theog Tehsil","execution_date":"2024-05-10","registered_owner":"Rajinder Singh Thakur","seller_name":"Previous Landholder","consideration_amount_inr":"3500000.0","stamp_duty_inr":"210000.0","survey_sketch_id":"FMB-HP-09-0055","cadastral_sheet_no":"SHT-HP-09","surveyed_area_sqm":"4451.53","survey_status":"RESURVEY_REQUIRED","urban_authority":"Theog Tehsil Urban Development & Town Planning Authority","zone_name":"Agricultural / Green Buffer","permitted_land_use":"FOREST_GREEN_BELT","building_permission_status":"NOT_APPLICABLE","violations_reported":"True","is_encumbered":"False","encumbrance_certificate_number":"EC-HP-2024-109-0055","encumbrance_type":"NIL","financial_institution":"","mortgage_amount":"0.0","created_at":"2026-01-15T09:00:00Z","updated_at":"2026-09-24T11:30:00Z"}},{"type":"Feature","geometry":{"type":"Polygon","coordinates":[[[77.5558258161185,30.799674022673358],[77.68054304868419,30.799674022673358],[77.68054304868419,30.9125407743887],[77.53841254879511,30.946283476366933],[77.5558258161185,30.799674022673358]]]},"properties":{"ulpin":"02324207653510","parcel_id":"5fccb0ee-6481-4a3c-9e8b-47cfcf98f7f9","state":"Himachal Pradesh","state_code":"HP","state_type":"STATE","state_lgd_code":"2","district_lgd_code":"25","district_name":"Shimla","subdistrict_lgd_code":"190","subdistrict_name":"Theog Tehsil","subdistrict_type":"Tehsil / Taluk","village_lgd_code":"24109","village_name":"Fagu","khasra_plot_no":"Khasra 219/D56","recorded_area":"5.5","recorded_area_unit":"Bigha-Biswa","normalized_area_sqm":"4451.53","gis_area_sqm":"4451.53","land_use_category":"WATER_BODY","land_use_raw":"Bageecha Seb (Apple Orchard)","status":"ACTIVE","data_freshness_status":"CURRENT","scenario_index":"4992","use_case_description":"Government revenue lien and tax demand","mutation_workflow_status":"UNDER_VERIFICATION","revenue_record_id":"ROR-HP-2025-1009-0056","revenue_record_type":"Jamabandi (HimBhoomi)","khata_khewat_no":"KHT-59","khatauni_no":"KHN-159","owner_name":"Rajinder Singh Thakur","owner_name_local":"राजिंदर सिंह ठाकुर","co_owners":"","tenure_type":"Bhumiswami / Raiyati with Transferable Rights","mutation_status":"MUTATED","active_mutation_id":"","tax_demand_status":"PAID","annual_tax_inr":"185.5","deed_number":"DEED-HP-2024-409-0056","deed_type":"Sale Deed / Conveyance","sro_office":"Sub-Registrar Office, Theog Tehsil","execution_date":"2024-05-10","registered_owner":"Rajinder Singh Thakur","seller_name":"Previous Landholder","consideration_amount_inr":"3500000.0","stamp_duty_inr":"210000.0","survey_sketch_id":"FMB-HP-09-0056","cadastral_sheet_no":"SHT-HP-09","surveyed_area_sqm":"4451.53","survey_status":"SURVEYED","urban_authority":"Theog Tehsil Urban Development & Town Planning Authority","zone_name":"Agricultural / Green Buffer","permitted_land_use":"WATER_BODY","building_permission_status":"SANCTIONED","violations_reported":"False","is_encumbered":"True","encumbrance_certificate_number":"EC-HP-00000056-0056","encumbrance_type":"BANK_MORTGAGE","financial_institution":"","mortgage_amount":"0.0","created_at":"2026-01-15T09:00:00Z","updated_at":"2026-09-24T11:30:00Z"}},{"type":"Feature","geometry":{"type":"Polygon","coordinates":[[[76.41974071673405,30.991239775155275],[76.53794114669745,30.959366199983922],[76.53996963935167,31.11918683266936],[76.41113789559925,31.10730845359152],[76.41974071673405,30.991239775155275]]]},"properties":{"ulpin":"02434012737470","parcel_id":"a06c1332-1807-40c9-a018-0af5c96292e5","state":"Himachal Pradesh","state_code":"HP","state_type":"STATE","state_lgd_code":"2","district_lgd_code":"25","district_name":"Shimla","subdistrict_lgd_code":"190","subdistrict_name":"Theog Tehsil","subdistrict_type":"Tehsil / Taluk","village_lgd_code":"24109","village_name":"Fagu","khasra_plot_no":"Khasra 219/D57","recorded_area":"5.5","recorded_area_unit":"Bigha-Biswa","normalized_area_sqm":"4451.53","gis_area_sqm":"4451.53","land_use_category":"MIXED_USE","land_use_raw":"Bageecha Seb (Apple Orchard)","status":"PENDING_MUTATION","data_freshness_status":"STALE","scenario_index":"4993","use_case_description":"Court attachment and disputed possession","mutation_workflow_status":"NOTICE_PERIOD","revenue_record_id":"ROR-HP-2025-1009-0057","revenue_record_type":"Jamabandi (HimBhoomi)","khata_khewat_no":"KHT-59","khatauni_no":"KHN-159","owner_name":"Rajinder Singh Thakur","owner_name_local":"राजिंदर सिंह ठाकुर","co_owners":"","tenure_type":"Bhumiswami / Freehold","mutation_status":"PENDING","active_mutation_id":"MUT-HP-00000057","tax_demand_status":"PAID","annual_tax_inr":"185.5","deed_number":"DEED-HP-2024-409-0057","deed_type":"Sale Deed / Conveyance","sro_office":"Sub-Registrar Office, Theog Tehsil","execution_date":"2024-05-10","registered_owner":"Rajinder Singh Thakur","seller_name":"Previous Landholder","consideration_amount_inr":"3500000.0","stamp_duty_inr":"210000.0","survey_sketch_id":"FMB-HP-09-0057","cadastral_sheet_no":"SHT-HP-09","surveyed_area_sqm":"4451.53","survey_status":"PENDING","urban_authority":"Theog Tehsil Urban Development & Town Planning Authority","zone_name":"Agricultural / Green Buffer","permitted_land_use":"MIXED_USE","building_permission_status":"PENDING","violations_reported":"False","is_encumbered":"True","encumbrance_certificate_number":"EC-HP-00000057-0057","encumbrance_type":"GOVT_REVENUE_LIEN","financial_institution":"","mortgage_amount":"0.0","created_at":"2026-01-15T09:00:00Z","updated_at":"2026-09-24T11:30:00Z"}},{"type":"Feature","geometry":{"type":"Polygon","coordinates":[[[76.74764242192882,30.165308574270103],[76.87370997472404,30.16290654237347],[76.87370997472404,30.26929306054754],[76.74404076660215,30.25588577216315],[76.74764242192882,30.165308574270103]]]},"properties":{"ulpin":"02214766821862","parcel_id":"3be78894-d4d4-405d-b102-50d360cf3592","state":"Himachal Pradesh","state_code":"HP","state_type":"STATE","state_lgd_code":"2","district_lgd_code":"25","district_name":"Shimla","subdistrict_lgd_code":"190","subdistrict_name":"Theog Tehsil","subdistrict_type":"Tehsil / Taluk","village_lgd_code":"24109","village_name":"Fagu","khasra_plot_no":"Khasra 219/D58","recorded_area":"5.5","recorded_area_unit":"Bigha-Biswa","normalized_area_sqm":"4451.53","gis_area_sqm":"4451.53","land_use_category":"OTHER","land_use_raw":"Bageecha Seb (Apple Orchard)","status":"SUBDIVIDED","data_freshness_status":"UNKNOWN","scenario_index":"4994","use_case_description":"Tribal non-alienation protection review","mutation_workflow_status":"HEARING_SCHEDULED","revenue_record_id":"ROR-HP-2025-1009-0058","revenue_record_type":"Jamabandi (HimBhoomi)","khata_khewat_no":"KHT-59","khatauni_no":"KHN-159","owner_name":"Rajinder Singh Thakur","owner_name_local":"राजिंदर सिंह ठाकुर","co_owners":"","tenure_type":"Leasehold","mutation_status":"UNMUTATED_TRANSACTION","active_mutation_id":"MUT-HP-00000058","tax_demand_status":"PAID","annual_tax_inr":"185.5","deed_number":"DEED-HP-2024-409-0058","deed_type":"Sale Deed / Conveyance","sro_office":"Sub-Registrar Office, Theog Tehsil","execution_date":"2024-05-10","registered_owner":"Registry Variance Owner 58","seller_name":"Previous Landholder","consideration_amount_inr":"3500000.0","stamp_duty_inr":"210000.0","survey_sketch_id":"FMB-HP-09-0058","cadastral_sheet_no":"SHT-HP-09","surveyed_area_sqm":"4451.53","survey_status":"DISPUTED","urban_authority":"Theog Tehsil Urban Development & Town Planning Authority","zone_name":"Agricultural / Green Buffer","permitted_land_use":"OTHER","building_permission_status":"REJECTED","violations_reported":"False","is_encumbered":"True","encumbrance_certificate_number":"EC-HP-00000058-0058","encumbrance_type":"COURT_ATTACHMENT","financial_institution":"","mortgage_amount":"0.0","created_at":"2026-01-15T09:00:00Z","updated_at":"2026-09-24T11:30:00Z"}},{"type":"Feature","geometry":{"type":"Polygon","coordinates":[[[77.43260017398828,31.18504803851201],[77.5733094492201,31.166405815263985],[77.55239546188778,31.306801054876843],[77.44954902243238,31.306801054876843],[77.43260017398828,31.18504803851201]]]},"properties":{"ulpin":"02134510817986","parcel_id":"585bb647-749a-4541-8328-62b6e861840f","state":"Himachal Pradesh","state_code":"HP","state_type":"STATE","state_lgd_code":"2","district_lgd_code":"25","district_name":"Shimla","subdistrict_lgd_code":"190","subdistrict_name":"Theog Tehsil","subdistrict_type":"Tehsil / Taluk","village_lgd_code":"24109","village_name":"Fagu","khasra_plot_no":"Khasra 219/D59","recorded_area":"5.5","recorded_area_unit":"Bigha-Biswa","normalized_area_sqm":"4451.53","gis_area_sqm":"4451.53","land_use_category":"RESIDENTIAL","land_use_raw":"Bageecha Seb (Apple Orchard)","status":"AMALGAMATED","data_freshness_status":"CURRENT","scenario_index":"4995","use_case_description":"Lease charge and institutional tenancy","mutation_workflow_status":"APPROVED","revenue_record_id":"ROR-HP-2025-1009-0059","revenue_record_type":"Jamabandi (HimBhoomi)","khata_khewat_no":"KHT-59","khatauni_no":"KHN-159","owner_name":"Rajinder Singh Thakur","owner_name_local":"राजिंदर सिंह ठाकुर","co_owners":"","tenure_type":"Government Grant","mutation_status":"REJECTED","active_mutation_id":"MUT-HP-00000059","tax_demand_status":"PAID","annual_tax_inr":"185.5","deed_number":"DEED-HP-2024-409-0059","deed_type":"Sale Deed / Conveyance","sro_office":"Sub-Registrar Office, Theog Tehsil","execution_date":"2024-05-10","registered_owner":"Rajinder Singh Thakur","seller_name":"Previous Landholder","consideration_amount_inr":"3500000.0","stamp_duty_inr":"210000.0","survey_sketch_id":"FMB-HP-09-0059","cadastral_sheet_no":"SHT-HP-09","surveyed_area_sqm":"4451.53","survey_status":"RESURVEY_REQUIRED","urban_authority":"Theog Tehsil Urban Development & Town Planning Authority","zone_name":"Agricultural / Green Buffer","permitted_land_use":"RESIDENTIAL","building_permission_status":"NOT_APPLICABLE","violations_reported":"False","is_encumbered":"True","encumbrance_certificate_number":"EC-HP-00000059-0059","encumbrance_type":"TRIBAL_NON_ALIENATION","financial_institution":"","mortgage_amount":"0.0","created_at":"2026-01-15T09:00:00Z","updated_at":"2026-09-24T11:30:00Z"}},{"type":"Feature","geometry":{"type":"Polygon","coordinates":[[[77.07467434974379,30.036702602169328],[77.17815431735451,30.053948738623486],[77.15419532068205,30.139361924850668],[77.07467434974379,30.14140281841882],[77.07467434974379,30.036702602169328]]]},"properties":{"ulpin":"02632226500723","parcel_id":"5e003fcd-25e0-43f7-bc2d-62c591347b24","state":"Himachal Pradesh","state_code":"HP","state_type":"STATE","state_lgd_code":"2","district_lgd_code":"25","district_name":"Shimla","subdistrict_lgd_code":"190","subdistrict_name":"Theog Tehsil","subdistrict_type":"Tehsil / Taluk","village_lgd_code":"24109","village_name":"Fagu","khasra_plot_no":"Khasra 219/D60","recorded_area":"5.5","recorded_area_unit":"Bigha-Biswa","normalized_area_sqm":"4451.53","gis_area_sqm":"4451.53","land_use_category":"COMMERCIAL","land_use_raw":"Bageecha Seb (Apple Orchard)","status":"DISPUTED","data_freshness_status":"STALE","scenario_index":"4996","use_case_description":"Subdivision or amalgamation history review","mutation_workflow_status":"REJECTED","revenue_record_id":"ROR-HP-2025-1009-0060","revenue_record_type":"Jamabandi (HimBhoomi)","khata_khewat_no":"KHT-59","khatauni_no":"KHN-159","owner_name":"Rajinder Singh Thakur","owner_name_local":"राजिंदर सिंह ठाकुर","co_owners":"","tenure_type":"Waqf / Religious Trust","mutation_status":"DISPUTED","active_mutation_id":"MUT-HP-00000060","tax_demand_status":"PAID","annual_tax_inr":"185.5","deed_number":"DEED-HP-2024-409-0060","deed_type":"Sale Deed / Conveyance","sro_office":"Sub-Registrar Office, Theog Tehsil","execution_date":"2024-05-10","registered_owner":"Rajinder Singh Thakur","seller_name":"Previous Landholder","consideration_amount_inr":"3500000.0","stamp_duty_inr":"210000.0","survey_sketch_id":"FMB-HP-09-0060","cadastral_sheet_no":"SHT-HP-09","surveyed_area_sqm":"4451.53","survey_status":"SURVEYED","urban_authority":"Theog Tehsil Urban Development & Town Planning Authority","zone_name":"Agricultural / Green Buffer","permitted_land_use":"COMMERCIAL","building_permission_status":"SANCTIONED","violations_reported":"False","is_encumbered":"True","encumbrance_certificate_number":"EC-HP-00000060-0060","encumbrance_type":"LEASE_CHARGE","financial_institution":"","mortgage_amount":"0.0","created_at":"2026-01-15T09:00:00Z","updated_at":"2026-09-24T11:30:00Z"}},{"type":"Feature","geometry":{"type":"Polygon","coordinates":[[[77.07467434974379,29.854995827120906],[77.16109119909896,29.8349872535026],[77.16587830364392,29.928427493141616],[77.07467434974379,29.956387171415667],[77.07467434974379,29.854995827120906]]]},"properties":{"ulpin":"02953174079960","parcel_id":"416550cc-a177-450b-827e-743c680696bc","state":"Himachal Pradesh","state_code":"HP","state_type":"STATE","state_lgd_code":"2","district_lgd_code":"25","district_name":"Shimla","subdistrict_lgd_code":"190","subdistrict_name":"Theog Tehsil","subdistrict_type":"Tehsil / Taluk","village_lgd_code":"24109","village_name":"Fagu","khasra_plot_no":"Khasra 219/D61","recorded_area":"5.5","recorded_area_unit":"Bigha-Biswa","normalized_area_sqm":"4451.53","gis_area_sqm":"4451.53","land_use_category":"INDUSTRIAL","land_use_raw":"Bageecha Seb (Apple Orchard)","status":"ARCHIVED","data_freshness_status":"UNKNOWN","scenario_index":"4997","use_case_description":"Pending sale mutation within statutory SLA","mutation_workflow_status":"SLA_BREACHED","revenue_record_id":"ROR-HP-2025-1009-0061","revenue_record_type":"Jamabandi (HimBhoomi)","khata_khewat_no":"KHT-59","khatauni_no":"KHN-159","owner_name":"Rajinder Singh Thakur","owner_name_local":"राजिंदर सिंह ठाकुर","co_owners":"","tenure_type":"Tribal Community Tenure","mutation_status":"NONE","active_mutation_id":"MUT-HP-00000061","tax_demand_status":"PAID","annual_tax_inr":"185.5","deed_number":"DEED-HP-2024-409-0061","deed_type":"Sale Deed / Conveyance","sro_office":"Sub-Registrar Office, Theog Tehsil","execution_date":"2024-05-10","registered_owner":"Rajinder Singh Thakur","seller_name":"Previous Landholder","consideration_amount_inr":"3500000.0","stamp_duty_inr":"210000.0","survey_sketch_id":"FMB-HP-09-0061","cadastral_sheet_no":"SHT-HP-09","surveyed_area_sqm":"4451.53","survey_status":"PENDING","urban_authority":"Theog Tehsil Urban Development & Town Planning Authority","zone_name":"Agricultural / Green Buffer","permitted_land_use":"INDUSTRIAL","building_permission_status":"PENDING","violations_reported":"False","is_encumbered":"False","encumbrance_certificate_number":"EC-HP-2024-109-0061","encumbrance_type":"NIL","financial_institution":"","mortgage_amount":"0.0","created_at":"2026-01-15T09:00:00Z","updated_at":"2026-09-24T11:30:00Z"}},{"type":"Feature","geometry":{"type":"Polygon","coordinates":[[[76.30166191162103,29.939259711458774],[76.41256150094965,29.939461649090596],[76.42451414787709,30.037404094260054],[76.30166191162103,30.040675768432276],[76.30166191162103,29.939259711458774]]]},"properties":{"ulpin":"02982236262768","parcel_id":"bb333d52-826f-4347-b0b2-7e0046119684","state":"Himachal Pradesh","state_code":"HP","state_type":"STATE","state_lgd_code":"2","district_lgd_code":"25","district_name":"Shimla","subdistrict_lgd_code":"190","subdistrict_name":"Theog Tehsil","subdistrict_type":"Tehsil / Taluk","village_lgd_code":"24109","village_name":"Fagu","khasra_plot_no":"Khasra 219/D62","recorded_area":"5.5","recorded_area_unit":"Bigha-Biswa","normalized_area_sqm":"4451.53","gis_area_sqm":"4451.53","land_use_category":"AGRICULTURAL","land_use_raw":"Bageecha Seb (Apple Orchard)","status":"ACTIVE","data_freshness_status":"CURRENT","scenario_index":"4998","use_case_description":"Bank mortgage and active encumbrance","mutation_workflow_status":"SUBMITTED","revenue_record_id":"ROR-HP-2025-1009-0062","revenue_record_type":"Jamabandi (HimBhoomi)","khata_khewat_no":"KHT-59","khatauni_no":"KHN-159","owner_name":"Rajinder Singh Thakur","owner_name_local":"राजिंदर सिंह ठाकुर","co_owners":"","tenure_type":"Bhumiswami / Raiyati with Transferable Rights","mutation_status":"MUTATED","active_mutation_id":"","tax_demand_status":"PAID","annual_tax_inr":"185.5","deed_number":"DEED-HP-2024-409-0062","deed_type":"Sale Deed / Conveyance","sro_office":"Sub-Registrar Office, Theog Tehsil","execution_date":"2024-05-10","registered_owner":"Rajinder Singh Thakur","seller_name":"Previous Landholder","consideration_amount_inr":"3500000.0","stamp_duty_inr":"210000.0","survey_sketch_id":"FMB-HP-09-0062","cadastral_sheet_no":"SHT-HP-09","surveyed_area_sqm":"4451.53","survey_status":"DISPUTED","urban_authority":"Theog Tehsil Urban Development & Town Planning Authority","zone_name":"Agricultural / Green Buffer","permitted_land_use":"AGRICULTURAL","building_permission_status":"REJECTED","violations_reported":"True","is_encumbered":"True","encumbrance_certificate_number":"EC-HP-00000062-0062","encumbrance_type":"BANK_MORTGAGE","financial_institution":"","mortgage_amount":"0.0","created_at":"2026-01-15T09:00:00Z","updated_at":"2026-09-24T11:30:00Z"}},{"type":"Feature","geometry":{"type":"Polygon","coordinates":[[[76.76478091951908,30.70783487711327],[76.86599663715022,30.70783487711327],[76.86599663715022,30.82088947479911],[76.74229123731196,30.846454343865016],[76.76478091951908,30.70783487711327]]]},"properties":{"ulpin":"02148736057785","parcel_id":"6092a478-4a83-4a38-af41-c5db8787161c","state":"Himachal Pradesh","state_code":"HP","state_type":"STATE","state_lgd_code":"2","district_lgd_code":"25","district_name":"Shimla","subdistrict_lgd_code":"190","subdistrict_name":"Theog Tehsil","subdistrict_type":"Tehsil / Taluk","village_lgd_code":"24109","village_name":"Fagu","khasra_plot_no":"Khasra 219/D63","recorded_area":"5.5","recorded_area_unit":"Bigha-Biswa","normalized_area_sqm":"4451.53","gis_area_sqm":"4451.53","land_use_category":"INSTITUTIONAL","land_use_raw":"Bageecha Seb (Apple Orchard)","status":"PENDING_MUTATION","data_freshness_status":"STALE","scenario_index":"4999","use_case_description":"Government revenue lien and tax demand","mutation_workflow_status":"UNDER_VERIFICATION","revenue_record_id":"ROR-HP-2025-1009-0063","revenue_record_type":"Jamabandi (HimBhoomi)","khata_khewat_no":"KHT-59","khatauni_no":"KHN-159","owner_name":"Rajinder Singh Thakur","owner_name_local":"राजिंदर सिंह ठाकुर","co_owners":"","tenure_type":"Bhumiswami / Freehold","mutation_status":"PENDING","active_mutation_id":"MUT-HP-00000063","tax_demand_status":"PAID","annual_tax_inr":"185.5","deed_number":"DEED-HP-2024-409-0063","deed_type":"Sale Deed / Conveyance","sro_office":"Sub-Registrar Office, Theog Tehsil","execution_date":"2024-05-10","registered_owner":"Registry Variance Owner 63","seller_name":"Previous Landholder","consideration_amount_inr":"3500000.0","stamp_duty_inr":"210000.0","survey_sketch_id":"FMB-HP-09-0063","cadastral_sheet_no":"SHT-HP-09","surveyed_area_sqm":"4451.53","survey_status":"RESURVEY_REQUIRED","urban_authority":"Theog Tehsil Urban Development & Town Planning Authority","zone_name":"Agricultural / Green Buffer","permitted_land_use":"INSTITUTIONAL","building_permission_status":"NOT_APPLICABLE","violations_reported":"False","is_encumbered":"True","encumbrance_certificate_number":"EC-HP-00000063-0063","encumbrance_type":"GOVT_REVENUE_LIEN","financial_institution":"","mortgage_amount":"0.0","created_at":"2026-01-15T09:00:00Z","updated_at":"2026-09-24T11:30:00Z"}},{"type":"Feature","geometry":{"type":"Polygon","coordinates":[[[78.40125389759791,30.962426684427864],[78.51171908240025,30.981418660991032],[78.51171908240025,31.086971184028776],[78.39740981405771,31.119506081008243],[78.40125389759791,30.962426684427864]]]},"properties":{"ulpin":"02877688845533","parcel_id":"21e0dede-e949-4c78-8cfa-a7199912476e","state":"Himachal Pradesh","state_code":"HP","state_type":"STATE","state_lgd_code":"2","district_lgd_code":"25","district_name":"Shimla","subdistrict_lgd_code":"190","subdistrict_name":"Theog Tehsil","subdistrict_type":"Tehsil / Taluk","village_lgd_code":"24109","village_name":"Fagu","khasra_plot_no":"Khasra 219/D64","recorded_area":"5.5","recorded_area_unit":"Bigha-Biswa","normalized_area_sqm":"4451.53","gis_area_sqm":"4451.53","land_use_category":"FOREST_GREEN_BELT","land_use_raw":"Bageecha Seb (Apple Orchard)","status":"SUBDIVIDED","data_freshness_status":"UNKNOWN","scenario_index":"5000","use_case_description":"Court attachment and disputed possession","mutation_workflow_status":"NOTICE_PERIOD","revenue_record_id":"ROR-HP-2025-1009-0064","revenue_record_type":"Jamabandi (HimBhoomi)","khata_khewat_no":"KHT-59","khatauni_no":"KHN-159","owner_name":"Rajinder Singh Thakur","owner_name_local":"राजिंदर सिंह ठाकुर","co_owners":"","tenure_type":"Leasehold","mutation_status":"UNMUTATED_TRANSACTION","active_mutation_id":"MUT-HP-00000064","tax_demand_status":"PAID","annual_tax_inr":"185.5","deed_number":"DEED-HP-2024-409-0064","deed_type":"Sale Deed / Conveyance","sro_office":"Sub-Registrar Office, Theog Tehsil","execution_date":"2024-05-10","registered_owner":"Rajinder Singh Thakur","seller_name":"Previous Landholder","consideration_amount_inr":"3500000.0","stamp_duty_inr":"210000.0","survey_sketch_id":"FMB-HP-09-0064","cadastral_sheet_no":"SHT-HP-09","surveyed_area_sqm":"4451.53","survey_status":"SURVEYED","urban_authority":"Theog Tehsil Urban Development & Town Planning Authority","zone_name":"Agricultural / Green Buffer","permitted_land_use":"FOREST_GREEN_BELT","building_permission_status":"SANCTIONED","violations_reported":"False","is_encumbered":"True","encumbrance_certificate_number":"EC-HP-00000064-0064","encumbrance_type":"COURT_ATTACHMENT","financial_institution":"","mortgage_amount":"0.0","created_at":"2026-01-15T09:00:00Z","updated_at":"2026-09-24T11:30:00Z"}},{"type":"Feature","geometry":{"type":"Polygon","coordinates":[[[77.26078284313145,30.130407097449048],[77.3497922447948,30.15786060411447],[77.34825674429821,30.24011940631443],[77.25131985535468,30.253470994737672],[77.26078284313145,30.130407097449048]]]},"properties":{"ulpin":"02244545590348","parcel_id":"28510ba5-e1eb-47db-9bbd-4e31463e9009","state":"Himachal Pradesh","state_code":"HP","state_type":"STATE","state_lgd_code":"2","district_lgd_code":"25","district_name":"Shimla","subdistrict_lgd_code":"190","subdistrict_name":"Theog Tehsil","subdistrict_type":"Tehsil / Taluk","village_lgd_code":"24109","village_name":"Fagu","khasra_plot_no":"Khasra 219/D65","recorded_area":"5.5","recorded_area_unit":"Bigha-Biswa","normalized_area_sqm":"4451.53","gis_area_sqm":"4451.53","land_use_category":"WATER_BODY","land_use_raw":"Bageecha Seb (Apple Orchard)","status":"AMALGAMATED","data_freshness_status":"CURRENT","scenario_index":"5001","use_case_description":"Tribal non-alienation protection review","mutation_workflow_status":"HEARING_SCHEDULED","revenue_record_id":"ROR-HP-2025-1009-0065","revenue_record_type":"Jamabandi (HimBhoomi)","khata_khewat_no":"KHT-59","khatauni_no":"KHN-159","owner_name":"Rajinder Singh Thakur","owner_name_local":"राजिंदर सिंह ठाकुर","co_owners":"","tenure_type":"Government Grant","mutation_status":"REJECTED","active_mutation_id":"MUT-HP-00000065","tax_demand_status":"PAID","annual_tax_inr":"185.5","deed_number":"DEED-HP-2024-409-0065","deed_type":"Sale Deed / Conveyance","sro_office":"Sub-Registrar Office, Theog Tehsil","execution_date":"2024-05-10","registered_owner":"Rajinder Singh Thakur","seller_name":"Previous Landholder","consideration_amount_inr":"3500000.0","stamp_duty_inr":"210000.0","survey_sketch_id":"FMB-HP-09-0065","cadastral_sheet_no":"SHT-HP-09","surveyed_area_sqm":"4451.53","survey_status":"PENDING","urban_authority":"Theog Tehsil Urban Development & Town Planning Authority","zone_name":"Agricultural / Green Buffer","permitted_land_use":"WATER_BODY","building_permission_status":"PENDING","violations_reported":"False","is_encumbered":"True","encumbrance_certificate_number":"EC-HP-00000065-0065","encumbrance_type":"TRIBAL_NON_ALIENATION","financial_institution":"","mortgage_amount":"0.0","created_at":"2026-01-15T09:00:00Z","updated_at":"2026-09-24T11:30:00Z"}},{"type":"Feature","geometry":{"type":"Polygon","coordinates":[[[76.41256150094965,29.939461649090596],[76.54062859187839,29.951921929847014],[76.52304255559345,30.04812735782252],[76.42451414787709,30.037404094260054],[76.41256150094965,29.939461649090596]]]},"properties":{"ulpin":"02075985539539","parcel_id":"cdc5271c-b446-4a72-92b8-5bc014e57fdb","state":"Himachal Pradesh","state_code":"HP","state_type":"STATE","state_lgd_code":"2","district_lgd_code":"25","district_name":"Shimla","subdistrict_lgd_code":"190","subdistrict_name":"Theog Tehsil","subdistrict_type":"Tehsil / Taluk","village_lgd_code":"24109","village_name":"Fagu","khasra_plot_no":"Khasra 219/D66","recorded_area":"5.5","recorded_area_unit":"Bigha-Biswa","normalized_area_sqm":"4451.53","gis_area_sqm":"4451.53","land_use_category":"MIXED_USE","land_use_raw":"Bageecha Seb (Apple Orchard)","status":"DISPUTED","data_freshness_status":"STALE","scenario_index":"5002","use_case_description":"Lease charge and institutional tenancy","mutation_workflow_status":"APPROVED","revenue_record_id":"ROR-HP-2025-1009-0066","revenue_record_type":"Jamabandi (HimBhoomi)","khata_khewat_no":"KHT-59","khatauni_no":"KHN-159","owner_name":"Rajinder Singh Thakur","owner_name_local":"राजिंदर सिंह ठाकुर","co_owners":"","tenure_type":"Waqf / Religious Trust","mutation_status":"DISPUTED","active_mutation_id":"MUT-HP-00000066","tax_demand_status":"PAID","annual_tax_inr":"185.5","deed_number":"DEED-HP-2024-409-0066","deed_type":"Sale Deed / Conveyance","sro_office":"Sub-Registrar Office, Theog Tehsil","execution_date":"2024-05-10","registered_owner":"Rajinder Singh Thakur","seller_name":"Previous Landholder","consideration_amount_inr":"3500000.0","stamp_duty_inr":"210000.0","survey_sketch_id":"FMB-HP-09-0066","cadastral_sheet_no":"SHT-HP-09","surveyed_area_sqm":"4451.53","survey_status":"DISPUTED","urban_authority":"Theog Tehsil Urban Development & Town Planning Authority","zone_name":"Agricultural / Green Buffer","permitted_land_use":"MIXED_USE","building_permission_status":"REJECTED","violations_reported":"False","is_encumbered":"True","encumbrance_certificate_number":"EC-HP-00000066-0066","encumbrance_type":"LEASE_CHARGE","financial_institution":"","mortgage_amount":"0.0","created_at":"2026-01-15T09:00:00Z","updated_at":"2026-09-24T11:30:00Z"}},{"type":"Feature","geometry":{"type":"Polygon","coordinates":[[[76.64953618658343,30.822630725376374],[76.74229123731196,30.846454343865016],[76.76977777537334,30.96016255969571],[76.63320991047617,30.965440013908196],[76.64953618658343,30.822630725376374]]]},"properties":{"ulpin":"02432657673235","parcel_id":"bdb8aeab-ddbe-444f-bb91-936f70c0ef37","state":"Himachal Pradesh","state_code":"HP","state_type":"STATE","state_lgd_code":"2","district_lgd_code":"25","district_name":"Shimla","subdistrict_lgd_code":"190","subdistrict_name":"Theog Tehsil","subdistrict_type":"Tehsil / Taluk","village_lgd_code":"24109","village_name":"Fagu","khasra_plot_no":"Khasra 219/D67","recorded_area":"5.5","recorded_area_unit":"Bigha-Biswa","normalized_area_sqm":"4451.53","gis_area_sqm":"4451.53","land_use_category":"OTHER","land_use_raw":"Bageecha Seb (Apple Orchard)","status":"ARCHIVED","data_freshness_status":"UNKNOWN","scenario_index":"5003","use_case_description":"Bank mortgage and active encumbrance","mutation_workflow_status":"REJECTED","revenue_record_id":"ROR-HP-2025-1009-0067","revenue_record_type":"Jamabandi (HimBhoomi)","khata_khewat_no":"KHT-59","khatauni_no":"KHN-159","owner_name":"Rajinder Singh Thakur","owner_name_local":"राजिंदर सिंह ठाकुर","co_owners":"","tenure_type":"Tribal Community Tenure","mutation_status":"NONE","active_mutation_id":"MUT-HP-00000067","tax_demand_status":"PAID","annual_tax_inr":"185.5","deed_number":"DEED-HP-2024-409-0067","deed_type":"Sale Deed / Conveyance","sro_office":"Sub-Registrar Office, Theog Tehsil","execution_date":"2024-05-10","registered_owner":"Rajinder Singh Thakur","seller_name":"Previous Landholder","consideration_amount_inr":"3500000.0","stamp_duty_inr":"210000.0","survey_sketch_id":"FMB-HP-09-0067","cadastral_sheet_no":"SHT-HP-09","surveyed_area_sqm":"4451.53","survey_status":"RESURVEY_REQUIRED","urban_authority":"Theog Tehsil Urban Development & Town Planning Authority","zone_name":"Agricultural / Green Buffer","permitted_land_use":"OTHER","building_permission_status":"NOT_APPLICABLE","violations_reported":"False","is_encumbered":"False","encumbrance_certificate_number":"EC-HP-2024-109-0067","encumbrance_type":"NIL","financial_institution":"","mortgage_amount":"0.0","created_at":"2026-01-15T09:00:00Z","updated_at":"2026-09-24T11:30:00Z"}},{"type":"Feature","geometry":{"type":"Polygon","coordinates":[[[76.65118635116214,30.247024359199884],[76.74404076660215,30.25588577216315],[76.76920221280041,30.36787348519805],[76.63745366748904,30.36787348519805],[76.65118635116214,30.247024359199884]]]},"properties":{"ulpin":"02331291061311","parcel_id":"15299c40-9ed2-4ade-9310-050576bbc299","state":"Himachal Pradesh","state_code":"HP","state_type":"STATE","state_lgd_code":"2","district_lgd_code":"25","district_name":"Shimla","subdistrict_lgd_code":"190","subdistrict_name":"Theog Tehsil","subdistrict_type":"Tehsil / Taluk","village_lgd_code":"24109","village_name":"Fagu","khasra_plot_no":"Khasra 219/D68","recorded_area":"5.5","recorded_area_unit":"Bigha-Biswa","normalized_area_sqm":"4451.53","gis_area_sqm":"4451.53","land_use_category":"RESIDENTIAL","land_use_raw":"Bageecha Seb (Apple Orchard)","status":"ACTIVE","data_freshness_status":"CURRENT","scenario_index":"5004","use_case_description":"Archived historical record for audit retrieval","mutation_workflow_status":"SLA_BREACHED","revenue_record_id":"ROR-HP-2025-1009-0068","revenue_record_type":"Jamabandi (HimBhoomi)","khata_khewat_no":"KHT-59","khatauni_no":"KHN-159","owner_name":"Rajinder Singh Thakur","owner_name_local":"राजिंदर सिंह ठाकुर","co_owners":"","tenure_type":"Bhumiswami / Raiyati with Transferable Rights","mutation_status":"MUTATED","active_mutation_id":"","tax_demand_status":"PAID","annual_tax_inr":"185.5","deed_number":"DEED-HP-2024-409-0068","deed_type":"Sale Deed / Conveyance","sro_office":"Sub-Registrar Office, Theog Tehsil","execution_date":"2024-05-10","registered_owner":"Registry Variance Owner 68","seller_name":"Previous Landholder","consideration_amount_inr":"3500000.0","stamp_duty_inr":"210000.0","survey_sketch_id":"FMB-HP-09-0068","cadastral_sheet_no":"SHT-HP-09","surveyed_area_sqm":"4451.53","survey_status":"SURVEYED","urban_authority":"Theog Tehsil Urban Development & Town Planning Authority","zone_name":"Agricultural / Green Buffer","permitted_land_use":"RESIDENTIAL","building_permission_status":"SANCTIONED","violations_reported":"False","is_encumbered":"True","encumbrance_certificate_number":"EC-HP-00000068-0068","encumbrance_type":"BANK_MORTGAGE","financial_institution":"","mortgage_amount":"0.0","created_at":"2026-01-15T09:00:00Z","updated_at":"2026-09-24T11:30:00Z"}},{"type":"Feature","geometry":{"type":"Polygon","coordinates":[[[76.30166191162103,29.83375919435604],[76.42963735792709,29.844581994180167],[76.41256150094965,29.939461649090596],[76.30166191162103,29.939259711458774],[76.30166191162103,29.83375919435604]]]},"properties":{"ulpin":"02555805761215","parcel_id":"7a7af728-061a-499d-95ec-760784ab083e","state":"Himachal Pradesh","state_code":"HP","state_type":"STATE","state_lgd_code":"2","district_lgd_code":"25","district_name":"Shimla","subdistrict_lgd_code":"190","subdistrict_name":"Theog Tehsil","subdistrict_type":"Tehsil / Taluk","village_lgd_code":"24109","village_name":"Fagu","khasra_plot_no":"Khasra 219/D69","recorded_area":"5.5","recorded_area_unit":"Bigha-Biswa","normalized_area_sqm":"4451.53","gis_area_sqm":"4451.53","land_use_category":"COMMERCIAL","land_use_raw":"Bageecha Seb (Apple Orchard)","status":"PENDING_MUTATION","data_freshness_status":"STALE","scenario_index":"5005","use_case_description":"Bank mortgage and active encumbrance","mutation_workflow_status":"SUBMITTED","revenue_record_id":"ROR-HP-2025-1009-0069","revenue_record_type":"Jamabandi (HimBhoomi)","khata_khewat_no":"KHT-59","khatauni_no":"KHN-159","owner_name":"Rajinder Singh Thakur","owner_name_local":"राजिंदर सिंह ठाकुर","co_owners":"","tenure_type":"Bhumiswami / Freehold","mutation_status":"PENDING","active_mutation_id":"MUT-HP-00000069","tax_demand_status":"PAID","annual_tax_inr":"185.5","deed_number":"DEED-HP-2024-409-0069","deed_type":"Sale Deed / Conveyance","sro_office":"Sub-Registrar Office, Theog Tehsil","execution_date":"2024-05-10","registered_owner":"Rajinder Singh Thakur","seller_name":"Previous Landholder","consideration_amount_inr":"3500000.0","stamp_duty_inr":"210000.0","survey_sketch_id":"FMB-HP-09-0069","cadastral_sheet_no":"SHT-HP-09","surveyed_area_sqm":"4451.53","survey_status":"PENDING","urban_authority":"Theog Tehsil Urban Development & Town Planning Authority","zone_name":"Agricultural / Green Buffer","permitted_land_use":"COMMERCIAL","building_permission_status":"PENDING","violations_reported":"True","is_encumbered":"True","encumbrance_certificate_number":"EC-HP-00000069-0069","encumbrance_type":"GOVT_REVENUE_LIEN","financial_institution":"","mortgage_amount":"0.0","created_at":"2026-01-15T09:00:00Z","updated_at":"2026-09-24T11:30:00Z"}},{"type":"Feature","geometry":{"type":"Polygon","coordinates":[[[77.25055573972782,29.946949818775913],[77.35269401347526,29.934475496756484],[77.35367423292644,30.029598575244197],[77.24288993129088,30.04334545030569],[77.25055573972782,29.946949818775913]]]},"properties":{"ulpin":"02307228689966","parcel_id":"084acea0-9e7e-4a3c-a872-8492643af39a","state":"Himachal Pradesh","state_code":"HP","state_type":"STATE","state_lgd_code":"2","district_lgd_code":"25","district_name":"Shimla","subdistrict_lgd_code":"190","subdistrict_name":"Theog Tehsil","subdistrict_type":"Tehsil / Taluk","village_lgd_code":"24109","village_name":"Fagu","khasra_plot_no":"Khasra 219/D70","recorded_area":"5.5","recorded_area_unit":"Bigha-Biswa","normalized_area_sqm":"4451.53","gis_area_sqm":"4451.53","land_use_category":"INDUSTRIAL","land_use_raw":"Bageecha Seb (Apple Orchard)","status":"SUBDIVIDED","data_freshness_status":"UNKNOWN","scenario_index":"5006","use_case_description":"Government revenue lien and tax demand","mutation_workflow_status":"UNDER_VERIFICATION","revenue_record_id":"ROR-HP-2025-1009-0070","revenue_record_type":"Jamabandi (HimBhoomi)","khata_khewat_no":"KHT-59","khatauni_no":"KHN-159","owner_name":"Rajinder Singh Thakur","owner_name_local":"राजिंदर सिंह ठाकुर","co_owners":"","tenure_type":"Leasehold","mutation_status":"UNMUTATED_TRANSACTION","active_mutation_id":"MUT-HP-00000070","tax_demand_status":"PAID","annual_tax_inr":"185.5","deed_number":"DEED-HP-2024-409-0070","deed_type":"Sale Deed / Conveyance","sro_office":"Sub-Registrar Office, Theog Tehsil","execution_date":"2024-05-10","registered_owner":"Rajinder Singh Thakur","seller_name":"Previous Landholder","consideration_amount_inr":"3500000.0","stamp_duty_inr":"210000.0","survey_sketch_id":"FMB-HP-09-0070","cadastral_sheet_no":"SHT-HP-09","surveyed_area_sqm":"4451.53","survey_status":"DISPUTED","urban_authority":"Theog Tehsil Urban Development & Town Planning Authority","zone_name":"Agricultural / Green Buffer","permitted_land_use":"INDUSTRIAL","building_permission_status":"REJECTED","violations_reported":"False","is_encumbered":"True","encumbrance_certificate_number":"EC-HP-00000070-0070","encumbrance_type":"COURT_ATTACHMENT","financial_institution":"","mortgage_amount":"0.0","created_at":"2026-01-15T09:00:00Z","updated_at":"2026-09-24T11:30:00Z"}},{"type":"Feature","geometry":{"type":"Polygon","coordinates":[[[77.2686393178835,29.743683053387922],[77.35317767618868,29.743683053387922],[77.3446494597984,29.841763639563105],[77.25026173525711,29.84873740724504],[77.2686393178835,29.743683053387922]]]},"properties":{"ulpin":"02071860651856","parcel_id":"30f6c072-c34a-4cb6-9808-720c4174df24","state":"Himachal Pradesh","state_code":"HP","state_type":"STATE","state_lgd_code":"2","district_lgd_code":"25","district_name":"Shimla","subdistrict_lgd_code":"190","subdistrict_name":"Theog Tehsil","subdistrict_type":"Tehsil / Taluk","village_lgd_code":"24109","village_name":"Fagu","khasra_plot_no":"Khasra 219/D71","recorded_area":"5.5","recorded_area_unit":"Bigha-Biswa","normalized_area_sqm":"4451.53","gis_area_sqm":"4451.53","land_use_category":"AGRICULTURAL","land_use_raw":"Bageecha Seb (Apple Orchard)","status":"AMALGAMATED","data_freshness_status":"CURRENT","scenario_index":"5007","use_case_description":"Court attachment and disputed possession","mutation_workflow_status":"NOTICE_PERIOD","revenue_record_id":"ROR-HP-2025-1009-0071","revenue_record_type":"Jamabandi (HimBhoomi)","khata_khewat_no":"KHT-59","khatauni_no":"KHN-159","owner_name":"Rajinder Singh Thakur","owner_name_local":"राजिंदर सिंह ठाकुर","co_owners":"","tenure_type":"Government Grant","mutation_status":"REJECTED","active_mutation_id":"MUT-HP-00000071","tax_demand_status":"PAID","annual_tax_inr":"185.5","deed_number":"DEED-HP-2024-409-0071","deed_type":"Sale Deed / Conveyance","sro_office":"Sub-Registrar Office, Theog Tehsil","execution_date":"2024-05-10","registered_owner":"Rajinder Singh Thakur","seller_name":"Previous Landholder","consideration_amount_inr":"3500000.0","stamp_duty_inr":"210000.0","survey_sketch_id":"FMB-HP-09-0071","cadastral_sheet_no":"SHT-HP-09","surveyed_area_sqm":"4451.53","survey_status":"RESURVEY_REQUIRED","urban_authority":"Theog Tehsil Urban Development & Town Planning Authority","zone_name":"Agricultural / Green Buffer","permitted_land_use":"AGRICULTURAL","building_permission_status":"NOT_APPLICABLE","violations_reported":"False","is_encumbered":"True","encumbrance_certificate_number":"EC-HP-00000071-0071","encumbrance_type":"TRIBAL_NON_ALIENATION","financial_institution":"","mortgage_amount":"0.0","created_at":"2026-01-15T09:00:00Z","updated_at":"2026-09-24T11:30:00Z"}},{"type":"Feature","geometry":{"type":"Polygon","coordinates":[[[77.25026173525711,29.84873740724504],[77.3446494597984,29.841763639563105],[77.35269401347526,29.934475496756484],[77.25055573972782,29.946949818775913],[77.25026173525711,29.84873740724504]]]},"properties":{"ulpin":"02390553574005","parcel_id":"3787e4bc-31b5-4744-957e-495f5548f274","state":"Himachal Pradesh","state_code":"HP","state_type":"STATE","state_lgd_code":"2","district_lgd_code":"25","district_name":"Shimla","subdistrict_lgd_code":"190","subdistrict_name":"Theog Tehsil","subdistrict_type":"Tehsil / Taluk","village_lgd_code":"24109","village_name":"Fagu","khasra_plot_no":"Khasra 219/D72","recorded_area":"5.5","recorded_area_unit":"Bigha-Biswa","normalized_area_sqm":"4451.53","gis_area_sqm":"4451.53","land_use_category":"INSTITUTIONAL","land_use_raw":"Bageecha Seb (Apple Orchard)","status":"DISPUTED","data_freshness_status":"STALE","scenario_index":"5008","use_case_description":"Tribal non-alienation protection review","mutation_workflow_status":"HEARING_SCHEDULED","revenue_record_id":"ROR-HP-2025-1009-0072","revenue_record_type":"Jamabandi (HimBhoomi)","khata_khewat_no":"KHT-59","khatauni_no":"KHN-159","owner_name":"Rajinder Singh Thakur","owner_name_local":"राजिंदर सिंह ठाकुर","co_owners":"","tenure_type":"Waqf / Religious Trust","mutation_status":"DISPUTED","active_mutation_id":"MUT-HP-00000072","tax_demand_status":"PAID","annual_tax_inr":"185.5","deed_number":"DEED-HP-2024-409-0072","deed_type":"Sale Deed / Conveyance","sro_office":"Sub-Registrar Office, Theog Tehsil","execution_date":"2024-05-10","registered_owner":"Rajinder Singh Thakur","seller_name":"Previous Landholder","consideration_amount_inr":"3500000.0","stamp_duty_inr":"210000.0","survey_sketch_id":"FMB-HP-09-0072","cadastral_sheet_no":"SHT-HP-09","surveyed_area_sqm":"4451.53","survey_status":"SURVEYED","urban_authority":"Theog Tehsil Urban Development & Town Planning Authority","zone_name":"Agricultural / Green Buffer","permitted_land_use":"INSTITUTIONAL","building_permission_status":"SANCTIONED","violations_reported":"False","is_encumbered":"True","encumbrance_certificate_number":"EC-HP-00000072-0072","encumbrance_type":"LEASE_CHARGE","financial_institution":"","mortgage_amount":"0.0","created_at":"2026-01-15T09:00:00Z","updated_at":"2026-09-24T11:30:00Z"}},{"type":"Feature","geometry":{"type":"Polygon","coordinates":[[[78.14327704317786,31.22115470823949],[78.2673421215308,31.235061927379903],[78.25253559349325,31.37063430759752],[78.14764466168704,31.37063430759752],[78.14327704317786,31.22115470823949]]]},"properties":{"ulpin":"02700857656953","parcel_id":"92c4b2c7-dd36-44d6-8084-4fcd6b3e6ac6","state":"Himachal Pradesh","state_code":"HP","state_type":"STATE","state_lgd_code":"2","district_lgd_code":"25","district_name":"Shimla","subdistrict_lgd_code":"190","subdistrict_name":"Theog Tehsil","subdistrict_type":"Tehsil / Taluk","village_lgd_code":"24109","village_name":"Fagu","khasra_plot_no":"Khasra 219/D73","recorded_area":"5.5","recorded_area_unit":"Bigha-Biswa","normalized_area_sqm":"4451.53","gis_area_sqm":"4451.53","land_use_category":"FOREST_GREEN_BELT","land_use_raw":"Bageecha Seb (Apple Orchard)","status":"ARCHIVED","data_freshness_status":"UNKNOWN","scenario_index":"5009","use_case_description":"Archived historical record for audit retrieval","mutation_workflow_status":"APPROVED","revenue_record_id":"ROR-HP-2025-1009-0073","revenue_record_type":"Jamabandi (HimBhoomi)","khata_khewat_no":"KHT-59","khatauni_no":"KHN-159","owner_name":"Rajinder Singh Thakur","owner_name_local":"राजिंदर सिंह ठाकुर","co_owners":"","tenure_type":"Tribal Community Tenure","mutation_status":"NONE","active_mutation_id":"MUT-HP-00000073","tax_demand_status":"PAID","annual_tax_inr":"185.5","deed_number":"DEED-HP-2024-409-0073","deed_type":"Sale Deed / Conveyance","sro_office":"Sub-Registrar Office, Theog Tehsil","execution_date":"2024-05-10","registered_owner":"Registry Variance Owner 73","seller_name":"Previous Landholder","consideration_amount_inr":"3500000.0","stamp_duty_inr":"210000.0","survey_sketch_id":"FMB-HP-09-0073","cadastral_sheet_no":"SHT-HP-09","surveyed_area_sqm":"4451.53","survey_status":"PENDING","urban_authority":"Theog Tehsil Urban Development & Town Planning Authority","zone_name":"Agricultural / Green Buffer","permitted_land_use":"FOREST_GREEN_BELT","building_permission_status":"PENDING","violations_reported":"False","is_encumbered":"False","encumbrance_certificate_number":"EC-HP-2024-109-0073","encumbrance_type":"NIL","financial_institution":"","mortgage_amount":"0.0","created_at":"2026-01-15T09:00:00Z","updated_at":"2026-09-24T11:30:00Z"}},{"type":"Feature","geometry":{"type":"Polygon","coordinates":[[[76.31517581808173,30.820123034855666],[76.43263776276557,30.83707818674488],[76.41974071673405,30.991239775155275],[76.31517581808173,30.98601431605217],[76.31517581808173,30.820123034855666]]]},"properties":{"ulpin":"02701718708235","parcel_id":"576f1dda-355a-4da2-8be6-bc09ffef1049","state":"Himachal Pradesh","state_code":"HP","state_type":"STATE","state_lgd_code":"2","district_lgd_code":"25","district_name":"Shimla","subdistrict_lgd_code":"190","subdistrict_name":"Theog Tehsil","subdistrict_type":"Tehsil / Taluk","village_lgd_code":"24109","village_name":"Fagu","khasra_plot_no":"Khasra 219/D74","recorded_area":"5.5","recorded_area_unit":"Bigha-Biswa","normalized_area_sqm":"4451.53","gis_area_sqm":"4451.53","land_use_category":"WATER_BODY","land_use_raw":"Bageecha Seb (Apple Orchard)","status":"ACTIVE","data_freshness_status":"CURRENT","scenario_index":"5010","use_case_description":"Subdivision or amalgamation history review","mutation_workflow_status":"REJECTED","revenue_record_id":"ROR-HP-2025-1009-0074","revenue_record_type":"Jamabandi (HimBhoomi)","khata_khewat_no":"KHT-59","khatauni_no":"KHN-159","owner_name":"Rajinder Singh Thakur","owner_name_local":"राजिंदर सिंह ठाकुर","co_owners":"","tenure_type":"Bhumiswami / Raiyati with Transferable Rights","mutation_status":"MUTATED","active_mutation_id":"","tax_demand_status":"PAID","annual_tax_inr":"185.5","deed_number":"DEED-HP-2024-409-0074","deed_type":"Sale Deed / Conveyance","sro_office":"Sub-Registrar Office, Theog Tehsil","execution_date":"2024-05-10","registered_owner":"Rajinder Singh Thakur","seller_name":"Previous Landholder","consideration_amount_inr":"3500000.0","stamp_duty_inr":"210000.0","survey_sketch_id":"FMB-HP-09-0074","cadastral_sheet_no":"SHT-HP-09","surveyed_area_sqm":"4451.53","survey_status":"DISPUTED","urban_authority":"Theog Tehsil Urban Development & Town Planning Authority","zone_name":"Agricultural / Green Buffer","permitted_land_use":"WATER_BODY","building_permission_status":"REJECTED","violations_reported":"False","is_encumbered":"True","encumbrance_certificate_number":"EC-HP-00000074-0074","encumbrance_type":"BANK_MORTGAGE","financial_institution":"","mortgage_amount":"0.0","created_at":"2026-01-15T09:00:00Z","updated_at":"2026-09-24T11:30:00Z"}},{"type":"Feature","geometry":{"type":"Polygon","coordinates":[[[77.25131985535468,30.253470994737672],[77.34825674429821,30.24011940631443],[77.33946527439402,30.34388915951664],[77.24947541140098,30.34388915951664],[77.25131985535468,30.253470994737672]]]},"properties":{"ulpin":"02331328827740","parcel_id":"56f19e0b-c8e5-4bac-8d29-35513b9d7bf3","state":"Himachal Pradesh","state_code":"HP","state_type":"STATE","state_lgd_code":"2","district_lgd_code":"25","district_name":"Shimla","subdistrict_lgd_code":"190","subdistrict_name":"Theog Tehsil","subdistrict_type":"Tehsil / Taluk","village_lgd_code":"24109","village_name":"Fagu","khasra_plot_no":"Khasra 219/D75","recorded_area":"5.5","recorded_area_unit":"Bigha-Biswa","normalized_area_sqm":"4451.53","gis_area_sqm":"4451.53","land_use_category":"MIXED_USE","land_use_raw":"Bageecha Seb (Apple Orchard)","status":"PENDING_MUTATION","data_freshness_status":"STALE","scenario_index":"5011","use_case_description":"Archived historical record for audit retrieval","mutation_workflow_status":"SLA_BREACHED","revenue_record_id":"ROR-HP-2025-1009-0075","revenue_record_type":"Jamabandi (HimBhoomi)","khata_khewat_no":"KHT-59","khatauni_no":"KHN-159","owner_name":"Rajinder Singh Thakur","owner_name_local":"राजिंदर सिंह ठाकुर","co_owners":"","tenure_type":"Bhumiswami / Freehold","mutation_status":"PENDING","active_mutation_id":"MUT-HP-00000075","tax_demand_status":"PAID","annual_tax_inr":"185.5","deed_number":"DEED-HP-2024-409-0075","deed_type":"Sale Deed / Conveyance","sro_office":"Sub-Registrar Office, Theog Tehsil","execution_date":"2024-05-10","registered_owner":"Rajinder Singh Thakur","seller_name":"Previous Landholder","consideration_amount_inr":"3500000.0","stamp_duty_inr":"210000.0","survey_sketch_id":"FMB-HP-09-0075","cadastral_sheet_no":"SHT-HP-09","surveyed_area_sqm":"4451.53","survey_status":"RESURVEY_REQUIRED","urban_authority":"Theog Tehsil Urban Development & Town Planning Authority","zone_name":"Agricultural / Green Buffer","permitted_land_use":"MIXED_USE","building_permission_status":"NOT_APPLICABLE","violations_reported":"False","is_encumbered":"True","encumbrance_certificate_number":"EC-HP-00000075-0075","encumbrance_type":"GOVT_REVENUE_LIEN","financial_institution":"","mortgage_amount":"0.0","created_at":"2026-01-15T09:00:00Z","updated_at":"2026-09-24T11:30:00Z"}},{"type":"Feature","geometry":{"type":"Polygon","coordinates":[[[77.15785666927204,29.743683053387922],[77.2686393178835,29.743683053387922],[77.25026173525711,29.84873740724504],[77.16109119909896,29.8349872535026],[77.15785666927204,29.743683053387922]]]},"properties":{"ulpin":"02898173652344","parcel_id":"6dde4b12-dcf7-4210-bf2e-e54a8198dbc8","state":"Himachal Pradesh","state_code":"HP","state_type":"STATE","state_lgd_code":"2","district_lgd_code":"25","district_name":"Shimla","subdistrict_lgd_code":"190","subdistrict_name":"Theog Tehsil","subdistrict_type":"Tehsil / Taluk","village_lgd_code":"24109","village_name":"Fagu","khasra_plot_no":"Khasra 219/D76","recorded_area":"5.5","recorded_area_unit":"Bigha-Biswa","normalized_area_sqm":"4451.53","gis_area_sqm":"4451.53","land_use_category":"OTHER","land_use_raw":"Bageecha Seb (Apple Orchard)","status":"SUBDIVIDED","data_freshness_status":"UNKNOWN","scenario_index":"5012","use_case_description":"Bank mortgage and active encumbrance","mutation_workflow_status":"SUBMITTED","revenue_record_id":"ROR-HP-2025-1009-0076","revenue_record_type":"Jamabandi (HimBhoomi)","khata_khewat_no":"KHT-59","khatauni_no":"KHN-159","owner_name":"Rajinder Singh Thakur","owner_name_local":"राजिंदर सिंह ठाकुर","co_owners":"","tenure_type":"Leasehold","mutation_status":"UNMUTATED_TRANSACTION","active_mutation_id":"MUT-HP-00000076","tax_demand_status":"PAID","annual_tax_inr":"185.5","deed_number":"DEED-HP-2024-409-0076","deed_type":"Sale Deed / Conveyance","sro_office":"Sub-Registrar Office, Theog Tehsil","execution_date":"2024-05-10","registered_owner":"Rajinder Singh Thakur","seller_name":"Previous Landholder","consideration_amount_inr":"3500000.0","stamp_duty_inr":"210000.0","survey_sketch_id":"FMB-HP-09-0076","cadastral_sheet_no":"SHT-HP-09","surveyed_area_sqm":"4451.53","survey_status":"SURVEYED","urban_authority":"Theog Tehsil Urban Development & Town Planning Authority","zone_name":"Agricultural / Green Buffer","permitted_land_use":"OTHER","building_permission_status":"SANCTIONED","violations_reported":"True","is_encumbered":"True","encumbrance_certificate_number":"EC-HP-00000076-0076","encumbrance_type":"COURT_ATTACHMENT","financial_institution":"","mortgage_amount":"0.0","created_at":"2026-01-15T09:00:00Z","updated_at":"2026-09-24T11:30:00Z"}},{"type":"Feature","geometry":{"type":"Polygon","coordinates":[[[77.87534779640211,30.838380491842397],[78.0057275093614,30.855069029984918],[77.98538861152333,30.984095161876997],[77.87534779640211,30.95881420627953],[77.87534779640211,30.838380491842397]]]},"properties":{"ulpin":"02061187179261","parcel_id":"c07a4493-d91d-4843-8dd6-57b8e05f19de","state":"Himachal Pradesh","state_code":"HP","state_type":"STATE","state_lgd_code":"2","district_lgd_code":"25","district_name":"Shimla","subdistrict_lgd_code":"190","subdistrict_name":"Theog Tehsil","subdistrict_type":"Tehsil / Taluk","village_lgd_code":"24109","village_name":"Fagu","khasra_plot_no":"Khasra 219/D77","recorded_area":"5.5","recorded_area_unit":"Bigha-Biswa","normalized_area_sqm":"4451.53","gis_area_sqm":"4451.53","land_use_category":"RESIDENTIAL","land_use_raw":"Bageecha Seb (Apple Orchard)","status":"AMALGAMATED","data_freshness_status":"CURRENT","scenario_index":"5013","use_case_description":"Government revenue lien and tax demand","mutation_workflow_status":"UNDER_VERIFICATION","revenue_record_id":"ROR-HP-2025-1009-0077","revenue_record_type":"Jamabandi (HimBhoomi)","khata_khewat_no":"KHT-59","khatauni_no":"KHN-159","owner_name":"Rajinder Singh Thakur","owner_name_local":"राजिंदर सिंह ठाकुर","co_owners":"","tenure_type":"Government Grant","mutation_status":"REJECTED","active_mutation_id":"MUT-HP-00000077","tax_demand_status":"PAID","annual_tax_inr":"185.5","deed_number":"DEED-HP-2024-409-0077","deed_type":"Sale Deed / Conveyance","sro_office":"Sub-Registrar Office, Theog Tehsil","execution_date":"2024-05-10","registered_owner":"Rajinder Singh Thakur","seller_name":"Previous Landholder","consideration_amount_inr":"3500000.0","stamp_duty_inr":"210000.0","survey_sketch_id":"FMB-HP-09-0077","cadastral_sheet_no":"SHT-HP-09","surveyed_area_sqm":"4451.53","survey_status":"PENDING","urban_authority":"Theog Tehsil Urban Development & Town Planning Authority","zone_name":"Agricultural / Green Buffer","permitted_land_use":"RESIDENTIAL","building_permission_status":"PENDING","violations_reported":"False","is_encumbered":"True","encumbrance_certificate_number":"EC-HP-00000077-0077","encumbrance_type":"TRIBAL_NON_ALIENATION","financial_institution":"","mortgage_amount":"0.0","created_at":"2026-01-15T09:00:00Z","updated_at":"2026-09-24T11:30:00Z"}},{"type":"Feature","geometry":{"type":"Polygon","coordinates":[[[76.409760453378,30.139041279339118],[76.52417972703941,30.148320726247608],[76.5484139557646,30.263167499880247],[76.42988280128468,30.256041502310346],[76.409760453378,30.139041279339118]]]},"properties":{"ulpin":"02876809051636","parcel_id":"c180cb3e-12ed-4784-9fab-6677db6de1d4","state":"Himachal Pradesh","state_code":"HP","state_type":"STATE","state_lgd_code":"2","district_lgd_code":"25","district_name":"Shimla","subdistrict_lgd_code":"190","subdistrict_name":"Theog Tehsil","subdistrict_type":"Tehsil / Taluk","village_lgd_code":"24109","village_name":"Fagu","khasra_plot_no":"Khasra 219/D78","recorded_area":"5.5","recorded_area_unit":"Bigha-Biswa","normalized_area_sqm":"4451.53","gis_area_sqm":"4451.53","land_use_category":"COMMERCIAL","land_use_raw":"Bageecha Seb (Apple Orchard)","status":"DISPUTED","data_freshness_status":"STALE","scenario_index":"5014","use_case_description":"Court attachment and disputed possession","mutation_workflow_status":"NOTICE_PERIOD","revenue_record_id":"ROR-HP-2025-1009-0078","revenue_record_type":"Jamabandi (HimBhoomi)","khata_khewat_no":"KHT-59","khatauni_no":"KHN-159","owner_name":"Rajinder Singh Thakur","owner_name_local":"राजिंदर सिंह ठाकुर","co_owners":"","tenure_type":"Waqf / Religious Trust","mutation_status":"DISPUTED","active_mutation_id":"MUT-HP-00000078","tax_demand_status":"PAID","annual_tax_inr":"185.5","deed_number":"DEED-HP-2024-409-0078","deed_type":"Sale Deed / Conveyance","sro_office":"Sub-Registrar Office, Theog Tehsil","execution_date":"2024-05-10","registered_owner":"Registry Variance Owner 78","seller_name":"Previous Landholder","consideration_amount_inr":"3500000.0","stamp_duty_inr":"210000.0","survey_sketch_id":"FMB-HP-09-0078","cadastral_sheet_no":"SHT-HP-09","surveyed_area_sqm":"4451.53","survey_status":"DISPUTED","urban_authority":"Theog Tehsil Urban Development & Town Planning Authority","zone_name":"Agricultural / Green Buffer","permitted_land_use":"COMMERCIAL","building_permission_status":"REJECTED","violations_reported":"False","is_encumbered":"True","encumbrance_certificate_number":"EC-HP-00000078-0078","encumbrance_type":"LEASE_CHARGE","financial_institution":"","mortgage_amount":"0.0","created_at":"2026-01-15T09:00:00Z","updated_at":"2026-09-24T11:30:00Z"}},{"type":"Feature","geometry":{"type":"Polygon","coordinates":[[[77.32786872906202,31.069437771127664],[77.41724699511107,31.055191848846714],[77.43260017398828,31.18504803851201],[77.32741630312391,31.177903654710146],[77.32786872906202,31.069437771127664]]]},"properties":{"ulpin":"02148003764703","parcel_id":"78f547f6-1dd9-4ab9-936f-7000e5fc0f84","state":"Himachal Pradesh","state_code":"HP","state_type":"STATE","state_lgd_code":"2","district_lgd_code":"25","district_name":"Shimla","subdistrict_lgd_code":"190","subdistrict_name":"Theog Tehsil","subdistrict_type":"Tehsil / Taluk","village_lgd_code":"24109","village_name":"Fagu","khasra_plot_no":"Khasra 219/D79","recorded_area":"5.5","recorded_area_unit":"Bigha-Biswa","normalized_area_sqm":"4451.53","gis_area_sqm":"4451.53","land_use_category":"INDUSTRIAL","land_use_raw":"Bageecha Seb (Apple Orchard)","status":"ARCHIVED","data_freshness_status":"UNKNOWN","scenario_index":"5015","use_case_description":"Cadastral area discrepancy requiring resurvey","mutation_workflow_status":"HEARING_SCHEDULED","revenue_record_id":"ROR-HP-2025-1009-0079","revenue_record_type":"Jamabandi (HimBhoomi)","khata_khewat_no":"KHT-59","khatauni_no":"KHN-159","owner_name":"Rajinder Singh Thakur","owner_name_local":"राजिंदर सिंह ठाकुर","co_owners":"","tenure_type":"Tribal Community Tenure","mutation_status":"NONE","active_mutation_id":"MUT-HP-00000079","tax_demand_status":"PAID","annual_tax_inr":"185.5","deed_number":"DEED-HP-2024-409-0079","deed_type":"Sale Deed / Conveyance","sro_office":"Sub-Registrar Office, Theog Tehsil","execution_date":"2024-05-10","registered_owner":"Rajinder Singh Thakur","seller_name":"Previous Landholder","consideration_amount_inr":"3500000.0","stamp_duty_inr":"210000.0","survey_sketch_id":"FMB-HP-09-0079","cadastral_sheet_no":"SHT-HP-09","surveyed_area_sqm":"4451.53","survey_status":"RESURVEY_REQUIRED","urban_authority":"Theog Tehsil Urban Development & Town Planning Authority","zone_name":"Agricultural / Green Buffer","permitted_land_use":"INDUSTRIAL","building_permission_status":"NOT_APPLICABLE","violations_reported":"False","is_encumbered":"False","encumbrance_certificate_number":"EC-HP-2024-109-0079","encumbrance_type":"NIL","financial_institution":"","mortgage_amount":"0.0","created_at":"2026-01-15T09:00:00Z","updated_at":"2026-09-24T11:30:00Z"}},{"type":"Feature","geometry":{"type":"Polygon","coordinates":[[[76.66100456509135,30.03983286822186],[76.76870149842486,30.051476478783623],[76.74764242192882,30.165308574270103],[76.64330669500897,30.16722319461031],[76.66100456509135,30.03983286822186]]]},"properties":{"ulpin":"02000401055253","parcel_id":"0bbc0686-e75c-4a2f-b316-3e8083f12b3f","state":"Himachal Pradesh","state_code":"HP","state_type":"STATE","state_lgd_code":"2","district_lgd_code":"25","district_name":"Shimla","subdistrict_lgd_code":"190","subdistrict_name":"Theog Tehsil","subdistrict_type":"Tehsil / Taluk","village_lgd_code":"24109","village_name":"Fagu","khasra_plot_no":"Khasra 219/D80","recorded_area":"5.5","recorded_area_unit":"Bigha-Biswa","normalized_area_sqm":"4451.53","gis_area_sqm":"4451.53","land_use_category":"AGRICULTURAL","land_use_raw":"Bageecha Seb (Apple Orchard)","status":"ACTIVE","data_freshness_status":"CURRENT","scenario_index":"5016","use_case_description":"Lease charge and institutional tenancy","mutation_workflow_status":"APPROVED","revenue_record_id":"ROR-HP-2025-1009-0080","revenue_record_type":"Jamabandi (HimBhoomi)","khata_khewat_no":"KHT-59","khatauni_no":"KHN-159","owner_name":"Rajinder Singh Thakur","owner_name_local":"राजिंदर सिंह ठाकुर","co_owners":"","tenure_type":"Bhumiswami / Raiyati with Transferable Rights","mutation_status":"MUTATED","active_mutation_id":"","tax_demand_status":"PAID","annual_tax_inr":"185.5","deed_number":"DEED-HP-2024-409-0080","deed_type":"Sale Deed / Conveyance","sro_office":"Sub-Registrar Office, Theog Tehsil","execution_date":"2024-05-10","registered_owner":"Rajinder Singh Thakur","seller_name":"Previous Landholder","consideration_amount_inr":"3500000.0","stamp_duty_inr":"210000.0","survey_sketch_id":"FMB-HP-09-0080","cadastral_sheet_no":"SHT-HP-09","surveyed_area_sqm":"4451.53","survey_status":"SURVEYED","urban_authority":"Theog Tehsil Urban Development & Town Planning Authority","zone_name":"Agricultural / Green Buffer","permitted_land_use":"AGRICULTURAL","building_permission_status":"SANCTIONED","violations_reported":"False","is_encumbered":"True","encumbrance_certificate_number":"EC-HP-00000080-0080","encumbrance_type":"BANK_MORTGAGE","financial_institution":"","mortgage_amount":"0.0","created_at":"2026-01-15T09:00:00Z","updated_at":"2026-09-24T11:30:00Z"}},{"type":"Feature","geometry":{"type":"Polygon","coordinates":[[[77.41724699511107,31.055191848846714],[77.56267310316146,31.068506338081786],[77.5733094492201,31.166405815263985],[77.43260017398828,31.18504803851201],[77.41724699511107,31.055191848846714]]]},"properties":{"ulpin":"02085163007799","parcel_id":"b604c901-b8d3-46d5-91f3-3fd6f1fbf7c6","state":"Himachal Pradesh","state_code":"HP","state_type":"STATE","state_lgd_code":"2","district_lgd_code":"25","district_name":"Shimla","subdistrict_lgd_code":"190","subdistrict_name":"Theog Tehsil","subdistrict_type":"Tehsil / Taluk","village_lgd_code":"24109","village_name":"Fagu","khasra_plot_no":"Khasra 219/D81","recorded_area":"5.5","recorded_area_unit":"Bigha-Biswa","normalized_area_sqm":"4451.53","gis_area_sqm":"4451.53","land_use_category":"INSTITUTIONAL","land_use_raw":"Bageecha Seb (Apple Orchard)","status":"PENDING_MUTATION","data_freshness_status":"STALE","scenario_index":"5017","use_case_description":"Subdivision or amalgamation history review","mutation_workflow_status":"REJECTED","revenue_record_id":"ROR-HP-2025-1009-0081","revenue_record_type":"Jamabandi (HimBhoomi)","khata_khewat_no":"KHT-59","khatauni_no":"KHN-159","owner_name":"Rajinder Singh Thakur","owner_name_local":"राजिंदर सिंह ठाकुर","co_owners":"","tenure_type":"Bhumiswami / Freehold","mutation_status":"PENDING","active_mutation_id":"MUT-HP-00000081","tax_demand_status":"PAID","annual_tax_inr":"185.5","deed_number":"DEED-HP-2024-409-0081","deed_type":"Sale Deed / Conveyance","sro_office":"Sub-Registrar Office, Theog Tehsil","execution_date":"2024-05-10","registered_owner":"Rajinder Singh Thakur","seller_name":"Previous Landholder","consideration_amount_inr":"3500000.0","stamp_duty_inr":"210000.0","survey_sketch_id":"FMB-HP-09-0081","cadastral_sheet_no":"SHT-HP-09","surveyed_area_sqm":"4451.53","survey_status":"PENDING","urban_authority":"Theog Tehsil Urban Development & Town Planning Authority","zone_name":"Agricultural / Green Buffer","permitted_land_use":"INSTITUTIONAL","building_permission_status":"PENDING","violations_reported":"False","is_encumbered":"True","encumbrance_certificate_number":"EC-HP-00000081-0081","encumbrance_type":"GOVT_REVENUE_LIEN","financial_institution":"","mortgage_amount":"0.0","created_at":"2026-01-15T09:00:00Z","updated_at":"2026-09-24T11:30:00Z"}},{"type":"Feature","geometry":{"type":"Polygon","coordinates":[[[77.98538861152333,30.984095161876997],[78.12636933809974,30.96170361609956],[78.12737723401239,31.08678058754046],[78.00149998391973,31.09000612045946],[77.98538861152333,30.984095161876997]]]},"properties":{"ulpin":"02230683206727","parcel_id":"23836473-064a-48e6-8d44-996a3558ae0b","state":"Himachal Pradesh","state_code":"HP","state_type":"STATE","state_lgd_code":"2","district_lgd_code":"25","district_name":"Shimla","subdistrict_lgd_code":"190","subdistrict_name":"Theog Tehsil","subdistrict_type":"Tehsil / Taluk","village_lgd_code":"24109","village_name":"Fagu","khasra_plot_no":"Khasra 219/D82","recorded_area":"5.5","recorded_area_unit":"Bigha-Biswa","normalized_area_sqm":"4451.53","gis_area_sqm":"4451.53","land_use_category":"FOREST_GREEN_BELT","land_use_raw":"Bageecha Seb (Apple Orchard)","status":"SUBDIVIDED","data_freshness_status":"UNKNOWN","scenario_index":"5018","use_case_description":"Archived historical record for audit retrieval","mutation_workflow_status":"SLA_BREACHED","revenue_record_id":"ROR-HP-2025-1009-0082","revenue_record_type":"Jamabandi (HimBhoomi)","khata_khewat_no":"KHT-59","khatauni_no":"KHN-159","owner_name":"Rajinder Singh Thakur","owner_name_local":"राजिंदर सिंह ठाकुर","co_owners":"","tenure_type":"Leasehold","mutation_status":"UNMUTATED_TRANSACTION","active_mutation_id":"MUT-HP-00000082","tax_demand_status":"PAID","annual_tax_inr":"185.5","deed_number":"DEED-HP-2024-409-0082","deed_type":"Sale Deed / Conveyance","sro_office":"Sub-Registrar Office, Theog Tehsil","execution_date":"2024-05-10","registered_owner":"Rajinder Singh Thakur","seller_name":"Previous Landholder","consideration_amount_inr":"3500000.0","stamp_duty_inr":"210000.0","survey_sketch_id":"FMB-HP-09-0082","cadastral_sheet_no":"SHT-HP-09","surveyed_area_sqm":"4451.53","survey_status":"DISPUTED","urban_authority":"Theog Tehsil Urban Development & Town Planning Authority","zone_name":"Agricultural / Green Buffer","permitted_land_use":"FOREST_GREEN_BELT","building_permission_status":"REJECTED","violations_reported":"False","is_encumbered":"True","encumbrance_certificate_number":"EC-HP-00000082-0082","encumbrance_type":"COURT_ATTACHMENT","financial_institution":"","mortgage_amount":"0.0","created_at":"2026-01-15T09:00:00Z","updated_at":"2026-09-24T11:30:00Z"}},{"type":"Feature","geometry":{"type":"Polygon","coordinates":[[[77.4427232594341,30.048689264882995],[77.5256369236202,30.05821558167939],[77.5256369236202,30.12817873089707],[77.4407749668209,30.148716453982264],[77.4427232594341,30.048689264882995]]]},"properties":{"ulpin":"02639165012181","parcel_id":"e04c1110-657b-4907-b80f-4c25190da18c","state":"Himachal Pradesh","state_code":"HP","state_type":"STATE","state_lgd_code":"2","district_lgd_code":"25","district_name":"Shimla","subdistrict_lgd_code":"190","subdistrict_name":"Theog Tehsil","subdistrict_type":"Tehsil / Taluk","village_lgd_code":"24109","village_name":"Fagu","khasra_plot_no":"Khasra 219/D83","recorded_area":"5.5","recorded_area_unit":"Bigha-Biswa","normalized_area_sqm":"4451.53","gis_area_sqm":"4451.53","land_use_category":"WATER_BODY","land_use_raw":"Bageecha Seb (Apple Orchard)","status":"AMALGAMATED","data_freshness_status":"CURRENT","scenario_index":"5019","use_case_description":"Bank mortgage and active encumbrance","mutation_workflow_status":"SUBMITTED","revenue_record_id":"ROR-HP-2025-1009-0083","revenue_record_type":"Jamabandi (HimBhoomi)","khata_khewat_no":"KHT-59","khatauni_no":"KHN-159","owner_name":"Rajinder Singh Thakur","owner_name_local":"राजिंदर सिंह ठाकुर","co_owners":"","tenure_type":"Government Grant","mutation_status":"REJECTED","active_mutation_id":"MUT-HP-00000083","tax_demand_status":"PAID","annual_tax_inr":"185.5","deed_number":"DEED-HP-2024-409-0083","deed_type":"Sale Deed / Conveyance","sro_office":"Sub-Registrar Office, Theog Tehsil","execution_date":"2024-05-10","registered_owner":"Registry Variance Owner 83","seller_name":"Previous Landholder","consideration_amount_inr":"3500000.0","stamp_duty_inr":"210000.0","survey_sketch_id":"FMB-HP-09-0083","cadastral_sheet_no":"SHT-HP-09","surveyed_area_sqm":"4451.53","survey_status":"RESURVEY_REQUIRED","urban_authority":"Theog Tehsil Urban Development & Town Planning Authority","zone_name":"Agricultural / Green Buffer","permitted_land_use":"WATER_BODY","building_permission_status":"NOT_APPLICABLE","violations_reported":"True","is_encumbered":"True","encumbrance_certificate_number":"EC-HP-00000083-0083","encumbrance_type":"TRIBAL_NON_ALIENATION","financial_institution":"","mortgage_amount":"0.0","created_at":"2026-01-15T09:00:00Z","updated_at":"2026-09-24T11:30:00Z"}},{"type":"Feature","geometry":{"type":"Polygon","coordinates":[[[76.30166191162103,29.720365875663784],[76.42347695553599,29.720365875663784],[76.42963735792709,29.844581994180167],[76.30166191162103,29.83375919435604],[76.30166191162103,29.720365875663784]]]},"properties":{"ulpin":"02372774495186","parcel_id":"17bfcbf4-19ca-4a8c-972c-a4744aede7d1","state":"Himachal Pradesh","state_code":"HP","state_type":"STATE","state_lgd_code":"2","district_lgd_code":"25","district_name":"Shimla","subdistrict_lgd_code":"190","subdistrict_name":"Theog Tehsil","subdistrict_type":"Tehsil / Taluk","village_lgd_code":"24109","village_name":"Fagu","khasra_plot_no":"Khasra 219/D84","recorded_area":"5.5","recorded_area_unit":"Bigha-Biswa","normalized_area_sqm":"4451.53","gis_area_sqm":"4451.53","land_use_category":"MIXED_USE","land_use_raw":"Bageecha Seb (Apple Orchard)","status":"DISPUTED","data_freshness_status":"STALE","scenario_index":"5020","use_case_description":"Government revenue lien and tax demand","mutation_workflow_status":"UNDER_VERIFICATION","revenue_record_id":"ROR-HP-2025-1009-0084","revenue_record_type":"Jamabandi (HimBhoomi)","khata_khewat_no":"KHT-59","khatauni_no":"KHN-159","owner_name":"Rajinder Singh Thakur","owner_name_local":"राजिंदर सिंह ठाकुर","co_owners":"","tenure_type":"Waqf / Religious Trust","mutation_status":"DISPUTED","active_mutation_id":"MUT-HP-00000084","tax_demand_status":"PAID","annual_tax_inr":"185.5","deed_number":"DEED-HP-2024-409-0084","deed_type":"Sale Deed / Conveyance","sro_office":"Sub-Registrar Office, Theog Tehsil","execution_date":"2024-05-10","registered_owner":"Rajinder Singh Thakur","seller_name":"Previous Landholder","consideration_amount_inr":"3500000.0","stamp_duty_inr":"210000.0","survey_sketch_id":"FMB-HP-09-0084","cadastral_sheet_no":"SHT-HP-09","surveyed_area_sqm":"4451.53","survey_status":"SURVEYED","urban_authority":"Theog Tehsil Urban Development & Town Planning Authority","zone_name":"Agricultural / Green Buffer","permitted_land_use":"MIXED_USE","building_permission_status":"SANCTIONED","violations_reported":"False","is_encumbered":"True","encumbrance_certificate_number":"EC-HP-00000084-0084","encumbrance_type":"LEASE_CHARGE","financial_institution":"","mortgage_amount":"0.0","created_at":"2026-01-15T09:00:00Z","updated_at":"2026-09-24T11:30:00Z"}},{"type":"Feature","geometry":{"type":"Polygon","coordinates":[[[76.42347695553599,29.720365875663784],[76.53155020827133,29.720365875663784],[76.53874572425993,29.81138542314159],[76.42963735792709,29.844581994180167],[76.42347695553599,29.720365875663784]]]},"properties":{"ulpin":"02205820985265","parcel_id":"4090ed0e-851d-4490-adae-acd9bd070d05","state":"Himachal Pradesh","state_code":"HP","state_type":"STATE","state_lgd_code":"2","district_lgd_code":"25","district_name":"Shimla","subdistrict_lgd_code":"190","subdistrict_name":"Theog Tehsil","subdistrict_type":"Tehsil / Taluk","village_lgd_code":"24109","village_name":"Fagu","khasra_plot_no":"Khasra 219/D85","recorded_area":"5.5","recorded_area_unit":"Bigha-Biswa","normalized_area_sqm":"4451.53","gis_area_sqm":"4451.53","land_use_category":"OTHER","land_use_raw":"Bageecha Seb (Apple Orchard)","status":"ARCHIVED","data_freshness_status":"UNKNOWN","scenario_index":"5021","use_case_description":"Tribal non-alienation protection review","mutation_workflow_status":"NOTICE_PERIOD","revenue_record_id":"ROR-HP-2025-1009-0085","revenue_record_type":"Jamabandi (HimBhoomi)","khata_khewat_no":"KHT-59","khatauni_no":"KHN-159","owner_name":"Rajinder Singh Thakur","owner_name_local":"राजिंदर सिंह ठाकुर","co_owners":"","tenure_type":"Tribal Community Tenure","mutation_status":"NONE","active_mutation_id":"MUT-HP-00000085","tax_demand_status":"PAID","annual_tax_inr":"185.5","deed_number":"DEED-HP-2024-409-0085","deed_type":"Sale Deed / Conveyance","sro_office":"Sub-Registrar Office, Theog Tehsil","execution_date":"2024-05-10","registered_owner":"Rajinder Singh Thakur","seller_name":"Previous Landholder","consideration_amount_inr":"3500000.0","stamp_duty_inr":"210000.0","survey_sketch_id":"FMB-HP-09-0085","cadastral_sheet_no":"SHT-HP-09","surveyed_area_sqm":"4451.53","survey_status":"PENDING","urban_authority":"Theog Tehsil Urban Development & Town Planning Authority","zone_name":"Agricultural / Green Buffer","permitted_land_use":"OTHER","building_permission_status":"PENDING","violations_reported":"False","is_encumbered":"False","encumbrance_certificate_number":"EC-HP-2024-109-0085","encumbrance_type":"NIL","financial_institution":"","mortgage_amount":"0.0","created_at":"2026-01-15T09:00:00Z","updated_at":"2026-09-24T11:30:00Z"}},{"type":"Feature","geometry":{"type":"Polygon","coordinates":[[[76.76977777537334,30.96016255969571],[76.86599663715022,30.957672195171856],[76.86599663715022,31.08468823141151],[76.762335821801,31.089049552740732],[76.76977777537334,30.96016255969571]]]},"properties":{"ulpin":"02010333005471","parcel_id":"75db57c3-e0d7-4dd6-b543-92852278908b","state":"Himachal Pradesh","state_code":"HP","state_type":"STATE","state_lgd_code":"2","district_lgd_code":"25","district_name":"Shimla","subdistrict_lgd_code":"190","subdistrict_name":"Theog Tehsil","subdistrict_type":"Tehsil / Taluk","village_lgd_code":"24109","village_name":"Fagu","khasra_plot_no":"Khasra 219/D86","recorded_area":"5.5","recorded_area_unit":"Bigha-Biswa","normalized_area_sqm":"4451.53","gis_area_sqm":"4451.53","land_use_category":"RESIDENTIAL","land_use_raw":"Bageecha Seb (Apple Orchard)","status":"ACTIVE","data_freshness_status":"CURRENT","scenario_index":"5022","use_case_description":"Tribal non-alienation protection review","mutation_workflow_status":"HEARING_SCHEDULED","revenue_record_id":"ROR-HP-2025-1009-0086","revenue_record_type":"Jamabandi (HimBhoomi)","khata_khewat_no":"KHT-59","khatauni_no":"KHN-159","owner_name":"Rajinder Singh Thakur","owner_name_local":"राजिंदर सिंह ठाकुर","co_owners":"","tenure_type":"Bhumiswami / Raiyati with Transferable Rights","mutation_status":"MUTATED","active_mutation_id":"","tax_demand_status":"PAID","annual_tax_inr":"185.5","deed_number":"DEED-HP-2024-409-0086","deed_type":"Sale Deed / Conveyance","sro_office":"Sub-Registrar Office, Theog Tehsil","execution_date":"2024-05-10","registered_owner":"Rajinder Singh Thakur","seller_name":"Previous Landholder","consideration_amount_inr":"3500000.0","stamp_duty_inr":"210000.0","survey_sketch_id":"FMB-HP-09-0086","cadastral_sheet_no":"SHT-HP-09","surveyed_area_sqm":"4451.53","survey_status":"DISPUTED","urban_authority":"Theog Tehsil Urban Development & Town Planning Authority","zone_name":"Agricultural / Green Buffer","permitted_land_use":"RESIDENTIAL","building_permission_status":"REJECTED","violations_reported":"False","is_encumbered":"True","encumbrance_certificate_number":"EC-HP-00000086-0086","encumbrance_type":"BANK_MORTGAGE","financial_institution":"","mortgage_amount":"0.0","created_at":"2026-01-15T09:00:00Z","updated_at":"2026-09-24T11:30:00Z"}},{"type":"Feature","geometry":{"type":"Polygon","coordinates":[[[76.64330669500897,30.16722319461031],[76.74764242192882,30.165308574270103],[76.74404076660215,30.25588577216315],[76.65118635116214,30.247024359199884],[76.64330669500897,30.16722319461031]]]},"properties":{"ulpin":"02865182462960","parcel_id":"6387de4e-34b7-48a1-8aaf-f302dd4e0f1d","state":"Himachal Pradesh","state_code":"HP","state_type":"STATE","state_lgd_code":"2","district_lgd_code":"25","district_name":"Shimla","subdistrict_lgd_code":"190","subdistrict_name":"Theog Tehsil","subdistrict_type":"Tehsil / Taluk","village_lgd_code":"24109","village_name":"Fagu","khasra_plot_no":"Khasra 219/D87","recorded_area":"5.5","recorded_area_unit":"Bigha-Biswa","normalized_area_sqm":"4451.53","gis_area_sqm":"4451.53","land_use_category":"COMMERCIAL","land_use_raw":"Bageecha Seb (Apple Orchard)","status":"PENDING_MUTATION","data_freshness_status":"STALE","scenario_index":"5023","use_case_description":"Lease charge and institutional tenancy","mutation_workflow_status":"APPROVED","revenue_record_id":"ROR-HP-2025-1009-0087","revenue_record_type":"Jamabandi (HimBhoomi)","khata_khewat_no":"KHT-59","khatauni_no":"KHN-159","owner_name":"Rajinder Singh Thakur","owner_name_local":"राजिंदर सिंह ठाकुर","co_owners":"","tenure_type":"Bhumiswami / Freehold","mutation_status":"PENDING","active_mutation_id":"MUT-HP-00000087","tax_demand_status":"PAID","annual_tax_inr":"185.5","deed_number":"DEED-HP-2024-409-0087","deed_type":"Sale Deed / Conveyance","sro_office":"Sub-Registrar Office, Theog Tehsil","execution_date":"2024-05-10","registered_owner":"Rajinder Singh Thakur","seller_name":"Previous Landholder","consideration_amount_inr":"3500000.0","stamp_duty_inr":"210000.0","survey_sketch_id":"FMB-HP-09-0087","cadastral_sheet_no":"SHT-HP-09","surveyed_area_sqm":"4451.53","survey_status":"RESURVEY_REQUIRED","urban_authority":"Theog Tehsil Urban Development & Town Planning Authority","zone_name":"Agricultural / Green Buffer","permitted_land_use":"COMMERCIAL","building_permission_status":"NOT_APPLICABLE","violations_reported":"False","is_encumbered":"True","encumbrance_certificate_number":"EC-HP-00000087-0087","encumbrance_type":"GOVT_REVENUE_LIEN","financial_institution":"","mortgage_amount":"0.0","created_at":"2026-01-15T09:00:00Z","updated_at":"2026-09-24T11:30:00Z"}},{"type":"Feature","geometry":{"type":"Polygon","coordinates":[[[76.51943609812594,30.83301301389378],[76.64953618658343,30.822630725376374],[76.63320991047617,30.965440013908196],[76.53794114669745,30.959366199983922],[76.51943609812594,30.83301301389378]]]},"properties":{"ulpin":"02105353558573","parcel_id":"05d84242-89d3-4c90-9924-8e469a23541f","state":"Himachal Pradesh","state_code":"HP","state_type":"STATE","state_lgd_code":"2","district_lgd_code":"25","district_name":"Shimla","subdistrict_lgd_code":"190","subdistrict_name":"Theog Tehsil","subdistrict_type":"Tehsil / Taluk","village_lgd_code":"24109","village_name":"Fagu","khasra_plot_no":"Khasra 219/D88","recorded_area":"5.5","recorded_area_unit":"Bigha-Biswa","normalized_area_sqm":"4451.53","gis_area_sqm":"4451.53","land_use_category":"INDUSTRIAL","land_use_raw":"Bageecha Seb (Apple Orchard)","status":"SUBDIVIDED","data_freshness_status":"UNKNOWN","scenario_index":"5024","use_case_description":"Subdivision or amalgamation history review","mutation_workflow_status":"REJECTED","revenue_record_id":"ROR-HP-2025-1009-0088","revenue_record_type":"Jamabandi (HimBhoomi)","khata_khewat_no":"KHT-59","khatauni_no":"KHN-159","owner_name":"Rajinder Singh Thakur","owner_name_local":"राजिंदर सिंह ठाकुर","co_owners":"","tenure_type":"Leasehold","mutation_status":"UNMUTATED_TRANSACTION","active_mutation_id":"MUT-HP-00000088","tax_demand_status":"PAID","annual_tax_inr":"185.5","deed_number":"DEED-HP-2024-409-0088","deed_type":"Sale Deed / Conveyance","sro_office":"Sub-Registrar Office, Theog Tehsil","execution_date":"2024-05-10","registered_owner":"Registry Variance Owner 88","seller_name":"Previous Landholder","consideration_amount_inr":"3500000.0","stamp_duty_inr":"210000.0","survey_sketch_id":"FMB-HP-09-0088","cadastral_sheet_no":"SHT-HP-09","surveyed_area_sqm":"4451.53","survey_status":"SURVEYED","urban_authority":"Theog Tehsil Urban Development & Town Planning Authority","zone_name":"Agricultural / Green Buffer","permitted_land_use":"INDUSTRIAL","building_permission_status":"SANCTIONED","violations_reported":"False","is_encumbered":"True","encumbrance_certificate_number":"EC-HP-00000088-0088","encumbrance_type":"COURT_ATTACHMENT","financial_institution":"","mortgage_amount":"0.0","created_at":"2026-01-15T09:00:00Z","updated_at":"2026-09-24T11:30:00Z"}},{"type":"Feature","geometry":{"type":"Polygon","coordinates":[[[77.30025702645246,30.91641569902602],[77.43786244899178,30.912960805843014],[77.41724699511107,31.055191848846714],[77.32786872906202,31.069437771127664],[77.30025702645246,30.91641569902602]]]},"properties":{"ulpin":"02751223211103","parcel_id":"b41000a5-a55c-41ae-8194-b30eb19958fd","state":"Himachal Pradesh","state_code":"HP","state_type":"STATE","state_lgd_code":"2","district_lgd_code":"25","district_name":"Shimla","subdistrict_lgd_code":"190","subdistrict_name":"Theog Tehsil","subdistrict_type":"Tehsil / Taluk","village_lgd_code":"24109","village_name":"Fagu","khasra_plot_no":"Khasra 219/D89","recorded_area":"5.5","recorded_area_unit":"Bigha-Biswa","normalized_area_sqm":"4451.53","gis_area_sqm":"4451.53","land_use_category":"AGRICULTURAL","land_use_raw":"Bageecha Seb (Apple Orchard)","status":"AMALGAMATED","data_freshness_status":"CURRENT","scenario_index":"5025","use_case_description":"Archived historical record for audit retrieval","mutation_workflow_status":"SLA_BREACHED","revenue_record_id":"ROR-HP-2025-1009-0089","revenue_record_type":"Jamabandi (HimBhoomi)","khata_khewat_no":"KHT-59","khatauni_no":"KHN-159","owner_name":"Rajinder Singh Thakur","owner_name_local":"राजिंदर सिंह ठाकुर","co_owners":"","tenure_type":"Government Grant","mutation_status":"REJECTED","active_mutation_id":"MUT-HP-00000089","tax_demand_status":"PAID","annual_tax_inr":"185.5","deed_number":"DEED-HP-2024-409-0089","deed_type":"Sale Deed / Conveyance","sro_office":"Sub-Registrar Office, Theog Tehsil","execution_date":"2024-05-10","registered_owner":"Rajinder Singh Thakur","seller_name":"Previous Landholder","consideration_amount_inr":"3500000.0","stamp_duty_inr":"210000.0","survey_sketch_id":"FMB-HP-09-0089","cadastral_sheet_no":"SHT-HP-09","surveyed_area_sqm":"4451.53","survey_status":"PENDING","urban_authority":"Theog Tehsil Urban Development & Town Planning Authority","zone_name":"Agricultural / Green Buffer","permitted_land_use":"AGRICULTURAL","building_permission_status":"PENDING","violations_reported":"False","is_encumbered":"True","encumbrance_certificate_number":"EC-HP-00000089-0089","encumbrance_type":"TRIBAL_NON_ALIENATION","financial_institution":"","mortgage_amount":"0.0","created_at":"2026-01-15T09:00:00Z","updated_at":"2026-09-24T11:30:00Z"}},{"type":"Feature","geometry":{"type":"Polygon","coordinates":[[[77.17233299337867,30.799674022673358],[77.30753476517663,30.799674022673358],[77.30025702645246,30.91641569902602],[77.16972035681971,30.92368259940362],[77.17233299337867,30.799674022673358]]]},"properties":{"ulpin":"02014668226892","parcel_id":"1dbf7a51-6979-4801-bc3c-77f92484f62d","state":"Himachal Pradesh","state_code":"HP","state_type":"STATE","state_lgd_code":"2","district_lgd_code":"25","district_name":"Shimla","subdistrict_lgd_code":"190","subdistrict_name":"Theog Tehsil","subdistrict_type":"Tehsil / Taluk","village_lgd_code":"24109","village_name":"Fagu","khasra_plot_no":"Khasra 219/D90","recorded_area":"5.5","recorded_area_unit":"Bigha-Biswa","normalized_area_sqm":"4451.53","gis_area_sqm":"4451.53","land_use_category":"INSTITUTIONAL","land_use_raw":"Bageecha Seb (Apple Orchard)","status":"DISPUTED","data_freshness_status":"STALE","scenario_index":"5026","use_case_description":"Bank mortgage and active encumbrance","mutation_workflow_status":"SUBMITTED","revenue_record_id":"ROR-HP-2025-1009-0090","revenue_record_type":"Jamabandi (HimBhoomi)","khata_khewat_no":"KHT-59","khatauni_no":"KHN-159","owner_name":"Rajinder Singh Thakur","owner_name_local":"राजिंदर सिंह ठाकुर","co_owners":"","tenure_type":"Waqf / Religious Trust","mutation_status":"DISPUTED","active_mutation_id":"MUT-HP-00000090","tax_demand_status":"PAID","annual_tax_inr":"185.5","deed_number":"DEED-HP-2024-409-0090","deed_type":"Sale Deed / Conveyance","sro_office":"Sub-Registrar Office, Theog Tehsil","execution_date":"2024-05-10","registered_owner":"Rajinder Singh Thakur","seller_name":"Previous Landholder","consideration_amount_inr":"3500000.0","stamp_duty_inr":"210000.0","survey_sketch_id":"FMB-HP-09-0090","cadastral_sheet_no":"SHT-HP-09","surveyed_area_sqm":"4451.53","survey_status":"DISPUTED","urban_authority":"Theog Tehsil Urban Development & Town Planning Authority","zone_name":"Agricultural / Green Buffer","permitted_land_use":"INSTITUTIONAL","building_permission_status":"REJECTED","violations_reported":"True","is_encumbered":"True","encumbrance_certificate_number":"EC-HP-00000090-0090","encumbrance_type":"LEASE_CHARGE","financial_institution":"","mortgage_amount":"0.0","created_at":"2026-01-15T09:00:00Z","updated_at":"2026-09-24T11:30:00Z"}},{"type":"Feature","geometry":{"type":"Polygon","coordinates":[[[77.4278528672307,30.799674022673358],[77.5558258161185,30.799674022673358],[77.53841254879511,30.946283476366933],[77.43786244899178,30.912960805843014],[77.4278528672307,30.799674022673358]]]},"properties":{"ulpin":"02298697166112","parcel_id":"480ae5e0-2283-4cfa-a714-5d01d1db47bb","state":"Himachal Pradesh","state_code":"HP","state_type":"STATE","state_lgd_code":"2","district_lgd_code":"25","district_name":"Shimla","subdistrict_lgd_code":"190","subdistrict_name":"Theog Tehsil","subdistrict_type":"Tehsil / Taluk","village_lgd_code":"24109","village_name":"Fagu","khasra_plot_no":"Khasra 219/D91","recorded_area":"5.5","recorded_area_unit":"Bigha-Biswa","normalized_area_sqm":"4451.53","gis_area_sqm":"4451.53","land_use_category":"FOREST_GREEN_BELT","land_use_raw":"Bageecha Seb (Apple Orchard)","status":"ARCHIVED","data_freshness_status":"UNKNOWN","scenario_index":"5027","use_case_description":"Pending sale mutation within statutory SLA","mutation_workflow_status":"UNDER_VERIFICATION","revenue_record_id":"ROR-HP-2025-1009-0091","revenue_record_type":"Jamabandi (HimBhoomi)","khata_khewat_no":"KHT-59","khatauni_no":"KHN-159","owner_name":"Rajinder Singh Thakur","owner_name_local":"राजिंदर सिंह ठाकुर","co_owners":"","tenure_type":"Tribal Community Tenure","mutation_status":"NONE","active_mutation_id":"MUT-HP-00000091","tax_demand_status":"PAID","annual_tax_inr":"185.5","deed_number":"DEED-HP-2024-409-0091","deed_type":"Sale Deed / Conveyance","sro_office":"Sub-Registrar Office, Theog Tehsil","execution_date":"2024-05-10","registered_owner":"Rajinder Singh Thakur","seller_name":"Previous Landholder","consideration_amount_inr":"3500000.0","stamp_duty_inr":"210000.0","survey_sketch_id":"FMB-HP-09-0091","cadastral_sheet_no":"SHT-HP-09","surveyed_area_sqm":"4451.53","survey_status":"RESURVEY_REQUIRED","urban_authority":"Theog Tehsil Urban Development & Town Planning Authority","zone_name":"Agricultural / Green Buffer","permitted_land_use":"FOREST_GREEN_BELT","building_permission_status":"NOT_APPLICABLE","violations_reported":"False","is_encumbered":"False","encumbrance_certificate_number":"EC-HP-2024-109-0091","encumbrance_type":"NIL","financial_institution":"","mortgage_amount":"0.0","created_at":"2026-01-15T09:00:00Z","updated_at":"2026-09-24T11:30:00Z"}},{"type":"Feature","geometry":{"type":"Polygon","coordinates":[[[77.06636738168042,31.06165613353197],[77.1818416244552,31.049163685619703],[77.17061728794603,31.195067535568334],[77.06636738168042,31.193010523795266],[77.06636738168042,31.06165613353197]]]},"properties":{"ulpin":"02077607020379","parcel_id":"93f79a84-c679-4c55-bcee-c0c30cd8c3a5","state":"Himachal Pradesh","state_code":"HP","state_type":"STATE","state_lgd_code":"2","district_lgd_code":"25","district_name":"Shimla","subdistrict_lgd_code":"190","subdistrict_name":"Theog Tehsil","subdistrict_type":"Tehsil / Taluk","village_lgd_code":"24109","village_name":"Fagu","khasra_plot_no":"Khasra 219/D92","recorded_area":"5.5","recorded_area_unit":"Bigha-Biswa","normalized_area_sqm":"4451.53","gis_area_sqm":"4451.53","land_use_category":"WATER_BODY","land_use_raw":"Bageecha Seb (Apple Orchard)","status":"ACTIVE","data_freshness_status":"CURRENT","scenario_index":"5028","use_case_description":"Court attachment and disputed possession","mutation_workflow_status":"NOTICE_PERIOD","revenue_record_id":"ROR-HP-2025-1009-0092","revenue_record_type":"Jamabandi (HimBhoomi)","khata_khewat_no":"KHT-59","khatauni_no":"KHN-159","owner_name":"Rajinder Singh Thakur","owner_name_local":"राजिंदर सिंह ठाकुर","co_owners":"","tenure_type":"Bhumiswami / Raiyati with Transferable Rights","mutation_status":"MUTATED","active_mutation_id":"","tax_demand_status":"PAID","annual_tax_inr":"185.5","deed_number":"DEED-HP-2024-409-0092","deed_type":"Sale Deed / Conveyance","sro_office":"Sub-Registrar Office, Theog Tehsil","execution_date":"2024-05-10","registered_owner":"Rajinder Singh Thakur","seller_name":"Previous Landholder","consideration_amount_inr":"3500000.0","stamp_duty_inr":"210000.0","survey_sketch_id":"FMB-HP-09-0092","cadastral_sheet_no":"SHT-HP-09","surveyed_area_sqm":"4451.53","survey_status":"SURVEYED","urban_authority":"Theog Tehsil Urban Development & Town Planning Authority","zone_name":"Agricultural / Green Buffer","permitted_land_use":"WATER_BODY","building_permission_status":"SANCTIONED","violations_reported":"False","is_encumbered":"True","encumbrance_certificate_number":"EC-HP-00000092-0092","encumbrance_type":"BANK_MORTGAGE","financial_institution":"","mortgage_amount":"0.0","created_at":"2026-01-15T09:00:00Z","updated_at":"2026-09-24T11:30:00Z"}},{"type":"Feature","geometry":{"type":"Polygon","coordinates":[[[77.07467434974379,29.956387171415667],[77.16587830364392,29.928427493141616],[77.17815431735451,30.053948738623486],[77.07467434974379,30.036702602169328],[77.07467434974379,29.956387171415667]]]},"properties":{"ulpin":"02377093650023","parcel_id":"f97ab432-d201-4b9f-b7f1-7f7b5a3b98b9","state":"Himachal Pradesh","state_code":"HP","state_type":"STATE","state_lgd_code":"2","district_lgd_code":"25","district_name":"Shimla","subdistrict_lgd_code":"190","subdistrict_name":"Theog Tehsil","subdistrict_type":"Tehsil / Taluk","village_lgd_code":"24109","village_name":"Fagu","khasra_plot_no":"Khasra 219/D93","recorded_area":"5.5","recorded_area_unit":"Bigha-Biswa","normalized_area_sqm":"4451.53","gis_area_sqm":"4451.53","land_use_category":"MIXED_USE","land_use_raw":"Bageecha Seb (Apple Orchard)","status":"PENDING_MUTATION","data_freshness_status":"STALE","scenario_index":"5029","use_case_description":"Tribal non-alienation protection review","mutation_workflow_status":"HEARING_SCHEDULED","revenue_record_id":"ROR-HP-2025-1009-0093","revenue_record_type":"Jamabandi (HimBhoomi)","khata_khewat_no":"KHT-59","khatauni_no":"KHN-159","owner_name":"Rajinder Singh Thakur","owner_name_local":"राजिंदर सिंह ठाकुर","co_owners":"","tenure_type":"Bhumiswami / Freehold","mutation_status":"PENDING","active_mutation_id":"MUT-HP-00000093","tax_demand_status":"PAID","annual_tax_inr":"185.5","deed_number":"DEED-HP-2024-409-0093","deed_type":"Sale Deed / Conveyance","sro_office":"Sub-Registrar Office, Theog Tehsil","execution_date":"2024-05-10","registered_owner":"Registry Variance Owner 93","seller_name":"Previous Landholder","consideration_amount_inr":"3500000.0","stamp_duty_inr":"210000.0","survey_sketch_id":"FMB-HP-09-0093","cadastral_sheet_no":"SHT-HP-09","surveyed_area_sqm":"4451.53","survey_status":"PENDING","urban_authority":"Theog Tehsil Urban Development & Town Planning Authority","zone_name":"Agricultural / Green Buffer","permitted_land_use":"MIXED_USE","building_permission_status":"PENDING","violations_reported":"False","is_encumbered":"True","encumbrance_certificate_number":"EC-HP-00000093-0093","encumbrance_type":"GOVT_REVENUE_LIEN","financial_institution":"","mortgage_amount":"0.0","created_at":"2026-01-15T09:00:00Z","updated_at":"2026-09-24T11:30:00Z"}},{"type":"Feature","geometry":{"type":"Polygon","coordinates":[[[76.31517581808173,30.70783487711327],[76.40840957214014,30.70783487711327],[76.43263776276557,30.83707818674488],[76.31517581808173,30.820123034855666],[76.31517581808173,30.70783487711327]]]},"properties":{"ulpin":"02361705308120","parcel_id":"eff142c6-0f7e-4563-834a-af6cd08bd39c","state":"Himachal Pradesh","state_code":"HP","state_type":"STATE","state_lgd_code":"2","district_lgd_code":"25","district_name":"Shimla","subdistrict_lgd_code":"190","subdistrict_name":"Theog Tehsil","subdistrict_type":"Tehsil / Taluk","village_lgd_code":"24109","village_name":"Fagu","khasra_plot_no":"Khasra 219/D94","recorded_area":"5.5","recorded_area_unit":"Bigha-Biswa","normalized_area_sqm":"4451.53","gis_area_sqm":"4451.53","land_use_category":"OTHER","land_use_raw":"Bageecha Seb (Apple Orchard)","status":"SUBDIVIDED","data_freshness_status":"UNKNOWN","scenario_index":"5030","use_case_description":"Lease charge and institutional tenancy","mutation_workflow_status":"APPROVED","revenue_record_id":"ROR-HP-2025-1009-0094","revenue_record_type":"Jamabandi (HimBhoomi)","khata_khewat_no":"KHT-59","khatauni_no":"KHN-159","owner_name":"Rajinder Singh Thakur","owner_name_local":"राजिंदर सिंह ठाकुर","co_owners":"","tenure_type":"Leasehold","mutation_status":"UNMUTATED_TRANSACTION","active_mutation_id":"MUT-HP-00000094","tax_demand_status":"PAID","annual_tax_inr":"185.5","deed_number":"DEED-HP-2024-409-0094","deed_type":"Sale Deed / Conveyance","sro_office":"Sub-Registrar Office, Theog Tehsil","execution_date":"2024-05-10","registered_owner":"Rajinder Singh Thakur","seller_name":"Previous Landholder","consideration_amount_inr":"3500000.0","stamp_duty_inr":"210000.0","survey_sketch_id":"FMB-HP-09-0094","cadastral_sheet_no":"SHT-HP-09","surveyed_area_sqm":"4451.53","survey_status":"DISPUTED","urban_authority":"Theog Tehsil Urban Development & Town Planning Authority","zone_name":"Agricultural / Green Buffer","permitted_land_use":"OTHER","building_permission_status":"REJECTED","violations_reported":"False","is_encumbered":"True","encumbrance_certificate_number":"EC-HP-00000094-0094","encumbrance_type":"COURT_ATTACHMENT","financial_institution":"","mortgage_amount":"0.0","created_at":"2026-01-15T09:00:00Z","updated_at":"2026-09-24T11:30:00Z"}},{"type":"Feature","geometry":{"type":"Polygon","coordinates":[[[77.35367423292644,30.029598575244197],[77.4427232594341,30.048689264882995],[77.4407749668209,30.148716453982264],[77.3497922447948,30.15786060411447],[77.35367423292644,30.029598575244197]]]},"properties":{"ulpin":"02525862408499","parcel_id":"83e7953c-3ad5-4625-b889-71838e11af5d","state":"Himachal Pradesh","state_code":"HP","state_type":"STATE","state_lgd_code":"2","district_lgd_code":"25","district_name":"Shimla","subdistrict_lgd_code":"190","subdistrict_name":"Theog Tehsil","subdistrict_type":"Tehsil / Taluk","village_lgd_code":"24109","village_name":"Fagu","khasra_plot_no":"Khasra 219/D95","recorded_area":"5.5","recorded_area_unit":"Bigha-Biswa","normalized_area_sqm":"4451.53","gis_area_sqm":"4451.53","land_use_category":"RESIDENTIAL","land_use_raw":"Bageecha Seb (Apple Orchard)","status":"AMALGAMATED","data_freshness_status":"CURRENT","scenario_index":"5031","use_case_description":"Subdivision or amalgamation history review","mutation_workflow_status":"REJECTED","revenue_record_id":"ROR-HP-2025-1009-0095","revenue_record_type":"Jamabandi (HimBhoomi)","khata_khewat_no":"KHT-59","khatauni_no":"KHN-159","owner_name":"Rajinder Singh Thakur","owner_name_local":"राजिंदर सिंह ठाकुर","co_owners":"","tenure_type":"Government Grant","mutation_status":"REJECTED","active_mutation_id":"MUT-HP-00000095","tax_demand_status":"PAID","annual_tax_inr":"185.5","deed_number":"DEED-HP-2024-409-0095","deed_type":"Sale Deed / Conveyance","sro_office":"Sub-Registrar Office, Theog Tehsil","execution_date":"2024-05-10","registered_owner":"Rajinder Singh Thakur","seller_name":"Previous Landholder","consideration_amount_inr":"3500000.0","stamp_duty_inr":"210000.0","survey_sketch_id":"FMB-HP-09-0095","cadastral_sheet_no":"SHT-HP-09","surveyed_area_sqm":"4451.53","survey_status":"RESURVEY_REQUIRED","urban_authority":"Theog Tehsil Urban Development & Town Planning Authority","zone_name":"Agricultural / Green Buffer","permitted_land_use":"RESIDENTIAL","building_permission_status":"NOT_APPLICABLE","violations_reported":"False","is_encumbered":"True","encumbrance_certificate_number":"EC-HP-00000095-0095","encumbrance_type":"TRIBAL_NON_ALIENATION","financial_institution":"","mortgage_amount":"0.0","created_at":"2026-01-15T09:00:00Z","updated_at":"2026-09-24T11:30:00Z"}},{"type":"Feature","geometry":{"type":"Polygon","coordinates":[[[76.53155020827133,29.720365875663784],[76.6374017962471,29.720365875663784],[76.64402957831547,29.825124679233998],[76.53874572425993,29.81138542314159],[76.53155020827133,29.720365875663784]]]},"properties":{"ulpin":"02669095475019","parcel_id":"894ec4da-99fb-4487-83cd-6cc8386a9b26","state":"Himachal Pradesh","state_code":"HP","state_type":"STATE","state_lgd_code":"2","district_lgd_code":"25","district_name":"Shimla","subdistrict_lgd_code":"190","subdistrict_name":"Theog Tehsil","subdistrict_type":"Tehsil / Taluk","village_lgd_code":"24109","village_name":"Fagu","khasra_plot_no":"Khasra 219/D96","recorded_area":"5.5","recorded_area_unit":"Bigha-Biswa","normalized_area_sqm":"4451.53","gis_area_sqm":"4451.53","land_use_category":"COMMERCIAL","land_use_raw":"Bageecha Seb (Apple Orchard)","status":"DISPUTED","data_freshness_status":"STALE","scenario_index":"5032","use_case_description":"Archived historical record for audit retrieval","mutation_workflow_status":"SLA_BREACHED","revenue_record_id":"ROR-HP-2025-1009-0096","revenue_record_type":"Jamabandi (HimBhoomi)","khata_khewat_no":"KHT-59","khatauni_no":"KHN-159","owner_name":"Rajinder Singh Thakur","owner_name_local":"राजिंदर सिंह ठाकुर","co_owners":"","tenure_type":"Waqf / Religious Trust","mutation_status":"DISPUTED","active_mutation_id":"MUT-HP-00000096","tax_demand_status":"PAID","annual_tax_inr":"185.5","deed_number":"DEED-HP-2024-409-0096","deed_type":"Sale Deed / Conveyance","sro_office":"Sub-Registrar Office, Theog Tehsil","execution_date":"2024-05-10","registered_owner":"Rajinder Singh Thakur","seller_name":"Previous Landholder","consideration_amount_inr":"3500000.0","stamp_duty_inr":"210000.0","survey_sketch_id":"FMB-HP-09-0096","cadastral_sheet_no":"SHT-HP-09","surveyed_area_sqm":"4451.53","survey_status":"SURVEYED","urban_authority":"Theog Tehsil Urban Development & Town Planning Authority","zone_name":"Agricultural / Green Buffer","permitted_land_use":"COMMERCIAL","building_permission_status":"SANCTIONED","violations_reported":"False","is_encumbered":"True","encumbrance_certificate_number":"EC-HP-00000096-0096","encumbrance_type":"LEASE_CHARGE","financial_institution":"","mortgage_amount":"0.0","created_at":"2026-01-15T09:00:00Z","updated_at":"2026-09-24T11:30:00Z"}},{"type":"Feature","geometry":{"type":"Polygon","coordinates":[[[77.43786244899178,30.912960805843014],[77.53841254879511,30.946283476366933],[77.56267310316146,31.068506338081786],[77.41724699511107,31.055191848846714],[77.43786244899178,30.912960805843014]]]},"properties":{"ulpin":"02344748226798","parcel_id":"c0432766-c678-4341-8aa4-a37685e8ed07","state":"Himachal Pradesh","state_code":"HP","state_type":"STATE","state_lgd_code":"2","district_lgd_code":"25","district_name":"Shimla","subdistrict_lgd_code":"190","subdistrict_name":"Theog Tehsil","subdistrict_type":"Tehsil / Taluk","village_lgd_code":"24109","village_name":"Fagu","khasra_plot_no":"Khasra 219/D97","recorded_area":"5.5","recorded_area_unit":"Bigha-Biswa","normalized_area_sqm":"4451.53","gis_area_sqm":"4451.53","land_use_category":"INDUSTRIAL","land_use_raw":"Bageecha Seb (Apple Orchard)","status":"ARCHIVED","data_freshness_status":"UNKNOWN","scenario_index":"5033","use_case_description":"Bank mortgage and active encumbrance","mutation_workflow_status":"SUBMITTED","revenue_record_id":"ROR-HP-2025-1009-0097","revenue_record_type":"Jamabandi (HimBhoomi)","khata_khewat_no":"KHT-59","khatauni_no":"KHN-159","owner_name":"Rajinder Singh Thakur","owner_name_local":"राजिंदर सिंह ठाकुर","co_owners":"","tenure_type":"Tribal Community Tenure","mutation_status":"NONE","active_mutation_id":"MUT-HP-00000097","tax_demand_status":"PAID","annual_tax_inr":"185.5","deed_number":"DEED-HP-2024-409-0097","deed_type":"Sale Deed / Conveyance","sro_office":"Sub-Registrar Office, Theog Tehsil","execution_date":"2024-05-10","registered_owner":"Rajinder Singh Thakur","seller_name":"Previous Landholder","consideration_amount_inr":"3500000.0","stamp_duty_inr":"210000.0","survey_sketch_id":"FMB-HP-09-0097","cadastral_sheet_no":"SHT-HP-09","surveyed_area_sqm":"4451.53","survey_status":"PENDING","urban_authority":"Theog Tehsil Urban Development & Town Planning Authority","zone_name":"Agricultural / Green Buffer","permitted_land_use":"INDUSTRIAL","building_permission_status":"PENDING","violations_reported":"True","is_encumbered":"False","encumbrance_certificate_number":"EC-HP-2024-109-0097","encumbrance_type":"NIL","financial_institution":"","mortgage_amount":"0.0","created_at":"2026-01-15T09:00:00Z","updated_at":"2026-09-24T11:30:00Z"}},{"type":"Feature","geometry":{"type":"Polygon","coordinates":[[[77.16587830364392,29.928427493141616],[77.25055573972782,29.946949818775913],[77.24288993129088,30.04334545030569],[77.17815431735451,30.053948738623486],[77.16587830364392,29.928427493141616]]]},"properties":{"ulpin":"02917204871453","parcel_id":"94927d24-2c92-4dc5-b2a0-b2f143d1c64e","state":"Himachal Pradesh","state_code":"HP","state_type":"STATE","state_lgd_code":"2","district_lgd_code":"25","district_name":"Shimla","subdistrict_lgd_code":"190","subdistrict_name":"Theog Tehsil","subdistrict_type":"Tehsil / Taluk","village_lgd_code":"24109","village_name":"Fagu","khasra_plot_no":"Khasra 219/D98","recorded_area":"5.5","recorded_area_unit":"Bigha-Biswa","normalized_area_sqm":"4451.53","gis_area_sqm":"4451.53","land_use_category":"AGRICULTURAL","land_use_raw":"Bageecha Seb (Apple Orchard)","status":"ACTIVE","data_freshness_status":"CURRENT","scenario_index":"5034","use_case_description":"Government revenue lien and tax demand","mutation_workflow_status":"UNDER_VERIFICATION","revenue_record_id":"ROR-HP-2025-1009-0098","revenue_record_type":"Jamabandi (HimBhoomi)","khata_khewat_no":"KHT-59","khatauni_no":"KHN-159","owner_name":"Rajinder Singh Thakur","owner_name_local":"राजिंदर सिंह ठाकुर","co_owners":"","tenure_type":"Bhumiswami / Raiyati with Transferable Rights","mutation_status":"MUTATED","active_mutation_id":"","tax_demand_status":"PAID","annual_tax_inr":"185.5","deed_number":"DEED-HP-2024-409-0098","deed_type":"Sale Deed / Conveyance","sro_office":"Sub-Registrar Office, Theog Tehsil","execution_date":"2024-05-10","registered_owner":"Registry Variance Owner 98","seller_name":"Previous Landholder","consideration_amount_inr":"3500000.0","stamp_duty_inr":"210000.0","survey_sketch_id":"FMB-HP-09-0098","cadastral_sheet_no":"SHT-HP-09","surveyed_area_sqm":"4451.53","survey_status":"DISPUTED","urban_authority":"Theog Tehsil Urban Development & Town Planning Authority","zone_name":"Agricultural / Green Buffer","permitted_land_use":"AGRICULTURAL","building_permission_status":"REJECTED","violations_reported":"False","is_encumbered":"True","encumbrance_certificate_number":"EC-HP-00000098-0098","encumbrance_type":"BANK_MORTGAGE","financial_institution":"","mortgage_amount":"0.0","created_at":"2026-01-15T09:00:00Z","updated_at":"2026-09-24T11:30:00Z"}},{"type":"Feature","geometry":{"type":"Polygon","coordinates":[[[77.1818416244552,31.049163685619703],[77.32786872906202,31.069437771127664],[77.32741630312391,31.177903654710146],[77.17061728794603,31.195067535568334],[77.1818416244552,31.049163685619703]]]},"properties":{"ulpin":"02249713517484","parcel_id":"76aa8e2a-e792-4be9-9821-496dd119af08","state":"Himachal Pradesh","state_code":"HP","state_type":"STATE","state_lgd_code":"2","district_lgd_code":"25","district_name":"Shimla","subdistrict_lgd_code":"190","subdistrict_name":"Theog Tehsil","subdistrict_type":"Tehsil / Taluk","village_lgd_code":"24109","village_name":"Fagu","khasra_plot_no":"Khasra 219/D99","recorded_area":"5.5","recorded_area_unit":"Bigha-Biswa","normalized_area_sqm":"4451.53","gis_area_sqm":"4451.53","land_use_category":"INSTITUTIONAL","land_use_raw":"Bageecha Seb (Apple Orchard)","status":"PENDING_MUTATION","data_freshness_status":"STALE","scenario_index":"5035","use_case_description":"Court attachment and disputed possession","mutation_workflow_status":"NOTICE_PERIOD","revenue_record_id":"ROR-HP-2025-1009-0099","revenue_record_type":"Jamabandi (HimBhoomi)","khata_khewat_no":"KHT-59","khatauni_no":"KHN-159","owner_name":"Rajinder Singh Thakur","owner_name_local":"राजिंदर सिंह ठाकुर","co_owners":"","tenure_type":"Bhumiswami / Freehold","mutation_status":"PENDING","active_mutation_id":"MUT-HP-00000099","tax_demand_status":"PAID","annual_tax_inr":"185.5","deed_number":"DEED-HP-2024-409-0099","deed_type":"Sale Deed / Conveyance","sro_office":"Sub-Registrar Office, Theog Tehsil","execution_date":"2024-05-10","registered_owner":"Rajinder Singh Thakur","seller_name":"Previous Landholder","consideration_amount_inr":"3500000.0","stamp_duty_inr":"210000.0","survey_sketch_id":"FMB-HP-09-0099","cadastral_sheet_no":"SHT-HP-09","surveyed_area_sqm":"4451.53","survey_status":"RESURVEY_REQUIRED","urban_authority":"Theog Tehsil Urban Development & Town Planning Authority","zone_name":"Agricultural / Green Buffer","permitted_land_use":"INSTITUTIONAL","building_permission_status":"NOT_APPLICABLE","violations_reported":"False","is_encumbered":"True","encumbrance_certificate_number":"EC-HP-00000099-0099","encumbrance_type":"GOVT_REVENUE_LIEN","financial_institution":"","mortgage_amount":"0.0","created_at":"2026-01-15T09:00:00Z","updated_at":"2026-09-24T11:30:00Z"}},{"type":"Feature","geometry":{"type":"Polygon","coordinates":[[[77.3497922447948,30.15786060411447],[77.4407749668209,30.148716453982264],[77.44538965849492,30.254195836323472],[77.34825674429821,30.24011940631443],[77.3497922447948,30.15786060411447]]]},"properties":{"ulpin":"02441620620770","parcel_id":"dead2add-7bce-48a5-834f-59bfffd94b37","state":"Himachal Pradesh","state_code":"HP","state_type":"STATE","state_lgd_code":"2","district_lgd_code":"25","district_name":"Shimla","subdistrict_lgd_code":"190","subdistrict_name":"Theog Tehsil","subdistrict_type":"Tehsil / Taluk","village_lgd_code":"24109","village_name":"Fagu","khasra_plot_no":"Khasra 219/D100","recorded_area":"5.5","recorded_area_unit":"Bigha-Biswa","normalized_area_sqm":"4451.53","gis_area_sqm":"4451.53","land_use_category":"FOREST_GREEN_BELT","land_use_raw":"Bageecha Seb (Apple Orchard)","status":"SUBDIVIDED","data_freshness_status":"UNKNOWN","scenario_index":"5036","use_case_description":"Tribal non-alienation protection review","mutation_workflow_status":"HEARING_SCHEDULED","revenue_record_id":"ROR-HP-2025-1009-0100","revenue_record_type":"Jamabandi (HimBhoomi)","khata_khewat_no":"KHT-59","khatauni_no":"KHN-159","owner_name":"Rajinder Singh Thakur","owner_name_local":"राजिंदर सिंह ठाकुर","co_owners":"","tenure_type":"Leasehold","mutation_status":"UNMUTATED_TRANSACTION","active_mutation_id":"MUT-HP-00000100","tax_demand_status":"PAID","annual_tax_inr":"185.5","deed_number":"DEED-HP-2024-409-0100","deed_type":"Sale Deed / Conveyance","sro_office":"Sub-Registrar Office, Theog Tehsil","execution_date":"2024-05-10","registered_owner":"Rajinder Singh Thakur","seller_name":"Previous Landholder","consideration_amount_inr":"3500000.0","stamp_duty_inr":"210000.0","survey_sketch_id":"FMB-HP-09-0100","cadastral_sheet_no":"SHT-HP-09","surveyed_area_sqm":"4451.53","survey_status":"SURVEYED","urban_authority":"Theog Tehsil Urban Development & Town Planning Authority","zone_name":"Agricultural / Green Buffer","permitted_land_use":"FOREST_GREEN_BELT","building_permission_status":"SANCTIONED","violations_reported":"False","is_encumbered":"True","encumbrance_certificate_number":"EC-HP-00000100-0100","encumbrance_type":"COURT_ATTACHMENT","financial_institution":"","mortgage_amount":"0.0","created_at":"2026-01-15T09:00:00Z","updated_at":"2026-09-24T11:30:00Z"}},{"type":"Feature","geometry":{"type":"Polygon","coordinates":[[[76.76445299006902,29.834076860553804],[76.87370997472404,29.836251799845403],[76.87370997472404,29.95165841180252],[76.7476031851525,29.935085991966616],[76.76445299006902,29.834076860553804]]]},"properties":{"ulpin":"02896461660279","parcel_id":"4a154f69-42f8-485e-89f4-469fd055a942","state":"Himachal Pradesh","state_code":"HP","state_type":"STATE","state_lgd_code":"2","district_lgd_code":"25","district_name":"Shimla","subdistrict_lgd_code":"190","subdistrict_name":"Theog Tehsil","subdistrict_type":"Tehsil / Taluk","village_lgd_code":"24109","village_name":"Fagu","khasra_plot_no":"Khasra 219/D101","recorded_area":"5.5","recorded_area_unit":"Bigha-Biswa","normalized_area_sqm":"4451.53","gis_area_sqm":"4451.53","land_use_category":"WATER_BODY","land_use_raw":"Bageecha Seb (Apple Orchard)","status":"AMALGAMATED","data_freshness_status":"CURRENT","scenario_index":"5037","use_case_description":"Lease charge and institutional tenancy","mutation_workflow_status":"APPROVED","revenue_record_id":"ROR-HP-2025-1009-0101","revenue_record_type":"Jamabandi (HimBhoomi)","khata_khewat_no":"KHT-59","khatauni_no":"KHN-159","owner_name":"Rajinder Singh Thakur","owner_name_local":"राजिंदर सिंह ठाकुर","co_owners":"","tenure_type":"Government Grant","mutation_status":"REJECTED","active_mutation_id":"MUT-HP-00000101","tax_demand_status":"PAID","annual_tax_inr":"185.5","deed_number":"DEED-HP-2024-409-0101","deed_type":"Sale Deed / Conveyance","sro_office":"Sub-Registrar Office, Theog Tehsil","execution_date":"2024-05-10","registered_owner":"Rajinder Singh Thakur","seller_name":"Previous Landholder","consideration_amount_inr":"3500000.0","stamp_duty_inr":"210000.0","survey_sketch_id":"FMB-HP-09-0101","cadastral_sheet_no":"SHT-HP-09","surveyed_area_sqm":"4451.53","survey_status":"PENDING","urban_authority":"Theog Tehsil Urban Development & Town Planning Authority","zone_name":"Agricultural / Green Buffer","permitted_land_use":"WATER_BODY","building_permission_status":"PENDING","violations_reported":"False","is_encumbered":"True","encumbrance_certificate_number":"EC-HP-00000101-0101","encumbrance_type":"TRIBAL_NON_ALIENATION","financial_institution":"","mortgage_amount":"0.0","created_at":"2026-01-15T09:00:00Z","updated_at":"2026-09-24T11:30:00Z"}},{"type":"Feature","geometry":{"type":"Polygon","coordinates":[[[77.16109119909896,29.8349872535026],[77.25026173525711,29.84873740724504],[77.25055573972782,29.946949818775913],[77.16587830364392,29.928427493141616],[77.16109119909896,29.8349872535026]]]},"properties":{"ulpin":"02092836188652","parcel_id":"a7edb526-9fb0-410a-afc7-7b09a6533ecb","state":"Himachal Pradesh","state_code":"HP","state_type":"STATE","state_lgd_code":"2","district_lgd_code":"25","district_name":"Shimla","subdistrict_lgd_code":"190","subdistrict_name":"Theog Tehsil","subdistrict_type":"Tehsil / Taluk","village_lgd_code":"24109","village_name":"Fagu","khasra_plot_no":"Khasra 219/D102","recorded_area":"5.5","recorded_area_unit":"Bigha-Biswa","normalized_area_sqm":"4451.53","gis_area_sqm":"4451.53","land_use_category":"MIXED_USE","land_use_raw":"Bageecha Seb (Apple Orchard)","status":"DISPUTED","data_freshness_status":"STALE","scenario_index":"5038","use_case_description":"Subdivision or amalgamation history review","mutation_workflow_status":"REJECTED","revenue_record_id":"ROR-HP-2025-1009-0102","revenue_record_type":"Jamabandi (HimBhoomi)","khata_khewat_no":"KHT-59","khatauni_no":"KHN-159","owner_name":"Rajinder Singh Thakur","owner_name_local":"राजिंदर सिंह ठाकुर","co_owners":"","tenure_type":"Waqf / Religious Trust","mutation_status":"DISPUTED","active_mutation_id":"MUT-HP-00000102","tax_demand_status":"PAID","annual_tax_inr":"185.5","deed_number":"DEED-HP-2024-409-0102","deed_type":"Sale Deed / Conveyance","sro_office":"Sub-Registrar Office, Theog Tehsil","execution_date":"2024-05-10","registered_owner":"Rajinder Singh Thakur","seller_name":"Previous Landholder","consideration_amount_inr":"3500000.0","stamp_duty_inr":"210000.0","survey_sketch_id":"FMB-HP-09-0102","cadastral_sheet_no":"SHT-HP-09","surveyed_area_sqm":"4451.53","survey_status":"DISPUTED","urban_authority":"Theog Tehsil Urban Development & Town Planning Authority","zone_name":"Agricultural / Green Buffer","permitted_land_use":"MIXED_USE","building_permission_status":"REJECTED","violations_reported":"False","is_encumbered":"True","encumbrance_certificate_number":"EC-HP-00000102-0102","encumbrance_type":"LEASE_CHARGE","financial_institution":"","mortgage_amount":"0.0","created_at":"2026-01-15T09:00:00Z","updated_at":"2026-09-24T11:30:00Z"}},{"type":"Feature","geometry":{"type":"Polygon","coordinates":[[[77.06636738168042,31.193010523795266],[77.17061728794603,31.195067535568334],[77.20475814853503,31.306801054876843],[77.06636738168042,31.306801054876843],[77.06636738168042,31.193010523795266]]]},"properties":{"ulpin":"02025051230533","parcel_id":"3072fd65-296d-461c-901a-d7393f800181","state":"Himachal Pradesh","state_code":"HP","state_type":"STATE","state_lgd_code":"2","district_lgd_code":"25","district_name":"Shimla","subdistrict_lgd_code":"190","subdistrict_name":"Theog Tehsil","subdistrict_type":"Tehsil / Taluk","village_lgd_code":"24109","village_name":"Fagu","khasra_plot_no":"Khasra 219/D103","recorded_area":"5.5","recorded_area_unit":"Bigha-Biswa","normalized_area_sqm":"4451.53","gis_area_sqm":"4451.53","land_use_category":"OTHER","land_use_raw":"Bageecha Seb (Apple Orchard)","status":"ARCHIVED","data_freshness_status":"UNKNOWN","scenario_index":"5039","use_case_description":"Archived historical record for audit retrieval","mutation_workflow_status":"SLA_BREACHED","revenue_record_id":"ROR-HP-2025-1009-0103","revenue_record_type":"Jamabandi (HimBhoomi)","khata_khewat_no":"KHT-59","khatauni_no":"KHN-159","owner_name":"Rajinder Singh Thakur","owner_name_local":"राजिंदर सिंह ठाकुर","co_owners":"","tenure_type":"Tribal Community Tenure","mutation_status":"NONE","active_mutation_id":"MUT-HP-00000103","tax_demand_status":"PAID","annual_tax_inr":"185.5","deed_number":"DEED-HP-2024-409-0103","deed_type":"Sale Deed / Conveyance","sro_office":"Sub-Registrar Office, Theog Tehsil","execution_date":"2024-05-10","registered_owner":"Registry Variance Owner 103","seller_name":"Previous Landholder","consideration_amount_inr":"3500000.0","stamp_duty_inr":"210000.0","survey_sketch_id":"FMB-HP-09-0103","cadastral_sheet_no":"SHT-HP-09","surveyed_area_sqm":"4451.53","survey_status":"RESURVEY_REQUIRED","urban_authority":"Theog Tehsil Urban Development & Town Planning Authority","zone_name":"Agricultural / Green Buffer","permitted_land_use":"OTHER","building_permission_status":"NOT_APPLICABLE","violations_reported":"False","is_encumbered":"False","encumbrance_certificate_number":"EC-HP-2024-109-0103","encumbrance_type":"NIL","financial_institution":"","mortgage_amount":"0.0","created_at":"2026-01-15T09:00:00Z","updated_at":"2026-09-24T11:30:00Z"}},{"type":"Feature","geometry":{"type":"Polygon","coordinates":[[[76.42963735792709,29.844581994180167],[76.53874572425993,29.81138542314159],[76.54062859187839,29.951921929847014],[76.41256150094965,29.939461649090596],[76.42963735792709,29.844581994180167]]]},"properties":{"ulpin":"02448458841576","parcel_id":"1f8a766e-ef78-44c0-8556-1143d060a0df","state":"Himachal Pradesh","state_code":"HP","state_type":"STATE","state_lgd_code":"2","district_lgd_code":"25","district_name":"Shimla","subdistrict_lgd_code":"190","subdistrict_name":"Theog Tehsil","subdistrict_type":"Tehsil / Taluk","village_lgd_code":"24109","village_name":"Fagu","khasra_plot_no":"Khasra 219/D104","recorded_area":"5.5","recorded_area_unit":"Bigha-Biswa","normalized_area_sqm":"4451.53","gis_area_sqm":"4451.53","land_use_category":"RESIDENTIAL","land_use_raw":"Bageecha Seb (Apple Orchard)","status":"ACTIVE","data_freshness_status":"CURRENT","scenario_index":"5040","use_case_description":"Bank mortgage and active encumbrance","mutation_workflow_status":"SUBMITTED","revenue_record_id":"ROR-HP-2025-1009-0104","revenue_record_type":"Jamabandi (HimBhoomi)","khata_khewat_no":"KHT-59","khatauni_no":"KHN-159","owner_name":"Rajinder Singh Thakur","owner_name_local":"राजिंदर सिंह ठाकुर","co_owners":"","tenure_type":"Bhumiswami / Raiyati with Transferable Rights","mutation_status":"MUTATED","active_mutation_id":"","tax_demand_status":"PAID","annual_tax_inr":"185.5","deed_number":"DEED-HP-2024-409-0104","deed_type":"Sale Deed / Conveyance","sro_office":"Sub-Registrar Office, Theog Tehsil","execution_date":"2024-05-10","registered_owner":"Rajinder Singh Thakur","seller_name":"Previous Landholder","consideration_amount_inr":"3500000.0","stamp_duty_inr":"210000.0","survey_sketch_id":"FMB-HP-09-0104","cadastral_sheet_no":"SHT-HP-09","surveyed_area_sqm":"4451.53","survey_status":"SURVEYED","urban_authority":"Theog Tehsil Urban Development & Town Planning Authority","zone_name":"Agricultural / Green Buffer","permitted_land_use":"RESIDENTIAL","building_permission_status":"SANCTIONED","violations_reported":"True","is_encumbered":"True","encumbrance_certificate_number":"EC-HP-00000104-0104","encumbrance_type":"BANK_MORTGAGE","financial_institution":"","mortgage_amount":"0.0","created_at":"2026-01-15T09:00:00Z","updated_at":"2026-09-24T11:30:00Z"}},{"type":"Feature","geometry":{"type":"Polygon","coordinates":[[[78.0057275093614,30.855069029984918],[78.14639800125806,30.83966449610183],[78.12636933809974,30.96170361609956],[77.98538861152333,30.984095161876997],[78.0057275093614,30.855069029984918]]]},"properties":{"ulpin":"02704902729787","parcel_id":"2065f743-48a2-420c-9629-4c5926acfad4","state":"Himachal Pradesh","state_code":"HP","state_type":"STATE","state_lgd_code":"2","district_lgd_code":"25","district_name":"Shimla","subdistrict_lgd_code":"190","subdistrict_name":"Theog Tehsil","subdistrict_type":"Tehsil / Taluk","village_lgd_code":"24109","village_name":"Fagu","khasra_plot_no":"Khasra 219/D105","recorded_area":"5.5","recorded_area_unit":"Bigha-Biswa","normalized_area_sqm":"4451.53","gis_area_sqm":"4451.53","land_use_category":"COMMERCIAL","land_use_raw":"Bageecha Seb (Apple Orchard)","status":"PENDING_MUTATION","data_freshness_status":"STALE","scenario_index":"5041","use_case_description":"Government revenue lien and tax demand","mutation_workflow_status":"UNDER_VERIFICATION","revenue_record_id":"ROR-HP-2025-1009-0105","revenue_record_type":"Jamabandi (HimBhoomi)","khata_khewat_no":"KHT-59","khatauni_no":"KHN-159","owner_name":"Rajinder Singh Thakur","owner_name_local":"राजिंदर सिंह ठाकुर","co_owners":"","tenure_type":"Bhumiswami / Freehold","mutation_status":"PENDING","active_mutation_id":"MUT-HP-00000105","tax_demand_status":"PAID","annual_tax_inr":"185.5","deed_number":"DEED-HP-2024-409-0105","deed_type":"Sale Deed / Conveyance","sro_office":"Sub-Registrar Office, Theog Tehsil","execution_date":"2024-05-10","registered_owner":"Rajinder Singh Thakur","seller_name":"Previous Landholder","consideration_amount_inr":"3500000.0","stamp_duty_inr":"210000.0","survey_sketch_id":"FMB-HP-09-0105","cadastral_sheet_no":"SHT-HP-09","surveyed_area_sqm":"4451.53","survey_status":"PENDING","urban_authority":"Theog Tehsil Urban Development & Town Planning Authority","zone_name":"Agricultural / Green Buffer","permitted_land_use":"COMMERCIAL","building_permission_status":"PENDING","violations_reported":"False","is_encumbered":"True","encumbrance_certificate_number":"EC-HP-00000105-0105","encumbrance_type":"GOVT_REVENUE_LIEN","financial_institution":"","mortgage_amount":"0.0","created_at":"2026-01-15T09:00:00Z","updated_at":"2026-09-24T11:30:00Z"}},{"type":"Feature","geometry":{"type":"Polygon","coordinates":[[[76.43263776276557,30.83707818674488],[76.51943609812594,30.83301301389378],[76.53794114669745,30.959366199983922],[76.41974071673405,30.991239775155275],[76.43263776276557,30.83707818674488]]]},"properties":{"ulpin":"02527573196903","parcel_id":"19b08806-4871-4513-b857-67700bba7d09","state":"Himachal Pradesh","state_code":"HP","state_type":"STATE","state_lgd_code":"2","district_lgd_code":"25","district_name":"Shimla","subdistrict_lgd_code":"190","subdistrict_name":"Theog Tehsil","subdistrict_type":"Tehsil / Taluk","village_lgd_code":"24109","village_name":"Fagu","khasra_plot_no":"Khasra 219/D106","recorded_area":"5.5","recorded_area_unit":"Bigha-Biswa","normalized_area_sqm":"4451.53","gis_area_sqm":"4451.53","land_use_category":"INDUSTRIAL","land_use_raw":"Bageecha Seb (Apple Orchard)","status":"SUBDIVIDED","data_freshness_status":"UNKNOWN","scenario_index":"5042","use_case_description":"Court attachment and disputed possession","mutation_workflow_status":"NOTICE_PERIOD","revenue_record_id":"ROR-HP-2025-1009-0106","revenue_record_type":"Jamabandi (HimBhoomi)","khata_khewat_no":"KHT-59","khatauni_no":"KHN-159","owner_name":"Rajinder Singh Thakur","owner_name_local":"राजिंदर सिंह ठाकुर","co_owners":"","tenure_type":"Leasehold","mutation_status":"UNMUTATED_TRANSACTION","active_mutation_id":"MUT-HP-00000106","tax_demand_status":"PAID","annual_tax_inr":"185.5","deed_number":"DEED-HP-2024-409-0106","deed_type":"Sale Deed / Conveyance","sro_office":"Sub-Registrar Office, Theog Tehsil","execution_date":"2024-05-10","registered_owner":"Rajinder Singh Thakur","seller_name":"Previous Landholder","consideration_amount_inr":"3500000.0","stamp_duty_inr":"210000.0","survey_sketch_id":"FMB-HP-09-0106","cadastral_sheet_no":"SHT-HP-09","surveyed_area_sqm":"4451.53","survey_status":"DISPUTED","urban_authority":"Theog Tehsil Urban Development & Town Planning Authority","zone_name":"Agricultural / Green Buffer","permitted_land_use":"INDUSTRIAL","building_permission_status":"REJECTED","violations_reported":"False","is_encumbered":"True","encumbrance_certificate_number":"EC-HP-00000106-0106","encumbrance_type":"COURT_ATTACHMENT","financial_institution":"","mortgage_amount":"0.0","created_at":"2026-01-15T09:00:00Z","updated_at":"2026-09-24T11:30:00Z"}},{"type":"Feature","geometry":{"type":"Polygon","coordinates":[[[78.00149998391973,31.09000612045946],[78.12737723401239,31.08678058754046],[78.14327704317786,31.22115470823949],[77.99803761908278,31.25788857787462],[78.00149998391973,31.09000612045946]]]},"properties":{"ulpin":"02277108634135","parcel_id":"9fe23f4b-eab0-4351-ac1f-5b885eb9830a","state":"Himachal Pradesh","state_code":"HP","state_type":"STATE","state_lgd_code":"2","district_lgd_code":"25","district_name":"Shimla","subdistrict_lgd_code":"190","subdistrict_name":"Theog Tehsil","subdistrict_type":"Tehsil / Taluk","village_lgd_code":"24109","village_name":"Fagu","khasra_plot_no":"Khasra 219/D107","recorded_area":"5.5","recorded_area_unit":"Bigha-Biswa","normalized_area_sqm":"4451.53","gis_area_sqm":"4451.53","land_use_category":"AGRICULTURAL","land_use_raw":"Bageecha Seb (Apple Orchard)","status":"AMALGAMATED","data_freshness_status":"CURRENT","scenario_index":"5043","use_case_description":"Tribal non-alienation protection review","mutation_workflow_status":"HEARING_SCHEDULED","revenue_record_id":"ROR-HP-2025-1009-0107","revenue_record_type":"Jamabandi (HimBhoomi)","khata_khewat_no":"KHT-59","khatauni_no":"KHN-159","owner_name":"Rajinder Singh Thakur","owner_name_local":"राजिंदर सिंह ठाकुर","co_owners":"","tenure_type":"Government Grant","mutation_status":"REJECTED","active_mutation_id":"MUT-HP-00000107","tax_demand_status":"PAID","annual_tax_inr":"185.5","deed_number":"DEED-HP-2024-409-0107","deed_type":"Sale Deed / Conveyance","sro_office":"Sub-Registrar Office, Theog Tehsil","execution_date":"2024-05-10","registered_owner":"Rajinder Singh Thakur","seller_name":"Previous Landholder","consideration_amount_inr":"3500000.0","stamp_duty_inr":"210000.0","survey_sketch_id":"FMB-HP-09-0107","cadastral_sheet_no":"SHT-HP-09","surveyed_area_sqm":"4451.53","survey_status":"RESURVEY_REQUIRED","urban_authority":"Theog Tehsil Urban Development & Town Planning Authority","zone_name":"Agricultural / Green Buffer","permitted_land_use":"AGRICULTURAL","building_permission_status":"NOT_APPLICABLE","violations_reported":"False","is_encumbered":"True","encumbrance_certificate_number":"EC-HP-00000107-0107","encumbrance_type":"TRIBAL_NON_ALIENATION","financial_institution":"","mortgage_amount":"0.0","created_at":"2026-01-15T09:00:00Z","updated_at":"2026-09-24T11:30:00Z"}},{"type":"Feature","geometry":{"type":"Polygon","coordinates":[[[76.31517581808173,30.98601431605217],[76.41974071673405,30.991239775155275],[76.41113789559925,31.10730845359152],[76.31517581808173,31.094868732584544],[76.31517581808173,30.98601431605217]]]},"properties":{"ulpin":"02306333684149","parcel_id":"645e981c-26f8-45ff-b33a-c273fef70fb4","state":"Himachal Pradesh","state_code":"HP","state_type":"STATE","state_lgd_code":"2","district_lgd_code":"25","district_name":"Shimla","subdistrict_lgd_code":"190","subdistrict_name":"Theog Tehsil","subdistrict_type":"Tehsil / Taluk","village_lgd_code":"24109","village_name":"Fagu","khasra_plot_no":"Khasra 219/D108","recorded_area":"5.5","recorded_area_unit":"Bigha-Biswa","normalized_area_sqm":"4451.53","gis_area_sqm":"4451.53","land_use_category":"INSTITUTIONAL","land_use_raw":"Bageecha Seb (Apple Orchard)","status":"DISPUTED","data_freshness_status":"STALE","scenario_index":"5044","use_case_description":"Lease charge and institutional tenancy","mutation_workflow_status":"APPROVED","revenue_record_id":"ROR-HP-2025-1009-0108","revenue_record_type":"Jamabandi (HimBhoomi)","khata_khewat_no":"KHT-59","khatauni_no":"KHN-159","owner_name":"Rajinder Singh Thakur","owner_name_local":"राजिंदर सिंह ठाकुर","co_owners":"","tenure_type":"Waqf / Religious Trust","mutation_status":"DISPUTED","active_mutation_id":"MUT-HP-00000108","tax_demand_status":"PAID","annual_tax_inr":"185.5","deed_number":"DEED-HP-2024-409-0108","deed_type":"Sale Deed / Conveyance","sro_office":"Sub-Registrar Office, Theog Tehsil","execution_date":"2024-05-10","registered_owner":"Registry Variance Owner 108","seller_name":"Previous Landholder","consideration_amount_inr":"3500000.0","stamp_duty_inr":"210000.0","survey_sketch_id":"FMB-HP-09-0108","cadastral_sheet_no":"SHT-HP-09","surveyed_area_sqm":"4451.53","survey_status":"SURVEYED","urban_authority":"Theog Tehsil Urban Development & Town Planning Authority","zone_name":"Agricultural / Green Buffer","permitted_land_use":"INSTITUTIONAL","building_permission_status":"SANCTIONED","violations_reported":"False","is_encumbered":"True","encumbrance_certificate_number":"EC-HP-00000108-0108","encumbrance_type":"LEASE_CHARGE","financial_institution":"","mortgage_amount":"0.0","created_at":"2026-01-15T09:00:00Z","updated_at":"2026-09-24T11:30:00Z"}},{"type":"Feature","geometry":{"type":"Polygon","coordinates":[[[76.52132443964314,30.70783487711327],[76.64756535938827,30.70783487711327],[76.64953618658343,30.822630725376374],[76.51943609812594,30.83301301389378],[76.52132443964314,30.70783487711327]]]},"properties":{"ulpin":"02880955282762","parcel_id":"c7ea6ab0-0235-4606-8e65-ac7d43e1af1e","state":"Himachal Pradesh","state_code":"HP","state_type":"STATE","state_lgd_code":"2","district_lgd_code":"25","district_name":"Shimla","subdistrict_lgd_code":"190","subdistrict_name":"Theog Tehsil","subdistrict_type":"Tehsil / Taluk","village_lgd_code":"24109","village_name":"Fagu","khasra_plot_no":"Khasra 219/D109","recorded_area":"5.5","recorded_area_unit":"Bigha-Biswa","normalized_area_sqm":"4451.53","gis_area_sqm":"4451.53","land_use_category":"FOREST_GREEN_BELT","land_use_raw":"Bageecha Seb (Apple Orchard)","status":"ARCHIVED","data_freshness_status":"UNKNOWN","scenario_index":"5045","use_case_description":"Cadastral area discrepancy requiring resurvey","mutation_workflow_status":"REJECTED","revenue_record_id":"ROR-HP-2025-1009-0109","revenue_record_type":"Jamabandi (HimBhoomi)","khata_khewat_no":"KHT-59","khatauni_no":"KHN-159","owner_name":"Rajinder Singh Thakur","owner_name_local":"राजिंदर सिंह ठाकुर","co_owners":"","tenure_type":"Tribal Community Tenure","mutation_status":"NONE","active_mutation_id":"MUT-HP-00000109","tax_demand_status":"PAID","annual_tax_inr":"185.5","deed_number":"DEED-HP-2024-409-0109","deed_type":"Sale Deed / Conveyance","sro_office":"Sub-Registrar Office, Theog Tehsil","execution_date":"2024-05-10","registered_owner":"Rajinder Singh Thakur","seller_name":"Previous Landholder","consideration_amount_inr":"3500000.0","stamp_duty_inr":"210000.0","survey_sketch_id":"FMB-HP-09-0109","cadastral_sheet_no":"SHT-HP-09","surveyed_area_sqm":"4451.53","survey_status":"PENDING","urban_authority":"Theog Tehsil Urban Development & Town Planning Authority","zone_name":"Agricultural / Green Buffer","permitted_land_use":"FOREST_GREEN_BELT","building_permission_status":"PENDING","violations_reported":"False","is_encumbered":"False","encumbrance_certificate_number":"EC-HP-2024-109-0109","encumbrance_type":"NIL","financial_institution":"","mortgage_amount":"0.0","created_at":"2026-01-15T09:00:00Z","updated_at":"2026-09-24T11:30:00Z"}},{"type":"Feature","geometry":{"type":"Polygon","coordinates":[[[78.39740981405771,31.119506081008243],[78.51171908240025,31.086971184028776],[78.51171908240025,31.23678114350907],[78.4037357340263,31.22695664920175],[78.39740981405771,31.119506081008243]]]},"properties":{"ulpin":"02406814673929","parcel_id":"41976a39-c5c7-40c1-8573-8e52d43d211d","state":"Himachal Pradesh","state_code":"HP","state_type":"STATE","state_lgd_code":"2","district_lgd_code":"25","district_name":"Shimla","subdistrict_lgd_code":"190","subdistrict_name":"Theog Tehsil","subdistrict_type":"Tehsil / Taluk","village_lgd_code":"24109","village_name":"Fagu","khasra_plot_no":"Khasra 219/D110","recorded_area":"5.5","recorded_area_unit":"Bigha-Biswa","normalized_area_sqm":"4451.53","gis_area_sqm":"4451.53","land_use_category":"WATER_BODY","land_use_raw":"Bageecha Seb (Apple Orchard)","status":"ACTIVE","data_freshness_status":"CURRENT","scenario_index":"5046","use_case_description":"Archived historical record for audit retrieval","mutation_workflow_status":"SLA_BREACHED","revenue_record_id":"ROR-HP-2025-1009-0110","revenue_record_type":"Jamabandi (HimBhoomi)","khata_khewat_no":"KHT-59","khatauni_no":"KHN-159","owner_name":"Rajinder Singh Thakur","owner_name_local":"राजिंदर सिंह ठाकुर","co_owners":"","tenure_type":"Bhumiswami / Raiyati with Transferable Rights","mutation_status":"MUTATED","active_mutation_id":"","tax_demand_status":"PAID","annual_tax_inr":"185.5","deed_number":"DEED-HP-2024-409-0110","deed_type":"Sale Deed / Conveyance","sro_office":"Sub-Registrar Office, Theog Tehsil","execution_date":"2024-05-10","registered_owner":"Rajinder Singh Thakur","seller_name":"Previous Landholder","consideration_amount_inr":"3500000.0","stamp_duty_inr":"210000.0","survey_sketch_id":"FMB-HP-09-0110","cadastral_sheet_no":"SHT-HP-09","surveyed_area_sqm":"4451.53","survey_status":"DISPUTED","urban_authority":"Theog Tehsil Urban Development & Town Planning Authority","zone_name":"Agricultural / Green Buffer","permitted_land_use":"WATER_BODY","building_permission_status":"REJECTED","violations_reported":"False","is_encumbered":"True","encumbrance_certificate_number":"EC-HP-00000110-0110","encumbrance_type":"BANK_MORTGAGE","financial_institution":"","mortgage_amount":"0.0","created_at":"2026-01-15T09:00:00Z","updated_at":"2026-09-24T11:30:00Z"}},{"type":"Feature","geometry":{"type":"Polygon","coordinates":[[[76.76870149842486,30.051476478783623],[76.87370997472404,30.05766986492479],[76.87370997472404,30.16290654237347],[76.74764242192882,30.165308574270103],[76.76870149842486,30.051476478783623]]]},"properties":{"ulpin":"02284184218654","parcel_id":"a820e110-4df3-4e0b-b40d-92f37d6d994b","state":"Himachal Pradesh","state_code":"HP","state_type":"STATE","state_lgd_code":"2","district_lgd_code":"25","district_name":"Shimla","subdistrict_lgd_code":"190","subdistrict_name":"Theog Tehsil","subdistrict_type":"Tehsil / Taluk","village_lgd_code":"24109","village_name":"Fagu","khasra_plot_no":"Khasra 219/D111","recorded_area":"5.5","recorded_area_unit":"Bigha-Biswa","normalized_area_sqm":"4451.53","gis_area_sqm":"4451.53","land_use_category":"MIXED_USE","land_use_raw":"Bageecha Seb (Apple Orchard)","status":"PENDING_MUTATION","data_freshness_status":"STALE","scenario_index":"5047","use_case_description":"Bank mortgage and active encumbrance","mutation_workflow_status":"SUBMITTED","revenue_record_id":"ROR-HP-2025-1009-0111","revenue_record_type":"Jamabandi (HimBhoomi)","khata_khewat_no":"KHT-59","khatauni_no":"KHN-159","owner_name":"Rajinder Singh Thakur","owner_name_local":"राजिंदर सिंह ठाकुर","co_owners":"","tenure_type":"Bhumiswami / Freehold","mutation_status":"PENDING","active_mutation_id":"MUT-HP-00000111","tax_demand_status":"PAID","annual_tax_inr":"185.5","deed_number":"DEED-HP-2024-409-0111","deed_type":"Sale Deed / Conveyance","sro_office":"Sub-Registrar Office, Theog Tehsil","execution_date":"2024-05-10","registered_owner":"Rajinder Singh Thakur","seller_name":"Previous Landholder","consideration_amount_inr":"3500000.0","stamp_duty_inr":"210000.0","survey_sketch_id":"FMB-HP-09-0111","cadastral_sheet_no":"SHT-HP-09","surveyed_area_sqm":"4451.53","survey_status":"RESURVEY_REQUIRED","urban_authority":"Theog Tehsil Urban Development & Town Planning Authority","zone_name":"Agricultural / Green Buffer","permitted_land_use":"MIXED_USE","building_permission_status":"NOT_APPLICABLE","violations_reported":"True","is_encumbered":"True","encumbrance_certificate_number":"EC-HP-00000111-0111","encumbrance_type":"GOVT_REVENUE_LIEN","financial_institution":"","mortgage_amount":"0.0","created_at":"2026-01-15T09:00:00Z","updated_at":"2026-09-24T11:30:00Z"}},{"type":"Feature","geometry":{"type":"Polygon","coordinates":[[[76.42988280128468,30.256041502310346],[76.5484139557646,30.263167499880247],[76.54079815568453,30.36787348519805],[76.4322708496486,30.36787348519805],[76.42988280128468,30.256041502310346]]]},"properties":{"ulpin":"02697605343213","parcel_id":"4247c07e-8e6b-425d-9bb0-f00da94b3e5c","state":"Himachal Pradesh","state_code":"HP","state_type":"STATE","state_lgd_code":"2","district_lgd_code":"25","district_name":"Shimla","subdistrict_lgd_code":"190","subdistrict_name":"Theog Tehsil","subdistrict_type":"Tehsil / Taluk","village_lgd_code":"24109","village_name":"Fagu","khasra_plot_no":"Khasra 219/D112","recorded_area":"5.5","recorded_area_unit":"Bigha-Biswa","normalized_area_sqm":"4451.53","gis_area_sqm":"4451.53","land_use_category":"OTHER","land_use_raw":"Bageecha Seb (Apple Orchard)","status":"SUBDIVIDED","data_freshness_status":"UNKNOWN","scenario_index":"5048","use_case_description":"Government revenue lien and tax demand","mutation_workflow_status":"UNDER_VERIFICATION","revenue_record_id":"ROR-HP-2025-1009-0112","revenue_record_type":"Jamabandi (HimBhoomi)","khata_khewat_no":"KHT-59","khatauni_no":"KHN-159","owner_name":"Rajinder Singh Thakur","owner_name_local":"राजिंदर सिंह ठाकुर","co_owners":"","tenure_type":"Leasehold","mutation_status":"UNMUTATED_TRANSACTION","active_mutation_id":"MUT-HP-00000112","tax_demand_status":"PAID","annual_tax_inr":"185.5","deed_number":"DEED-HP-2024-409-0112","deed_type":"Sale Deed / Conveyance","sro_office":"Sub-Registrar Office, Theog Tehsil","execution_date":"2024-05-10","registered_owner":"Rajinder Singh Thakur","seller_name":"Previous Landholder","consideration_amount_inr":"3500000.0","stamp_duty_inr":"210000.0","survey_sketch_id":"FMB-HP-09-0112","cadastral_sheet_no":"SHT-HP-09","surveyed_area_sqm":"4451.53","survey_status":"SURVEYED","urban_authority":"Theog Tehsil Urban Development & Town Planning Authority","zone_name":"Agricultural / Green Buffer","permitted_land_use":"OTHER","building_permission_status":"SANCTIONED","violations_reported":"False","is_encumbered":"True","encumbrance_certificate_number":"EC-HP-00000112-0112","encumbrance_type":"COURT_ATTACHMENT","financial_institution":"","mortgage_amount":"0.0","created_at":"2026-01-15T09:00:00Z","updated_at":"2026-09-24T11:30:00Z"}},{"type":"Feature","geometry":{"type":"Polygon","coordinates":[[[77.3446494597984,29.841763639563105],[77.44873883144604,29.832095932746743],[77.44730848949193,29.948419513208265],[77.35269401347526,29.934475496756484],[77.3446494597984,29.841763639563105]]]},"properties":{"ulpin":"02160257014802","parcel_id":"85ae5806-acdb-40a1-9728-95e7f4c7d471","state":"Himachal Pradesh","state_code":"HP","state_type":"STATE","state_lgd_code":"2","district_lgd_code":"25","district_name":"Shimla","subdistrict_lgd_code":"190","subdistrict_name":"Theog Tehsil","subdistrict_type":"Tehsil / Taluk","village_lgd_code":"24109","village_name":"Fagu","khasra_plot_no":"Khasra 219/D113","recorded_area":"5.5","recorded_area_unit":"Bigha-Biswa","normalized_area_sqm":"4451.53","gis_area_sqm":"4451.53","land_use_category":"RESIDENTIAL","land_use_raw":"Bageecha Seb (Apple Orchard)","status":"AMALGAMATED","data_freshness_status":"CURRENT","scenario_index":"5049","use_case_description":"Court attachment and disputed possession","mutation_workflow_status":"NOTICE_PERIOD","revenue_record_id":"ROR-HP-2025-1009-0113","revenue_record_type":"Jamabandi (HimBhoomi)","khata_khewat_no":"KHT-59","khatauni_no":"KHN-159","owner_name":"Rajinder Singh Thakur","owner_name_local":"राजिंदर सिंह ठाकुर","co_owners":"","tenure_type":"Government Grant","mutation_status":"REJECTED","active_mutation_id":"MUT-HP-00000113","tax_demand_status":"PAID","annual_tax_inr":"185.5","deed_number":"DEED-HP-2024-409-0113","deed_type":"Sale Deed / Conveyance","sro_office":"Sub-Registrar Office, Theog Tehsil","execution_date":"2024-05-10","registered_owner":"Registry Variance Owner 113","seller_name":"Previous Landholder","consideration_amount_inr":"3500000.0","stamp_duty_inr":"210000.0","survey_sketch_id":"FMB-HP-09-0113","cadastral_sheet_no":"SHT-HP-09","surveyed_area_sqm":"4451.53","survey_status":"PENDING","urban_authority":"Theog Tehsil Urban Development & Town Planning Authority","zone_name":"Agricultural / Green Buffer","permitted_land_use":"RESIDENTIAL","building_permission_status":"PENDING","violations_reported":"False","is_encumbered":"True","encumbrance_certificate_number":"EC-HP-00000113-0113","encumbrance_type":"TRIBAL_NON_ALIENATION","financial_institution":"","mortgage_amount":"0.0","created_at":"2026-01-15T09:00:00Z","updated_at":"2026-09-24T11:30:00Z"}},{"type":"Feature","geometry":{"type":"Polygon","coordinates":[[[76.7476031851525,29.935085991966616],[76.87370997472404,29.95165841180252],[76.87370997472404,30.05766986492479],[76.76870149842486,30.051476478783623],[76.7476031851525,29.935085991966616]]]},"properties":{"ulpin":"02267053310328","parcel_id":"5ffe5ae8-f6eb-4b94-b6d5-ee61c9917bbc","state":"Himachal Pradesh","state_code":"HP","state_type":"STATE","state_lgd_code":"2","district_lgd_code":"25","district_name":"Shimla","subdistrict_lgd_code":"190","subdistrict_name":"Theog Tehsil","subdistrict_type":"Tehsil / Taluk","village_lgd_code":"24109","village_name":"Fagu","khasra_plot_no":"Khasra 219/D114","recorded_area":"5.5","recorded_area_unit":"Bigha-Biswa","normalized_area_sqm":"4451.53","gis_area_sqm":"4451.53","land_use_category":"COMMERCIAL","land_use_raw":"Bageecha Seb (Apple Orchard)","status":"DISPUTED","data_freshness_status":"STALE","scenario_index":"5050","use_case_description":"Tribal non-alienation protection review","mutation_workflow_status":"HEARING_SCHEDULED","revenue_record_id":"ROR-HP-2025-1009-0114","revenue_record_type":"Jamabandi (HimBhoomi)","khata_khewat_no":"KHT-59","khatauni_no":"KHN-159","owner_name":"Rajinder Singh Thakur","owner_name_local":"राजिंदर सिंह ठाकुर","co_owners":"","tenure_type":"Waqf / Religious Trust","mutation_status":"DISPUTED","active_mutation_id":"MUT-HP-00000114","tax_demand_status":"PAID","annual_tax_inr":"185.5","deed_number":"DEED-HP-2024-409-0114","deed_type":"Sale Deed / Conveyance","sro_office":"Sub-Registrar Office, Theog Tehsil","execution_date":"2024-05-10","registered_owner":"Rajinder Singh Thakur","seller_name":"Previous Landholder","consideration_amount_inr":"3500000.0","stamp_duty_inr":"210000.0","survey_sketch_id":"FMB-HP-09-0114","cadastral_sheet_no":"SHT-HP-09","surveyed_area_sqm":"4451.53","survey_status":"DISPUTED","urban_authority":"Theog Tehsil Urban Development & Town Planning Authority","zone_name":"Agricultural / Green Buffer","permitted_land_use":"COMMERCIAL","building_permission_status":"REJECTED","violations_reported":"False","is_encumbered":"True","encumbrance_certificate_number":"EC-HP-00000114-0114","encumbrance_type":"LEASE_CHARGE","financial_institution":"","mortgage_amount":"0.0","created_at":"2026-01-15T09:00:00Z","updated_at":"2026-09-24T11:30:00Z"}}]}