{"type":"FeatureCollection","features":[{"type":"Feature","geometry":{"type":"Polygon","coordinates":[[[74.8146784901138,29.559624470877527],[74.8580254821372,29.57181030040616],[74.86228964055576,29.60837474203494],[74.80044350465609,29.608766593952446],[74.8146784901138,29.559624470877527]]]},"properties":{"ulpin":"06461973068595","parcel_id":"875bbf00-77b7-46f2-9376-e80d42e837c5","state":"Haryana","state_code":"HR","state_type":"STATE","state_lgd_code":"6","district_lgd_code":"80","district_name":"Gurugram","subdistrict_lgd_code":"620","subdistrict_name":"Wazirabad Tehsil","subdistrict_type":"Tehsil / Taluk","village_lgd_code":"61402","village_name":"Badshahpur","khasra_plot_no":"Murabba 45, Killa 12/2/D1","recorded_area":"4.0","recorded_area_unit":"Kanal-Marla","normalized_area_sqm":"2023.43","gis_area_sqm":"2023.43","land_use_category":"RESIDENTIAL","land_use_raw":"Gair Mumkin Plotted Commercial","status":"ACTIVE","data_freshness_status":"CURRENT","scenario_index":"4518","use_case_description":"Tribal non-alienation protection review","mutation_workflow_status":"HEARING_SCHEDULED","revenue_record_id":"ROR-HR-2025-1008-0001","revenue_record_type":"Jamabandi Nakal (Haryana Jamabandi)","khata_khewat_no":"KHT-58","khatauni_no":"KHN-158","owner_name":"Satish Chand Mittal","owner_name_local":"सतीश चंद मित्तल","co_owners":"","tenure_type":"Bhumiswami / Raiyati with Transferable Rights","mutation_status":"MUTATED","active_mutation_id":"","tax_demand_status":"PAID","annual_tax_inr":"185.5","deed_number":"DEED-HR-2024-408-0001","deed_type":"Sale Deed / Conveyance","sro_office":"Sub-Registrar Office, Wazirabad Tehsil","execution_date":"2024-05-10","registered_owner":"Sunita Sharma / Aditi Verma","seller_name":"Previous Landholder","consideration_amount_inr":"3500000.0","stamp_duty_inr":"210000.0","survey_sketch_id":"FMB-HR-08-0001","cadastral_sheet_no":"SHT-HR-08","surveyed_area_sqm":"2023.43","survey_status":"DISPUTED","urban_authority":"Wazirabad Tehsil Urban Development & Town Planning Authority","zone_name":"Commercial Core","permitted_land_use":"RESIDENTIAL","building_permission_status":"REJECTED","violations_reported":"False","is_encumbered":"True","encumbrance_certificate_number":"EC-HR-00000001-0001","encumbrance_type":"BANK_MORTGAGE","financial_institution":"","mortgage_amount":"0.0","created_at":"2026-01-15T09:00:00Z","updated_at":"2026-09-24T11:30:00Z"}},{"type":"Feature","geometry":{"type":"Polygon","coordinates":[[[76.41451901622004,29.704687784550536],[76.47658905872802,29.709045560450836],[76.4718094985949,29.754733651380885],[76.42041421116843,29.759470522133213],[76.41451901622004,29.704687784550536]]]},"properties":{"ulpin":"06529631448807","parcel_id":"fd7f4416-cf48-456e-a9b2-a2d75e4fbf72","state":"Haryana","state_code":"HR","state_type":"STATE","state_lgd_code":"6","district_lgd_code":"80","district_name":"Gurugram","subdistrict_lgd_code":"620","subdistrict_name":"Wazirabad Tehsil","subdistrict_type":"Tehsil / Taluk","village_lgd_code":"61402","village_name":"Badshahpur","khasra_plot_no":"Murabba 45, Killa 12/2/D2","recorded_area":"4.0","recorded_area_unit":"Kanal-Marla","normalized_area_sqm":"2023.43","gis_area_sqm":"2023.43","land_use_category":"COMMERCIAL","land_use_raw":"Gair Mumkin Plotted Commercial","status":"PENDING_MUTATION","data_freshness_status":"STALE","scenario_index":"4519","use_case_description":"Lease charge and institutional tenancy","mutation_workflow_status":"APPROVED","revenue_record_id":"ROR-HR-2025-1008-0002","revenue_record_type":"Jamabandi Nakal (Haryana Jamabandi)","khata_khewat_no":"KHT-58","khatauni_no":"KHN-158","owner_name":"Satish Chand Mittal","owner_name_local":"सतीश चंद मित्तल","co_owners":"","tenure_type":"Bhumiswami / Freehold","mutation_status":"PENDING","active_mutation_id":"MUT-HR-00000002","tax_demand_status":"PAID","annual_tax_inr":"185.5","deed_number":"DEED-HR-2024-408-0002","deed_type":"Sale Deed / Conveyance","sro_office":"Sub-Registrar Office, Wazirabad Tehsil","execution_date":"2024-05-10","registered_owner":"Registry Variance Owner 2","seller_name":"Previous Landholder","consideration_amount_inr":"3500000.0","stamp_duty_inr":"210000.0","survey_sketch_id":"FMB-HR-08-0002","cadastral_sheet_no":"SHT-HR-08","surveyed_area_sqm":"2023.43","survey_status":"RESURVEY_REQUIRED","urban_authority":"Wazirabad Tehsil Urban Development & Town Planning Authority","zone_name":"Commercial Core","permitted_land_use":"COMMERCIAL","building_permission_status":"NOT_APPLICABLE","violations_reported":"False","is_encumbered":"True","encumbrance_certificate_number":"EC-HR-00000002-0002","encumbrance_type":"GOVT_REVENUE_LIEN","financial_institution":"","mortgage_amount":"0.0","created_at":"2026-01-15T09:00:00Z","updated_at":"2026-09-24T11:30:00Z"}},{"type":"Feature","geometry":{"type":"Polygon","coordinates":[[[74.9111214810485,29.786855393088498],[74.95586440883996,29.786448841432826],[74.94916129835076,29.826454607992225],[74.90655335007936,29.826454607992225],[74.9111214810485,29.786855393088498]]]},"properties":{"ulpin":"06596516212576","parcel_id":"cd12bf84-5b66-4f5a-b6d6-59ffcad85e1b","state":"Haryana","state_code":"HR","state_type":"STATE","state_lgd_code":"6","district_lgd_code":"80","district_name":"Gurugram","subdistrict_lgd_code":"620","subdistrict_name":"Wazirabad Tehsil","subdistrict_type":"Tehsil / Taluk","village_lgd_code":"61402","village_name":"Badshahpur","khasra_plot_no":"Murabba 45, Killa 12/2/D3","recorded_area":"4.0","recorded_area_unit":"Kanal-Marla","normalized_area_sqm":"2023.43","gis_area_sqm":"2023.43","land_use_category":"INDUSTRIAL","land_use_raw":"Gair Mumkin Plotted Commercial","status":"SUBDIVIDED","data_freshness_status":"UNKNOWN","scenario_index":"4520","use_case_description":"Subdivision or amalgamation history review","mutation_workflow_status":"REJECTED","revenue_record_id":"ROR-HR-2025-1008-0003","revenue_record_type":"Jamabandi Nakal (Haryana Jamabandi)","khata_khewat_no":"KHT-58","khatauni_no":"KHN-158","owner_name":"Satish Chand Mittal","owner_name_local":"सतीश चंद मित्तल","co_owners":"","tenure_type":"Leasehold","mutation_status":"UNMUTATED_TRANSACTION","active_mutation_id":"MUT-HR-00000003","tax_demand_status":"PAID","annual_tax_inr":"185.5","deed_number":"DEED-HR-2024-408-0003","deed_type":"Sale Deed / Conveyance","sro_office":"Sub-Registrar Office, Wazirabad Tehsil","execution_date":"2024-05-10","registered_owner":"Sunita Sharma / Aditi Verma","seller_name":"Previous Landholder","consideration_amount_inr":"3500000.0","stamp_duty_inr":"210000.0","survey_sketch_id":"FMB-HR-08-0003","cadastral_sheet_no":"SHT-HR-08","surveyed_area_sqm":"2023.43","survey_status":"SURVEYED","urban_authority":"Wazirabad Tehsil Urban Development & Town Planning Authority","zone_name":"Commercial Core","permitted_land_use":"INDUSTRIAL","building_permission_status":"SANCTIONED","violations_reported":"False","is_encumbered":"True","encumbrance_certificate_number":"EC-HR-00000003-0003","encumbrance_type":"COURT_ATTACHMENT","financial_institution":"","mortgage_amount":"0.0","created_at":"2026-01-15T09:00:00Z","updated_at":"2026-09-24T11:30:00Z"}},{"type":"Feature","geometry":{"type":"Polygon","coordinates":[[[74.94864054516081,29.47876488648608],[75.00355179838323,29.47761233056661],[75.00042970542496,29.520496107147093],[74.95879776536837,29.526642487231566],[74.94864054516081,29.47876488648608]]]},"properties":{"ulpin":"06330439037164","parcel_id":"f1f3a287-9fa3-4739-b4ba-533d87fdc931","state":"Haryana","state_code":"HR","state_type":"STATE","state_lgd_code":"6","district_lgd_code":"80","district_name":"Gurugram","subdistrict_lgd_code":"620","subdistrict_name":"Wazirabad Tehsil","subdistrict_type":"Tehsil / Taluk","village_lgd_code":"61402","village_name":"Badshahpur","khasra_plot_no":"Murabba 45, Killa 12/2/D4","recorded_area":"4.0","recorded_area_unit":"Kanal-Marla","normalized_area_sqm":"2023.43","gis_area_sqm":"2023.43","land_use_category":"AGRICULTURAL","land_use_raw":"Gair Mumkin Plotted Commercial","status":"AMALGAMATED","data_freshness_status":"CURRENT","scenario_index":"4521","use_case_description":"Archived historical record for audit retrieval","mutation_workflow_status":"SLA_BREACHED","revenue_record_id":"ROR-HR-2025-1008-0004","revenue_record_type":"Jamabandi Nakal (Haryana Jamabandi)","khata_khewat_no":"KHT-58","khatauni_no":"KHN-158","owner_name":"Satish Chand Mittal","owner_name_local":"सतीश चंद मित्तल","co_owners":"","tenure_type":"Government Grant","mutation_status":"REJECTED","active_mutation_id":"MUT-HR-00000004","tax_demand_status":"PAID","annual_tax_inr":"185.5","deed_number":"DEED-HR-2024-408-0004","deed_type":"Sale Deed / Conveyance","sro_office":"Sub-Registrar Office, Wazirabad Tehsil","execution_date":"2024-05-10","registered_owner":"Sunita Sharma / Aditi Verma","seller_name":"Previous Landholder","consideration_amount_inr":"3500000.0","stamp_duty_inr":"210000.0","survey_sketch_id":"FMB-HR-08-0004","cadastral_sheet_no":"SHT-HR-08","surveyed_area_sqm":"2023.43","survey_status":"PENDING","urban_authority":"Wazirabad Tehsil Urban Development & Town Planning Authority","zone_name":"Commercial Core","permitted_land_use":"AGRICULTURAL","building_permission_status":"PENDING","violations_reported":"False","is_encumbered":"True","encumbrance_certificate_number":"EC-HR-00000004-0004","encumbrance_type":"TRIBAL_NON_ALIENATION","financial_institution":"","mortgage_amount":"0.0","created_at":"2026-01-15T09:00:00Z","updated_at":"2026-09-24T11:30:00Z"}},{"type":"Feature","geometry":{"type":"Polygon","coordinates":[[[75.47626749888418,28.906247891093738],[75.54576169787839,28.906247891093738],[75.54034077872566,28.955744431412956],[75.48287424257128,28.95620670900666],[75.47626749888418,28.906247891093738]]]},"properties":{"ulpin":"06893276718909","parcel_id":"f8c3ed48-637d-41d5-9c5f-7072f8206adb","state":"Haryana","state_code":"HR","state_type":"STATE","state_lgd_code":"6","district_lgd_code":"80","district_name":"Gurugram","subdistrict_lgd_code":"620","subdistrict_name":"Wazirabad Tehsil","subdistrict_type":"Tehsil / Taluk","village_lgd_code":"61402","village_name":"Badshahpur","khasra_plot_no":"Murabba 45, Killa 12/2/D5","recorded_area":"4.0","recorded_area_unit":"Kanal-Marla","normalized_area_sqm":"2023.43","gis_area_sqm":"2023.43","land_use_category":"INSTITUTIONAL","land_use_raw":"Gair Mumkin Plotted Commercial","status":"DISPUTED","data_freshness_status":"STALE","scenario_index":"4522","use_case_description":"Bank mortgage and active encumbrance","mutation_workflow_status":"SUBMITTED","revenue_record_id":"ROR-HR-2025-1008-0005","revenue_record_type":"Jamabandi Nakal (Haryana Jamabandi)","khata_khewat_no":"KHT-58","khatauni_no":"KHN-158","owner_name":"Satish Chand Mittal","owner_name_local":"सतीश चंद मित्तल","co_owners":"","tenure_type":"Waqf / Religious Trust","mutation_status":"DISPUTED","active_mutation_id":"MUT-HR-00000005","tax_demand_status":"PAID","annual_tax_inr":"185.5","deed_number":"DEED-HR-2024-408-0005","deed_type":"Sale Deed / Conveyance","sro_office":"Sub-Registrar Office, Wazirabad Tehsil","execution_date":"2024-05-10","registered_owner":"Sunita Sharma / Aditi Verma","seller_name":"Previous Landholder","consideration_amount_inr":"3500000.0","stamp_duty_inr":"210000.0","survey_sketch_id":"FMB-HR-08-0005","cadastral_sheet_no":"SHT-HR-08","surveyed_area_sqm":"2023.43","survey_status":"DISPUTED","urban_authority":"Wazirabad Tehsil Urban Development & Town Planning Authority","zone_name":"Commercial Core","permitted_land_use":"INSTITUTIONAL","building_permission_status":"REJECTED","violations_reported":"True","is_encumbered":"True","encumbrance_certificate_number":"EC-HR-00000005-0005","encumbrance_type":"LEASE_CHARGE","financial_institution":"","mortgage_amount":"0.0","created_at":"2026-01-15T09:00:00Z","updated_at":"2026-09-24T11:30:00Z"}},{"type":"Feature","geometry":{"type":"Polygon","coordinates":[[[75.85640722607627,28.32980402370377],[75.92095423686489,28.328162565267423],[75.92095423686489,28.385937650799846],[75.8490207941995,28.385660422350355],[75.85640722607627,28.32980402370377]]]},"properties":{"ulpin":"06270727159042","parcel_id":"252d8af1-d8bf-4d67-89f8-2ba38c302376","state":"Haryana","state_code":"HR","state_type":"STATE","state_lgd_code":"6","district_lgd_code":"80","district_name":"Gurugram","subdistrict_lgd_code":"620","subdistrict_name":"Wazirabad Tehsil","subdistrict_type":"Tehsil / Taluk","village_lgd_code":"61402","village_name":"Badshahpur","khasra_plot_no":"Murabba 45, Killa 12/2/D6","recorded_area":"4.0","recorded_area_unit":"Kanal-Marla","normalized_area_sqm":"2023.43","gis_area_sqm":"2023.43","land_use_category":"FOREST_GREEN_BELT","land_use_raw":"Gair Mumkin Plotted Commercial","status":"ARCHIVED","data_freshness_status":"UNKNOWN","scenario_index":"4523","use_case_description":"Bank mortgage and active encumbrance","mutation_workflow_status":"UNDER_VERIFICATION","revenue_record_id":"ROR-HR-2025-1008-0006","revenue_record_type":"Jamabandi Nakal (Haryana Jamabandi)","khata_khewat_no":"KHT-58","khatauni_no":"KHN-158","owner_name":"Satish Chand Mittal","owner_name_local":"सतीश चंद मित्तल","co_owners":"","tenure_type":"Tribal Community Tenure","mutation_status":"NONE","active_mutation_id":"MUT-HR-00000006","tax_demand_status":"PAID","annual_tax_inr":"185.5","deed_number":"DEED-HR-2024-408-0006","deed_type":"Sale Deed / Conveyance","sro_office":"Sub-Registrar Office, Wazirabad Tehsil","execution_date":"2024-05-10","registered_owner":"Sunita Sharma / Aditi Verma","seller_name":"Previous Landholder","consideration_amount_inr":"3500000.0","stamp_duty_inr":"210000.0","survey_sketch_id":"FMB-HR-08-0006","cadastral_sheet_no":"SHT-HR-08","surveyed_area_sqm":"2023.43","survey_status":"RESURVEY_REQUIRED","urban_authority":"Wazirabad Tehsil Urban Development & Town Planning Authority","zone_name":"Commercial Core","permitted_land_use":"FOREST_GREEN_BELT","building_permission_status":"NOT_APPLICABLE","violations_reported":"False","is_encumbered":"False","encumbrance_certificate_number":"EC-HR-2024-108-0006","encumbrance_type":"NIL","financial_institution":"","mortgage_amount":"0.0","created_at":"2026-01-15T09:00:00Z","updated_at":"2026-09-24T11:30:00Z"}},{"type":"Feature","geometry":{"type":"Polygon","coordinates":[[[76.40578007786463,28.259189781691617],[76.45317045080218,28.270205908922502],[76.44799167693678,28.30570797528961],[76.40080329384512,28.31691662799491],[76.40578007786463,28.259189781691617]]]},"properties":{"ulpin":"06912667482624","parcel_id":"861b5377-7cab-438c-b653-97bb640f24ae","state":"Haryana","state_code":"HR","state_type":"STATE","state_lgd_code":"6","district_lgd_code":"80","district_name":"Gurugram","subdistrict_lgd_code":"620","subdistrict_name":"Wazirabad Tehsil","subdistrict_type":"Tehsil / Taluk","village_lgd_code":"61402","village_name":"Badshahpur","khasra_plot_no":"Murabba 45, Killa 12/2/D7","recorded_area":"4.0","recorded_area_unit":"Kanal-Marla","normalized_area_sqm":"2023.43","gis_area_sqm":"2023.43","land_use_category":"WATER_BODY","land_use_raw":"Gair Mumkin Plotted Commercial","status":"ACTIVE","data_freshness_status":"CURRENT","scenario_index":"4524","use_case_description":"Court attachment and disputed possession","mutation_workflow_status":"NOTICE_PERIOD","revenue_record_id":"ROR-HR-2025-1008-0007","revenue_record_type":"Jamabandi Nakal (Haryana Jamabandi)","khata_khewat_no":"KHT-58","khatauni_no":"KHN-158","owner_name":"Satish Chand Mittal","owner_name_local":"सतीश चंद मित्तल","co_owners":"","tenure_type":"Bhumiswami / Raiyati with Transferable Rights","mutation_status":"MUTATED","active_mutation_id":"","tax_demand_status":"PAID","annual_tax_inr":"185.5","deed_number":"DEED-HR-2024-408-0007","deed_type":"Sale Deed / Conveyance","sro_office":"Sub-Registrar Office, Wazirabad Tehsil","execution_date":"2024-05-10","registered_owner":"Registry Variance Owner 7","seller_name":"Previous Landholder","consideration_amount_inr":"3500000.0","stamp_duty_inr":"210000.0","survey_sketch_id":"FMB-HR-08-0007","cadastral_sheet_no":"SHT-HR-08","surveyed_area_sqm":"2023.43","survey_status":"SURVEYED","urban_authority":"Wazirabad Tehsil Urban Development & Town Planning Authority","zone_name":"Commercial Core","permitted_land_use":"WATER_BODY","building_permission_status":"SANCTIONED","violations_reported":"False","is_encumbered":"True","encumbrance_certificate_number":"EC-HR-00000007-0007","encumbrance_type":"BANK_MORTGAGE","financial_institution":"","mortgage_amount":"0.0","created_at":"2026-01-15T09:00:00Z","updated_at":"2026-09-24T11:30:00Z"}},{"type":"Feature","geometry":{"type":"Polygon","coordinates":[[[74.95255343153168,29.69245981421238],[75.009516954869,29.691175762760007],[74.99775216185397,29.74449720606508],[74.95667262126621,29.73276851451977],[74.95255343153168,29.69245981421238]]]},"properties":{"ulpin":"06824225895073","parcel_id":"a5e8f8d8-6323-4453-882c-586c0f7cc9f2","state":"Haryana","state_code":"HR","state_type":"STATE","state_lgd_code":"6","district_lgd_code":"80","district_name":"Gurugram","subdistrict_lgd_code":"620","subdistrict_name":"Wazirabad Tehsil","subdistrict_type":"Tehsil / Taluk","village_lgd_code":"61402","village_name":"Badshahpur","khasra_plot_no":"Murabba 45, Killa 12/2/D8","recorded_area":"4.0","recorded_area_unit":"Kanal-Marla","normalized_area_sqm":"2023.43","gis_area_sqm":"2023.43","land_use_category":"MIXED_USE","land_use_raw":"Gair Mumkin Plotted Commercial","status":"PENDING_MUTATION","data_freshness_status":"STALE","scenario_index":"4525","use_case_description":"Tribal non-alienation protection review","mutation_workflow_status":"HEARING_SCHEDULED","revenue_record_id":"ROR-HR-2025-1008-0008","revenue_record_type":"Jamabandi Nakal (Haryana Jamabandi)","khata_khewat_no":"KHT-58","khatauni_no":"KHN-158","owner_name":"Satish Chand Mittal","owner_name_local":"सतीश चंद मित्तल","co_owners":"","tenure_type":"Bhumiswami / Freehold","mutation_status":"PENDING","active_mutation_id":"MUT-HR-00000008","tax_demand_status":"PAID","annual_tax_inr":"185.5","deed_number":"DEED-HR-2024-408-0008","deed_type":"Sale Deed / Conveyance","sro_office":"Sub-Registrar Office, Wazirabad Tehsil","execution_date":"2024-05-10","registered_owner":"Sunita Sharma / Aditi Verma","seller_name":"Previous Landholder","consideration_amount_inr":"3500000.0","stamp_duty_inr":"210000.0","survey_sketch_id":"FMB-HR-08-0008","cadastral_sheet_no":"SHT-HR-08","surveyed_area_sqm":"2023.43","survey_status":"PENDING","urban_authority":"Wazirabad Tehsil Urban Development & Town Planning Authority","zone_name":"Commercial Core","permitted_land_use":"MIXED_USE","building_permission_status":"PENDING","violations_reported":"False","is_encumbered":"True","encumbrance_certificate_number":"EC-HR-00000008-0008","encumbrance_type":"GOVT_REVENUE_LIEN","financial_institution":"","mortgage_amount":"0.0","created_at":"2026-01-15T09:00:00Z","updated_at":"2026-09-24T11:30:00Z"}},{"type":"Feature","geometry":{"type":"Polygon","coordinates":[[[75.37032027630985,29.07050778608982],[75.42677713311546,29.0576119231942],[75.42867405497417,29.111881536133218],[75.37032027630985,29.122535936808845],[75.37032027630985,29.07050778608982]]]},"properties":{"ulpin":"06785916859555","parcel_id":"8b3e0ec7-5b22-4e16-81fd-fce77bef77fe","state":"Haryana","state_code":"HR","state_type":"STATE","state_lgd_code":"6","district_lgd_code":"80","district_name":"Gurugram","subdistrict_lgd_code":"620","subdistrict_name":"Wazirabad Tehsil","subdistrict_type":"Tehsil / Taluk","village_lgd_code":"61402","village_name":"Badshahpur","khasra_plot_no":"Murabba 45, Killa 12/2/D9","recorded_area":"4.0","recorded_area_unit":"Kanal-Marla","normalized_area_sqm":"2023.43","gis_area_sqm":"2023.43","land_use_category":"OTHER","land_use_raw":"Gair Mumkin Plotted Commercial","status":"SUBDIVIDED","data_freshness_status":"UNKNOWN","scenario_index":"4526","use_case_description":"Lease charge and institutional tenancy","mutation_workflow_status":"APPROVED","revenue_record_id":"ROR-HR-2025-1008-0009","revenue_record_type":"Jamabandi Nakal (Haryana Jamabandi)","khata_khewat_no":"KHT-58","khatauni_no":"KHN-158","owner_name":"Satish Chand Mittal","owner_name_local":"सतीश चंद मित्तल","co_owners":"","tenure_type":"Leasehold","mutation_status":"UNMUTATED_TRANSACTION","active_mutation_id":"MUT-HR-00000009","tax_demand_status":"PAID","annual_tax_inr":"185.5","deed_number":"DEED-HR-2024-408-0009","deed_type":"Sale Deed / Conveyance","sro_office":"Sub-Registrar Office, Wazirabad Tehsil","execution_date":"2024-05-10","registered_owner":"Sunita Sharma / Aditi Verma","seller_name":"Previous Landholder","consideration_amount_inr":"3500000.0","stamp_duty_inr":"210000.0","survey_sketch_id":"FMB-HR-08-0009","cadastral_sheet_no":"SHT-HR-08","surveyed_area_sqm":"2023.43","survey_status":"DISPUTED","urban_authority":"Wazirabad Tehsil Urban Development & Town Planning Authority","zone_name":"Commercial Core","permitted_land_use":"OTHER","building_permission_status":"REJECTED","violations_reported":"False","is_encumbered":"True","encumbrance_certificate_number":"EC-HR-00000009-0009","encumbrance_type":"COURT_ATTACHMENT","financial_institution":"","mortgage_amount":"0.0","created_at":"2026-01-15T09:00:00Z","updated_at":"2026-09-24T11:30:00Z"}},{"type":"Feature","geometry":{"type":"Polygon","coordinates":[[[75.26273314409579,28.336967478020572],[75.33602534833152,28.327466313485164],[75.33602534833152,28.38379272514012],[75.27486850067316,28.390959288231997],[75.26273314409579,28.336967478020572]]]},"properties":{"ulpin":"06328117343252","parcel_id":"b2b5742b-c27e-4c57-b861-d4071afa88e1","state":"Haryana","state_code":"HR","state_type":"STATE","state_lgd_code":"6","district_lgd_code":"80","district_name":"Gurugram","subdistrict_lgd_code":"620","subdistrict_name":"Wazirabad Tehsil","subdistrict_type":"Tehsil / Taluk","village_lgd_code":"61402","village_name":"Badshahpur","khasra_plot_no":"Murabba 45, Killa 12/2/D10","recorded_area":"4.0","recorded_area_unit":"Kanal-Marla","normalized_area_sqm":"2023.43","gis_area_sqm":"2023.43","land_use_category":"RESIDENTIAL","land_use_raw":"Gair Mumkin Plotted Commercial","status":"AMALGAMATED","data_freshness_status":"CURRENT","scenario_index":"4527","use_case_description":"Subdivision or amalgamation history review","mutation_workflow_status":"REJECTED","revenue_record_id":"ROR-HR-2025-1008-0010","revenue_record_type":"Jamabandi Nakal (Haryana Jamabandi)","khata_khewat_no":"KHT-58","khatauni_no":"KHN-158","owner_name":"Satish Chand Mittal","owner_name_local":"सतीश चंद मित्तल","co_owners":"","tenure_type":"Government Grant","mutation_status":"REJECTED","active_mutation_id":"MUT-HR-00000010","tax_demand_status":"PAID","annual_tax_inr":"185.5","deed_number":"DEED-HR-2024-408-0010","deed_type":"Sale Deed / Conveyance","sro_office":"Sub-Registrar Office, Wazirabad Tehsil","execution_date":"2024-05-10","registered_owner":"Sunita Sharma / Aditi Verma","seller_name":"Previous Landholder","consideration_amount_inr":"3500000.0","stamp_duty_inr":"210000.0","survey_sketch_id":"FMB-HR-08-0010","cadastral_sheet_no":"SHT-HR-08","surveyed_area_sqm":"2023.43","survey_status":"RESURVEY_REQUIRED","urban_authority":"Wazirabad Tehsil Urban Development & Town Planning Authority","zone_name":"Commercial Core","permitted_land_use":"RESIDENTIAL","building_permission_status":"NOT_APPLICABLE","violations_reported":"False","is_encumbered":"True","encumbrance_certificate_number":"EC-HR-00000010-0010","encumbrance_type":"TRIBAL_NON_ALIENATION","financial_institution":"","mortgage_amount":"0.0","created_at":"2026-01-15T09:00:00Z","updated_at":"2026-09-24T11:30:00Z"}},{"type":"Feature","geometry":{"type":"Polygon","coordinates":[[[74.90132095350668,29.435021362556306],[74.95998267251998,29.435021362556306],[74.94864054516081,29.47876488648608],[74.89800304729226,29.475662366807295],[74.90132095350668,29.435021362556306]]]},"properties":{"ulpin":"06446863510502","parcel_id":"b5e55d18-4a2d-4792-b022-0b0c053ea2c5","state":"Haryana","state_code":"HR","state_type":"STATE","state_lgd_code":"6","district_lgd_code":"80","district_name":"Gurugram","subdistrict_lgd_code":"620","subdistrict_name":"Wazirabad Tehsil","subdistrict_type":"Tehsil / Taluk","village_lgd_code":"61402","village_name":"Badshahpur","khasra_plot_no":"Murabba 45, Killa 12/2/D11","recorded_area":"4.0","recorded_area_unit":"Kanal-Marla","normalized_area_sqm":"2023.43","gis_area_sqm":"2023.43","land_use_category":"COMMERCIAL","land_use_raw":"Gair Mumkin Plotted Commercial","status":"DISPUTED","data_freshness_status":"STALE","scenario_index":"4528","use_case_description":"Archived historical record for audit retrieval","mutation_workflow_status":"SLA_BREACHED","revenue_record_id":"ROR-HR-2025-1008-0011","revenue_record_type":"Jamabandi Nakal (Haryana Jamabandi)","khata_khewat_no":"KHT-58","khatauni_no":"KHN-158","owner_name":"Satish Chand Mittal","owner_name_local":"सतीश चंद मित्तल","co_owners":"","tenure_type":"Waqf / Religious Trust","mutation_status":"DISPUTED","active_mutation_id":"MUT-HR-00000011","tax_demand_status":"PAID","annual_tax_inr":"185.5","deed_number":"DEED-HR-2024-408-0011","deed_type":"Sale Deed / Conveyance","sro_office":"Sub-Registrar Office, Wazirabad Tehsil","execution_date":"2024-05-10","registered_owner":"Sunita Sharma / Aditi Verma","seller_name":"Previous Landholder","consideration_amount_inr":"3500000.0","stamp_duty_inr":"210000.0","survey_sketch_id":"FMB-HR-08-0011","cadastral_sheet_no":"SHT-HR-08","surveyed_area_sqm":"2023.43","survey_status":"SURVEYED","urban_authority":"Wazirabad Tehsil Urban Development & Town Planning Authority","zone_name":"Commercial Core","permitted_land_use":"COMMERCIAL","building_permission_status":"SANCTIONED","violations_reported":"False","is_encumbered":"True","encumbrance_certificate_number":"EC-HR-00000011-0011","encumbrance_type":"LEASE_CHARGE","financial_institution":"","mortgage_amount":"0.0","created_at":"2026-01-15T09:00:00Z","updated_at":"2026-09-24T11:30:00Z"}},{"type":"Feature","geometry":{"type":"Polygon","coordinates":[[[75.0029078575591,28.436474645600637],[75.07440068912639,28.438554480956363],[75.07887990473814,28.490408824369055],[75.01682270338462,28.502666119722587],[75.0029078575591,28.436474645600637]]]},"properties":{"ulpin":"06927175225188","parcel_id":"e768b483-aa36-4606-a4a7-ad2bc05372c6","state":"Haryana","state_code":"HR","state_type":"STATE","state_lgd_code":"6","district_lgd_code":"80","district_name":"Gurugram","subdistrict_lgd_code":"620","subdistrict_name":"Wazirabad Tehsil","subdistrict_type":"Tehsil / Taluk","village_lgd_code":"61402","village_name":"Badshahpur","khasra_plot_no":"Murabba 45, Killa 12/2/D12","recorded_area":"4.0","recorded_area_unit":"Kanal-Marla","normalized_area_sqm":"2023.43","gis_area_sqm":"2023.43","land_use_category":"INDUSTRIAL","land_use_raw":"Gair Mumkin Plotted Commercial","status":"ARCHIVED","data_freshness_status":"UNKNOWN","scenario_index":"4529","use_case_description":"Archived historical record for audit retrieval","mutation_workflow_status":"SUBMITTED","revenue_record_id":"ROR-HR-2025-1008-0012","revenue_record_type":"Jamabandi Nakal (Haryana Jamabandi)","khata_khewat_no":"KHT-58","khatauni_no":"KHN-158","owner_name":"Satish Chand Mittal","owner_name_local":"सतीश चंद मित्तल","co_owners":"","tenure_type":"Tribal Community Tenure","mutation_status":"NONE","active_mutation_id":"MUT-HR-00000012","tax_demand_status":"PAID","annual_tax_inr":"185.5","deed_number":"DEED-HR-2024-408-0012","deed_type":"Sale Deed / Conveyance","sro_office":"Sub-Registrar Office, Wazirabad Tehsil","execution_date":"2024-05-10","registered_owner":"Registry Variance Owner 12","seller_name":"Previous Landholder","consideration_amount_inr":"3500000.0","stamp_duty_inr":"210000.0","survey_sketch_id":"FMB-HR-08-0012","cadastral_sheet_no":"SHT-HR-08","surveyed_area_sqm":"2023.43","survey_status":"PENDING","urban_authority":"Wazirabad Tehsil Urban Development & Town Planning Authority","zone_name":"Commercial Core","permitted_land_use":"INDUSTRIAL","building_permission_status":"PENDING","violations_reported":"True","is_encumbered":"False","encumbrance_certificate_number":"EC-HR-2024-108-0012","encumbrance_type":"NIL","financial_institution":"","mortgage_amount":"0.0","created_at":"2026-01-15T09:00:00Z","updated_at":"2026-09-24T11:30:00Z"}},{"type":"Feature","geometry":{"type":"Polygon","coordinates":[[[76.47658905872802,29.709045560450836],[76.52968346088677,29.70204057215173],[76.52968346088677,29.76895612131444],[76.4718094985949,29.754733651380885],[76.47658905872802,29.709045560450836]]]},"properties":{"ulpin":"06295450983519","parcel_id":"019af704-5261-42b0-a3f8-5ff10f537771","state":"Haryana","state_code":"HR","state_type":"STATE","state_lgd_code":"6","district_lgd_code":"80","district_name":"Gurugram","subdistrict_lgd_code":"620","subdistrict_name":"Wazirabad Tehsil","subdistrict_type":"Tehsil / Taluk","village_lgd_code":"61402","village_name":"Badshahpur","khasra_plot_no":"Murabba 45, Killa 12/2/D13","recorded_area":"4.0","recorded_area_unit":"Kanal-Marla","normalized_area_sqm":"2023.43","gis_area_sqm":"2023.43","land_use_category":"AGRICULTURAL","land_use_raw":"Gair Mumkin Plotted Commercial","status":"ACTIVE","data_freshness_status":"CURRENT","scenario_index":"4530","use_case_description":"Government revenue lien and tax demand","mutation_workflow_status":"UNDER_VERIFICATION","revenue_record_id":"ROR-HR-2025-1008-0013","revenue_record_type":"Jamabandi Nakal (Haryana Jamabandi)","khata_khewat_no":"KHT-58","khatauni_no":"KHN-158","owner_name":"Satish Chand Mittal","owner_name_local":"सतीश चंद मित्तल","co_owners":"","tenure_type":"Bhumiswami / Raiyati with Transferable Rights","mutation_status":"MUTATED","active_mutation_id":"","tax_demand_status":"PAID","annual_tax_inr":"185.5","deed_number":"DEED-HR-2024-408-0013","deed_type":"Sale Deed / Conveyance","sro_office":"Sub-Registrar Office, Wazirabad Tehsil","execution_date":"2024-05-10","registered_owner":"Sunita Sharma / Aditi Verma","seller_name":"Previous Landholder","consideration_amount_inr":"3500000.0","stamp_duty_inr":"210000.0","survey_sketch_id":"FMB-HR-08-0013","cadastral_sheet_no":"SHT-HR-08","surveyed_area_sqm":"2023.43","survey_status":"DISPUTED","urban_authority":"Wazirabad Tehsil Urban Development & Town Planning Authority","zone_name":"Commercial Core","permitted_land_use":"AGRICULTURAL","building_permission_status":"REJECTED","violations_reported":"False","is_encumbered":"True","encumbrance_certificate_number":"EC-HR-00000013-0013","encumbrance_type":"BANK_MORTGAGE","financial_institution":"","mortgage_amount":"0.0","created_at":"2026-01-15T09:00:00Z","updated_at":"2026-09-24T11:30:00Z"}},{"type":"Feature","geometry":{"type":"Polygon","coordinates":[[[75.00207693931974,29.78905860258545],[75.0560598016562,29.780904137014023],[75.05138775032992,29.826454607992225],[74.99771772591647,29.826454607992225],[75.00207693931974,29.78905860258545]]]},"properties":{"ulpin":"06005302963585","parcel_id":"99250056-9c2a-4008-bf71-534e78ee76cd","state":"Haryana","state_code":"HR","state_type":"STATE","state_lgd_code":"6","district_lgd_code":"80","district_name":"Gurugram","subdistrict_lgd_code":"620","subdistrict_name":"Wazirabad Tehsil","subdistrict_type":"Tehsil / Taluk","village_lgd_code":"61402","village_name":"Badshahpur","khasra_plot_no":"Murabba 45, Killa 12/2/D14","recorded_area":"4.0","recorded_area_unit":"Kanal-Marla","normalized_area_sqm":"2023.43","gis_area_sqm":"2023.43","land_use_category":"INSTITUTIONAL","land_use_raw":"Gair Mumkin Plotted Commercial","status":"PENDING_MUTATION","data_freshness_status":"STALE","scenario_index":"4531","use_case_description":"Court attachment and disputed possession","mutation_workflow_status":"NOTICE_PERIOD","revenue_record_id":"ROR-HR-2025-1008-0014","revenue_record_type":"Jamabandi Nakal (Haryana Jamabandi)","khata_khewat_no":"KHT-58","khatauni_no":"KHN-158","owner_name":"Satish Chand Mittal","owner_name_local":"सतीश चंद मित्तल","co_owners":"","tenure_type":"Bhumiswami / Freehold","mutation_status":"PENDING","active_mutation_id":"MUT-HR-00000014","tax_demand_status":"PAID","annual_tax_inr":"185.5","deed_number":"DEED-HR-2024-408-0014","deed_type":"Sale Deed / Conveyance","sro_office":"Sub-Registrar Office, Wazirabad Tehsil","execution_date":"2024-05-10","registered_owner":"Sunita Sharma / Aditi Verma","seller_name":"Previous Landholder","consideration_amount_inr":"3500000.0","stamp_duty_inr":"210000.0","survey_sketch_id":"FMB-HR-08-0014","cadastral_sheet_no":"SHT-HR-08","surveyed_area_sqm":"2023.43","survey_status":"RESURVEY_REQUIRED","urban_authority":"Wazirabad Tehsil Urban Development & Town Planning Authority","zone_name":"Commercial Core","permitted_land_use":"INSTITUTIONAL","building_permission_status":"NOT_APPLICABLE","violations_reported":"False","is_encumbered":"True","encumbrance_certificate_number":"EC-HR-00000014-0014","encumbrance_type":"GOVT_REVENUE_LIEN","financial_institution":"","mortgage_amount":"0.0","created_at":"2026-01-15T09:00:00Z","updated_at":"2026-09-24T11:30:00Z"}},{"type":"Feature","geometry":{"type":"Polygon","coordinates":[[[74.88385652792108,28.32481513129194],[74.9489864619867,28.330501440871046],[74.95575810439846,28.385875482481236],[74.88385652792108,28.392218880941],[74.88385652792108,28.32481513129194]]]},"properties":{"ulpin":"06419941082702","parcel_id":"6c2c1ecc-0599-430c-b43c-506596d50cb1","state":"Haryana","state_code":"HR","state_type":"STATE","state_lgd_code":"6","district_lgd_code":"80","district_name":"Gurugram","subdistrict_lgd_code":"620","subdistrict_name":"Wazirabad Tehsil","subdistrict_type":"Tehsil / Taluk","village_lgd_code":"61402","village_name":"Badshahpur","khasra_plot_no":"Murabba 45, Killa 12/2/D15","recorded_area":"4.0","recorded_area_unit":"Kanal-Marla","normalized_area_sqm":"2023.43","gis_area_sqm":"2023.43","land_use_category":"FOREST_GREEN_BELT","land_use_raw":"Gair Mumkin Plotted Commercial","status":"SUBDIVIDED","data_freshness_status":"UNKNOWN","scenario_index":"4532","use_case_description":"Tribal non-alienation protection review","mutation_workflow_status":"HEARING_SCHEDULED","revenue_record_id":"ROR-HR-2025-1008-0015","revenue_record_type":"Jamabandi Nakal (Haryana Jamabandi)","khata_khewat_no":"KHT-58","khatauni_no":"KHN-158","owner_name":"Satish Chand Mittal","owner_name_local":"सतीश चंद मित्तल","co_owners":"","tenure_type":"Leasehold","mutation_status":"UNMUTATED_TRANSACTION","active_mutation_id":"MUT-HR-00000015","tax_demand_status":"PAID","annual_tax_inr":"185.5","deed_number":"DEED-HR-2024-408-0015","deed_type":"Sale Deed / Conveyance","sro_office":"Sub-Registrar Office, Wazirabad Tehsil","execution_date":"2024-05-10","registered_owner":"Sunita Sharma / Aditi Verma","seller_name":"Previous Landholder","consideration_amount_inr":"3500000.0","stamp_duty_inr":"210000.0","survey_sketch_id":"FMB-HR-08-0015","cadastral_sheet_no":"SHT-HR-08","surveyed_area_sqm":"2023.43","survey_status":"SURVEYED","urban_authority":"Wazirabad Tehsil Urban Development & Town Planning Authority","zone_name":"Commercial Core","permitted_land_use":"FOREST_GREEN_BELT","building_permission_status":"SANCTIONED","violations_reported":"False","is_encumbered":"True","encumbrance_certificate_number":"EC-HR-00000015-0015","encumbrance_type":"COURT_ATTACHMENT","financial_institution":"","mortgage_amount":"0.0","created_at":"2026-01-15T09:00:00Z","updated_at":"2026-09-24T11:30:00Z"}},{"type":"Feature","geometry":{"type":"Polygon","coordinates":[[[74.80253822226138,29.78962529022193],[74.85551599806797,29.789052382661676],[74.86169128581287,29.826454607992225],[74.80372298314259,29.826454607992225],[74.80253822226138,29.78962529022193]]]},"properties":{"ulpin":"06949007825240","parcel_id":"4a44e86a-1618-42d6-88a8-b2df157436a2","state":"Haryana","state_code":"HR","state_type":"STATE","state_lgd_code":"6","district_lgd_code":"80","district_name":"Gurugram","subdistrict_lgd_code":"620","subdistrict_name":"Wazirabad Tehsil","subdistrict_type":"Tehsil / Taluk","village_lgd_code":"61402","village_name":"Badshahpur","khasra_plot_no":"Murabba 45, Killa 12/2/D16","recorded_area":"4.0","recorded_area_unit":"Kanal-Marla","normalized_area_sqm":"2023.43","gis_area_sqm":"2023.43","land_use_category":"WATER_BODY","land_use_raw":"Gair Mumkin Plotted Commercial","status":"AMALGAMATED","data_freshness_status":"CURRENT","scenario_index":"4533","use_case_description":"Lease charge and institutional tenancy","mutation_workflow_status":"APPROVED","revenue_record_id":"ROR-HR-2025-1008-0016","revenue_record_type":"Jamabandi Nakal (Haryana Jamabandi)","khata_khewat_no":"KHT-58","khatauni_no":"KHN-158","owner_name":"Satish Chand Mittal","owner_name_local":"सतीश चंद मित्तल","co_owners":"","tenure_type":"Government Grant","mutation_status":"REJECTED","active_mutation_id":"MUT-HR-00000016","tax_demand_status":"PAID","annual_tax_inr":"185.5","deed_number":"DEED-HR-2024-408-0016","deed_type":"Sale Deed / Conveyance","sro_office":"Sub-Registrar Office, Wazirabad Tehsil","execution_date":"2024-05-10","registered_owner":"Sunita Sharma / Aditi Verma","seller_name":"Previous Landholder","consideration_amount_inr":"3500000.0","stamp_duty_inr":"210000.0","survey_sketch_id":"FMB-HR-08-0016","cadastral_sheet_no":"SHT-HR-08","surveyed_area_sqm":"2023.43","survey_status":"PENDING","urban_authority":"Wazirabad Tehsil Urban Development & Town Planning Authority","zone_name":"Commercial Core","permitted_land_use":"WATER_BODY","building_permission_status":"PENDING","violations_reported":"False","is_encumbered":"True","encumbrance_certificate_number":"EC-HR-00000016-0016","encumbrance_type":"TRIBAL_NON_ALIENATION","financial_institution":"","mortgage_amount":"0.0","created_at":"2026-01-15T09:00:00Z","updated_at":"2026-09-24T11:30:00Z"}},{"type":"Feature","geometry":{"type":"Polygon","coordinates":[[[75.73518462204248,28.215600792050065],[75.79487724598589,28.209343910379395],[75.78900328056676,28.273739618783132],[75.72080298674734,28.275851281203416],[75.73518462204248,28.215600792050065]]]},"properties":{"ulpin":"06120237911376","parcel_id":"a598e8ce-b9ff-4424-9214-59f86cf27098","state":"Haryana","state_code":"HR","state_type":"STATE","state_lgd_code":"6","district_lgd_code":"80","district_name":"Gurugram","subdistrict_lgd_code":"620","subdistrict_name":"Wazirabad Tehsil","subdistrict_type":"Tehsil / Taluk","village_lgd_code":"61402","village_name":"Badshahpur","khasra_plot_no":"Murabba 45, Killa 12/2/D17","recorded_area":"4.0","recorded_area_unit":"Kanal-Marla","normalized_area_sqm":"2023.43","gis_area_sqm":"2023.43","land_use_category":"MIXED_USE","land_use_raw":"Gair Mumkin Plotted Commercial","status":"DISPUTED","data_freshness_status":"STALE","scenario_index":"4534","use_case_description":"Subdivision or amalgamation history review","mutation_workflow_status":"REJECTED","revenue_record_id":"ROR-HR-2025-1008-0017","revenue_record_type":"Jamabandi Nakal (Haryana Jamabandi)","khata_khewat_no":"KHT-58","khatauni_no":"KHN-158","owner_name":"Satish Chand Mittal","owner_name_local":"सतीश चंद मित्तल","co_owners":"","tenure_type":"Waqf / Religious Trust","mutation_status":"DISPUTED","active_mutation_id":"MUT-HR-00000017","tax_demand_status":"PAID","annual_tax_inr":"185.5","deed_number":"DEED-HR-2024-408-0017","deed_type":"Sale Deed / Conveyance","sro_office":"Sub-Registrar Office, Wazirabad Tehsil","execution_date":"2024-05-10","registered_owner":"Registry Variance Owner 17","seller_name":"Previous Landholder","consideration_amount_inr":"3500000.0","stamp_duty_inr":"210000.0","survey_sketch_id":"FMB-HR-08-0017","cadastral_sheet_no":"SHT-HR-08","surveyed_area_sqm":"2023.43","survey_status":"DISPUTED","urban_authority":"Wazirabad Tehsil Urban Development & Town Planning Authority","zone_name":"Commercial Core","permitted_land_use":"MIXED_USE","building_permission_status":"REJECTED","violations_reported":"False","is_encumbered":"True","encumbrance_certificate_number":"EC-HR-00000017-0017","encumbrance_type":"LEASE_CHARGE","financial_institution":"","mortgage_amount":"0.0","created_at":"2026-01-15T09:00:00Z","updated_at":"2026-09-24T11:30:00Z"}},{"type":"Feature","geometry":{"type":"Polygon","coordinates":[[[76.25136062745781,28.262845612797147],[76.31154023852321,28.269101901696555],[76.30217006530563,28.31231946489265],[76.25104460544114,28.31515113762077],[76.25136062745781,28.262845612797147]]]},"properties":{"ulpin":"06348188771653","parcel_id":"06165351-1b79-4dc1-9da8-ce1265ed8a99","state":"Haryana","state_code":"HR","state_type":"STATE","state_lgd_code":"6","district_lgd_code":"80","district_name":"Gurugram","subdistrict_lgd_code":"620","subdistrict_name":"Wazirabad Tehsil","subdistrict_type":"Tehsil / Taluk","village_lgd_code":"61402","village_name":"Badshahpur","khasra_plot_no":"Murabba 45, Killa 12/2/D18","recorded_area":"4.0","recorded_area_unit":"Kanal-Marla","normalized_area_sqm":"2023.43","gis_area_sqm":"2023.43","land_use_category":"OTHER","land_use_raw":"Gair Mumkin Plotted Commercial","status":"ARCHIVED","data_freshness_status":"UNKNOWN","scenario_index":"4535","use_case_description":"Cadastral area discrepancy requiring resurvey","mutation_workflow_status":"SLA_BREACHED","revenue_record_id":"ROR-HR-2025-1008-0018","revenue_record_type":"Jamabandi Nakal (Haryana Jamabandi)","khata_khewat_no":"KHT-58","khatauni_no":"KHN-158","owner_name":"Satish Chand Mittal","owner_name_local":"सतीश चंद मित्तल","co_owners":"","tenure_type":"Tribal Community Tenure","mutation_status":"NONE","active_mutation_id":"MUT-HR-00000018","tax_demand_status":"PAID","annual_tax_inr":"185.5","deed_number":"DEED-HR-2024-408-0018","deed_type":"Sale Deed / Conveyance","sro_office":"Sub-Registrar Office, Wazirabad Tehsil","execution_date":"2024-05-10","registered_owner":"Sunita Sharma / Aditi Verma","seller_name":"Previous Landholder","consideration_amount_inr":"3500000.0","stamp_duty_inr":"210000.0","survey_sketch_id":"FMB-HR-08-0018","cadastral_sheet_no":"SHT-HR-08","surveyed_area_sqm":"2023.43","survey_status":"RESURVEY_REQUIRED","urban_authority":"Wazirabad Tehsil Urban Development & Town Planning Authority","zone_name":"Commercial Core","permitted_land_use":"OTHER","building_permission_status":"NOT_APPLICABLE","violations_reported":"False","is_encumbered":"False","encumbrance_certificate_number":"EC-HR-2024-108-0018","encumbrance_type":"NIL","financial_institution":"","mortgage_amount":"0.0","created_at":"2026-01-15T09:00:00Z","updated_at":"2026-09-24T11:30:00Z"}},{"type":"Feature","geometry":{"type":"Polygon","coordinates":[[[76.24394041355467,29.71107567371772],[76.2992901659935,29.709482457035943],[76.31014867670021,29.755877111087077],[76.24851335505593,29.75901793473544],[76.24394041355467,29.71107567371772]]]},"properties":{"ulpin":"06226848168099","parcel_id":"3bd71bc1-573d-43dc-9411-9e86529775f1","state":"Haryana","state_code":"HR","state_type":"STATE","state_lgd_code":"6","district_lgd_code":"80","district_name":"Gurugram","subdistrict_lgd_code":"620","subdistrict_name":"Wazirabad Tehsil","subdistrict_type":"Tehsil / Taluk","village_lgd_code":"61402","village_name":"Badshahpur","khasra_plot_no":"Murabba 45, Killa 12/2/D19","recorded_area":"4.0","recorded_area_unit":"Kanal-Marla","normalized_area_sqm":"2023.43","gis_area_sqm":"2023.43","land_use_category":"RESIDENTIAL","land_use_raw":"Gair Mumkin Plotted Commercial","status":"ACTIVE","data_freshness_status":"CURRENT","scenario_index":"4536","use_case_description":"Bank mortgage and active encumbrance","mutation_workflow_status":"SUBMITTED","revenue_record_id":"ROR-HR-2025-1008-0019","revenue_record_type":"Jamabandi Nakal (Haryana Jamabandi)","khata_khewat_no":"KHT-58","khatauni_no":"KHN-158","owner_name":"Satish Chand Mittal","owner_name_local":"सतीश चंद मित्तल","co_owners":"","tenure_type":"Bhumiswami / Raiyati with Transferable Rights","mutation_status":"MUTATED","active_mutation_id":"","tax_demand_status":"PAID","annual_tax_inr":"185.5","deed_number":"DEED-HR-2024-408-0019","deed_type":"Sale Deed / Conveyance","sro_office":"Sub-Registrar Office, Wazirabad Tehsil","execution_date":"2024-05-10","registered_owner":"Sunita Sharma / Aditi Verma","seller_name":"Previous Landholder","consideration_amount_inr":"3500000.0","stamp_duty_inr":"210000.0","survey_sketch_id":"FMB-HR-08-0019","cadastral_sheet_no":"SHT-HR-08","surveyed_area_sqm":"2023.43","survey_status":"SURVEYED","urban_authority":"Wazirabad Tehsil Urban Development & Town Planning Authority","zone_name":"Commercial Core","permitted_land_use":"RESIDENTIAL","building_permission_status":"SANCTIONED","violations_reported":"True","is_encumbered":"True","encumbrance_certificate_number":"EC-HR-00000019-0019","encumbrance_type":"BANK_MORTGAGE","financial_institution":"","mortgage_amount":"0.0","created_at":"2026-01-15T09:00:00Z","updated_at":"2026-09-24T11:30:00Z"}},{"type":"Feature","geometry":{"type":"Polygon","coordinates":[[[75.72080298674734,28.275851281203416],[75.78900328056676,28.273739618783132],[75.78577124861172,28.318591898031944],[75.73910689842617,28.33181855588419],[75.72080298674734,28.275851281203416]]]},"properties":{"ulpin":"06360186041654","parcel_id":"e24daf5c-3f58-47eb-b5f5-9191780debbe","state":"Haryana","state_code":"HR","state_type":"STATE","state_lgd_code":"6","district_lgd_code":"80","district_name":"Gurugram","subdistrict_lgd_code":"620","subdistrict_name":"Wazirabad Tehsil","subdistrict_type":"Tehsil / Taluk","village_lgd_code":"61402","village_name":"Badshahpur","khasra_plot_no":"Murabba 45, Killa 12/2/D20","recorded_area":"4.0","recorded_area_unit":"Kanal-Marla","normalized_area_sqm":"2023.43","gis_area_sqm":"2023.43","land_use_category":"COMMERCIAL","land_use_raw":"Gair Mumkin Plotted Commercial","status":"PENDING_MUTATION","data_freshness_status":"STALE","scenario_index":"4537","use_case_description":"Government revenue lien and tax demand","mutation_workflow_status":"UNDER_VERIFICATION","revenue_record_id":"ROR-HR-2025-1008-0020","revenue_record_type":"Jamabandi Nakal (Haryana Jamabandi)","khata_khewat_no":"KHT-58","khatauni_no":"KHN-158","owner_name":"Satish Chand Mittal","owner_name_local":"सतीश चंद मित्तल","co_owners":"","tenure_type":"Bhumiswami / Freehold","mutation_status":"PENDING","active_mutation_id":"MUT-HR-00000020","tax_demand_status":"PAID","annual_tax_inr":"185.5","deed_number":"DEED-HR-2024-408-0020","deed_type":"Sale Deed / Conveyance","sro_office":"Sub-Registrar Office, Wazirabad Tehsil","execution_date":"2024-05-10","registered_owner":"Sunita Sharma / Aditi Verma","seller_name":"Previous Landholder","consideration_amount_inr":"3500000.0","stamp_duty_inr":"210000.0","survey_sketch_id":"FMB-HR-08-0020","cadastral_sheet_no":"SHT-HR-08","surveyed_area_sqm":"2023.43","survey_status":"PENDING","urban_authority":"Wazirabad Tehsil Urban Development & Town Planning Authority","zone_name":"Commercial Core","permitted_land_use":"COMMERCIAL","building_permission_status":"PENDING","violations_reported":"False","is_encumbered":"True","encumbrance_certificate_number":"EC-HR-00000020-0020","encumbrance_type":"GOVT_REVENUE_LIEN","financial_institution":"","mortgage_amount":"0.0","created_at":"2026-01-15T09:00:00Z","updated_at":"2026-09-24T11:30:00Z"}},{"type":"Feature","geometry":{"type":"Polygon","coordinates":[[[75.43226266536502,29.278174506151668],[75.47525374802395,29.281430096359465],[75.49057470405393,29.331073542390474],[75.42430290073209,29.331073542390474],[75.43226266536502,29.278174506151668]]]},"properties":{"ulpin":"06696480365570","parcel_id":"38d1ac00-7aff-412b-97cf-df32505f57ef","state":"Haryana","state_code":"HR","state_type":"STATE","state_lgd_code":"6","district_lgd_code":"80","district_name":"Gurugram","subdistrict_lgd_code":"620","subdistrict_name":"Wazirabad Tehsil","subdistrict_type":"Tehsil / Taluk","village_lgd_code":"61402","village_name":"Badshahpur","khasra_plot_no":"Murabba 45, Killa 12/2/D21","recorded_area":"4.0","recorded_area_unit":"Kanal-Marla","normalized_area_sqm":"2023.43","gis_area_sqm":"2023.43","land_use_category":"INDUSTRIAL","land_use_raw":"Gair Mumkin Plotted Commercial","status":"SUBDIVIDED","data_freshness_status":"UNKNOWN","scenario_index":"4538","use_case_description":"Court attachment and disputed possession","mutation_workflow_status":"NOTICE_PERIOD","revenue_record_id":"ROR-HR-2025-1008-0021","revenue_record_type":"Jamabandi Nakal (Haryana Jamabandi)","khata_khewat_no":"KHT-58","khatauni_no":"KHN-158","owner_name":"Satish Chand Mittal","owner_name_local":"सतीश चंद मित्तल","co_owners":"","tenure_type":"Leasehold","mutation_status":"UNMUTATED_TRANSACTION","active_mutation_id":"MUT-HR-00000021","tax_demand_status":"PAID","annual_tax_inr":"185.5","deed_number":"DEED-HR-2024-408-0021","deed_type":"Sale Deed / Conveyance","sro_office":"Sub-Registrar Office, Wazirabad Tehsil","execution_date":"2024-05-10","registered_owner":"Sunita Sharma / Aditi Verma","seller_name":"Previous Landholder","consideration_amount_inr":"3500000.0","stamp_duty_inr":"210000.0","survey_sketch_id":"FMB-HR-08-0021","cadastral_sheet_no":"SHT-HR-08","surveyed_area_sqm":"2023.43","survey_status":"DISPUTED","urban_authority":"Wazirabad Tehsil Urban Development & Town Planning Authority","zone_name":"Commercial Core","permitted_land_use":"INDUSTRIAL","building_permission_status":"REJECTED","violations_reported":"False","is_encumbered":"True","encumbrance_certificate_number":"EC-HR-00000021-0021","encumbrance_type":"COURT_ATTACHMENT","financial_institution":"","mortgage_amount":"0.0","created_at":"2026-01-15T09:00:00Z","updated_at":"2026-09-24T11:30:00Z"}},{"type":"Feature","geometry":{"type":"Polygon","coordinates":[[[75.02230156772049,28.212457388050584],[75.07370713518245,28.211649860688738],[75.07136703860895,28.27861095994106],[75.01941165635549,28.26770389525795],[75.02230156772049,28.212457388050584]]]},"properties":{"ulpin":"06459502254894","parcel_id":"ae47f826-772c-4445-bdde-efcf3b28c10c","state":"Haryana","state_code":"HR","state_type":"STATE","state_lgd_code":"6","district_lgd_code":"80","district_name":"Gurugram","subdistrict_lgd_code":"620","subdistrict_name":"Wazirabad Tehsil","subdistrict_type":"Tehsil / Taluk","village_lgd_code":"61402","village_name":"Badshahpur","khasra_plot_no":"Murabba 45, Killa 12/2/D22","recorded_area":"4.0","recorded_area_unit":"Kanal-Marla","normalized_area_sqm":"2023.43","gis_area_sqm":"2023.43","land_use_category":"AGRICULTURAL","land_use_raw":"Gair Mumkin Plotted Commercial","status":"AMALGAMATED","data_freshness_status":"CURRENT","scenario_index":"4539","use_case_description":"Tribal non-alienation protection review","mutation_workflow_status":"HEARING_SCHEDULED","revenue_record_id":"ROR-HR-2025-1008-0022","revenue_record_type":"Jamabandi Nakal (Haryana Jamabandi)","khata_khewat_no":"KHT-58","khatauni_no":"KHN-158","owner_name":"Satish Chand Mittal","owner_name_local":"सतीश चंद मित्तल","co_owners":"","tenure_type":"Government Grant","mutation_status":"REJECTED","active_mutation_id":"MUT-HR-00000022","tax_demand_status":"PAID","annual_tax_inr":"185.5","deed_number":"DEED-HR-2024-408-0022","deed_type":"Sale Deed / Conveyance","sro_office":"Sub-Registrar Office, Wazirabad Tehsil","execution_date":"2024-05-10","registered_owner":"Registry Variance Owner 22","seller_name":"Previous Landholder","consideration_amount_inr":"3500000.0","stamp_duty_inr":"210000.0","survey_sketch_id":"FMB-HR-08-0022","cadastral_sheet_no":"SHT-HR-08","surveyed_area_sqm":"2023.43","survey_status":"RESURVEY_REQUIRED","urban_authority":"Wazirabad Tehsil Urban Development & Town Planning Authority","zone_name":"Commercial Core","permitted_land_use":"AGRICULTURAL","building_permission_status":"NOT_APPLICABLE","violations_reported":"False","is_encumbered":"True","encumbrance_certificate_number":"EC-HR-00000022-0022","encumbrance_type":"TRIBAL_NON_ALIENATION","financial_institution":"","mortgage_amount":"0.0","created_at":"2026-01-15T09:00:00Z","updated_at":"2026-09-24T11:30:00Z"}},{"type":"Feature","geometry":{"type":"Polygon","coordinates":[[[75.05836417877964,29.043367841157718],[75.12078049033903,29.04387559615846],[75.1181670835009,29.117022668175355],[75.05490066213473,29.106084707099125],[75.05836417877964,29.043367841157718]]]},"properties":{"ulpin":"06438694402234","parcel_id":"f2c61ac9-cda6-44e7-9556-6df30f87ad68","state":"Haryana","state_code":"HR","state_type":"STATE","state_lgd_code":"6","district_lgd_code":"80","district_name":"Gurugram","subdistrict_lgd_code":"620","subdistrict_name":"Wazirabad Tehsil","subdistrict_type":"Tehsil / Taluk","village_lgd_code":"61402","village_name":"Badshahpur","khasra_plot_no":"Murabba 45, Killa 12/2/D23","recorded_area":"4.0","recorded_area_unit":"Kanal-Marla","normalized_area_sqm":"2023.43","gis_area_sqm":"2023.43","land_use_category":"INSTITUTIONAL","land_use_raw":"Gair Mumkin Plotted Commercial","status":"DISPUTED","data_freshness_status":"STALE","scenario_index":"4540","use_case_description":"Lease charge and institutional tenancy","mutation_workflow_status":"APPROVED","revenue_record_id":"ROR-HR-2025-1008-0023","revenue_record_type":"Jamabandi Nakal (Haryana Jamabandi)","khata_khewat_no":"KHT-58","khatauni_no":"KHN-158","owner_name":"Satish Chand Mittal","owner_name_local":"सतीश चंद मित्तल","co_owners":"","tenure_type":"Waqf / Religious Trust","mutation_status":"DISPUTED","active_mutation_id":"MUT-HR-00000023","tax_demand_status":"PAID","annual_tax_inr":"185.5","deed_number":"DEED-HR-2024-408-0023","deed_type":"Sale Deed / Conveyance","sro_office":"Sub-Registrar Office, Wazirabad Tehsil","execution_date":"2024-05-10","registered_owner":"Sunita Sharma / Aditi Verma","seller_name":"Previous Landholder","consideration_amount_inr":"3500000.0","stamp_duty_inr":"210000.0","survey_sketch_id":"FMB-HR-08-0023","cadastral_sheet_no":"SHT-HR-08","surveyed_area_sqm":"2023.43","survey_status":"SURVEYED","urban_authority":"Wazirabad Tehsil Urban Development & Town Planning Authority","zone_name":"Commercial Core","permitted_land_use":"INSTITUTIONAL","building_permission_status":"SANCTIONED","violations_reported":"False","is_encumbered":"True","encumbrance_certificate_number":"EC-HR-00000023-0023","encumbrance_type":"LEASE_CHARGE","financial_institution":"","mortgage_amount":"0.0","created_at":"2026-01-15T09:00:00Z","updated_at":"2026-09-24T11:30:00Z"}},{"type":"Feature","geometry":{"type":"Polygon","coordinates":[[[75.43051187787805,29.01261144980244],[75.48956168068324,29.015707881396594],[75.48907002958286,29.058239326384275],[75.42677713311546,29.0576119231942],[75.43051187787805,29.01261144980244]]]},"properties":{"ulpin":"06003738899424","parcel_id":"d79e8bac-9907-4c86-aaf4-4bd684b4f9a5","state":"Haryana","state_code":"HR","state_type":"STATE","state_lgd_code":"6","district_lgd_code":"80","district_name":"Gurugram","subdistrict_lgd_code":"620","subdistrict_name":"Wazirabad Tehsil","subdistrict_type":"Tehsil / Taluk","village_lgd_code":"61402","village_name":"Badshahpur","khasra_plot_no":"Murabba 45, Killa 12/2/D24","recorded_area":"4.0","recorded_area_unit":"Kanal-Marla","normalized_area_sqm":"2023.43","gis_area_sqm":"2023.43","land_use_category":"FOREST_GREEN_BELT","land_use_raw":"Gair Mumkin Plotted Commercial","status":"ARCHIVED","data_freshness_status":"UNKNOWN","scenario_index":"4541","use_case_description":"Tribal non-alienation protection review","mutation_workflow_status":"REJECTED","revenue_record_id":"ROR-HR-2025-1008-0024","revenue_record_type":"Jamabandi Nakal (Haryana Jamabandi)","khata_khewat_no":"KHT-58","khatauni_no":"KHN-158","owner_name":"Satish Chand Mittal","owner_name_local":"सतीश चंद मित्तल","co_owners":"","tenure_type":"Tribal Community Tenure","mutation_status":"NONE","active_mutation_id":"MUT-HR-00000024","tax_demand_status":"PAID","annual_tax_inr":"185.5","deed_number":"DEED-HR-2024-408-0024","deed_type":"Sale Deed / Conveyance","sro_office":"Sub-Registrar Office, Wazirabad Tehsil","execution_date":"2024-05-10","registered_owner":"Sunita Sharma / Aditi Verma","seller_name":"Previous Landholder","consideration_amount_inr":"3500000.0","stamp_duty_inr":"210000.0","survey_sketch_id":"FMB-HR-08-0024","cadastral_sheet_no":"SHT-HR-08","surveyed_area_sqm":"2023.43","survey_status":"PENDING","urban_authority":"Wazirabad Tehsil Urban Development & Town Planning Authority","zone_name":"Commercial Core","permitted_land_use":"FOREST_GREEN_BELT","building_permission_status":"PENDING","violations_reported":"False","is_encumbered":"False","encumbrance_certificate_number":"EC-HR-2024-108-0024","encumbrance_type":"NIL","financial_institution":"","mortgage_amount":"0.0","created_at":"2026-01-15T09:00:00Z","updated_at":"2026-09-24T11:30:00Z"}},{"type":"Feature","geometry":{"type":"Polygon","coordinates":[[[75.12310240265793,29.289619929108646],[75.17684363662126,29.299212690007913],[75.18057569977502,29.36107477791787],[75.1098362838804,29.36107477791787],[75.12310240265793,29.289619929108646]]]},"properties":{"ulpin":"06460796652640","parcel_id":"9c64d96a-3f1a-444e-9f1d-5de712f266f9","state":"Haryana","state_code":"HR","state_type":"STATE","state_lgd_code":"6","district_lgd_code":"80","district_name":"Gurugram","subdistrict_lgd_code":"620","subdistrict_name":"Wazirabad Tehsil","subdistrict_type":"Tehsil / Taluk","village_lgd_code":"61402","village_name":"Badshahpur","khasra_plot_no":"Murabba 45, Killa 12/2/D25","recorded_area":"4.0","recorded_area_unit":"Kanal-Marla","normalized_area_sqm":"2023.43","gis_area_sqm":"2023.43","land_use_category":"WATER_BODY","land_use_raw":"Gair Mumkin Plotted Commercial","status":"ACTIVE","data_freshness_status":"CURRENT","scenario_index":"4542","use_case_description":"Archived historical record for audit retrieval","mutation_workflow_status":"SLA_BREACHED","revenue_record_id":"ROR-HR-2025-1008-0025","revenue_record_type":"Jamabandi Nakal (Haryana Jamabandi)","khata_khewat_no":"KHT-58","khatauni_no":"KHN-158","owner_name":"Satish Chand Mittal","owner_name_local":"सतीश चंद मित्तल","co_owners":"","tenure_type":"Bhumiswami / Raiyati with Transferable Rights","mutation_status":"MUTATED","active_mutation_id":"","tax_demand_status":"PAID","annual_tax_inr":"185.5","deed_number":"DEED-HR-2024-408-0025","deed_type":"Sale Deed / Conveyance","sro_office":"Sub-Registrar Office, Wazirabad Tehsil","execution_date":"2024-05-10","registered_owner":"Sunita Sharma / Aditi Verma","seller_name":"Previous Landholder","consideration_amount_inr":"3500000.0","stamp_duty_inr":"210000.0","survey_sketch_id":"FMB-HR-08-0025","cadastral_sheet_no":"SHT-HR-08","surveyed_area_sqm":"2023.43","survey_status":"DISPUTED","urban_authority":"Wazirabad Tehsil Urban Development & Town Planning Authority","zone_name":"Commercial Core","permitted_land_use":"WATER_BODY","building_permission_status":"REJECTED","violations_reported":"False","is_encumbered":"True","encumbrance_certificate_number":"EC-HR-00000025-0025","encumbrance_type":"BANK_MORTGAGE","financial_institution":"","mortgage_amount":"0.0","created_at":"2026-01-15T09:00:00Z","updated_at":"2026-09-24T11:30:00Z"}},{"type":"Feature","geometry":{"type":"Polygon","coordinates":[[[74.99912365199191,29.60945948249304],[75.04419678371367,29.614160292511837],[75.04811982813872,29.653968965914594],[75.00351088406387,29.649435812800903],[74.99912365199191,29.60945948249304]]]},"properties":{"ulpin":"06017062045760","parcel_id":"7997794c-b125-4c1a-b3d0-78e013011830","state":"Haryana","state_code":"HR","state_type":"STATE","state_lgd_code":"6","district_lgd_code":"80","district_name":"Gurugram","subdistrict_lgd_code":"620","subdistrict_name":"Wazirabad Tehsil","subdistrict_type":"Tehsil / Taluk","village_lgd_code":"61402","village_name":"Badshahpur","khasra_plot_no":"Murabba 45, Killa 12/2/D26","recorded_area":"4.0","recorded_area_unit":"Kanal-Marla","normalized_area_sqm":"2023.43","gis_area_sqm":"2023.43","land_use_category":"MIXED_USE","land_use_raw":"Gair Mumkin Plotted Commercial","status":"PENDING_MUTATION","data_freshness_status":"STALE","scenario_index":"4543","use_case_description":"Bank mortgage and active encumbrance","mutation_workflow_status":"SUBMITTED","revenue_record_id":"ROR-HR-2025-1008-0026","revenue_record_type":"Jamabandi Nakal (Haryana Jamabandi)","khata_khewat_no":"KHT-58","khatauni_no":"KHN-158","owner_name":"Satish Chand Mittal","owner_name_local":"सतीश चंद मित्तल","co_owners":"","tenure_type":"Bhumiswami / Freehold","mutation_status":"PENDING","active_mutation_id":"MUT-HR-00000026","tax_demand_status":"PAID","annual_tax_inr":"185.5","deed_number":"DEED-HR-2024-408-0026","deed_type":"Sale Deed / Conveyance","sro_office":"Sub-Registrar Office, Wazirabad Tehsil","execution_date":"2024-05-10","registered_owner":"Sunita Sharma / Aditi Verma","seller_name":"Previous Landholder","consideration_amount_inr":"3500000.0","stamp_duty_inr":"210000.0","survey_sketch_id":"FMB-HR-08-0026","cadastral_sheet_no":"SHT-HR-08","surveyed_area_sqm":"2023.43","survey_status":"RESURVEY_REQUIRED","urban_authority":"Wazirabad Tehsil Urban Development & Town Planning Authority","zone_name":"Commercial Core","permitted_land_use":"MIXED_USE","building_permission_status":"NOT_APPLICABLE","violations_reported":"True","is_encumbered":"True","encumbrance_certificate_number":"EC-HR-00000026-0026","encumbrance_type":"GOVT_REVENUE_LIEN","financial_institution":"","mortgage_amount":"0.0","created_at":"2026-01-15T09:00:00Z","updated_at":"2026-09-24T11:30:00Z"}},{"type":"Feature","geometry":{"type":"Polygon","coordinates":[[[76.1859189383834,29.81425752155312],[76.25324997373424,29.814031641575973],[76.24430355103631,29.867665332829265],[76.19644209748415,29.867665332829265],[76.1859189383834,29.81425752155312]]]},"properties":{"ulpin":"06680188595047","parcel_id":"01611eb1-db41-4f01-a335-56cdda1ffb93","state":"Haryana","state_code":"HR","state_type":"STATE","state_lgd_code":"6","district_lgd_code":"80","district_name":"Gurugram","subdistrict_lgd_code":"620","subdistrict_name":"Wazirabad Tehsil","subdistrict_type":"Tehsil / Taluk","village_lgd_code":"61402","village_name":"Badshahpur","khasra_plot_no":"Murabba 45, Killa 12/2/D27","recorded_area":"4.0","recorded_area_unit":"Kanal-Marla","normalized_area_sqm":"2023.43","gis_area_sqm":"2023.43","land_use_category":"OTHER","land_use_raw":"Gair Mumkin Plotted Commercial","status":"SUBDIVIDED","data_freshness_status":"UNKNOWN","scenario_index":"4544","use_case_description":"Government revenue lien and tax demand","mutation_workflow_status":"UNDER_VERIFICATION","revenue_record_id":"ROR-HR-2025-1008-0027","revenue_record_type":"Jamabandi Nakal (Haryana Jamabandi)","khata_khewat_no":"KHT-58","khatauni_no":"KHN-158","owner_name":"Satish Chand Mittal","owner_name_local":"सतीश चंद मित्तल","co_owners":"","tenure_type":"Leasehold","mutation_status":"UNMUTATED_TRANSACTION","active_mutation_id":"MUT-HR-00000027","tax_demand_status":"PAID","annual_tax_inr":"185.5","deed_number":"DEED-HR-2024-408-0027","deed_type":"Sale Deed / Conveyance","sro_office":"Sub-Registrar Office, Wazirabad Tehsil","execution_date":"2024-05-10","registered_owner":"Registry Variance Owner 27","seller_name":"Previous Landholder","consideration_amount_inr":"3500000.0","stamp_duty_inr":"210000.0","survey_sketch_id":"FMB-HR-08-0027","cadastral_sheet_no":"SHT-HR-08","surveyed_area_sqm":"2023.43","survey_status":"SURVEYED","urban_authority":"Wazirabad Tehsil Urban Development & Town Planning Authority","zone_name":"Commercial Core","permitted_land_use":"OTHER","building_permission_status":"SANCTIONED","violations_reported":"False","is_encumbered":"True","encumbrance_certificate_number":"EC-HR-00000027-0027","encumbrance_type":"COURT_ATTACHMENT","financial_institution":"","mortgage_amount":"0.0","created_at":"2026-01-15T09:00:00Z","updated_at":"2026-09-24T11:30:00Z"}},{"type":"Feature","geometry":{"type":"Polygon","coordinates":[[[74.75894355835246,29.74474175071613],[74.80788329944596,29.736345671989483],[74.80253822226138,29.78962529022193],[74.75894355835246,29.778921505865625],[74.75894355835246,29.74474175071613]]]},"properties":{"ulpin":"06612275959369","parcel_id":"98a8de0d-f6bf-4122-ae86-448ec8ad8b19","state":"Haryana","state_code":"HR","state_type":"STATE","state_lgd_code":"6","district_lgd_code":"80","district_name":"Gurugram","subdistrict_lgd_code":"620","subdistrict_name":"Wazirabad Tehsil","subdistrict_type":"Tehsil / Taluk","village_lgd_code":"61402","village_name":"Badshahpur","khasra_plot_no":"Murabba 45, Killa 12/2/D28","recorded_area":"4.0","recorded_area_unit":"Kanal-Marla","normalized_area_sqm":"2023.43","gis_area_sqm":"2023.43","land_use_category":"RESIDENTIAL","land_use_raw":"Gair Mumkin Plotted Commercial","status":"AMALGAMATED","data_freshness_status":"CURRENT","scenario_index":"4545","use_case_description":"Court attachment and disputed possession","mutation_workflow_status":"NOTICE_PERIOD","revenue_record_id":"ROR-HR-2025-1008-0028","revenue_record_type":"Jamabandi Nakal (Haryana Jamabandi)","khata_khewat_no":"KHT-58","khatauni_no":"KHN-158","owner_name":"Satish Chand Mittal","owner_name_local":"सतीश चंद मित्तल","co_owners":"","tenure_type":"Government Grant","mutation_status":"REJECTED","active_mutation_id":"MUT-HR-00000028","tax_demand_status":"PAID","annual_tax_inr":"185.5","deed_number":"DEED-HR-2024-408-0028","deed_type":"Sale Deed / Conveyance","sro_office":"Sub-Registrar Office, Wazirabad Tehsil","execution_date":"2024-05-10","registered_owner":"Sunita Sharma / Aditi Verma","seller_name":"Previous Landholder","consideration_amount_inr":"3500000.0","stamp_duty_inr":"210000.0","survey_sketch_id":"FMB-HR-08-0028","cadastral_sheet_no":"SHT-HR-08","surveyed_area_sqm":"2023.43","survey_status":"PENDING","urban_authority":"Wazirabad Tehsil Urban Development & Town Planning Authority","zone_name":"Commercial Core","permitted_land_use":"RESIDENTIAL","building_permission_status":"PENDING","violations_reported":"False","is_encumbered":"True","encumbrance_certificate_number":"EC-HR-00000028-0028","encumbrance_type":"TRIBAL_NON_ALIENATION","financial_institution":"","mortgage_amount":"0.0","created_at":"2026-01-15T09:00:00Z","updated_at":"2026-09-24T11:30:00Z"}},{"type":"Feature","geometry":{"type":"Polygon","coordinates":[[[74.80802725183622,29.693095676035455],[74.86164818455013,29.698697763078307],[74.85241884462934,29.745204583133532],[74.80788329944596,29.736345671989483],[74.80802725183622,29.693095676035455]]]},"properties":{"ulpin":"06741499672084","parcel_id":"aee77a5e-829e-4dab-97b2-630ab5aae793","state":"Haryana","state_code":"HR","state_type":"STATE","state_lgd_code":"6","district_lgd_code":"80","district_name":"Gurugram","subdistrict_lgd_code":"620","subdistrict_name":"Wazirabad Tehsil","subdistrict_type":"Tehsil / Taluk","village_lgd_code":"61402","village_name":"Badshahpur","khasra_plot_no":"Murabba 45, Killa 12/2/D29","recorded_area":"4.0","recorded_area_unit":"Kanal-Marla","normalized_area_sqm":"2023.43","gis_area_sqm":"2023.43","land_use_category":"COMMERCIAL","land_use_raw":"Gair Mumkin Plotted Commercial","status":"DISPUTED","data_freshness_status":"STALE","scenario_index":"4546","use_case_description":"Tribal non-alienation protection review","mutation_workflow_status":"HEARING_SCHEDULED","revenue_record_id":"ROR-HR-2025-1008-0029","revenue_record_type":"Jamabandi Nakal (Haryana Jamabandi)","khata_khewat_no":"KHT-58","khatauni_no":"KHN-158","owner_name":"Satish Chand Mittal","owner_name_local":"सतीश चंद मित्तल","co_owners":"","tenure_type":"Waqf / Religious Trust","mutation_status":"DISPUTED","active_mutation_id":"MUT-HR-00000029","tax_demand_status":"PAID","annual_tax_inr":"185.5","deed_number":"DEED-HR-2024-408-0029","deed_type":"Sale Deed / Conveyance","sro_office":"Sub-Registrar Office, Wazirabad Tehsil","execution_date":"2024-05-10","registered_owner":"Sunita Sharma / Aditi Verma","seller_name":"Previous Landholder","consideration_amount_inr":"3500000.0","stamp_duty_inr":"210000.0","survey_sketch_id":"FMB-HR-08-0029","cadastral_sheet_no":"SHT-HR-08","surveyed_area_sqm":"2023.43","survey_status":"DISPUTED","urban_authority":"Wazirabad Tehsil Urban Development & Town Planning Authority","zone_name":"Commercial Core","permitted_land_use":"COMMERCIAL","building_permission_status":"REJECTED","violations_reported":"False","is_encumbered":"True","encumbrance_certificate_number":"EC-HR-00000029-0029","encumbrance_type":"LEASE_CHARGE","financial_institution":"","mortgage_amount":"0.0","created_at":"2026-01-15T09:00:00Z","updated_at":"2026-09-24T11:30:00Z"}},{"type":"Feature","geometry":{"type":"Polygon","coordinates":[[[76.45660340486579,28.07564528400296],[76.50120074414446,28.072536929612095],[76.51150528287738,28.1248766134779],[76.44842080211471,28.118418555578938],[76.45660340486579,28.07564528400296]]]},"properties":{"ulpin":"06954959665864","parcel_id":"a0284825-06ba-4c03-be88-c4e09a4ad672","state":"Haryana","state_code":"HR","state_type":"STATE","state_lgd_code":"6","district_lgd_code":"80","district_name":"Gurugram","subdistrict_lgd_code":"620","subdistrict_name":"Wazirabad Tehsil","subdistrict_type":"Tehsil / Taluk","village_lgd_code":"61402","village_name":"Badshahpur","khasra_plot_no":"Murabba 45, Killa 12/2/D30","recorded_area":"4.0","recorded_area_unit":"Kanal-Marla","normalized_area_sqm":"2023.43","gis_area_sqm":"2023.43","land_use_category":"INDUSTRIAL","land_use_raw":"Gair Mumkin Plotted Commercial","status":"ARCHIVED","data_freshness_status":"UNKNOWN","scenario_index":"4547","use_case_description":"Pending sale mutation within statutory SLA","mutation_workflow_status":"APPROVED","revenue_record_id":"ROR-HR-2025-1008-0030","revenue_record_type":"Jamabandi Nakal (Haryana Jamabandi)","khata_khewat_no":"KHT-58","khatauni_no":"KHN-158","owner_name":"Satish Chand Mittal","owner_name_local":"सतीश चंद मित्तल","co_owners":"","tenure_type":"Tribal Community Tenure","mutation_status":"NONE","active_mutation_id":"MUT-HR-00000030","tax_demand_status":"PAID","annual_tax_inr":"185.5","deed_number":"DEED-HR-2024-408-0030","deed_type":"Sale Deed / Conveyance","sro_office":"Sub-Registrar Office, Wazirabad Tehsil","execution_date":"2024-05-10","registered_owner":"Sunita Sharma / Aditi Verma","seller_name":"Previous Landholder","consideration_amount_inr":"3500000.0","stamp_duty_inr":"210000.0","survey_sketch_id":"FMB-HR-08-0030","cadastral_sheet_no":"SHT-HR-08","surveyed_area_sqm":"2023.43","survey_status":"RESURVEY_REQUIRED","urban_authority":"Wazirabad Tehsil Urban Development & Town Planning Authority","zone_name":"Commercial Core","permitted_land_use":"INDUSTRIAL","building_permission_status":"NOT_APPLICABLE","violations_reported":"False","is_encumbered":"False","encumbrance_certificate_number":"EC-HR-2024-108-0030","encumbrance_type":"NIL","financial_institution":"","mortgage_amount":"0.0","created_at":"2026-01-15T09:00:00Z","updated_at":"2026-09-24T11:30:00Z"}},{"type":"Feature","geometry":{"type":"Polygon","coordinates":[[[75.42867405497417,29.111881536133218],[75.48272316992694,29.116910328597932],[75.48389635334658,29.16819265987251],[75.42331641358464,29.16800699328052],[75.42867405497417,29.111881536133218]]]},"properties":{"ulpin":"06345034524286","parcel_id":"a36c0c8f-6fec-4584-b05e-93014ae63119","state":"Haryana","state_code":"HR","state_type":"STATE","state_lgd_code":"6","district_lgd_code":"80","district_name":"Gurugram","subdistrict_lgd_code":"620","subdistrict_name":"Wazirabad Tehsil","subdistrict_type":"Tehsil / Taluk","village_lgd_code":"61402","village_name":"Badshahpur","khasra_plot_no":"Murabba 45, Killa 12/2/D31","recorded_area":"4.0","recorded_area_unit":"Kanal-Marla","normalized_area_sqm":"2023.43","gis_area_sqm":"2023.43","land_use_category":"AGRICULTURAL","land_use_raw":"Gair Mumkin Plotted Commercial","status":"ACTIVE","data_freshness_status":"CURRENT","scenario_index":"4548","use_case_description":"Subdivision or amalgamation history review","mutation_workflow_status":"REJECTED","revenue_record_id":"ROR-HR-2025-1008-0031","revenue_record_type":"Jamabandi Nakal (Haryana Jamabandi)","khata_khewat_no":"KHT-58","khatauni_no":"KHN-158","owner_name":"Satish Chand Mittal","owner_name_local":"सतीश चंद मित्तल","co_owners":"","tenure_type":"Bhumiswami / Raiyati with Transferable Rights","mutation_status":"MUTATED","active_mutation_id":"","tax_demand_status":"PAID","annual_tax_inr":"185.5","deed_number":"DEED-HR-2024-408-0031","deed_type":"Sale Deed / Conveyance","sro_office":"Sub-Registrar Office, Wazirabad Tehsil","execution_date":"2024-05-10","registered_owner":"Sunita Sharma / Aditi Verma","seller_name":"Previous Landholder","consideration_amount_inr":"3500000.0","stamp_duty_inr":"210000.0","survey_sketch_id":"FMB-HR-08-0031","cadastral_sheet_no":"SHT-HR-08","surveyed_area_sqm":"2023.43","survey_status":"SURVEYED","urban_authority":"Wazirabad Tehsil Urban Development & Town Planning Authority","zone_name":"Commercial Core","permitted_land_use":"AGRICULTURAL","building_permission_status":"SANCTIONED","violations_reported":"False","is_encumbered":"True","encumbrance_certificate_number":"EC-HR-00000031-0031","encumbrance_type":"BANK_MORTGAGE","financial_institution":"","mortgage_amount":"0.0","created_at":"2026-01-15T09:00:00Z","updated_at":"2026-09-24T11:30:00Z"}},{"type":"Feature","geometry":{"type":"Polygon","coordinates":[[[75.37032027630985,29.122535936808845],[75.42867405497417,29.111881536133218],[75.42331641358464,29.16800699328052],[75.37032027630985,29.16751570809233],[75.37032027630985,29.122535936808845]]]},"properties":{"ulpin":"06184131527890","parcel_id":"7b575a29-289a-4688-b0f0-5a8d9c429ad2","state":"Haryana","state_code":"HR","state_type":"STATE","state_lgd_code":"6","district_lgd_code":"80","district_name":"Gurugram","subdistrict_lgd_code":"620","subdistrict_name":"Wazirabad Tehsil","subdistrict_type":"Tehsil / Taluk","village_lgd_code":"61402","village_name":"Badshahpur","khasra_plot_no":"Murabba 45, Killa 12/2/D32","recorded_area":"4.0","recorded_area_unit":"Kanal-Marla","normalized_area_sqm":"2023.43","gis_area_sqm":"2023.43","land_use_category":"INSTITUTIONAL","land_use_raw":"Gair Mumkin Plotted Commercial","status":"PENDING_MUTATION","data_freshness_status":"STALE","scenario_index":"4549","use_case_description":"Archived historical record for audit retrieval","mutation_workflow_status":"SLA_BREACHED","revenue_record_id":"ROR-HR-2025-1008-0032","revenue_record_type":"Jamabandi Nakal (Haryana Jamabandi)","khata_khewat_no":"KHT-58","khatauni_no":"KHN-158","owner_name":"Satish Chand Mittal","owner_name_local":"सतीश चंद मित्तल","co_owners":"","tenure_type":"Bhumiswami / Freehold","mutation_status":"PENDING","active_mutation_id":"MUT-HR-00000032","tax_demand_status":"PAID","annual_tax_inr":"185.5","deed_number":"DEED-HR-2024-408-0032","deed_type":"Sale Deed / Conveyance","sro_office":"Sub-Registrar Office, Wazirabad Tehsil","execution_date":"2024-05-10","registered_owner":"Registry Variance Owner 32","seller_name":"Previous Landholder","consideration_amount_inr":"3500000.0","stamp_duty_inr":"210000.0","survey_sketch_id":"FMB-HR-08-0032","cadastral_sheet_no":"SHT-HR-08","surveyed_area_sqm":"2023.43","survey_status":"PENDING","urban_authority":"Wazirabad Tehsil Urban Development & Town Planning Authority","zone_name":"Commercial Core","permitted_land_use":"INSTITUTIONAL","building_permission_status":"PENDING","violations_reported":"False","is_encumbered":"True","encumbrance_certificate_number":"EC-HR-00000032-0032","encumbrance_type":"GOVT_REVENUE_LIEN","financial_institution":"","mortgage_amount":"0.0","created_at":"2026-01-15T09:00:00Z","updated_at":"2026-09-24T11:30:00Z"}},{"type":"Feature","geometry":{"type":"Polygon","coordinates":[[[76.50120074414446,28.072536929612095],[76.55711619653664,28.083671113528148],[76.55711619653664,28.118790090581363],[76.51150528287738,28.1248766134779],[76.50120074414446,28.072536929612095]]]},"properties":{"ulpin":"06534288617851","parcel_id":"b32acc0c-454e-411d-b8ec-42764822fc47","state":"Haryana","state_code":"HR","state_type":"STATE","state_lgd_code":"6","district_lgd_code":"80","district_name":"Gurugram","subdistrict_lgd_code":"620","subdistrict_name":"Wazirabad Tehsil","subdistrict_type":"Tehsil / Taluk","village_lgd_code":"61402","village_name":"Badshahpur","khasra_plot_no":"Murabba 45, Killa 12/2/D33","recorded_area":"4.0","recorded_area_unit":"Kanal-Marla","normalized_area_sqm":"2023.43","gis_area_sqm":"2023.43","land_use_category":"FOREST_GREEN_BELT","land_use_raw":"Gair Mumkin Plotted Commercial","status":"SUBDIVIDED","data_freshness_status":"UNKNOWN","scenario_index":"4550","use_case_description":"Bank mortgage and active encumbrance","mutation_workflow_status":"SUBMITTED","revenue_record_id":"ROR-HR-2025-1008-0033","revenue_record_type":"Jamabandi Nakal (Haryana Jamabandi)","khata_khewat_no":"KHT-58","khatauni_no":"KHN-158","owner_name":"Satish Chand Mittal","owner_name_local":"सतीश चंद मित्तल","co_owners":"","tenure_type":"Leasehold","mutation_status":"UNMUTATED_TRANSACTION","active_mutation_id":"MUT-HR-00000033","tax_demand_status":"PAID","annual_tax_inr":"185.5","deed_number":"DEED-HR-2024-408-0033","deed_type":"Sale Deed / Conveyance","sro_office":"Sub-Registrar Office, Wazirabad Tehsil","execution_date":"2024-05-10","registered_owner":"Sunita Sharma / Aditi Verma","seller_name":"Previous Landholder","consideration_amount_inr":"3500000.0","stamp_duty_inr":"210000.0","survey_sketch_id":"FMB-HR-08-0033","cadastral_sheet_no":"SHT-HR-08","surveyed_area_sqm":"2023.43","survey_status":"DISPUTED","urban_authority":"Wazirabad Tehsil Urban Development & Town Planning Authority","zone_name":"Commercial Core","permitted_land_use":"FOREST_GREEN_BELT","building_permission_status":"REJECTED","violations_reported":"True","is_encumbered":"True","encumbrance_certificate_number":"EC-HR-00000033-0033","encumbrance_type":"COURT_ATTACHMENT","financial_institution":"","mortgage_amount":"0.0","created_at":"2026-01-15T09:00:00Z","updated_at":"2026-09-24T11:30:00Z"}},{"type":"Feature","geometry":{"type":"Polygon","coordinates":[[[74.81009333929151,29.650540715447615],[74.85292696457321,29.650184537188633],[74.86164818455013,29.698697763078307],[74.80802725183622,29.693095676035455],[74.81009333929151,29.650540715447615]]]},"properties":{"ulpin":"06886981811380","parcel_id":"eb58cc83-f6e6-484f-8634-9d90fb76634f","state":"Haryana","state_code":"HR","state_type":"STATE","state_lgd_code":"6","district_lgd_code":"80","district_name":"Gurugram","subdistrict_lgd_code":"620","subdistrict_name":"Wazirabad Tehsil","subdistrict_type":"Tehsil / Taluk","village_lgd_code":"61402","village_name":"Badshahpur","khasra_plot_no":"Murabba 45, Killa 12/2/D34","recorded_area":"4.0","recorded_area_unit":"Kanal-Marla","normalized_area_sqm":"2023.43","gis_area_sqm":"2023.43","land_use_category":"WATER_BODY","land_use_raw":"Gair Mumkin Plotted Commercial","status":"AMALGAMATED","data_freshness_status":"CURRENT","scenario_index":"4551","use_case_description":"Government revenue lien and tax demand","mutation_workflow_status":"UNDER_VERIFICATION","revenue_record_id":"ROR-HR-2025-1008-0034","revenue_record_type":"Jamabandi Nakal (Haryana Jamabandi)","khata_khewat_no":"KHT-58","khatauni_no":"KHN-158","owner_name":"Satish Chand Mittal","owner_name_local":"सतीश चंद मित्तल","co_owners":"","tenure_type":"Government Grant","mutation_status":"REJECTED","active_mutation_id":"MUT-HR-00000034","tax_demand_status":"PAID","annual_tax_inr":"185.5","deed_number":"DEED-HR-2024-408-0034","deed_type":"Sale Deed / Conveyance","sro_office":"Sub-Registrar Office, Wazirabad Tehsil","execution_date":"2024-05-10","registered_owner":"Sunita Sharma / Aditi Verma","seller_name":"Previous Landholder","consideration_amount_inr":"3500000.0","stamp_duty_inr":"210000.0","survey_sketch_id":"FMB-HR-08-0034","cadastral_sheet_no":"SHT-HR-08","surveyed_area_sqm":"2023.43","survey_status":"RESURVEY_REQUIRED","urban_authority":"Wazirabad Tehsil Urban Development & Town Planning Authority","zone_name":"Commercial Core","permitted_land_use":"WATER_BODY","building_permission_status":"NOT_APPLICABLE","violations_reported":"False","is_encumbered":"True","encumbrance_certificate_number":"EC-HR-00000034-0034","encumbrance_type":"TRIBAL_NON_ALIENATION","financial_institution":"","mortgage_amount":"0.0","created_at":"2026-01-15T09:00:00Z","updated_at":"2026-09-24T11:30:00Z"}},{"type":"Feature","geometry":{"type":"Polygon","coordinates":[[[74.91299616735783,29.602046800517428],[74.95442841717532,29.612499420822708],[74.95055149522503,29.654240355148588],[74.90868617107643,29.650267803012856],[74.91299616735783,29.602046800517428]]]},"properties":{"ulpin":"06039418869055","parcel_id":"a2627978-6aaa-485f-8079-6aafb0ae0412","state":"Haryana","state_code":"HR","state_type":"STATE","state_lgd_code":"6","district_lgd_code":"80","district_name":"Gurugram","subdistrict_lgd_code":"620","subdistrict_name":"Wazirabad Tehsil","subdistrict_type":"Tehsil / Taluk","village_lgd_code":"61402","village_name":"Badshahpur","khasra_plot_no":"Murabba 45, Killa 12/2/D35","recorded_area":"4.0","recorded_area_unit":"Kanal-Marla","normalized_area_sqm":"2023.43","gis_area_sqm":"2023.43","land_use_category":"MIXED_USE","land_use_raw":"Gair Mumkin Plotted Commercial","status":"DISPUTED","data_freshness_status":"STALE","scenario_index":"4552","use_case_description":"Court attachment and disputed possession","mutation_workflow_status":"NOTICE_PERIOD","revenue_record_id":"ROR-HR-2025-1008-0035","revenue_record_type":"Jamabandi Nakal (Haryana Jamabandi)","khata_khewat_no":"KHT-58","khatauni_no":"KHN-158","owner_name":"Satish Chand Mittal","owner_name_local":"सतीश चंद मित्तल","co_owners":"","tenure_type":"Waqf / Religious Trust","mutation_status":"DISPUTED","active_mutation_id":"MUT-HR-00000035","tax_demand_status":"PAID","annual_tax_inr":"185.5","deed_number":"DEED-HR-2024-408-0035","deed_type":"Sale Deed / Conveyance","sro_office":"Sub-Registrar Office, Wazirabad Tehsil","execution_date":"2024-05-10","registered_owner":"Sunita Sharma / Aditi Verma","seller_name":"Previous Landholder","consideration_amount_inr":"3500000.0","stamp_duty_inr":"210000.0","survey_sketch_id":"FMB-HR-08-0035","cadastral_sheet_no":"SHT-HR-08","surveyed_area_sqm":"2023.43","survey_status":"SURVEYED","urban_authority":"Wazirabad Tehsil Urban Development & Town Planning Authority","zone_name":"Commercial Core","permitted_land_use":"MIXED_USE","building_permission_status":"SANCTIONED","violations_reported":"False","is_encumbered":"True","encumbrance_certificate_number":"EC-HR-00000035-0035","encumbrance_type":"LEASE_CHARGE","financial_institution":"","mortgage_amount":"0.0","created_at":"2026-01-15T09:00:00Z","updated_at":"2026-09-24T11:30:00Z"}},{"type":"Feature","geometry":{"type":"Polygon","coordinates":[[[76.45179855272929,28.221211536556797],[76.51010235588883,28.22027492589933],[76.51191418172499,28.271319136408195],[76.45317045080218,28.270205908922502],[76.45179855272929,28.221211536556797]]]},"properties":{"ulpin":"06604650408803","parcel_id":"ea9559ee-ef28-4965-bd7f-8edb4018a4b0","state":"Haryana","state_code":"HR","state_type":"STATE","state_lgd_code":"6","district_lgd_code":"80","district_name":"Gurugram","subdistrict_lgd_code":"620","subdistrict_name":"Wazirabad Tehsil","subdistrict_type":"Tehsil / Taluk","village_lgd_code":"61402","village_name":"Badshahpur","khasra_plot_no":"Murabba 45, Killa 12/2/D36","recorded_area":"4.0","recorded_area_unit":"Kanal-Marla","normalized_area_sqm":"2023.43","gis_area_sqm":"2023.43","land_use_category":"OTHER","land_use_raw":"Gair Mumkin Plotted Commercial","status":"ARCHIVED","data_freshness_status":"UNKNOWN","scenario_index":"4553","use_case_description":"Bank mortgage and active encumbrance","mutation_workflow_status":"HEARING_SCHEDULED","revenue_record_id":"ROR-HR-2025-1008-0036","revenue_record_type":"Jamabandi Nakal (Haryana Jamabandi)","khata_khewat_no":"KHT-58","khatauni_no":"KHN-158","owner_name":"Satish Chand Mittal","owner_name_local":"सतीश चंद मित्तल","co_owners":"","tenure_type":"Tribal Community Tenure","mutation_status":"NONE","active_mutation_id":"MUT-HR-00000036","tax_demand_status":"PAID","annual_tax_inr":"185.5","deed_number":"DEED-HR-2024-408-0036","deed_type":"Sale Deed / Conveyance","sro_office":"Sub-Registrar Office, Wazirabad Tehsil","execution_date":"2024-05-10","registered_owner":"Sunita Sharma / Aditi Verma","seller_name":"Previous Landholder","consideration_amount_inr":"3500000.0","stamp_duty_inr":"210000.0","survey_sketch_id":"FMB-HR-08-0036","cadastral_sheet_no":"SHT-HR-08","surveyed_area_sqm":"2023.43","survey_status":"PENDING","urban_authority":"Wazirabad Tehsil Urban Development & Town Planning Authority","zone_name":"Commercial Core","permitted_land_use":"OTHER","building_permission_status":"PENDING","violations_reported":"False","is_encumbered":"False","encumbrance_certificate_number":"EC-HR-2024-108-0036","encumbrance_type":"NIL","financial_institution":"","mortgage_amount":"0.0","created_at":"2026-01-15T09:00:00Z","updated_at":"2026-09-24T11:30:00Z"}},{"type":"Feature","geometry":{"type":"Polygon","coordinates":[[[75.5382596329521,28.424872466405823],[75.60230997272434,28.433004203255514],[75.60232678870419,28.487176996740256],[75.5395538921469,28.484564351287798],[75.5382596329521,28.424872466405823]]]},"properties":{"ulpin":"06036737673070","parcel_id":"016d60ac-ea51-47b7-9b08-dfb69fdb1aad","state":"Haryana","state_code":"HR","state_type":"STATE","state_lgd_code":"6","district_lgd_code":"80","district_name":"Gurugram","subdistrict_lgd_code":"620","subdistrict_name":"Wazirabad Tehsil","subdistrict_type":"Tehsil / Taluk","village_lgd_code":"61402","village_name":"Badshahpur","khasra_plot_no":"Murabba 45, Killa 12/2/D37","recorded_area":"4.0","recorded_area_unit":"Kanal-Marla","normalized_area_sqm":"2023.43","gis_area_sqm":"2023.43","land_use_category":"RESIDENTIAL","land_use_raw":"Gair Mumkin Plotted Commercial","status":"ACTIVE","data_freshness_status":"CURRENT","scenario_index":"4554","use_case_description":"Lease charge and institutional tenancy","mutation_workflow_status":"APPROVED","revenue_record_id":"ROR-HR-2025-1008-0037","revenue_record_type":"Jamabandi Nakal (Haryana Jamabandi)","khata_khewat_no":"KHT-58","khatauni_no":"KHN-158","owner_name":"Satish Chand Mittal","owner_name_local":"सतीश चंद मित्तल","co_owners":"","tenure_type":"Bhumiswami / Raiyati with Transferable Rights","mutation_status":"MUTATED","active_mutation_id":"","tax_demand_status":"PAID","annual_tax_inr":"185.5","deed_number":"DEED-HR-2024-408-0037","deed_type":"Sale Deed / Conveyance","sro_office":"Sub-Registrar Office, Wazirabad Tehsil","execution_date":"2024-05-10","registered_owner":"Registry Variance Owner 37","seller_name":"Previous Landholder","consideration_amount_inr":"3500000.0","stamp_duty_inr":"210000.0","survey_sketch_id":"FMB-HR-08-0037","cadastral_sheet_no":"SHT-HR-08","surveyed_area_sqm":"2023.43","survey_status":"DISPUTED","urban_authority":"Wazirabad Tehsil Urban Development & Town Planning Authority","zone_name":"Commercial Core","permitted_land_use":"RESIDENTIAL","building_permission_status":"REJECTED","violations_reported":"False","is_encumbered":"True","encumbrance_certificate_number":"EC-HR-00000037-0037","encumbrance_type":"BANK_MORTGAGE","financial_institution":"","mortgage_amount":"0.0","created_at":"2026-01-15T09:00:00Z","updated_at":"2026-09-24T11:30:00Z"}},{"type":"Feature","geometry":{"type":"Polygon","coordinates":[[[76.24895130934802,29.54804334754147],[76.3022284109438,29.553973839597514],[76.31213656416256,29.604288259464997],[76.23989246280559,29.599810590324264],[76.24895130934802,29.54804334754147]]]},"properties":{"ulpin":"06239732634524","parcel_id":"60a2bd04-3b66-40d5-8d68-c44baf77e1d3","state":"Haryana","state_code":"HR","state_type":"STATE","state_lgd_code":"6","district_lgd_code":"80","district_name":"Gurugram","subdistrict_lgd_code":"620","subdistrict_name":"Wazirabad Tehsil","subdistrict_type":"Tehsil / Taluk","village_lgd_code":"61402","village_name":"Badshahpur","khasra_plot_no":"Murabba 45, Killa 12/2/D38","recorded_area":"4.0","recorded_area_unit":"Kanal-Marla","normalized_area_sqm":"2023.43","gis_area_sqm":"2023.43","land_use_category":"COMMERCIAL","land_use_raw":"Gair Mumkin Plotted Commercial","status":"PENDING_MUTATION","data_freshness_status":"STALE","scenario_index":"4555","use_case_description":"Subdivision or amalgamation history review","mutation_workflow_status":"REJECTED","revenue_record_id":"ROR-HR-2025-1008-0038","revenue_record_type":"Jamabandi Nakal (Haryana Jamabandi)","khata_khewat_no":"KHT-58","khatauni_no":"KHN-158","owner_name":"Satish Chand Mittal","owner_name_local":"सतीश चंद मित्तल","co_owners":"","tenure_type":"Bhumiswami / Freehold","mutation_status":"PENDING","active_mutation_id":"MUT-HR-00000038","tax_demand_status":"PAID","annual_tax_inr":"185.5","deed_number":"DEED-HR-2024-408-0038","deed_type":"Sale Deed / Conveyance","sro_office":"Sub-Registrar Office, Wazirabad Tehsil","execution_date":"2024-05-10","registered_owner":"Sunita Sharma / Aditi Verma","seller_name":"Previous Landholder","consideration_amount_inr":"3500000.0","stamp_duty_inr":"210000.0","survey_sketch_id":"FMB-HR-08-0038","cadastral_sheet_no":"SHT-HR-08","surveyed_area_sqm":"2023.43","survey_status":"RESURVEY_REQUIRED","urban_authority":"Wazirabad Tehsil Urban Development & Town Planning Authority","zone_name":"Commercial Core","permitted_land_use":"COMMERCIAL","building_permission_status":"NOT_APPLICABLE","violations_reported":"False","is_encumbered":"True","encumbrance_certificate_number":"EC-HR-00000038-0038","encumbrance_type":"GOVT_REVENUE_LIEN","financial_institution":"","mortgage_amount":"0.0","created_at":"2026-01-15T09:00:00Z","updated_at":"2026-09-24T11:30:00Z"}},{"type":"Feature","geometry":{"type":"Polygon","coordinates":[[[76.45301976099783,28.16365150050241],[76.4985648239936,28.175200666347788],[76.51010235588883,28.22027492589933],[76.45179855272929,28.221211536556797],[76.45301976099783,28.16365150050241]]]},"properties":{"ulpin":"06147753715241","parcel_id":"f2567b7c-ea05-4203-971f-7ea8a122eb35","state":"Haryana","state_code":"HR","state_type":"STATE","state_lgd_code":"6","district_lgd_code":"80","district_name":"Gurugram","subdistrict_lgd_code":"620","subdistrict_name":"Wazirabad Tehsil","subdistrict_type":"Tehsil / Taluk","village_lgd_code":"61402","village_name":"Badshahpur","khasra_plot_no":"Murabba 45, Killa 12/2/D39","recorded_area":"4.0","recorded_area_unit":"Kanal-Marla","normalized_area_sqm":"2023.43","gis_area_sqm":"2023.43","land_use_category":"INDUSTRIAL","land_use_raw":"Gair Mumkin Plotted Commercial","status":"SUBDIVIDED","data_freshness_status":"UNKNOWN","scenario_index":"4556","use_case_description":"Archived historical record for audit retrieval","mutation_workflow_status":"SLA_BREACHED","revenue_record_id":"ROR-HR-2025-1008-0039","revenue_record_type":"Jamabandi Nakal (Haryana Jamabandi)","khata_khewat_no":"KHT-58","khatauni_no":"KHN-158","owner_name":"Satish Chand Mittal","owner_name_local":"सतीश चंद मित्तल","co_owners":"","tenure_type":"Leasehold","mutation_status":"UNMUTATED_TRANSACTION","active_mutation_id":"MUT-HR-00000039","tax_demand_status":"PAID","annual_tax_inr":"185.5","deed_number":"DEED-HR-2024-408-0039","deed_type":"Sale Deed / Conveyance","sro_office":"Sub-Registrar Office, Wazirabad Tehsil","execution_date":"2024-05-10","registered_owner":"Sunita Sharma / Aditi Verma","seller_name":"Previous Landholder","consideration_amount_inr":"3500000.0","stamp_duty_inr":"210000.0","survey_sketch_id":"FMB-HR-08-0039","cadastral_sheet_no":"SHT-HR-08","surveyed_area_sqm":"2023.43","survey_status":"SURVEYED","urban_authority":"Wazirabad Tehsil Urban Development & Town Planning Authority","zone_name":"Commercial Core","permitted_land_use":"INDUSTRIAL","building_permission_status":"SANCTIONED","violations_reported":"False","is_encumbered":"True","encumbrance_certificate_number":"EC-HR-00000039-0039","encumbrance_type":"COURT_ATTACHMENT","financial_institution":"","mortgage_amount":"0.0","created_at":"2026-01-15T09:00:00Z","updated_at":"2026-09-24T11:30:00Z"}},{"type":"Feature","geometry":{"type":"Polygon","coordinates":[[[75.5425401526695,29.058527279241897],[75.60191327189635,29.06342547600628],[75.59054315048473,29.12204739296072],[75.5382749583577,29.11705283989845],[75.5425401526695,29.058527279241897]]]},"properties":{"ulpin":"06373511181098","parcel_id":"e11ce660-0411-4486-8b28-5316847aff7d","state":"Haryana","state_code":"HR","state_type":"STATE","state_lgd_code":"6","district_lgd_code":"80","district_name":"Gurugram","subdistrict_lgd_code":"620","subdistrict_name":"Wazirabad Tehsil","subdistrict_type":"Tehsil / Taluk","village_lgd_code":"61402","village_name":"Badshahpur","khasra_plot_no":"Murabba 45, Killa 12/2/D40","recorded_area":"4.0","recorded_area_unit":"Kanal-Marla","normalized_area_sqm":"2023.43","gis_area_sqm":"2023.43","land_use_category":"AGRICULTURAL","land_use_raw":"Gair Mumkin Plotted Commercial","status":"AMALGAMATED","data_freshness_status":"CURRENT","scenario_index":"4557","use_case_description":"Bank mortgage and active encumbrance","mutation_workflow_status":"SUBMITTED","revenue_record_id":"ROR-HR-2025-1008-0040","revenue_record_type":"Jamabandi Nakal (Haryana Jamabandi)","khata_khewat_no":"KHT-58","khatauni_no":"KHN-158","owner_name":"Satish Chand Mittal","owner_name_local":"सतीश चंद मित्तल","co_owners":"","tenure_type":"Government Grant","mutation_status":"REJECTED","active_mutation_id":"MUT-HR-00000040","tax_demand_status":"PAID","annual_tax_inr":"185.5","deed_number":"DEED-HR-2024-408-0040","deed_type":"Sale Deed / Conveyance","sro_office":"Sub-Registrar Office, Wazirabad Tehsil","execution_date":"2024-05-10","registered_owner":"Sunita Sharma / Aditi Verma","seller_name":"Previous Landholder","consideration_amount_inr":"3500000.0","stamp_duty_inr":"210000.0","survey_sketch_id":"FMB-HR-08-0040","cadastral_sheet_no":"SHT-HR-08","surveyed_area_sqm":"2023.43","survey_status":"PENDING","urban_authority":"Wazirabad Tehsil Urban Development & Town Planning Authority","zone_name":"Commercial Core","permitted_land_use":"AGRICULTURAL","building_permission_status":"PENDING","violations_reported":"True","is_encumbered":"True","encumbrance_certificate_number":"EC-HR-00000040-0040","encumbrance_type":"TRIBAL_NON_ALIENATION","financial_institution":"","mortgage_amount":"0.0","created_at":"2026-01-15T09:00:00Z","updated_at":"2026-09-24T11:30:00Z"}},{"type":"Feature","geometry":{"type":"Polygon","coordinates":[[[75.13818578956318,28.225329845671766],[75.2093306569612,28.21967304323171],[75.20361176741037,28.266278892221052],[75.14734890380178,28.270843822034454],[75.13818578956318,28.225329845671766]]]},"properties":{"ulpin":"06223797361733","parcel_id":"0de0fd00-c8b2-4b33-ac61-bc4876a8af7b","state":"Haryana","state_code":"HR","state_type":"STATE","state_lgd_code":"6","district_lgd_code":"80","district_name":"Gurugram","subdistrict_lgd_code":"620","subdistrict_name":"Wazirabad Tehsil","subdistrict_type":"Tehsil / Taluk","village_lgd_code":"61402","village_name":"Badshahpur","khasra_plot_no":"Murabba 45, Killa 12/2/D41","recorded_area":"4.0","recorded_area_unit":"Kanal-Marla","normalized_area_sqm":"2023.43","gis_area_sqm":"2023.43","land_use_category":"INSTITUTIONAL","land_use_raw":"Gair Mumkin Plotted Commercial","status":"DISPUTED","data_freshness_status":"STALE","scenario_index":"4558","use_case_description":"Government revenue lien and tax demand","mutation_workflow_status":"UNDER_VERIFICATION","revenue_record_id":"ROR-HR-2025-1008-0041","revenue_record_type":"Jamabandi Nakal (Haryana Jamabandi)","khata_khewat_no":"KHT-58","khatauni_no":"KHN-158","owner_name":"Satish Chand Mittal","owner_name_local":"सतीश चंद मित्तल","co_owners":"","tenure_type":"Waqf / Religious Trust","mutation_status":"DISPUTED","active_mutation_id":"MUT-HR-00000041","tax_demand_status":"PAID","annual_tax_inr":"185.5","deed_number":"DEED-HR-2024-408-0041","deed_type":"Sale Deed / Conveyance","sro_office":"Sub-Registrar Office, Wazirabad Tehsil","execution_date":"2024-05-10","registered_owner":"Sunita Sharma / Aditi Verma","seller_name":"Previous Landholder","consideration_amount_inr":"3500000.0","stamp_duty_inr":"210000.0","survey_sketch_id":"FMB-HR-08-0041","cadastral_sheet_no":"SHT-HR-08","surveyed_area_sqm":"2023.43","survey_status":"DISPUTED","urban_authority":"Wazirabad Tehsil Urban Development & Town Planning Authority","zone_name":"Commercial Core","permitted_land_use":"INSTITUTIONAL","building_permission_status":"REJECTED","violations_reported":"False","is_encumbered":"True","encumbrance_certificate_number":"EC-HR-00000041-0041","encumbrance_type":"LEASE_CHARGE","financial_institution":"","mortgage_amount":"0.0","created_at":"2026-01-15T09:00:00Z","updated_at":"2026-09-24T11:30:00Z"}},{"type":"Feature","geometry":{"type":"Polygon","coordinates":[[[76.2078919977618,28.029714677093068],[76.2554725495031,28.034257860374815],[76.2569086522786,28.073711106654958],[76.20629908697025,28.07116812606359],[76.2078919977618,28.029714677093068]]]},"properties":{"ulpin":"06920800728460","parcel_id":"ab2aaf03-23f8-4b80-9fc1-06d89911207a","state":"Haryana","state_code":"HR","state_type":"STATE","state_lgd_code":"6","district_lgd_code":"80","district_name":"Gurugram","subdistrict_lgd_code":"620","subdistrict_name":"Wazirabad Tehsil","subdistrict_type":"Tehsil / Taluk","village_lgd_code":"61402","village_name":"Badshahpur","khasra_plot_no":"Murabba 45, Killa 12/2/D42","recorded_area":"4.0","recorded_area_unit":"Kanal-Marla","normalized_area_sqm":"2023.43","gis_area_sqm":"2023.43","land_use_category":"FOREST_GREEN_BELT","land_use_raw":"Gair Mumkin Plotted Commercial","status":"ARCHIVED","data_freshness_status":"UNKNOWN","scenario_index":"4559","use_case_description":"Archived historical record for audit retrieval","mutation_workflow_status":"NOTICE_PERIOD","revenue_record_id":"ROR-HR-2025-1008-0042","revenue_record_type":"Jamabandi Nakal (Haryana Jamabandi)","khata_khewat_no":"KHT-58","khatauni_no":"KHN-158","owner_name":"Satish Chand Mittal","owner_name_local":"सतीश चंद मित्तल","co_owners":"","tenure_type":"Tribal Community Tenure","mutation_status":"NONE","active_mutation_id":"MUT-HR-00000042","tax_demand_status":"PAID","annual_tax_inr":"185.5","deed_number":"DEED-HR-2024-408-0042","deed_type":"Sale Deed / Conveyance","sro_office":"Sub-Registrar Office, Wazirabad Tehsil","execution_date":"2024-05-10","registered_owner":"Registry Variance Owner 42","seller_name":"Previous Landholder","consideration_amount_inr":"3500000.0","stamp_duty_inr":"210000.0","survey_sketch_id":"FMB-HR-08-0042","cadastral_sheet_no":"SHT-HR-08","surveyed_area_sqm":"2023.43","survey_status":"RESURVEY_REQUIRED","urban_authority":"Wazirabad Tehsil Urban Development & Town Planning Authority","zone_name":"Commercial Core","permitted_land_use":"FOREST_GREEN_BELT","building_permission_status":"NOT_APPLICABLE","violations_reported":"False","is_encumbered":"False","encumbrance_certificate_number":"EC-HR-2024-108-0042","encumbrance_type":"NIL","financial_institution":"","mortgage_amount":"0.0","created_at":"2026-01-15T09:00:00Z","updated_at":"2026-09-24T11:30:00Z"}},{"type":"Feature","geometry":{"type":"Polygon","coordinates":[[[75.26665693547093,28.275441203888832],[75.33602534833152,28.282831061126423],[75.33602534833152,28.327466313485164],[75.26273314409579,28.336967478020572],[75.26665693547093,28.275441203888832]]]},"properties":{"ulpin":"06065814803056","parcel_id":"a4ff076d-c596-4630-a2e3-9ccf9d9a85c7","state":"Haryana","state_code":"HR","state_type":"STATE","state_lgd_code":"6","district_lgd_code":"80","district_name":"Gurugram","subdistrict_lgd_code":"620","subdistrict_name":"Wazirabad Tehsil","subdistrict_type":"Tehsil / Taluk","village_lgd_code":"61402","village_name":"Badshahpur","khasra_plot_no":"Murabba 45, Killa 12/2/D43","recorded_area":"4.0","recorded_area_unit":"Kanal-Marla","normalized_area_sqm":"2023.43","gis_area_sqm":"2023.43","land_use_category":"WATER_BODY","land_use_raw":"Gair Mumkin Plotted Commercial","status":"ACTIVE","data_freshness_status":"CURRENT","scenario_index":"4560","use_case_description":"Tribal non-alienation protection review","mutation_workflow_status":"HEARING_SCHEDULED","revenue_record_id":"ROR-HR-2025-1008-0043","revenue_record_type":"Jamabandi Nakal (Haryana Jamabandi)","khata_khewat_no":"KHT-58","khatauni_no":"KHN-158","owner_name":"Satish Chand Mittal","owner_name_local":"सतीश चंद मित्तल","co_owners":"","tenure_type":"Bhumiswami / Raiyati with Transferable Rights","mutation_status":"MUTATED","active_mutation_id":"","tax_demand_status":"PAID","annual_tax_inr":"185.5","deed_number":"DEED-HR-2024-408-0043","deed_type":"Sale Deed / Conveyance","sro_office":"Sub-Registrar Office, Wazirabad Tehsil","execution_date":"2024-05-10","registered_owner":"Sunita Sharma / Aditi Verma","seller_name":"Previous Landholder","consideration_amount_inr":"3500000.0","stamp_duty_inr":"210000.0","survey_sketch_id":"FMB-HR-08-0043","cadastral_sheet_no":"SHT-HR-08","surveyed_area_sqm":"2023.43","survey_status":"SURVEYED","urban_authority":"Wazirabad Tehsil Urban Development & Town Planning Authority","zone_name":"Commercial Core","permitted_land_use":"WATER_BODY","building_permission_status":"SANCTIONED","violations_reported":"False","is_encumbered":"True","encumbrance_certificate_number":"EC-HR-00000043-0043","encumbrance_type":"BANK_MORTGAGE","financial_institution":"","mortgage_amount":"0.0","created_at":"2026-01-15T09:00:00Z","updated_at":"2026-09-24T11:30:00Z"}},{"type":"Feature","geometry":{"type":"Polygon","coordinates":[[[75.05300542624416,29.526900703416263],[75.10073095943721,29.518703634021442],[75.10073095943721,29.568449328703707],[75.04500043489294,29.564436225233198],[75.05300542624416,29.526900703416263]]]},"properties":{"ulpin":"06299606756237","parcel_id":"42c482e2-1e9d-40ce-bfdd-344ced6cdb58","state":"Haryana","state_code":"HR","state_type":"STATE","state_lgd_code":"6","district_lgd_code":"80","district_name":"Gurugram","subdistrict_lgd_code":"620","subdistrict_name":"Wazirabad Tehsil","subdistrict_type":"Tehsil / Taluk","village_lgd_code":"61402","village_name":"Badshahpur","khasra_plot_no":"Murabba 45, Killa 12/2/D44","recorded_area":"4.0","recorded_area_unit":"Kanal-Marla","normalized_area_sqm":"2023.43","gis_area_sqm":"2023.43","land_use_category":"MIXED_USE","land_use_raw":"Gair Mumkin Plotted Commercial","status":"PENDING_MUTATION","data_freshness_status":"STALE","scenario_index":"4561","use_case_description":"Lease charge and institutional tenancy","mutation_workflow_status":"APPROVED","revenue_record_id":"ROR-HR-2025-1008-0044","revenue_record_type":"Jamabandi Nakal (Haryana Jamabandi)","khata_khewat_no":"KHT-58","khatauni_no":"KHN-158","owner_name":"Satish Chand Mittal","owner_name_local":"सतीश चंद मित्तल","co_owners":"","tenure_type":"Bhumiswami / Freehold","mutation_status":"PENDING","active_mutation_id":"MUT-HR-00000044","tax_demand_status":"PAID","annual_tax_inr":"185.5","deed_number":"DEED-HR-2024-408-0044","deed_type":"Sale Deed / Conveyance","sro_office":"Sub-Registrar Office, Wazirabad Tehsil","execution_date":"2024-05-10","registered_owner":"Sunita Sharma / Aditi Verma","seller_name":"Previous Landholder","consideration_amount_inr":"3500000.0","stamp_duty_inr":"210000.0","survey_sketch_id":"FMB-HR-08-0044","cadastral_sheet_no":"SHT-HR-08","surveyed_area_sqm":"2023.43","survey_status":"PENDING","urban_authority":"Wazirabad Tehsil Urban Development & Town Planning Authority","zone_name":"Commercial Core","permitted_land_use":"MIXED_USE","building_permission_status":"PENDING","violations_reported":"False","is_encumbered":"True","encumbrance_certificate_number":"EC-HR-00000044-0044","encumbrance_type":"GOVT_REVENUE_LIEN","financial_institution":"","mortgage_amount":"0.0","created_at":"2026-01-15T09:00:00Z","updated_at":"2026-09-24T11:30:00Z"}},{"type":"Feature","geometry":{"type":"Polygon","coordinates":[[[75.20048976159943,28.500477975537237],[75.2768400241562,28.490040080914653],[75.26666662920243,28.55534405905451],[75.20839687727131,28.55358918762873],[75.20048976159943,28.500477975537237]]]},"properties":{"ulpin":"06353765581612","parcel_id":"b467adb7-bf42-4da6-a0cb-3fd562291d9b","state":"Haryana","state_code":"HR","state_type":"STATE","state_lgd_code":"6","district_lgd_code":"80","district_name":"Gurugram","subdistrict_lgd_code":"620","subdistrict_name":"Wazirabad Tehsil","subdistrict_type":"Tehsil / Taluk","village_lgd_code":"61402","village_name":"Badshahpur","khasra_plot_no":"Murabba 45, Killa 12/2/D45","recorded_area":"4.0","recorded_area_unit":"Kanal-Marla","normalized_area_sqm":"2023.43","gis_area_sqm":"2023.43","land_use_category":"OTHER","land_use_raw":"Gair Mumkin Plotted Commercial","status":"SUBDIVIDED","data_freshness_status":"UNKNOWN","scenario_index":"4562","use_case_description":"Subdivision or amalgamation history review","mutation_workflow_status":"REJECTED","revenue_record_id":"ROR-HR-2025-1008-0045","revenue_record_type":"Jamabandi Nakal (Haryana Jamabandi)","khata_khewat_no":"KHT-58","khatauni_no":"KHN-158","owner_name":"Satish Chand Mittal","owner_name_local":"सतीश चंद मित्तल","co_owners":"","tenure_type":"Leasehold","mutation_status":"UNMUTATED_TRANSACTION","active_mutation_id":"MUT-HR-00000045","tax_demand_status":"PAID","annual_tax_inr":"185.5","deed_number":"DEED-HR-2024-408-0045","deed_type":"Sale Deed / Conveyance","sro_office":"Sub-Registrar Office, Wazirabad Tehsil","execution_date":"2024-05-10","registered_owner":"Sunita Sharma / Aditi Verma","seller_name":"Previous Landholder","consideration_amount_inr":"3500000.0","stamp_duty_inr":"210000.0","survey_sketch_id":"FMB-HR-08-0045","cadastral_sheet_no":"SHT-HR-08","surveyed_area_sqm":"2023.43","survey_status":"DISPUTED","urban_authority":"Wazirabad Tehsil Urban Development & Town Planning Authority","zone_name":"Commercial Core","permitted_land_use":"OTHER","building_permission_status":"REJECTED","violations_reported":"False","is_encumbered":"True","encumbrance_certificate_number":"EC-HR-00000045-0045","encumbrance_type":"COURT_ATTACHMENT","financial_institution":"","mortgage_amount":"0.0","created_at":"2026-01-15T09:00:00Z","updated_at":"2026-09-24T11:30:00Z"}},{"type":"Feature","geometry":{"type":"Polygon","coordinates":[[[75.01673615500017,28.326505871938263],[75.07028522148943,28.323471365581028],[75.08775569992021,28.38297055801608],[75.00742502948061,28.387515374232827],[75.01673615500017,28.326505871938263]]]},"properties":{"ulpin":"06965575165340","parcel_id":"2a292664-6cc4-47a1-a4cb-3b0791c57f1e","state":"Haryana","state_code":"HR","state_type":"STATE","state_lgd_code":"6","district_lgd_code":"80","district_name":"Gurugram","subdistrict_lgd_code":"620","subdistrict_name":"Wazirabad Tehsil","subdistrict_type":"Tehsil / Taluk","village_lgd_code":"61402","village_name":"Badshahpur","khasra_plot_no":"Murabba 45, Killa 12/2/D46","recorded_area":"4.0","recorded_area_unit":"Kanal-Marla","normalized_area_sqm":"2023.43","gis_area_sqm":"2023.43","land_use_category":"RESIDENTIAL","land_use_raw":"Gair Mumkin Plotted Commercial","status":"AMALGAMATED","data_freshness_status":"CURRENT","scenario_index":"4563","use_case_description":"Archived historical record for audit retrieval","mutation_workflow_status":"SLA_BREACHED","revenue_record_id":"ROR-HR-2025-1008-0046","revenue_record_type":"Jamabandi Nakal (Haryana Jamabandi)","khata_khewat_no":"KHT-58","khatauni_no":"KHN-158","owner_name":"Satish Chand Mittal","owner_name_local":"सतीश चंद मित्तल","co_owners":"","tenure_type":"Government Grant","mutation_status":"REJECTED","active_mutation_id":"MUT-HR-00000046","tax_demand_status":"PAID","annual_tax_inr":"185.5","deed_number":"DEED-HR-2024-408-0046","deed_type":"Sale Deed / Conveyance","sro_office":"Sub-Registrar Office, Wazirabad Tehsil","execution_date":"2024-05-10","registered_owner":"Sunita Sharma / Aditi Verma","seller_name":"Previous Landholder","consideration_amount_inr":"3500000.0","stamp_duty_inr":"210000.0","survey_sketch_id":"FMB-HR-08-0046","cadastral_sheet_no":"SHT-HR-08","surveyed_area_sqm":"2023.43","survey_status":"RESURVEY_REQUIRED","urban_authority":"Wazirabad Tehsil Urban Development & Town Planning Authority","zone_name":"Commercial Core","permitted_land_use":"RESIDENTIAL","building_permission_status":"NOT_APPLICABLE","violations_reported":"False","is_encumbered":"True","encumbrance_certificate_number":"EC-HR-00000046-0046","encumbrance_type":"TRIBAL_NON_ALIENATION","financial_institution":"","mortgage_amount":"0.0","created_at":"2026-01-15T09:00:00Z","updated_at":"2026-09-24T11:30:00Z"}},{"type":"Feature","geometry":{"type":"Polygon","coordinates":[[[76.3584875358553,29.717427779186288],[76.41451901622004,29.704687784550536],[76.42041421116843,29.759470522133213],[76.36311004273746,29.757461197268388],[76.3584875358553,29.717427779186288]]]},"properties":{"ulpin":"06574877246857","parcel_id":"cbf426e8-8425-46b0-8ea4-5977c8415f27","state":"Haryana","state_code":"HR","state_type":"STATE","state_lgd_code":"6","district_lgd_code":"80","district_name":"Gurugram","subdistrict_lgd_code":"620","subdistrict_name":"Wazirabad Tehsil","subdistrict_type":"Tehsil / Taluk","village_lgd_code":"61402","village_name":"Badshahpur","khasra_plot_no":"Murabba 45, Killa 12/2/D47","recorded_area":"4.0","recorded_area_unit":"Kanal-Marla","normalized_area_sqm":"2023.43","gis_area_sqm":"2023.43","land_use_category":"COMMERCIAL","land_use_raw":"Gair Mumkin Plotted Commercial","status":"DISPUTED","data_freshness_status":"STALE","scenario_index":"4564","use_case_description":"Bank mortgage and active encumbrance","mutation_workflow_status":"SUBMITTED","revenue_record_id":"ROR-HR-2025-1008-0047","revenue_record_type":"Jamabandi Nakal (Haryana Jamabandi)","khata_khewat_no":"KHT-58","khatauni_no":"KHN-158","owner_name":"Satish Chand Mittal","owner_name_local":"सतीश चंद मित्तल","co_owners":"","tenure_type":"Waqf / Religious Trust","mutation_status":"DISPUTED","active_mutation_id":"MUT-HR-00000047","tax_demand_status":"PAID","annual_tax_inr":"185.5","deed_number":"DEED-HR-2024-408-0047","deed_type":"Sale Deed / Conveyance","sro_office":"Sub-Registrar Office, Wazirabad Tehsil","execution_date":"2024-05-10","registered_owner":"Registry Variance Owner 47","seller_name":"Previous Landholder","consideration_amount_inr":"3500000.0","stamp_duty_inr":"210000.0","survey_sketch_id":"FMB-HR-08-0047","cadastral_sheet_no":"SHT-HR-08","surveyed_area_sqm":"2023.43","survey_status":"SURVEYED","urban_authority":"Wazirabad Tehsil Urban Development & Town Planning Authority","zone_name":"Commercial Core","permitted_land_use":"COMMERCIAL","building_permission_status":"SANCTIONED","violations_reported":"True","is_encumbered":"True","encumbrance_certificate_number":"EC-HR-00000047-0047","encumbrance_type":"LEASE_CHARGE","financial_institution":"","mortgage_amount":"0.0","created_at":"2026-01-15T09:00:00Z","updated_at":"2026-09-24T11:30:00Z"}},{"type":"Feature","geometry":{"type":"Polygon","coordinates":[[[75.60613501341317,28.101662633334275],[75.66612487922818,28.114378585545662],[75.67124460671657,28.154451757765496],[75.59361528452105,28.163728072953973],[75.60613501341317,28.101662633334275]]]},"properties":{"ulpin":"06665354036254","parcel_id":"03870c31-e01d-4085-ab4d-15fc65206ffa","state":"Haryana","state_code":"HR","state_type":"STATE","state_lgd_code":"6","district_lgd_code":"80","district_name":"Gurugram","subdistrict_lgd_code":"620","subdistrict_name":"Wazirabad Tehsil","subdistrict_type":"Tehsil / Taluk","village_lgd_code":"61402","village_name":"Badshahpur","khasra_plot_no":"Murabba 45, Killa 12/2/D48","recorded_area":"4.0","recorded_area_unit":"Kanal-Marla","normalized_area_sqm":"2023.43","gis_area_sqm":"2023.43","land_use_category":"INDUSTRIAL","land_use_raw":"Gair Mumkin Plotted Commercial","status":"ARCHIVED","data_freshness_status":"UNKNOWN","scenario_index":"4565","use_case_description":"Cadastral area discrepancy requiring resurvey","mutation_workflow_status":"UNDER_VERIFICATION","revenue_record_id":"ROR-HR-2025-1008-0048","revenue_record_type":"Jamabandi Nakal (Haryana Jamabandi)","khata_khewat_no":"KHT-58","khatauni_no":"KHN-158","owner_name":"Satish Chand Mittal","owner_name_local":"सतीश चंद मित्तल","co_owners":"","tenure_type":"Tribal Community Tenure","mutation_status":"NONE","active_mutation_id":"MUT-HR-00000048","tax_demand_status":"PAID","annual_tax_inr":"185.5","deed_number":"DEED-HR-2024-408-0048","deed_type":"Sale Deed / Conveyance","sro_office":"Sub-Registrar Office, Wazirabad Tehsil","execution_date":"2024-05-10","registered_owner":"Sunita Sharma / Aditi Verma","seller_name":"Previous Landholder","consideration_amount_inr":"3500000.0","stamp_duty_inr":"210000.0","survey_sketch_id":"FMB-HR-08-0048","cadastral_sheet_no":"SHT-HR-08","surveyed_area_sqm":"2023.43","survey_status":"PENDING","urban_authority":"Wazirabad Tehsil Urban Development & Town Planning Authority","zone_name":"Commercial Core","permitted_land_use":"INDUSTRIAL","building_permission_status":"PENDING","violations_reported":"False","is_encumbered":"False","encumbrance_certificate_number":"EC-HR-2024-108-0048","encumbrance_type":"NIL","financial_institution":"","mortgage_amount":"0.0","created_at":"2026-01-15T09:00:00Z","updated_at":"2026-09-24T11:30:00Z"}},{"type":"Feature","geometry":{"type":"Polygon","coordinates":[[[76.51150528287738,28.1248766134779],[76.55711619653664,28.118790090581363],[76.55711619653664,28.166981222712867],[76.4985648239936,28.175200666347788],[76.51150528287738,28.1248766134779]]]},"properties":{"ulpin":"06446043782722","parcel_id":"30a0c771-0525-4dbb-a255-2e103689dc15","state":"Haryana","state_code":"HR","state_type":"STATE","state_lgd_code":"6","district_lgd_code":"80","district_name":"Gurugram","subdistrict_lgd_code":"620","subdistrict_name":"Wazirabad Tehsil","subdistrict_type":"Tehsil / Taluk","village_lgd_code":"61402","village_name":"Badshahpur","khasra_plot_no":"Murabba 45, Killa 12/2/D49","recorded_area":"4.0","recorded_area_unit":"Kanal-Marla","normalized_area_sqm":"2023.43","gis_area_sqm":"2023.43","land_use_category":"AGRICULTURAL","land_use_raw":"Gair Mumkin Plotted Commercial","status":"ACTIVE","data_freshness_status":"CURRENT","scenario_index":"4566","use_case_description":"Court attachment and disputed possession","mutation_workflow_status":"NOTICE_PERIOD","revenue_record_id":"ROR-HR-2025-1008-0049","revenue_record_type":"Jamabandi Nakal (Haryana Jamabandi)","khata_khewat_no":"KHT-58","khatauni_no":"KHN-158","owner_name":"Satish Chand Mittal","owner_name_local":"सतीश चंद मित्तल","co_owners":"","tenure_type":"Bhumiswami / Raiyati with Transferable Rights","mutation_status":"MUTATED","active_mutation_id":"","tax_demand_status":"PAID","annual_tax_inr":"185.5","deed_number":"DEED-HR-2024-408-0049","deed_type":"Sale Deed / Conveyance","sro_office":"Sub-Registrar Office, Wazirabad Tehsil","execution_date":"2024-05-10","registered_owner":"Sunita Sharma / Aditi Verma","seller_name":"Previous Landholder","consideration_amount_inr":"3500000.0","stamp_duty_inr":"210000.0","survey_sketch_id":"FMB-HR-08-0049","cadastral_sheet_no":"SHT-HR-08","surveyed_area_sqm":"2023.43","survey_status":"DISPUTED","urban_authority":"Wazirabad Tehsil Urban Development & Town Planning Authority","zone_name":"Commercial Core","permitted_land_use":"AGRICULTURAL","building_permission_status":"REJECTED","violations_reported":"False","is_encumbered":"True","encumbrance_certificate_number":"EC-HR-00000049-0049","encumbrance_type":"BANK_MORTGAGE","financial_institution":"","mortgage_amount":"0.0","created_at":"2026-01-15T09:00:00Z","updated_at":"2026-09-24T11:30:00Z"}},{"type":"Feature","geometry":{"type":"Polygon","coordinates":[[[75.47660863489487,28.105707175260296],[75.53707105098022,28.112178204315942],[75.53679557789447,28.154692806365293],[75.47660863489487,28.167192992837364],[75.47660863489487,28.105707175260296]]]},"properties":{"ulpin":"06039160691318","parcel_id":"504cfae4-69f9-471b-a637-d8b066ce8b07","state":"Haryana","state_code":"HR","state_type":"STATE","state_lgd_code":"6","district_lgd_code":"80","district_name":"Gurugram","subdistrict_lgd_code":"620","subdistrict_name":"Wazirabad Tehsil","subdistrict_type":"Tehsil / Taluk","village_lgd_code":"61402","village_name":"Badshahpur","khasra_plot_no":"Murabba 45, Killa 12/2/D50","recorded_area":"4.0","recorded_area_unit":"Kanal-Marla","normalized_area_sqm":"2023.43","gis_area_sqm":"2023.43","land_use_category":"INSTITUTIONAL","land_use_raw":"Gair Mumkin Plotted Commercial","status":"PENDING_MUTATION","data_freshness_status":"STALE","scenario_index":"4567","use_case_description":"Tribal non-alienation protection review","mutation_workflow_status":"HEARING_SCHEDULED","revenue_record_id":"ROR-HR-2025-1008-0050","revenue_record_type":"Jamabandi Nakal (Haryana Jamabandi)","khata_khewat_no":"KHT-58","khatauni_no":"KHN-158","owner_name":"Satish Chand Mittal","owner_name_local":"सतीश चंद मित्तल","co_owners":"","tenure_type":"Bhumiswami / Freehold","mutation_status":"PENDING","active_mutation_id":"MUT-HR-00000050","tax_demand_status":"PAID","annual_tax_inr":"185.5","deed_number":"DEED-HR-2024-408-0050","deed_type":"Sale Deed / Conveyance","sro_office":"Sub-Registrar Office, Wazirabad Tehsil","execution_date":"2024-05-10","registered_owner":"Sunita Sharma / Aditi Verma","seller_name":"Previous Landholder","consideration_amount_inr":"3500000.0","stamp_duty_inr":"210000.0","survey_sketch_id":"FMB-HR-08-0050","cadastral_sheet_no":"SHT-HR-08","surveyed_area_sqm":"2023.43","survey_status":"RESURVEY_REQUIRED","urban_authority":"Wazirabad Tehsil Urban Development & Town Planning Authority","zone_name":"Commercial Core","permitted_land_use":"INSTITUTIONAL","building_permission_status":"NOT_APPLICABLE","violations_reported":"False","is_encumbered":"True","encumbrance_certificate_number":"EC-HR-00000050-0050","encumbrance_type":"GOVT_REVENUE_LIEN","financial_institution":"","mortgage_amount":"0.0","created_at":"2026-01-15T09:00:00Z","updated_at":"2026-09-24T11:30:00Z"}},{"type":"Feature","geometry":{"type":"Polygon","coordinates":[[[75.07440068912639,28.438554480956363],[75.13581557540316,28.447054065471168],[75.13815532189979,28.49716142715593],[75.07887990473814,28.490408824369055],[75.07440068912639,28.438554480956363]]]},"properties":{"ulpin":"06029918192472","parcel_id":"35c8b7d2-ad53-478b-a6d9-8fcfe3998606","state":"Haryana","state_code":"HR","state_type":"STATE","state_lgd_code":"6","district_lgd_code":"80","district_name":"Gurugram","subdistrict_lgd_code":"620","subdistrict_name":"Wazirabad Tehsil","subdistrict_type":"Tehsil / Taluk","village_lgd_code":"61402","village_name":"Badshahpur","khasra_plot_no":"Murabba 45, Killa 12/2/D51","recorded_area":"4.0","recorded_area_unit":"Kanal-Marla","normalized_area_sqm":"2023.43","gis_area_sqm":"2023.43","land_use_category":"FOREST_GREEN_BELT","land_use_raw":"Gair Mumkin Plotted Commercial","status":"SUBDIVIDED","data_freshness_status":"UNKNOWN","scenario_index":"4568","use_case_description":"Lease charge and institutional tenancy","mutation_workflow_status":"APPROVED","revenue_record_id":"ROR-HR-2025-1008-0051","revenue_record_type":"Jamabandi Nakal (Haryana Jamabandi)","khata_khewat_no":"KHT-58","khatauni_no":"KHN-158","owner_name":"Satish Chand Mittal","owner_name_local":"सतीश चंद मित्तल","co_owners":"","tenure_type":"Leasehold","mutation_status":"UNMUTATED_TRANSACTION","active_mutation_id":"MUT-HR-00000051","tax_demand_status":"PAID","annual_tax_inr":"185.5","deed_number":"DEED-HR-2024-408-0051","deed_type":"Sale Deed / Conveyance","sro_office":"Sub-Registrar Office, Wazirabad Tehsil","execution_date":"2024-05-10","registered_owner":"Sunita Sharma / Aditi Verma","seller_name":"Previous Landholder","consideration_amount_inr":"3500000.0","stamp_duty_inr":"210000.0","survey_sketch_id":"FMB-HR-08-0051","cadastral_sheet_no":"SHT-HR-08","surveyed_area_sqm":"2023.43","survey_status":"SURVEYED","urban_authority":"Wazirabad Tehsil Urban Development & Town Planning Authority","zone_name":"Commercial Core","permitted_land_use":"FOREST_GREEN_BELT","building_permission_status":"SANCTIONED","violations_reported":"False","is_encumbered":"True","encumbrance_certificate_number":"EC-HR-00000051-0051","encumbrance_type":"COURT_ATTACHMENT","financial_institution":"","mortgage_amount":"0.0","created_at":"2026-01-15T09:00:00Z","updated_at":"2026-09-24T11:30:00Z"}},{"type":"Feature","geometry":{"type":"Polygon","coordinates":[[[76.36208915612285,28.080608499009106],[76.40837569567624,28.079421956670277],[76.40933894852843,28.118125077104462],[76.35242586028572,28.12231486675877],[76.36208915612285,28.080608499009106]]]},"properties":{"ulpin":"06733751340622","parcel_id":"6eb08aec-a085-4175-88df-f79b0173f1b5","state":"Haryana","state_code":"HR","state_type":"STATE","state_lgd_code":"6","district_lgd_code":"80","district_name":"Gurugram","subdistrict_lgd_code":"620","subdistrict_name":"Wazirabad Tehsil","subdistrict_type":"Tehsil / Taluk","village_lgd_code":"61402","village_name":"Badshahpur","khasra_plot_no":"Murabba 45, Killa 12/2/D52","recorded_area":"4.0","recorded_area_unit":"Kanal-Marla","normalized_area_sqm":"2023.43","gis_area_sqm":"2023.43","land_use_category":"WATER_BODY","land_use_raw":"Gair Mumkin Plotted Commercial","status":"AMALGAMATED","data_freshness_status":"CURRENT","scenario_index":"4569","use_case_description":"Subdivision or amalgamation history review","mutation_workflow_status":"REJECTED","revenue_record_id":"ROR-HR-2025-1008-0052","revenue_record_type":"Jamabandi Nakal (Haryana Jamabandi)","khata_khewat_no":"KHT-58","khatauni_no":"KHN-158","owner_name":"Satish Chand Mittal","owner_name_local":"सतीश चंद मित्तल","co_owners":"","tenure_type":"Government Grant","mutation_status":"REJECTED","active_mutation_id":"MUT-HR-00000052","tax_demand_status":"PAID","annual_tax_inr":"185.5","deed_number":"DEED-HR-2024-408-0052","deed_type":"Sale Deed / Conveyance","sro_office":"Sub-Registrar Office, Wazirabad Tehsil","execution_date":"2024-05-10","registered_owner":"Registry Variance Owner 52","seller_name":"Previous Landholder","consideration_amount_inr":"3500000.0","stamp_duty_inr":"210000.0","survey_sketch_id":"FMB-HR-08-0052","cadastral_sheet_no":"SHT-HR-08","surveyed_area_sqm":"2023.43","survey_status":"PENDING","urban_authority":"Wazirabad Tehsil Urban Development & Town Planning Authority","zone_name":"Commercial Core","permitted_land_use":"WATER_BODY","building_permission_status":"PENDING","violations_reported":"False","is_encumbered":"True","encumbrance_certificate_number":"EC-HR-00000052-0052","encumbrance_type":"TRIBAL_NON_ALIENATION","financial_institution":"","mortgage_amount":"0.0","created_at":"2026-01-15T09:00:00Z","updated_at":"2026-09-24T11:30:00Z"}},{"type":"Feature","geometry":{"type":"Polygon","coordinates":[[[75.42331641358464,29.16800699328052],[75.48389635334658,29.16819265987251],[75.47460143032603,29.218660493494294],[75.42697503301345,29.219364814818217],[75.42331641358464,29.16800699328052]]]},"properties":{"ulpin":"06405643574881","parcel_id":"ce0aeeb6-822d-46c3-8a63-33373ab04775","state":"Haryana","state_code":"HR","state_type":"STATE","state_lgd_code":"6","district_lgd_code":"80","district_name":"Gurugram","subdistrict_lgd_code":"620","subdistrict_name":"Wazirabad Tehsil","subdistrict_type":"Tehsil / Taluk","village_lgd_code":"61402","village_name":"Badshahpur","khasra_plot_no":"Murabba 45, Killa 12/2/D53","recorded_area":"4.0","recorded_area_unit":"Kanal-Marla","normalized_area_sqm":"2023.43","gis_area_sqm":"2023.43","land_use_category":"MIXED_USE","land_use_raw":"Gair Mumkin Plotted Commercial","status":"DISPUTED","data_freshness_status":"STALE","scenario_index":"4570","use_case_description":"Archived historical record for audit retrieval","mutation_workflow_status":"SLA_BREACHED","revenue_record_id":"ROR-HR-2025-1008-0053","revenue_record_type":"Jamabandi Nakal (Haryana Jamabandi)","khata_khewat_no":"KHT-58","khatauni_no":"KHN-158","owner_name":"Satish Chand Mittal","owner_name_local":"सतीश चंद मित्तल","co_owners":"","tenure_type":"Waqf / Religious Trust","mutation_status":"DISPUTED","active_mutation_id":"MUT-HR-00000053","tax_demand_status":"PAID","annual_tax_inr":"185.5","deed_number":"DEED-HR-2024-408-0053","deed_type":"Sale Deed / Conveyance","sro_office":"Sub-Registrar Office, Wazirabad Tehsil","execution_date":"2024-05-10","registered_owner":"Sunita Sharma / Aditi Verma","seller_name":"Previous Landholder","consideration_amount_inr":"3500000.0","stamp_duty_inr":"210000.0","survey_sketch_id":"FMB-HR-08-0053","cadastral_sheet_no":"SHT-HR-08","surveyed_area_sqm":"2023.43","survey_status":"DISPUTED","urban_authority":"Wazirabad Tehsil Urban Development & Town Planning Authority","zone_name":"Commercial Core","permitted_land_use":"MIXED_USE","building_permission_status":"REJECTED","violations_reported":"False","is_encumbered":"True","encumbrance_certificate_number":"EC-HR-00000053-0053","encumbrance_type":"LEASE_CHARGE","financial_institution":"","mortgage_amount":"0.0","created_at":"2026-01-15T09:00:00Z","updated_at":"2026-09-24T11:30:00Z"}},{"type":"Feature","geometry":{"type":"Polygon","coordinates":[[[74.95667262126621,29.73276851451977],[74.99775216185397,29.74449720606508],[75.00207693931974,29.78905860258545],[74.95586440883996,29.786448841432826],[74.95667262126621,29.73276851451977]]]},"properties":{"ulpin":"06910248752021","parcel_id":"da73c5f8-f648-4b3a-ae99-3dd41ae1244f","state":"Haryana","state_code":"HR","state_type":"STATE","state_lgd_code":"6","district_lgd_code":"80","district_name":"Gurugram","subdistrict_lgd_code":"620","subdistrict_name":"Wazirabad Tehsil","subdistrict_type":"Tehsil / Taluk","village_lgd_code":"61402","village_name":"Badshahpur","khasra_plot_no":"Murabba 45, Killa 12/2/D54","recorded_area":"4.0","recorded_area_unit":"Kanal-Marla","normalized_area_sqm":"2023.43","gis_area_sqm":"2023.43","land_use_category":"OTHER","land_use_raw":"Gair Mumkin Plotted Commercial","status":"ARCHIVED","data_freshness_status":"UNKNOWN","scenario_index":"4571","use_case_description":"Tribal non-alienation protection review","mutation_workflow_status":"SUBMITTED","revenue_record_id":"ROR-HR-2025-1008-0054","revenue_record_type":"Jamabandi Nakal (Haryana Jamabandi)","khata_khewat_no":"KHT-58","khatauni_no":"KHN-158","owner_name":"Satish Chand Mittal","owner_name_local":"सतीश चंद मित्तल","co_owners":"","tenure_type":"Tribal Community Tenure","mutation_status":"NONE","active_mutation_id":"MUT-HR-00000054","tax_demand_status":"PAID","annual_tax_inr":"185.5","deed_number":"DEED-HR-2024-408-0054","deed_type":"Sale Deed / Conveyance","sro_office":"Sub-Registrar Office, Wazirabad Tehsil","execution_date":"2024-05-10","registered_owner":"Sunita Sharma / Aditi Verma","seller_name":"Previous Landholder","consideration_amount_inr":"3500000.0","stamp_duty_inr":"210000.0","survey_sketch_id":"FMB-HR-08-0054","cadastral_sheet_no":"SHT-HR-08","surveyed_area_sqm":"2023.43","survey_status":"RESURVEY_REQUIRED","urban_authority":"Wazirabad Tehsil Urban Development & Town Planning Authority","zone_name":"Commercial Core","permitted_land_use":"OTHER","building_permission_status":"NOT_APPLICABLE","violations_reported":"True","is_encumbered":"False","encumbrance_certificate_number":"EC-HR-2024-108-0054","encumbrance_type":"NIL","financial_institution":"","mortgage_amount":"0.0","created_at":"2026-01-15T09:00:00Z","updated_at":"2026-09-24T11:30:00Z"}},{"type":"Feature","geometry":{"type":"Polygon","coordinates":[[[75.04456257611194,29.435021362556306],[75.10073095943721,29.435021362556306],[75.10073095943721,29.474369408457555],[75.04417021170207,29.471564956010177],[75.04456257611194,29.435021362556306]]]},"properties":{"ulpin":"06982617554166","parcel_id":"c0a2d420-14a7-4299-af2f-a788e72406df","state":"Haryana","state_code":"HR","state_type":"STATE","state_lgd_code":"6","district_lgd_code":"80","district_name":"Gurugram","subdistrict_lgd_code":"620","subdistrict_name":"Wazirabad Tehsil","subdistrict_type":"Tehsil / Taluk","village_lgd_code":"61402","village_name":"Badshahpur","khasra_plot_no":"Murabba 45, Killa 12/2/D55","recorded_area":"4.0","recorded_area_unit":"Kanal-Marla","normalized_area_sqm":"2023.43","gis_area_sqm":"2023.43","land_use_category":"RESIDENTIAL","land_use_raw":"Gair Mumkin Plotted Commercial","status":"ACTIVE","data_freshness_status":"CURRENT","scenario_index":"4572","use_case_description":"Government revenue lien and tax demand","mutation_workflow_status":"UNDER_VERIFICATION","revenue_record_id":"ROR-HR-2025-1008-0055","revenue_record_type":"Jamabandi Nakal (Haryana Jamabandi)","khata_khewat_no":"KHT-58","khatauni_no":"KHN-158","owner_name":"Satish Chand Mittal","owner_name_local":"सतीश चंद मित्तल","co_owners":"","tenure_type":"Bhumiswami / Raiyati with Transferable Rights","mutation_status":"MUTATED","active_mutation_id":"","tax_demand_status":"PAID","annual_tax_inr":"185.5","deed_number":"DEED-HR-2024-408-0055","deed_type":"Sale Deed / Conveyance","sro_office":"Sub-Registrar Office, Wazirabad Tehsil","execution_date":"2024-05-10","registered_owner":"Sunita Sharma / Aditi Verma","seller_name":"Previous Landholder","consideration_amount_inr":"3500000.0","stamp_duty_inr":"210000.0","survey_sketch_id":"FMB-HR-08-0055","cadastral_sheet_no":"SHT-HR-08","surveyed_area_sqm":"2023.43","survey_status":"SURVEYED","urban_authority":"Wazirabad Tehsil Urban Development & Town Planning Authority","zone_name":"Commercial Core","permitted_land_use":"RESIDENTIAL","building_permission_status":"SANCTIONED","violations_reported":"False","is_encumbered":"True","encumbrance_certificate_number":"EC-HR-00000055-0055","encumbrance_type":"BANK_MORTGAGE","financial_institution":"","mortgage_amount":"0.0","created_at":"2026-01-15T09:00:00Z","updated_at":"2026-09-24T11:30:00Z"}},{"type":"Feature","geometry":{"type":"Polygon","coordinates":[[[75.71123876514932,29.122320151153545],[75.77058460948957,29.119385881263202],[75.75772808022775,29.17855446103411],[75.71564562330977,29.16503335372696],[75.71123876514932,29.122320151153545]]]},"properties":{"ulpin":"06738895262468","parcel_id":"28e8adcc-803a-450e-8e2d-ce8b232107ec","state":"Haryana","state_code":"HR","state_type":"STATE","state_lgd_code":"6","district_lgd_code":"80","district_name":"Gurugram","subdistrict_lgd_code":"620","subdistrict_name":"Wazirabad Tehsil","subdistrict_type":"Tehsil / Taluk","village_lgd_code":"61402","village_name":"Badshahpur","khasra_plot_no":"Murabba 45, Killa 12/2/D56","recorded_area":"4.0","recorded_area_unit":"Kanal-Marla","normalized_area_sqm":"2023.43","gis_area_sqm":"2023.43","land_use_category":"COMMERCIAL","land_use_raw":"Gair Mumkin Plotted Commercial","status":"PENDING_MUTATION","data_freshness_status":"STALE","scenario_index":"4573","use_case_description":"Court attachment and disputed possession","mutation_workflow_status":"NOTICE_PERIOD","revenue_record_id":"ROR-HR-2025-1008-0056","revenue_record_type":"Jamabandi Nakal (Haryana Jamabandi)","khata_khewat_no":"KHT-58","khatauni_no":"KHN-158","owner_name":"Satish Chand Mittal","owner_name_local":"सतीश चंद मित्तल","co_owners":"","tenure_type":"Bhumiswami / Freehold","mutation_status":"PENDING","active_mutation_id":"MUT-HR-00000056","tax_demand_status":"PAID","annual_tax_inr":"185.5","deed_number":"DEED-HR-2024-408-0056","deed_type":"Sale Deed / Conveyance","sro_office":"Sub-Registrar Office, Wazirabad Tehsil","execution_date":"2024-05-10","registered_owner":"Sunita Sharma / Aditi Verma","seller_name":"Previous Landholder","consideration_amount_inr":"3500000.0","stamp_duty_inr":"210000.0","survey_sketch_id":"FMB-HR-08-0056","cadastral_sheet_no":"SHT-HR-08","surveyed_area_sqm":"2023.43","survey_status":"PENDING","urban_authority":"Wazirabad Tehsil Urban Development & Town Planning Authority","zone_name":"Commercial Core","permitted_land_use":"COMMERCIAL","building_permission_status":"PENDING","violations_reported":"False","is_encumbered":"True","encumbrance_certificate_number":"EC-HR-00000056-0056","encumbrance_type":"GOVT_REVENUE_LIEN","financial_institution":"","mortgage_amount":"0.0","created_at":"2026-01-15T09:00:00Z","updated_at":"2026-09-24T11:30:00Z"}},{"type":"Feature","geometry":{"type":"Polygon","coordinates":[[[74.8580254821372,29.57181030040616],[74.90583912681555,29.56796410161629],[74.91299616735783,29.602046800517428],[74.86228964055576,29.60837474203494],[74.8580254821372,29.57181030040616]]]},"properties":{"ulpin":"06267402161440","parcel_id":"7b04b173-6be5-4124-9516-577d245bc57f","state":"Haryana","state_code":"HR","state_type":"STATE","state_lgd_code":"6","district_lgd_code":"80","district_name":"Gurugram","subdistrict_lgd_code":"620","subdistrict_name":"Wazirabad Tehsil","subdistrict_type":"Tehsil / Taluk","village_lgd_code":"61402","village_name":"Badshahpur","khasra_plot_no":"Murabba 45, Killa 12/2/D57","recorded_area":"4.0","recorded_area_unit":"Kanal-Marla","normalized_area_sqm":"2023.43","gis_area_sqm":"2023.43","land_use_category":"INDUSTRIAL","land_use_raw":"Gair Mumkin Plotted Commercial","status":"SUBDIVIDED","data_freshness_status":"UNKNOWN","scenario_index":"4574","use_case_description":"Tribal non-alienation protection review","mutation_workflow_status":"HEARING_SCHEDULED","revenue_record_id":"ROR-HR-2025-1008-0057","revenue_record_type":"Jamabandi Nakal (Haryana Jamabandi)","khata_khewat_no":"KHT-58","khatauni_no":"KHN-158","owner_name":"Satish Chand Mittal","owner_name_local":"सतीश चंद मित्तल","co_owners":"","tenure_type":"Leasehold","mutation_status":"UNMUTATED_TRANSACTION","active_mutation_id":"MUT-HR-00000057","tax_demand_status":"PAID","annual_tax_inr":"185.5","deed_number":"DEED-HR-2024-408-0057","deed_type":"Sale Deed / Conveyance","sro_office":"Sub-Registrar Office, Wazirabad Tehsil","execution_date":"2024-05-10","registered_owner":"Registry Variance Owner 57","seller_name":"Previous Landholder","consideration_amount_inr":"3500000.0","stamp_duty_inr":"210000.0","survey_sketch_id":"FMB-HR-08-0057","cadastral_sheet_no":"SHT-HR-08","surveyed_area_sqm":"2023.43","survey_status":"DISPUTED","urban_authority":"Wazirabad Tehsil Urban Development & Town Planning Authority","zone_name":"Commercial Core","permitted_land_use":"INDUSTRIAL","building_permission_status":"REJECTED","violations_reported":"False","is_encumbered":"True","encumbrance_certificate_number":"EC-HR-00000057-0057","encumbrance_type":"COURT_ATTACHMENT","financial_institution":"","mortgage_amount":"0.0","created_at":"2026-01-15T09:00:00Z","updated_at":"2026-09-24T11:30:00Z"}},{"type":"Feature","geometry":{"type":"Polygon","coordinates":[[[75.71888040943179,28.95841917880784],[75.77510237339101,28.951044291335485],[75.76449989811502,29.01801483775132],[75.70945366450627,29.01776058211027],[75.71888040943179,28.95841917880784]]]},"properties":{"ulpin":"06311679624118","parcel_id":"bc1b060c-7783-46d3-8b81-c79b489bdae8","state":"Haryana","state_code":"HR","state_type":"STATE","state_lgd_code":"6","district_lgd_code":"80","district_name":"Gurugram","subdistrict_lgd_code":"620","subdistrict_name":"Wazirabad Tehsil","subdistrict_type":"Tehsil / Taluk","village_lgd_code":"61402","village_name":"Badshahpur","khasra_plot_no":"Murabba 45, Killa 12/2/D58","recorded_area":"4.0","recorded_area_unit":"Kanal-Marla","normalized_area_sqm":"2023.43","gis_area_sqm":"2023.43","land_use_category":"AGRICULTURAL","land_use_raw":"Gair Mumkin Plotted Commercial","status":"AMALGAMATED","data_freshness_status":"CURRENT","scenario_index":"4575","use_case_description":"Lease charge and institutional tenancy","mutation_workflow_status":"APPROVED","revenue_record_id":"ROR-HR-2025-1008-0058","revenue_record_type":"Jamabandi Nakal (Haryana Jamabandi)","khata_khewat_no":"KHT-58","khatauni_no":"KHN-158","owner_name":"Satish Chand Mittal","owner_name_local":"सतीश चंद मित्तल","co_owners":"","tenure_type":"Government Grant","mutation_status":"REJECTED","active_mutation_id":"MUT-HR-00000058","tax_demand_status":"PAID","annual_tax_inr":"185.5","deed_number":"DEED-HR-2024-408-0058","deed_type":"Sale Deed / Conveyance","sro_office":"Sub-Registrar Office, Wazirabad Tehsil","execution_date":"2024-05-10","registered_owner":"Sunita Sharma / Aditi Verma","seller_name":"Previous Landholder","consideration_amount_inr":"3500000.0","stamp_duty_inr":"210000.0","survey_sketch_id":"FMB-HR-08-0058","cadastral_sheet_no":"SHT-HR-08","surveyed_area_sqm":"2023.43","survey_status":"RESURVEY_REQUIRED","urban_authority":"Wazirabad Tehsil Urban Development & Town Planning Authority","zone_name":"Commercial Core","permitted_land_use":"AGRICULTURAL","building_permission_status":"NOT_APPLICABLE","violations_reported":"False","is_encumbered":"True","encumbrance_certificate_number":"EC-HR-00000058-0058","encumbrance_type":"TRIBAL_NON_ALIENATION","financial_institution":"","mortgage_amount":"0.0","created_at":"2026-01-15T09:00:00Z","updated_at":"2026-09-24T11:30:00Z"}},{"type":"Feature","geometry":{"type":"Polygon","coordinates":[[[75.2093306569612,28.21967304323171],[75.26766578232163,28.216428947498812],[75.26665693547093,28.275441203888832],[75.20361176741037,28.266278892221052],[75.2093306569612,28.21967304323171]]]},"properties":{"ulpin":"06794750129617","parcel_id":"12b931f1-0fbd-448c-9ac1-a38122bb9188","state":"Haryana","state_code":"HR","state_type":"STATE","state_lgd_code":"6","district_lgd_code":"80","district_name":"Gurugram","subdistrict_lgd_code":"620","subdistrict_name":"Wazirabad Tehsil","subdistrict_type":"Tehsil / Taluk","village_lgd_code":"61402","village_name":"Badshahpur","khasra_plot_no":"Murabba 45, Killa 12/2/D59","recorded_area":"4.0","recorded_area_unit":"Kanal-Marla","normalized_area_sqm":"2023.43","gis_area_sqm":"2023.43","land_use_category":"INSTITUTIONAL","land_use_raw":"Gair Mumkin Plotted Commercial","status":"DISPUTED","data_freshness_status":"STALE","scenario_index":"4576","use_case_description":"Subdivision or amalgamation history review","mutation_workflow_status":"REJECTED","revenue_record_id":"ROR-HR-2025-1008-0059","revenue_record_type":"Jamabandi Nakal (Haryana Jamabandi)","khata_khewat_no":"KHT-58","khatauni_no":"KHN-158","owner_name":"Satish Chand Mittal","owner_name_local":"सतीश चंद मित्तल","co_owners":"","tenure_type":"Waqf / Religious Trust","mutation_status":"DISPUTED","active_mutation_id":"MUT-HR-00000059","tax_demand_status":"PAID","annual_tax_inr":"185.5","deed_number":"DEED-HR-2024-408-0059","deed_type":"Sale Deed / Conveyance","sro_office":"Sub-Registrar Office, Wazirabad Tehsil","execution_date":"2024-05-10","registered_owner":"Sunita Sharma / Aditi Verma","seller_name":"Previous Landholder","consideration_amount_inr":"3500000.0","stamp_duty_inr":"210000.0","survey_sketch_id":"FMB-HR-08-0059","cadastral_sheet_no":"SHT-HR-08","surveyed_area_sqm":"2023.43","survey_status":"SURVEYED","urban_authority":"Wazirabad Tehsil Urban Development & Town Planning Authority","zone_name":"Commercial Core","permitted_land_use":"INSTITUTIONAL","building_permission_status":"SANCTIONED","violations_reported":"False","is_encumbered":"True","encumbrance_certificate_number":"EC-HR-00000059-0059","encumbrance_type":"LEASE_CHARGE","financial_institution":"","mortgage_amount":"0.0","created_at":"2026-01-15T09:00:00Z","updated_at":"2026-09-24T11:30:00Z"}},{"type":"Feature","geometry":{"type":"Polygon","coordinates":[[[76.07786065747403,29.553819993709652],[76.13655349092524,29.555200538739708],[76.12551600250279,29.598239835131313],[76.07786065747403,29.602911683908566],[76.07786065747403,29.553819993709652]]]},"properties":{"ulpin":"06123412984584","parcel_id":"fd168e36-22fa-4dce-b6a8-4ba8555a7c45","state":"Haryana","state_code":"HR","state_type":"STATE","state_lgd_code":"6","district_lgd_code":"80","district_name":"Gurugram","subdistrict_lgd_code":"620","subdistrict_name":"Wazirabad Tehsil","subdistrict_type":"Tehsil / Taluk","village_lgd_code":"61402","village_name":"Badshahpur","khasra_plot_no":"Murabba 45, Killa 12/2/D60","recorded_area":"4.0","recorded_area_unit":"Kanal-Marla","normalized_area_sqm":"2023.43","gis_area_sqm":"2023.43","land_use_category":"FOREST_GREEN_BELT","land_use_raw":"Gair Mumkin Plotted Commercial","status":"ARCHIVED","data_freshness_status":"UNKNOWN","scenario_index":"4577","use_case_description":"Pending sale mutation within statutory SLA","mutation_workflow_status":"SLA_BREACHED","revenue_record_id":"ROR-HR-2025-1008-0060","revenue_record_type":"Jamabandi Nakal (Haryana Jamabandi)","khata_khewat_no":"KHT-58","khatauni_no":"KHN-158","owner_name":"Satish Chand Mittal","owner_name_local":"सतीश चंद मित्तल","co_owners":"","tenure_type":"Tribal Community Tenure","mutation_status":"NONE","active_mutation_id":"MUT-HR-00000060","tax_demand_status":"PAID","annual_tax_inr":"185.5","deed_number":"DEED-HR-2024-408-0060","deed_type":"Sale Deed / Conveyance","sro_office":"Sub-Registrar Office, Wazirabad Tehsil","execution_date":"2024-05-10","registered_owner":"Sunita Sharma / Aditi Verma","seller_name":"Previous Landholder","consideration_amount_inr":"3500000.0","stamp_duty_inr":"210000.0","survey_sketch_id":"FMB-HR-08-0060","cadastral_sheet_no":"SHT-HR-08","surveyed_area_sqm":"2023.43","survey_status":"PENDING","urban_authority":"Wazirabad Tehsil Urban Development & Town Planning Authority","zone_name":"Commercial Core","permitted_land_use":"FOREST_GREEN_BELT","building_permission_status":"PENDING","violations_reported":"False","is_encumbered":"False","encumbrance_certificate_number":"EC-HR-2024-108-0060","encumbrance_type":"NIL","financial_institution":"","mortgage_amount":"0.0","created_at":"2026-01-15T09:00:00Z","updated_at":"2026-09-24T11:30:00Z"}},{"type":"Feature","geometry":{"type":"Polygon","coordinates":[[[74.89800304729226,29.475662366807295],[74.94864054516081,29.47876488648608],[74.95879776536837,29.526642487231566],[74.90977817402835,29.51651386181498],[74.89800304729226,29.475662366807295]]]},"properties":{"ulpin":"06745480626060","parcel_id":"90323692-0235-4c13-824c-dadd1e6df1c0","state":"Haryana","state_code":"HR","state_type":"STATE","state_lgd_code":"6","district_lgd_code":"80","district_name":"Gurugram","subdistrict_lgd_code":"620","subdistrict_name":"Wazirabad Tehsil","subdistrict_type":"Tehsil / Taluk","village_lgd_code":"61402","village_name":"Badshahpur","khasra_plot_no":"Murabba 45, Killa 12/2/D61","recorded_area":"4.0","recorded_area_unit":"Kanal-Marla","normalized_area_sqm":"2023.43","gis_area_sqm":"2023.43","land_use_category":"WATER_BODY","land_use_raw":"Gair Mumkin Plotted Commercial","status":"ACTIVE","data_freshness_status":"CURRENT","scenario_index":"4578","use_case_description":"Bank mortgage and active encumbrance","mutation_workflow_status":"SUBMITTED","revenue_record_id":"ROR-HR-2025-1008-0061","revenue_record_type":"Jamabandi Nakal (Haryana Jamabandi)","khata_khewat_no":"KHT-58","khatauni_no":"KHN-158","owner_name":"Satish Chand Mittal","owner_name_local":"सतीश चंद मित्तल","co_owners":"","tenure_type":"Bhumiswami / Raiyati with Transferable Rights","mutation_status":"MUTATED","active_mutation_id":"","tax_demand_status":"PAID","annual_tax_inr":"185.5","deed_number":"DEED-HR-2024-408-0061","deed_type":"Sale Deed / Conveyance","sro_office":"Sub-Registrar Office, Wazirabad Tehsil","execution_date":"2024-05-10","registered_owner":"Sunita Sharma / Aditi Verma","seller_name":"Previous Landholder","consideration_amount_inr":"3500000.0","stamp_duty_inr":"210000.0","survey_sketch_id":"FMB-HR-08-0061","cadastral_sheet_no":"SHT-HR-08","surveyed_area_sqm":"2023.43","survey_status":"DISPUTED","urban_authority":"Wazirabad Tehsil Urban Development & Town Planning Authority","zone_name":"Commercial Core","permitted_land_use":"WATER_BODY","building_permission_status":"REJECTED","violations_reported":"True","is_encumbered":"True","encumbrance_certificate_number":"EC-HR-00000061-0061","encumbrance_type":"BANK_MORTGAGE","financial_institution":"","mortgage_amount":"0.0","created_at":"2026-01-15T09:00:00Z","updated_at":"2026-09-24T11:30:00Z"}},{"type":"Feature","geometry":{"type":"Polygon","coordinates":[[[76.1995822739958,28.220178428197],[76.24957499992772,28.212270592421778],[76.25136062745781,28.262845612797147],[76.19625557354462,28.260120704612053],[76.1995822739958,28.220178428197]]]},"properties":{"ulpin":"06049031654187","parcel_id":"cf1401ae-5ece-4490-b74e-cd996b1395a2","state":"Haryana","state_code":"HR","state_type":"STATE","state_lgd_code":"6","district_lgd_code":"80","district_name":"Gurugram","subdistrict_lgd_code":"620","subdistrict_name":"Wazirabad Tehsil","subdistrict_type":"Tehsil / Taluk","village_lgd_code":"61402","village_name":"Badshahpur","khasra_plot_no":"Murabba 45, Killa 12/2/D62","recorded_area":"4.0","recorded_area_unit":"Kanal-Marla","normalized_area_sqm":"2023.43","gis_area_sqm":"2023.43","land_use_category":"MIXED_USE","land_use_raw":"Gair Mumkin Plotted Commercial","status":"PENDING_MUTATION","data_freshness_status":"STALE","scenario_index":"4579","use_case_description":"Government revenue lien and tax demand","mutation_workflow_status":"UNDER_VERIFICATION","revenue_record_id":"ROR-HR-2025-1008-0062","revenue_record_type":"Jamabandi Nakal (Haryana Jamabandi)","khata_khewat_no":"KHT-58","khatauni_no":"KHN-158","owner_name":"Satish Chand Mittal","owner_name_local":"सतीश चंद मित्तल","co_owners":"","tenure_type":"Bhumiswami / Freehold","mutation_status":"PENDING","active_mutation_id":"MUT-HR-00000062","tax_demand_status":"PAID","annual_tax_inr":"185.5","deed_number":"DEED-HR-2024-408-0062","deed_type":"Sale Deed / Conveyance","sro_office":"Sub-Registrar Office, Wazirabad Tehsil","execution_date":"2024-05-10","registered_owner":"Registry Variance Owner 62","seller_name":"Previous Landholder","consideration_amount_inr":"3500000.0","stamp_duty_inr":"210000.0","survey_sketch_id":"FMB-HR-08-0062","cadastral_sheet_no":"SHT-HR-08","surveyed_area_sqm":"2023.43","survey_status":"RESURVEY_REQUIRED","urban_authority":"Wazirabad Tehsil Urban Development & Town Planning Authority","zone_name":"Commercial Core","permitted_land_use":"MIXED_USE","building_permission_status":"NOT_APPLICABLE","violations_reported":"False","is_encumbered":"True","encumbrance_certificate_number":"EC-HR-00000062-0062","encumbrance_type":"GOVT_REVENUE_LIEN","financial_institution":"","mortgage_amount":"0.0","created_at":"2026-01-15T09:00:00Z","updated_at":"2026-09-24T11:30:00Z"}},{"type":"Feature","geometry":{"type":"Polygon","coordinates":[[[76.13596516483528,29.64964722996661],[76.18905397994195,29.65105467775682],[76.19419676367666,29.71738353198437],[76.1332086014094,29.71038511164069],[76.13596516483528,29.64964722996661]]]},"properties":{"ulpin":"06894841295103","parcel_id":"63e8701c-e235-4ced-8dd0-bfe6d0ec7bda","state":"Haryana","state_code":"HR","state_type":"STATE","state_lgd_code":"6","district_lgd_code":"80","district_name":"Gurugram","subdistrict_lgd_code":"620","subdistrict_name":"Wazirabad Tehsil","subdistrict_type":"Tehsil / Taluk","village_lgd_code":"61402","village_name":"Badshahpur","khasra_plot_no":"Murabba 45, Killa 12/2/D63","recorded_area":"4.0","recorded_area_unit":"Kanal-Marla","normalized_area_sqm":"2023.43","gis_area_sqm":"2023.43","land_use_category":"OTHER","land_use_raw":"Gair Mumkin Plotted Commercial","status":"SUBDIVIDED","data_freshness_status":"UNKNOWN","scenario_index":"4580","use_case_description":"Court attachment and disputed possession","mutation_workflow_status":"NOTICE_PERIOD","revenue_record_id":"ROR-HR-2025-1008-0063","revenue_record_type":"Jamabandi Nakal (Haryana Jamabandi)","khata_khewat_no":"KHT-58","khatauni_no":"KHN-158","owner_name":"Satish Chand Mittal","owner_name_local":"सतीश चंद मित्तल","co_owners":"","tenure_type":"Leasehold","mutation_status":"UNMUTATED_TRANSACTION","active_mutation_id":"MUT-HR-00000063","tax_demand_status":"PAID","annual_tax_inr":"185.5","deed_number":"DEED-HR-2024-408-0063","deed_type":"Sale Deed / Conveyance","sro_office":"Sub-Registrar Office, Wazirabad Tehsil","execution_date":"2024-05-10","registered_owner":"Sunita Sharma / Aditi Verma","seller_name":"Previous Landholder","consideration_amount_inr":"3500000.0","stamp_duty_inr":"210000.0","survey_sketch_id":"FMB-HR-08-0063","cadastral_sheet_no":"SHT-HR-08","surveyed_area_sqm":"2023.43","survey_status":"SURVEYED","urban_authority":"Wazirabad Tehsil Urban Development & Town Planning Authority","zone_name":"Commercial Core","permitted_land_use":"OTHER","building_permission_status":"SANCTIONED","violations_reported":"False","is_encumbered":"True","encumbrance_certificate_number":"EC-HR-00000063-0063","encumbrance_type":"COURT_ATTACHMENT","financial_institution":"","mortgage_amount":"0.0","created_at":"2026-01-15T09:00:00Z","updated_at":"2026-09-24T11:30:00Z"}},{"type":"Feature","geometry":{"type":"Polygon","coordinates":[[[74.99076837415134,28.98627711857623],[75.0544989370771,28.984625296397425],[75.05836417877964,29.043367841157718],[75.00124722420333,29.044326239026933],[74.99076837415134,28.98627711857623]]]},"properties":{"ulpin":"06798886532920","parcel_id":"19142a53-5a73-42be-a429-ba7369ba0811","state":"Haryana","state_code":"HR","state_type":"STATE","state_lgd_code":"6","district_lgd_code":"80","district_name":"Gurugram","subdistrict_lgd_code":"620","subdistrict_name":"Wazirabad Tehsil","subdistrict_type":"Tehsil / Taluk","village_lgd_code":"61402","village_name":"Badshahpur","khasra_plot_no":"Murabba 45, Killa 12/2/D64","recorded_area":"4.0","recorded_area_unit":"Kanal-Marla","normalized_area_sqm":"2023.43","gis_area_sqm":"2023.43","land_use_category":"RESIDENTIAL","land_use_raw":"Gair Mumkin Plotted Commercial","status":"AMALGAMATED","data_freshness_status":"CURRENT","scenario_index":"4581","use_case_description":"Tribal non-alienation protection review","mutation_workflow_status":"HEARING_SCHEDULED","revenue_record_id":"ROR-HR-2025-1008-0064","revenue_record_type":"Jamabandi Nakal (Haryana Jamabandi)","khata_khewat_no":"KHT-58","khatauni_no":"KHN-158","owner_name":"Satish Chand Mittal","owner_name_local":"सतीश चंद मित्तल","co_owners":"","tenure_type":"Government Grant","mutation_status":"REJECTED","active_mutation_id":"MUT-HR-00000064","tax_demand_status":"PAID","annual_tax_inr":"185.5","deed_number":"DEED-HR-2024-408-0064","deed_type":"Sale Deed / Conveyance","sro_office":"Sub-Registrar Office, Wazirabad Tehsil","execution_date":"2024-05-10","registered_owner":"Sunita Sharma / Aditi Verma","seller_name":"Previous Landholder","consideration_amount_inr":"3500000.0","stamp_duty_inr":"210000.0","survey_sketch_id":"FMB-HR-08-0064","cadastral_sheet_no":"SHT-HR-08","surveyed_area_sqm":"2023.43","survey_status":"PENDING","urban_authority":"Wazirabad Tehsil Urban Development & Town Planning Authority","zone_name":"Commercial Core","permitted_land_use":"RESIDENTIAL","building_permission_status":"PENDING","violations_reported":"False","is_encumbered":"True","encumbrance_certificate_number":"EC-HR-00000064-0064","encumbrance_type":"TRIBAL_NON_ALIENATION","financial_institution":"","mortgage_amount":"0.0","created_at":"2026-01-15T09:00:00Z","updated_at":"2026-09-24T11:30:00Z"}},{"type":"Feature","geometry":{"type":"Polygon","coordinates":[[[75.64908547457127,29.168542243336425],[75.71564562330977,29.16503335372696],[75.70920610563739,29.228476256789936],[75.65620762678645,29.225629842189473],[75.64908547457127,29.168542243336425]]]},"properties":{"ulpin":"06707027671539","parcel_id":"61b04544-86df-40a9-9041-5b5575972bcb","state":"Haryana","state_code":"HR","state_type":"STATE","state_lgd_code":"6","district_lgd_code":"80","district_name":"Gurugram","subdistrict_lgd_code":"620","subdistrict_name":"Wazirabad Tehsil","subdistrict_type":"Tehsil / Taluk","village_lgd_code":"61402","village_name":"Badshahpur","khasra_plot_no":"Murabba 45, Killa 12/2/D65","recorded_area":"4.0","recorded_area_unit":"Kanal-Marla","normalized_area_sqm":"2023.43","gis_area_sqm":"2023.43","land_use_category":"COMMERCIAL","land_use_raw":"Gair Mumkin Plotted Commercial","status":"DISPUTED","data_freshness_status":"STALE","scenario_index":"4582","use_case_description":"Lease charge and institutional tenancy","mutation_workflow_status":"APPROVED","revenue_record_id":"ROR-HR-2025-1008-0065","revenue_record_type":"Jamabandi Nakal (Haryana Jamabandi)","khata_khewat_no":"KHT-58","khatauni_no":"KHN-158","owner_name":"Satish Chand Mittal","owner_name_local":"सतीश चंद मित्तल","co_owners":"","tenure_type":"Waqf / Religious Trust","mutation_status":"DISPUTED","active_mutation_id":"MUT-HR-00000065","tax_demand_status":"PAID","annual_tax_inr":"185.5","deed_number":"DEED-HR-2024-408-0065","deed_type":"Sale Deed / Conveyance","sro_office":"Sub-Registrar Office, Wazirabad Tehsil","execution_date":"2024-05-10","registered_owner":"Sunita Sharma / Aditi Verma","seller_name":"Previous Landholder","consideration_amount_inr":"3500000.0","stamp_duty_inr":"210000.0","survey_sketch_id":"FMB-HR-08-0065","cadastral_sheet_no":"SHT-HR-08","surveyed_area_sqm":"2023.43","survey_status":"DISPUTED","urban_authority":"Wazirabad Tehsil Urban Development & Town Planning Authority","zone_name":"Commercial Core","permitted_land_use":"COMMERCIAL","building_permission_status":"REJECTED","violations_reported":"False","is_encumbered":"True","encumbrance_certificate_number":"EC-HR-00000065-0065","encumbrance_type":"LEASE_CHARGE","financial_institution":"","mortgage_amount":"0.0","created_at":"2026-01-15T09:00:00Z","updated_at":"2026-09-24T11:30:00Z"}},{"type":"Feature","geometry":{"type":"Polygon","coordinates":[[[75.85252053015361,28.116986781004126],[75.92095423686489,28.107503121000594],[75.92095423686489,28.16970187572608],[75.85426708035257,28.17070607393813],[75.85252053015361,28.116986781004126]]]},"properties":{"ulpin":"06849281681000","parcel_id":"3534bf0b-084b-4740-99d7-a2bb2008d3fc","state":"Haryana","state_code":"HR","state_type":"STATE","state_lgd_code":"6","district_lgd_code":"80","district_name":"Gurugram","subdistrict_lgd_code":"620","subdistrict_name":"Wazirabad Tehsil","subdistrict_type":"Tehsil / Taluk","village_lgd_code":"61402","village_name":"Badshahpur","khasra_plot_no":"Murabba 45, Killa 12/2/D66","recorded_area":"4.0","recorded_area_unit":"Kanal-Marla","normalized_area_sqm":"2023.43","gis_area_sqm":"2023.43","land_use_category":"INDUSTRIAL","land_use_raw":"Gair Mumkin Plotted Commercial","status":"ARCHIVED","data_freshness_status":"UNKNOWN","scenario_index":"4583","use_case_description":"Bank mortgage and active encumbrance","mutation_workflow_status":"REJECTED","revenue_record_id":"ROR-HR-2025-1008-0066","revenue_record_type":"Jamabandi Nakal (Haryana Jamabandi)","khata_khewat_no":"KHT-58","khatauni_no":"KHN-158","owner_name":"Satish Chand Mittal","owner_name_local":"सतीश चंद मित्तल","co_owners":"","tenure_type":"Tribal Community Tenure","mutation_status":"NONE","active_mutation_id":"MUT-HR-00000066","tax_demand_status":"PAID","annual_tax_inr":"185.5","deed_number":"DEED-HR-2024-408-0066","deed_type":"Sale Deed / Conveyance","sro_office":"Sub-Registrar Office, Wazirabad Tehsil","execution_date":"2024-05-10","registered_owner":"Sunita Sharma / Aditi Verma","seller_name":"Previous Landholder","consideration_amount_inr":"3500000.0","stamp_duty_inr":"210000.0","survey_sketch_id":"FMB-HR-08-0066","cadastral_sheet_no":"SHT-HR-08","surveyed_area_sqm":"2023.43","survey_status":"RESURVEY_REQUIRED","urban_authority":"Wazirabad Tehsil Urban Development & Town Planning Authority","zone_name":"Commercial Core","permitted_land_use":"INDUSTRIAL","building_permission_status":"NOT_APPLICABLE","violations_reported":"False","is_encumbered":"False","encumbrance_certificate_number":"EC-HR-2024-108-0066","encumbrance_type":"NIL","financial_institution":"","mortgage_amount":"0.0","created_at":"2026-01-15T09:00:00Z","updated_at":"2026-09-24T11:30:00Z"}},{"type":"Feature","geometry":{"type":"Polygon","coordinates":[[[76.46436067516373,29.663229408591985],[76.52968346088677,29.66298792240677],[76.52968346088677,29.70204057215173],[76.47658905872802,29.709045560450836],[76.46436067516373,29.663229408591985]]]},"properties":{"ulpin":"06736949740148","parcel_id":"2f5bd450-3cec-4500-8e2d-bb49b54ac7c2","state":"Haryana","state_code":"HR","state_type":"STATE","state_lgd_code":"6","district_lgd_code":"80","district_name":"Gurugram","subdistrict_lgd_code":"620","subdistrict_name":"Wazirabad Tehsil","subdistrict_type":"Tehsil / Taluk","village_lgd_code":"61402","village_name":"Badshahpur","khasra_plot_no":"Murabba 45, Killa 12/2/D67","recorded_area":"4.0","recorded_area_unit":"Kanal-Marla","normalized_area_sqm":"2023.43","gis_area_sqm":"2023.43","land_use_category":"AGRICULTURAL","land_use_raw":"Gair Mumkin Plotted Commercial","status":"ACTIVE","data_freshness_status":"CURRENT","scenario_index":"4584","use_case_description":"Archived historical record for audit retrieval","mutation_workflow_status":"SLA_BREACHED","revenue_record_id":"ROR-HR-2025-1008-0067","revenue_record_type":"Jamabandi Nakal (Haryana Jamabandi)","khata_khewat_no":"KHT-58","khatauni_no":"KHN-158","owner_name":"Satish Chand Mittal","owner_name_local":"सतीश चंद मित्तल","co_owners":"","tenure_type":"Bhumiswami / Raiyati with Transferable Rights","mutation_status":"MUTATED","active_mutation_id":"","tax_demand_status":"PAID","annual_tax_inr":"185.5","deed_number":"DEED-HR-2024-408-0067","deed_type":"Sale Deed / Conveyance","sro_office":"Sub-Registrar Office, Wazirabad Tehsil","execution_date":"2024-05-10","registered_owner":"Registry Variance Owner 67","seller_name":"Previous Landholder","consideration_amount_inr":"3500000.0","stamp_duty_inr":"210000.0","survey_sketch_id":"FMB-HR-08-0067","cadastral_sheet_no":"SHT-HR-08","surveyed_area_sqm":"2023.43","survey_status":"SURVEYED","urban_authority":"Wazirabad Tehsil Urban Development & Town Planning Authority","zone_name":"Commercial Core","permitted_land_use":"AGRICULTURAL","building_permission_status":"SANCTIONED","violations_reported":"False","is_encumbered":"True","encumbrance_certificate_number":"EC-HR-00000067-0067","encumbrance_type":"BANK_MORTGAGE","financial_institution":"","mortgage_amount":"0.0","created_at":"2026-01-15T09:00:00Z","updated_at":"2026-09-24T11:30:00Z"}},{"type":"Feature","geometry":{"type":"Polygon","coordinates":[[[75.00351088406387,29.649435812800903],[75.04811982813872,29.653968965914594],[75.04894577076539,29.696223041119577],[75.009516954869,29.691175762760007],[75.00351088406387,29.649435812800903]]]},"properties":{"ulpin":"06721143072917","parcel_id":"fec289b0-fdad-49af-82b9-8a0fc78cd34d","state":"Haryana","state_code":"HR","state_type":"STATE","state_lgd_code":"6","district_lgd_code":"80","district_name":"Gurugram","subdistrict_lgd_code":"620","subdistrict_name":"Wazirabad Tehsil","subdistrict_type":"Tehsil / Taluk","village_lgd_code":"61402","village_name":"Badshahpur","khasra_plot_no":"Murabba 45, Killa 12/2/D68","recorded_area":"4.0","recorded_area_unit":"Kanal-Marla","normalized_area_sqm":"2023.43","gis_area_sqm":"2023.43","land_use_category":"INSTITUTIONAL","land_use_raw":"Gair Mumkin Plotted Commercial","status":"PENDING_MUTATION","data_freshness_status":"STALE","scenario_index":"4585","use_case_description":"Bank mortgage and active encumbrance","mutation_workflow_status":"SUBMITTED","revenue_record_id":"ROR-HR-2025-1008-0068","revenue_record_type":"Jamabandi Nakal (Haryana Jamabandi)","khata_khewat_no":"KHT-58","khatauni_no":"KHN-158","owner_name":"Satish Chand Mittal","owner_name_local":"सतीश चंद मित्तल","co_owners":"","tenure_type":"Bhumiswami / Freehold","mutation_status":"PENDING","active_mutation_id":"MUT-HR-00000068","tax_demand_status":"PAID","annual_tax_inr":"185.5","deed_number":"DEED-HR-2024-408-0068","deed_type":"Sale Deed / Conveyance","sro_office":"Sub-Registrar Office, Wazirabad Tehsil","execution_date":"2024-05-10","registered_owner":"Sunita Sharma / Aditi Verma","seller_name":"Previous Landholder","consideration_amount_inr":"3500000.0","stamp_duty_inr":"210000.0","survey_sketch_id":"FMB-HR-08-0068","cadastral_sheet_no":"SHT-HR-08","surveyed_area_sqm":"2023.43","survey_status":"PENDING","urban_authority":"Wazirabad Tehsil Urban Development & Town Planning Authority","zone_name":"Commercial Core","permitted_land_use":"INSTITUTIONAL","building_permission_status":"PENDING","violations_reported":"True","is_encumbered":"True","encumbrance_certificate_number":"EC-HR-00000068-0068","encumbrance_type":"GOVT_REVENUE_LIEN","financial_institution":"","mortgage_amount":"0.0","created_at":"2026-01-15T09:00:00Z","updated_at":"2026-09-24T11:30:00Z"}},{"type":"Feature","geometry":{"type":"Polygon","coordinates":[[[75.27732475399843,28.440360255952914],[75.33602534833152,28.446221757091998],[75.33602534833152,28.50287568006959],[75.2768400241562,28.490040080914653],[75.27732475399843,28.440360255952914]]]},"properties":{"ulpin":"06055320402515","parcel_id":"1fe6fa0c-f655-4a5b-a1a8-3e5e394e6b14","state":"Haryana","state_code":"HR","state_type":"STATE","state_lgd_code":"6","district_lgd_code":"80","district_name":"Gurugram","subdistrict_lgd_code":"620","subdistrict_name":"Wazirabad Tehsil","subdistrict_type":"Tehsil / Taluk","village_lgd_code":"61402","village_name":"Badshahpur","khasra_plot_no":"Murabba 45, Killa 12/2/D69","recorded_area":"4.0","recorded_area_unit":"Kanal-Marla","normalized_area_sqm":"2023.43","gis_area_sqm":"2023.43","land_use_category":"FOREST_GREEN_BELT","land_use_raw":"Gair Mumkin Plotted Commercial","status":"SUBDIVIDED","data_freshness_status":"UNKNOWN","scenario_index":"4586","use_case_description":"Government revenue lien and tax demand","mutation_workflow_status":"UNDER_VERIFICATION","revenue_record_id":"ROR-HR-2025-1008-0069","revenue_record_type":"Jamabandi Nakal (Haryana Jamabandi)","khata_khewat_no":"KHT-58","khatauni_no":"KHN-158","owner_name":"Satish Chand Mittal","owner_name_local":"सतीश चंद मित्तल","co_owners":"","tenure_type":"Leasehold","mutation_status":"UNMUTATED_TRANSACTION","active_mutation_id":"MUT-HR-00000069","tax_demand_status":"PAID","annual_tax_inr":"185.5","deed_number":"DEED-HR-2024-408-0069","deed_type":"Sale Deed / Conveyance","sro_office":"Sub-Registrar Office, Wazirabad Tehsil","execution_date":"2024-05-10","registered_owner":"Sunita Sharma / Aditi Verma","seller_name":"Previous Landholder","consideration_amount_inr":"3500000.0","stamp_duty_inr":"210000.0","survey_sketch_id":"FMB-HR-08-0069","cadastral_sheet_no":"SHT-HR-08","surveyed_area_sqm":"2023.43","survey_status":"DISPUTED","urban_authority":"Wazirabad Tehsil Urban Development & Town Planning Authority","zone_name":"Commercial Core","permitted_land_use":"FOREST_GREEN_BELT","building_permission_status":"REJECTED","violations_reported":"False","is_encumbered":"True","encumbrance_certificate_number":"EC-HR-00000069-0069","encumbrance_type":"COURT_ATTACHMENT","financial_institution":"","mortgage_amount":"0.0","created_at":"2026-01-15T09:00:00Z","updated_at":"2026-09-24T11:30:00Z"}},{"type":"Feature","geometry":{"type":"Polygon","coordinates":[[[76.40837569567624,28.079421956670277],[76.45660340486579,28.07564528400296],[76.44842080211471,28.118418555578938],[76.40933894852843,28.118125077104462],[76.40837569567624,28.079421956670277]]]},"properties":{"ulpin":"06288088528989","parcel_id":"ad5ba60d-58fd-4b84-8241-bd64fd938cfe","state":"Haryana","state_code":"HR","state_type":"STATE","state_lgd_code":"6","district_lgd_code":"80","district_name":"Gurugram","subdistrict_lgd_code":"620","subdistrict_name":"Wazirabad Tehsil","subdistrict_type":"Tehsil / Taluk","village_lgd_code":"61402","village_name":"Badshahpur","khasra_plot_no":"Murabba 45, Killa 12/2/D70","recorded_area":"4.0","recorded_area_unit":"Kanal-Marla","normalized_area_sqm":"2023.43","gis_area_sqm":"2023.43","land_use_category":"WATER_BODY","land_use_raw":"Gair Mumkin Plotted Commercial","status":"AMALGAMATED","data_freshness_status":"CURRENT","scenario_index":"4587","use_case_description":"Court attachment and disputed possession","mutation_workflow_status":"NOTICE_PERIOD","revenue_record_id":"ROR-HR-2025-1008-0070","revenue_record_type":"Jamabandi Nakal (Haryana Jamabandi)","khata_khewat_no":"KHT-58","khatauni_no":"KHN-158","owner_name":"Satish Chand Mittal","owner_name_local":"सतीश चंद मित्तल","co_owners":"","tenure_type":"Government Grant","mutation_status":"REJECTED","active_mutation_id":"MUT-HR-00000070","tax_demand_status":"PAID","annual_tax_inr":"185.5","deed_number":"DEED-HR-2024-408-0070","deed_type":"Sale Deed / Conveyance","sro_office":"Sub-Registrar Office, Wazirabad Tehsil","execution_date":"2024-05-10","registered_owner":"Sunita Sharma / Aditi Verma","seller_name":"Previous Landholder","consideration_amount_inr":"3500000.0","stamp_duty_inr":"210000.0","survey_sketch_id":"FMB-HR-08-0070","cadastral_sheet_no":"SHT-HR-08","surveyed_area_sqm":"2023.43","survey_status":"RESURVEY_REQUIRED","urban_authority":"Wazirabad Tehsil Urban Development & Town Planning Authority","zone_name":"Commercial Core","permitted_land_use":"WATER_BODY","building_permission_status":"NOT_APPLICABLE","violations_reported":"False","is_encumbered":"True","encumbrance_certificate_number":"EC-HR-00000070-0070","encumbrance_type":"TRIBAL_NON_ALIENATION","financial_institution":"","mortgage_amount":"0.0","created_at":"2026-01-15T09:00:00Z","updated_at":"2026-09-24T11:30:00Z"}},{"type":"Feature","geometry":{"type":"Polygon","coordinates":[[[76.40080329384512,28.31691662799491],[76.44799167693678,28.30570797528961],[76.46349100345921,28.363299309372564],[76.40976330484558,28.357061147389036],[76.40080329384512,28.31691662799491]]]},"properties":{"ulpin":"06182525788106","parcel_id":"a3fa8b72-22ff-4b70-83fb-9ed24ea89479","state":"Haryana","state_code":"HR","state_type":"STATE","state_lgd_code":"6","district_lgd_code":"80","district_name":"Gurugram","subdistrict_lgd_code":"620","subdistrict_name":"Wazirabad Tehsil","subdistrict_type":"Tehsil / Taluk","village_lgd_code":"61402","village_name":"Badshahpur","khasra_plot_no":"Murabba 45, Killa 12/2/D71","recorded_area":"4.0","recorded_area_unit":"Kanal-Marla","normalized_area_sqm":"2023.43","gis_area_sqm":"2023.43","land_use_category":"MIXED_USE","land_use_raw":"Gair Mumkin Plotted Commercial","status":"DISPUTED","data_freshness_status":"STALE","scenario_index":"4588","use_case_description":"Tribal non-alienation protection review","mutation_workflow_status":"HEARING_SCHEDULED","revenue_record_id":"ROR-HR-2025-1008-0071","revenue_record_type":"Jamabandi Nakal (Haryana Jamabandi)","khata_khewat_no":"KHT-58","khatauni_no":"KHN-158","owner_name":"Satish Chand Mittal","owner_name_local":"सतीश चंद मित्तल","co_owners":"","tenure_type":"Waqf / Religious Trust","mutation_status":"DISPUTED","active_mutation_id":"MUT-HR-00000071","tax_demand_status":"PAID","annual_tax_inr":"185.5","deed_number":"DEED-HR-2024-408-0071","deed_type":"Sale Deed / Conveyance","sro_office":"Sub-Registrar Office, Wazirabad Tehsil","execution_date":"2024-05-10","registered_owner":"Sunita Sharma / Aditi Verma","seller_name":"Previous Landholder","consideration_amount_inr":"3500000.0","stamp_duty_inr":"210000.0","survey_sketch_id":"FMB-HR-08-0071","cadastral_sheet_no":"SHT-HR-08","surveyed_area_sqm":"2023.43","survey_status":"SURVEYED","urban_authority":"Wazirabad Tehsil Urban Development & Town Planning Authority","zone_name":"Commercial Core","permitted_land_use":"MIXED_USE","building_permission_status":"SANCTIONED","violations_reported":"False","is_encumbered":"True","encumbrance_certificate_number":"EC-HR-00000071-0071","encumbrance_type":"LEASE_CHARGE","financial_institution":"","mortgage_amount":"0.0","created_at":"2026-01-15T09:00:00Z","updated_at":"2026-09-24T11:30:00Z"}},{"type":"Feature","geometry":{"type":"Polygon","coordinates":[[[75.00742502948061,28.387515374232827],[75.08775569992021,28.38297055801608],[75.07440068912639,28.438554480956363],[75.0029078575591,28.436474645600637],[75.00742502948061,28.387515374232827]]]},"properties":{"ulpin":"06427963730402","parcel_id":"97bc947b-b2b3-4bfb-89c4-8e671fdd229d","state":"Haryana","state_code":"HR","state_type":"STATE","state_lgd_code":"6","district_lgd_code":"80","district_name":"Gurugram","subdistrict_lgd_code":"620","subdistrict_name":"Wazirabad Tehsil","subdistrict_type":"Tehsil / Taluk","village_lgd_code":"61402","village_name":"Badshahpur","khasra_plot_no":"Murabba 45, Killa 12/2/D72","recorded_area":"4.0","recorded_area_unit":"Kanal-Marla","normalized_area_sqm":"2023.43","gis_area_sqm":"2023.43","land_use_category":"OTHER","land_use_raw":"Gair Mumkin Plotted Commercial","status":"ARCHIVED","data_freshness_status":"UNKNOWN","scenario_index":"4589","use_case_description":"Archived historical record for audit retrieval","mutation_workflow_status":"APPROVED","revenue_record_id":"ROR-HR-2025-1008-0072","revenue_record_type":"Jamabandi Nakal (Haryana Jamabandi)","khata_khewat_no":"KHT-58","khatauni_no":"KHN-158","owner_name":"Satish Chand Mittal","owner_name_local":"सतीश चंद मित्तल","co_owners":"","tenure_type":"Tribal Community Tenure","mutation_status":"NONE","active_mutation_id":"MUT-HR-00000072","tax_demand_status":"PAID","annual_tax_inr":"185.5","deed_number":"DEED-HR-2024-408-0072","deed_type":"Sale Deed / Conveyance","sro_office":"Sub-Registrar Office, Wazirabad Tehsil","execution_date":"2024-05-10","registered_owner":"Registry Variance Owner 72","seller_name":"Previous Landholder","consideration_amount_inr":"3500000.0","stamp_duty_inr":"210000.0","survey_sketch_id":"FMB-HR-08-0072","cadastral_sheet_no":"SHT-HR-08","surveyed_area_sqm":"2023.43","survey_status":"PENDING","urban_authority":"Wazirabad Tehsil Urban Development & Town Planning Authority","zone_name":"Commercial Core","permitted_land_use":"OTHER","building_permission_status":"PENDING","violations_reported":"False","is_encumbered":"False","encumbrance_certificate_number":"EC-HR-2024-108-0072","encumbrance_type":"NIL","financial_institution":"","mortgage_amount":"0.0","created_at":"2026-01-15T09:00:00Z","updated_at":"2026-09-24T11:30:00Z"}},{"type":"Feature","geometry":{"type":"Polygon","coordinates":[[[75.11665605034182,28.986185623930037],[75.18305040807643,28.98668585433474],[75.17003050474891,29.054540619276953],[75.12078049033903,29.04387559615846],[75.11665605034182,28.986185623930037]]]},"properties":{"ulpin":"06735684237813","parcel_id":"5cc158d9-135c-4f23-a8ed-536cd1c9d73a","state":"Haryana","state_code":"HR","state_type":"STATE","state_lgd_code":"6","district_lgd_code":"80","district_name":"Gurugram","subdistrict_lgd_code":"620","subdistrict_name":"Wazirabad Tehsil","subdistrict_type":"Tehsil / Taluk","village_lgd_code":"61402","village_name":"Badshahpur","khasra_plot_no":"Murabba 45, Killa 12/2/D73","recorded_area":"4.0","recorded_area_unit":"Kanal-Marla","normalized_area_sqm":"2023.43","gis_area_sqm":"2023.43","land_use_category":"RESIDENTIAL","land_use_raw":"Gair Mumkin Plotted Commercial","status":"ACTIVE","data_freshness_status":"CURRENT","scenario_index":"4590","use_case_description":"Subdivision or amalgamation history review","mutation_workflow_status":"REJECTED","revenue_record_id":"ROR-HR-2025-1008-0073","revenue_record_type":"Jamabandi Nakal (Haryana Jamabandi)","khata_khewat_no":"KHT-58","khatauni_no":"KHN-158","owner_name":"Satish Chand Mittal","owner_name_local":"सतीश चंद मित्तल","co_owners":"","tenure_type":"Bhumiswami / Raiyati with Transferable Rights","mutation_status":"MUTATED","active_mutation_id":"","tax_demand_status":"PAID","annual_tax_inr":"185.5","deed_number":"DEED-HR-2024-408-0073","deed_type":"Sale Deed / Conveyance","sro_office":"Sub-Registrar Office, Wazirabad Tehsil","execution_date":"2024-05-10","registered_owner":"Sunita Sharma / Aditi Verma","seller_name":"Previous Landholder","consideration_amount_inr":"3500000.0","stamp_duty_inr":"210000.0","survey_sketch_id":"FMB-HR-08-0073","cadastral_sheet_no":"SHT-HR-08","surveyed_area_sqm":"2023.43","survey_status":"DISPUTED","urban_authority":"Wazirabad Tehsil Urban Development & Town Planning Authority","zone_name":"Commercial Core","permitted_land_use":"RESIDENTIAL","building_permission_status":"REJECTED","violations_reported":"False","is_encumbered":"True","encumbrance_certificate_number":"EC-HR-00000073-0073","encumbrance_type":"BANK_MORTGAGE","financial_institution":"","mortgage_amount":"0.0","created_at":"2026-01-15T09:00:00Z","updated_at":"2026-09-24T11:30:00Z"}},{"type":"Feature","geometry":{"type":"Polygon","coordinates":[[[74.94355999943753,29.05268528339894],[75.00124722420333,29.044326239026933],[74.99895694621458,29.107467326403416],[74.93298439670835,29.108860319497577],[74.94355999943753,29.05268528339894]]]},"properties":{"ulpin":"06462939319892","parcel_id":"f222d95a-1fe1-4b98-803e-9036fdf68c82","state":"Haryana","state_code":"HR","state_type":"STATE","state_lgd_code":"6","district_lgd_code":"80","district_name":"Gurugram","subdistrict_lgd_code":"620","subdistrict_name":"Wazirabad Tehsil","subdistrict_type":"Tehsil / Taluk","village_lgd_code":"61402","village_name":"Badshahpur","khasra_plot_no":"Murabba 45, Killa 12/2/D74","recorded_area":"4.0","recorded_area_unit":"Kanal-Marla","normalized_area_sqm":"2023.43","gis_area_sqm":"2023.43","land_use_category":"COMMERCIAL","land_use_raw":"Gair Mumkin Plotted Commercial","status":"PENDING_MUTATION","data_freshness_status":"STALE","scenario_index":"4591","use_case_description":"Archived historical record for audit retrieval","mutation_workflow_status":"SLA_BREACHED","revenue_record_id":"ROR-HR-2025-1008-0074","revenue_record_type":"Jamabandi Nakal (Haryana Jamabandi)","khata_khewat_no":"KHT-58","khatauni_no":"KHN-158","owner_name":"Satish Chand Mittal","owner_name_local":"सतीश चंद मित्तल","co_owners":"","tenure_type":"Bhumiswami / Freehold","mutation_status":"PENDING","active_mutation_id":"MUT-HR-00000074","tax_demand_status":"PAID","annual_tax_inr":"185.5","deed_number":"DEED-HR-2024-408-0074","deed_type":"Sale Deed / Conveyance","sro_office":"Sub-Registrar Office, Wazirabad Tehsil","execution_date":"2024-05-10","registered_owner":"Sunita Sharma / Aditi Verma","seller_name":"Previous Landholder","consideration_amount_inr":"3500000.0","stamp_duty_inr":"210000.0","survey_sketch_id":"FMB-HR-08-0074","cadastral_sheet_no":"SHT-HR-08","surveyed_area_sqm":"2023.43","survey_status":"RESURVEY_REQUIRED","urban_authority":"Wazirabad Tehsil Urban Development & Town Planning Authority","zone_name":"Commercial Core","permitted_land_use":"COMMERCIAL","building_permission_status":"NOT_APPLICABLE","violations_reported":"False","is_encumbered":"True","encumbrance_certificate_number":"EC-HR-00000074-0074","encumbrance_type":"GOVT_REVENUE_LIEN","financial_institution":"","mortgage_amount":"0.0","created_at":"2026-01-15T09:00:00Z","updated_at":"2026-09-24T11:30:00Z"}},{"type":"Feature","geometry":{"type":"Polygon","coordinates":[[[74.95219035531653,28.556469701538727],[75.01078275557839,28.551643394454416],[75.00599134889598,28.606726439303934],[74.95536588756876,28.606726439303934],[74.95219035531653,28.556469701538727]]]},"properties":{"ulpin":"06270137231641","parcel_id":"918d5835-bcf1-4c27-9c9c-fbbee6e493d1","state":"Haryana","state_code":"HR","state_type":"STATE","state_lgd_code":"6","district_lgd_code":"80","district_name":"Gurugram","subdistrict_lgd_code":"620","subdistrict_name":"Wazirabad Tehsil","subdistrict_type":"Tehsil / Taluk","village_lgd_code":"61402","village_name":"Badshahpur","khasra_plot_no":"Murabba 45, Killa 12/2/D75","recorded_area":"4.0","recorded_area_unit":"Kanal-Marla","normalized_area_sqm":"2023.43","gis_area_sqm":"2023.43","land_use_category":"INDUSTRIAL","land_use_raw":"Gair Mumkin Plotted Commercial","status":"SUBDIVIDED","data_freshness_status":"UNKNOWN","scenario_index":"4592","use_case_description":"Bank mortgage and active encumbrance","mutation_workflow_status":"SUBMITTED","revenue_record_id":"ROR-HR-2025-1008-0075","revenue_record_type":"Jamabandi Nakal (Haryana Jamabandi)","khata_khewat_no":"KHT-58","khatauni_no":"KHN-158","owner_name":"Satish Chand Mittal","owner_name_local":"सतीश चंद मित्तल","co_owners":"","tenure_type":"Leasehold","mutation_status":"UNMUTATED_TRANSACTION","active_mutation_id":"MUT-HR-00000075","tax_demand_status":"PAID","annual_tax_inr":"185.5","deed_number":"DEED-HR-2024-408-0075","deed_type":"Sale Deed / Conveyance","sro_office":"Sub-Registrar Office, Wazirabad Tehsil","execution_date":"2024-05-10","registered_owner":"Sunita Sharma / Aditi Verma","seller_name":"Previous Landholder","consideration_amount_inr":"3500000.0","stamp_duty_inr":"210000.0","survey_sketch_id":"FMB-HR-08-0075","cadastral_sheet_no":"SHT-HR-08","surveyed_area_sqm":"2023.43","survey_status":"SURVEYED","urban_authority":"Wazirabad Tehsil Urban Development & Town Planning Authority","zone_name":"Commercial Core","permitted_land_use":"INDUSTRIAL","building_permission_status":"SANCTIONED","violations_reported":"True","is_encumbered":"True","encumbrance_certificate_number":"EC-HR-00000075-0075","encumbrance_type":"COURT_ATTACHMENT","financial_institution":"","mortgage_amount":"0.0","created_at":"2026-01-15T09:00:00Z","updated_at":"2026-09-24T11:30:00Z"}},{"type":"Feature","geometry":{"type":"Polygon","coordinates":[[[75.73683719623168,28.486832200694113],[75.7871349639811,28.49324652535311],[75.7939893107588,28.532717090366635],[75.7226713690206,28.54653611664549],[75.73683719623168,28.486832200694113]]]},"properties":{"ulpin":"06595909831859","parcel_id":"49237ace-52d9-4790-8792-56ff62d2d291","state":"Haryana","state_code":"HR","state_type":"STATE","state_lgd_code":"6","district_lgd_code":"80","district_name":"Gurugram","subdistrict_lgd_code":"620","subdistrict_name":"Wazirabad Tehsil","subdistrict_type":"Tehsil / Taluk","village_lgd_code":"61402","village_name":"Badshahpur","khasra_plot_no":"Murabba 45, Killa 12/2/D76","recorded_area":"4.0","recorded_area_unit":"Kanal-Marla","normalized_area_sqm":"2023.43","gis_area_sqm":"2023.43","land_use_category":"AGRICULTURAL","land_use_raw":"Gair Mumkin Plotted Commercial","status":"AMALGAMATED","data_freshness_status":"CURRENT","scenario_index":"4593","use_case_description":"Government revenue lien and tax demand","mutation_workflow_status":"UNDER_VERIFICATION","revenue_record_id":"ROR-HR-2025-1008-0076","revenue_record_type":"Jamabandi Nakal (Haryana Jamabandi)","khata_khewat_no":"KHT-58","khatauni_no":"KHN-158","owner_name":"Satish Chand Mittal","owner_name_local":"सतीश चंद मित्तल","co_owners":"","tenure_type":"Government Grant","mutation_status":"REJECTED","active_mutation_id":"MUT-HR-00000076","tax_demand_status":"PAID","annual_tax_inr":"185.5","deed_number":"DEED-HR-2024-408-0076","deed_type":"Sale Deed / Conveyance","sro_office":"Sub-Registrar Office, Wazirabad Tehsil","execution_date":"2024-05-10","registered_owner":"Sunita Sharma / Aditi Verma","seller_name":"Previous Landholder","consideration_amount_inr":"3500000.0","stamp_duty_inr":"210000.0","survey_sketch_id":"FMB-HR-08-0076","cadastral_sheet_no":"SHT-HR-08","surveyed_area_sqm":"2023.43","survey_status":"PENDING","urban_authority":"Wazirabad Tehsil Urban Development & Town Planning Authority","zone_name":"Commercial Core","permitted_land_use":"AGRICULTURAL","building_permission_status":"PENDING","violations_reported":"False","is_encumbered":"True","encumbrance_certificate_number":"EC-HR-00000076-0076","encumbrance_type":"TRIBAL_NON_ALIENATION","financial_institution":"","mortgage_amount":"0.0","created_at":"2026-01-15T09:00:00Z","updated_at":"2026-09-24T11:30:00Z"}},{"type":"Feature","geometry":{"type":"Polygon","coordinates":[[[76.40976330484558,28.357061147389036],[76.46349100345921,28.363299309372564],[76.44956465786784,28.40549310797486],[76.40075105802221,28.40549310797486],[76.40976330484558,28.357061147389036]]]},"properties":{"ulpin":"06159696553025","parcel_id":"0d59f55b-ed79-456e-a906-237569d7552e","state":"Haryana","state_code":"HR","state_type":"STATE","state_lgd_code":"6","district_lgd_code":"80","district_name":"Gurugram","subdistrict_lgd_code":"620","subdistrict_name":"Wazirabad Tehsil","subdistrict_type":"Tehsil / Taluk","village_lgd_code":"61402","village_name":"Badshahpur","khasra_plot_no":"Murabba 45, Killa 12/2/D77","recorded_area":"4.0","recorded_area_unit":"Kanal-Marla","normalized_area_sqm":"2023.43","gis_area_sqm":"2023.43","land_use_category":"INSTITUTIONAL","land_use_raw":"Gair Mumkin Plotted Commercial","status":"DISPUTED","data_freshness_status":"STALE","scenario_index":"4594","use_case_description":"Court attachment and disputed possession","mutation_workflow_status":"NOTICE_PERIOD","revenue_record_id":"ROR-HR-2025-1008-0077","revenue_record_type":"Jamabandi Nakal (Haryana Jamabandi)","khata_khewat_no":"KHT-58","khatauni_no":"KHN-158","owner_name":"Satish Chand Mittal","owner_name_local":"सतीश चंद मित्तल","co_owners":"","tenure_type":"Waqf / Religious Trust","mutation_status":"DISPUTED","active_mutation_id":"MUT-HR-00000077","tax_demand_status":"PAID","annual_tax_inr":"185.5","deed_number":"DEED-HR-2024-408-0077","deed_type":"Sale Deed / Conveyance","sro_office":"Sub-Registrar Office, Wazirabad Tehsil","execution_date":"2024-05-10","registered_owner":"Registry Variance Owner 77","seller_name":"Previous Landholder","consideration_amount_inr":"3500000.0","stamp_duty_inr":"210000.0","survey_sketch_id":"FMB-HR-08-0077","cadastral_sheet_no":"SHT-HR-08","surveyed_area_sqm":"2023.43","survey_status":"DISPUTED","urban_authority":"Wazirabad Tehsil Urban Development & Town Planning Authority","zone_name":"Commercial Core","permitted_land_use":"INSTITUTIONAL","building_permission_status":"REJECTED","violations_reported":"False","is_encumbered":"True","encumbrance_certificate_number":"EC-HR-00000077-0077","encumbrance_type":"LEASE_CHARGE","financial_institution":"","mortgage_amount":"0.0","created_at":"2026-01-15T09:00:00Z","updated_at":"2026-09-24T11:30:00Z"}},{"type":"Feature","geometry":{"type":"Polygon","coordinates":[[[76.41185754949473,29.444610088351855],[76.48064589408715,29.444610088351855],[76.47747403137215,29.49960730965013],[76.41325992016053,29.498906584528594],[76.41185754949473,29.444610088351855]]]},"properties":{"ulpin":"06753143146154","parcel_id":"a94e7a24-6b62-42ee-8dda-f60855792e3c","state":"Haryana","state_code":"HR","state_type":"STATE","state_lgd_code":"6","district_lgd_code":"80","district_name":"Gurugram","subdistrict_lgd_code":"620","subdistrict_name":"Wazirabad Tehsil","subdistrict_type":"Tehsil / Taluk","village_lgd_code":"61402","village_name":"Badshahpur","khasra_plot_no":"Murabba 45, Killa 12/2/D78","recorded_area":"4.0","recorded_area_unit":"Kanal-Marla","normalized_area_sqm":"2023.43","gis_area_sqm":"2023.43","land_use_category":"FOREST_GREEN_BELT","land_use_raw":"Gair Mumkin Plotted Commercial","status":"ARCHIVED","data_freshness_status":"UNKNOWN","scenario_index":"4595","use_case_description":"Cadastral area discrepancy requiring resurvey","mutation_workflow_status":"HEARING_SCHEDULED","revenue_record_id":"ROR-HR-2025-1008-0078","revenue_record_type":"Jamabandi Nakal (Haryana Jamabandi)","khata_khewat_no":"KHT-58","khatauni_no":"KHN-158","owner_name":"Satish Chand Mittal","owner_name_local":"सतीश चंद मित्तल","co_owners":"","tenure_type":"Tribal Community Tenure","mutation_status":"NONE","active_mutation_id":"MUT-HR-00000078","tax_demand_status":"PAID","annual_tax_inr":"185.5","deed_number":"DEED-HR-2024-408-0078","deed_type":"Sale Deed / Conveyance","sro_office":"Sub-Registrar Office, Wazirabad Tehsil","execution_date":"2024-05-10","registered_owner":"Sunita Sharma / Aditi Verma","seller_name":"Previous Landholder","consideration_amount_inr":"3500000.0","stamp_duty_inr":"210000.0","survey_sketch_id":"FMB-HR-08-0078","cadastral_sheet_no":"SHT-HR-08","surveyed_area_sqm":"2023.43","survey_status":"RESURVEY_REQUIRED","urban_authority":"Wazirabad Tehsil Urban Development & Town Planning Authority","zone_name":"Commercial Core","permitted_land_use":"FOREST_GREEN_BELT","building_permission_status":"NOT_APPLICABLE","violations_reported":"False","is_encumbered":"False","encumbrance_certificate_number":"EC-HR-2024-108-0078","encumbrance_type":"NIL","financial_institution":"","mortgage_amount":"0.0","created_at":"2026-01-15T09:00:00Z","updated_at":"2026-09-24T11:30:00Z"}},{"type":"Feature","geometry":{"type":"Polygon","coordinates":[[[76.24957499992772,28.212270592421778],[76.29653118542421,28.21202013235509],[76.31154023852321,28.269101901696555],[76.25136062745781,28.262845612797147],[76.24957499992772,28.212270592421778]]]},"properties":{"ulpin":"06720103574547","parcel_id":"4132c8d8-7fc1-43ef-961a-99e5e4b55ecb","state":"Haryana","state_code":"HR","state_type":"STATE","state_lgd_code":"6","district_lgd_code":"80","district_name":"Gurugram","subdistrict_lgd_code":"620","subdistrict_name":"Wazirabad Tehsil","subdistrict_type":"Tehsil / Taluk","village_lgd_code":"61402","village_name":"Badshahpur","khasra_plot_no":"Murabba 45, Killa 12/2/D79","recorded_area":"4.0","recorded_area_unit":"Kanal-Marla","normalized_area_sqm":"2023.43","gis_area_sqm":"2023.43","land_use_category":"WATER_BODY","land_use_raw":"Gair Mumkin Plotted Commercial","status":"ACTIVE","data_freshness_status":"CURRENT","scenario_index":"4596","use_case_description":"Lease charge and institutional tenancy","mutation_workflow_status":"APPROVED","revenue_record_id":"ROR-HR-2025-1008-0079","revenue_record_type":"Jamabandi Nakal (Haryana Jamabandi)","khata_khewat_no":"KHT-58","khatauni_no":"KHN-158","owner_name":"Satish Chand Mittal","owner_name_local":"सतीश चंद मित्तल","co_owners":"","tenure_type":"Bhumiswami / Raiyati with Transferable Rights","mutation_status":"MUTATED","active_mutation_id":"","tax_demand_status":"PAID","annual_tax_inr":"185.5","deed_number":"DEED-HR-2024-408-0079","deed_type":"Sale Deed / Conveyance","sro_office":"Sub-Registrar Office, Wazirabad Tehsil","execution_date":"2024-05-10","registered_owner":"Sunita Sharma / Aditi Verma","seller_name":"Previous Landholder","consideration_amount_inr":"3500000.0","stamp_duty_inr":"210000.0","survey_sketch_id":"FMB-HR-08-0079","cadastral_sheet_no":"SHT-HR-08","surveyed_area_sqm":"2023.43","survey_status":"SURVEYED","urban_authority":"Wazirabad Tehsil Urban Development & Town Planning Authority","zone_name":"Commercial Core","permitted_land_use":"WATER_BODY","building_permission_status":"SANCTIONED","violations_reported":"False","is_encumbered":"True","encumbrance_certificate_number":"EC-HR-00000079-0079","encumbrance_type":"BANK_MORTGAGE","financial_institution":"","mortgage_amount":"0.0","created_at":"2026-01-15T09:00:00Z","updated_at":"2026-09-24T11:30:00Z"}},{"type":"Feature","geometry":{"type":"Polygon","coordinates":[[[75.01682270338462,28.502666119722587],[75.07887990473814,28.490408824369055],[75.07448534767568,28.55991811743725],[75.01078275557839,28.551643394454416],[75.01682270338462,28.502666119722587]]]},"properties":{"ulpin":"06091304175604","parcel_id":"0b119a7c-1518-4600-b6b2-4f308e4f58f7","state":"Haryana","state_code":"HR","state_type":"STATE","state_lgd_code":"6","district_lgd_code":"80","district_name":"Gurugram","subdistrict_lgd_code":"620","subdistrict_name":"Wazirabad Tehsil","subdistrict_type":"Tehsil / Taluk","village_lgd_code":"61402","village_name":"Badshahpur","khasra_plot_no":"Murabba 45, Killa 12/2/D80","recorded_area":"4.0","recorded_area_unit":"Kanal-Marla","normalized_area_sqm":"2023.43","gis_area_sqm":"2023.43","land_use_category":"MIXED_USE","land_use_raw":"Gair Mumkin Plotted Commercial","status":"PENDING_MUTATION","data_freshness_status":"STALE","scenario_index":"4597","use_case_description":"Subdivision or amalgamation history review","mutation_workflow_status":"REJECTED","revenue_record_id":"ROR-HR-2025-1008-0080","revenue_record_type":"Jamabandi Nakal (Haryana Jamabandi)","khata_khewat_no":"KHT-58","khatauni_no":"KHN-158","owner_name":"Satish Chand Mittal","owner_name_local":"सतीश चंद मित्तल","co_owners":"","tenure_type":"Bhumiswami / Freehold","mutation_status":"PENDING","active_mutation_id":"MUT-HR-00000080","tax_demand_status":"PAID","annual_tax_inr":"185.5","deed_number":"DEED-HR-2024-408-0080","deed_type":"Sale Deed / Conveyance","sro_office":"Sub-Registrar Office, Wazirabad Tehsil","execution_date":"2024-05-10","registered_owner":"Sunita Sharma / Aditi Verma","seller_name":"Previous Landholder","consideration_amount_inr":"3500000.0","stamp_duty_inr":"210000.0","survey_sketch_id":"FMB-HR-08-0080","cadastral_sheet_no":"SHT-HR-08","surveyed_area_sqm":"2023.43","survey_status":"PENDING","urban_authority":"Wazirabad Tehsil Urban Development & Town Planning Authority","zone_name":"Commercial Core","permitted_land_use":"MIXED_USE","building_permission_status":"PENDING","violations_reported":"False","is_encumbered":"True","encumbrance_certificate_number":"EC-HR-00000080-0080","encumbrance_type":"GOVT_REVENUE_LIEN","financial_institution":"","mortgage_amount":"0.0","created_at":"2026-01-15T09:00:00Z","updated_at":"2026-09-24T11:30:00Z"}},{"type":"Feature","geometry":{"type":"Polygon","coordinates":[[[74.75894355835246,29.521841429852948],[74.80785032164783,29.521651419829514],[74.8146784901138,29.559624470877527],[74.75894355835246,29.561589810867098],[74.75894355835246,29.521841429852948]]]},"properties":{"ulpin":"06014381050820","parcel_id":"679ef8f1-96ae-4ea3-8fc2-c829f1a28fd1","state":"Haryana","state_code":"HR","state_type":"STATE","state_lgd_code":"6","district_lgd_code":"80","district_name":"Gurugram","subdistrict_lgd_code":"620","subdistrict_name":"Wazirabad Tehsil","subdistrict_type":"Tehsil / Taluk","village_lgd_code":"61402","village_name":"Badshahpur","khasra_plot_no":"Murabba 45, Killa 12/2/D81","recorded_area":"4.0","recorded_area_unit":"Kanal-Marla","normalized_area_sqm":"2023.43","gis_area_sqm":"2023.43","land_use_category":"OTHER","land_use_raw":"Gair Mumkin Plotted Commercial","status":"SUBDIVIDED","data_freshness_status":"UNKNOWN","scenario_index":"4598","use_case_description":"Archived historical record for audit retrieval","mutation_workflow_status":"SLA_BREACHED","revenue_record_id":"ROR-HR-2025-1008-0081","revenue_record_type":"Jamabandi Nakal (Haryana Jamabandi)","khata_khewat_no":"KHT-58","khatauni_no":"KHN-158","owner_name":"Satish Chand Mittal","owner_name_local":"सतीश चंद मित्तल","co_owners":"","tenure_type":"Leasehold","mutation_status":"UNMUTATED_TRANSACTION","active_mutation_id":"MUT-HR-00000081","tax_demand_status":"PAID","annual_tax_inr":"185.5","deed_number":"DEED-HR-2024-408-0081","deed_type":"Sale Deed / Conveyance","sro_office":"Sub-Registrar Office, Wazirabad Tehsil","execution_date":"2024-05-10","registered_owner":"Sunita Sharma / Aditi Verma","seller_name":"Previous Landholder","consideration_amount_inr":"3500000.0","stamp_duty_inr":"210000.0","survey_sketch_id":"FMB-HR-08-0081","cadastral_sheet_no":"SHT-HR-08","surveyed_area_sqm":"2023.43","survey_status":"DISPUTED","urban_authority":"Wazirabad Tehsil Urban Development & Town Planning Authority","zone_name":"Commercial Core","permitted_land_use":"OTHER","building_permission_status":"REJECTED","violations_reported":"False","is_encumbered":"True","encumbrance_certificate_number":"EC-HR-00000081-0081","encumbrance_type":"COURT_ATTACHMENT","financial_institution":"","mortgage_amount":"0.0","created_at":"2026-01-15T09:00:00Z","updated_at":"2026-09-24T11:30:00Z"}},{"type":"Feature","geometry":{"type":"Polygon","coordinates":[[[76.19505630606965,29.76944495977389],[76.24851335505593,29.75901793473544],[76.25324997373424,29.814031641575973],[76.1859189383834,29.81425752155312],[76.19505630606965,29.76944495977389]]]},"properties":{"ulpin":"06942492059249","parcel_id":"f9d9b303-91ba-42d0-8974-66330719e595","state":"Haryana","state_code":"HR","state_type":"STATE","state_lgd_code":"6","district_lgd_code":"80","district_name":"Gurugram","subdistrict_lgd_code":"620","subdistrict_name":"Wazirabad Tehsil","subdistrict_type":"Tehsil / Taluk","village_lgd_code":"61402","village_name":"Badshahpur","khasra_plot_no":"Murabba 45, Killa 12/2/D82","recorded_area":"4.0","recorded_area_unit":"Kanal-Marla","normalized_area_sqm":"2023.43","gis_area_sqm":"2023.43","land_use_category":"RESIDENTIAL","land_use_raw":"Gair Mumkin Plotted Commercial","status":"AMALGAMATED","data_freshness_status":"CURRENT","scenario_index":"4599","use_case_description":"Bank mortgage and active encumbrance","mutation_workflow_status":"SUBMITTED","revenue_record_id":"ROR-HR-2025-1008-0082","revenue_record_type":"Jamabandi Nakal (Haryana Jamabandi)","khata_khewat_no":"KHT-58","khatauni_no":"KHN-158","owner_name":"Satish Chand Mittal","owner_name_local":"सतीश चंद मित्तल","co_owners":"","tenure_type":"Government Grant","mutation_status":"REJECTED","active_mutation_id":"MUT-HR-00000082","tax_demand_status":"PAID","annual_tax_inr":"185.5","deed_number":"DEED-HR-2024-408-0082","deed_type":"Sale Deed / Conveyance","sro_office":"Sub-Registrar Office, Wazirabad Tehsil","execution_date":"2024-05-10","registered_owner":"Registry Variance Owner 82","seller_name":"Previous Landholder","consideration_amount_inr":"3500000.0","stamp_duty_inr":"210000.0","survey_sketch_id":"FMB-HR-08-0082","cadastral_sheet_no":"SHT-HR-08","surveyed_area_sqm":"2023.43","survey_status":"RESURVEY_REQUIRED","urban_authority":"Wazirabad Tehsil Urban Development & Town Planning Authority","zone_name":"Commercial Core","permitted_land_use":"RESIDENTIAL","building_permission_status":"NOT_APPLICABLE","violations_reported":"True","is_encumbered":"True","encumbrance_certificate_number":"EC-HR-00000082-0082","encumbrance_type":"TRIBAL_NON_ALIENATION","financial_institution":"","mortgage_amount":"0.0","created_at":"2026-01-15T09:00:00Z","updated_at":"2026-09-24T11:30:00Z"}},{"type":"Feature","geometry":{"type":"Polygon","coordinates":[[[76.20311165081026,27.982296658942136],[76.24749632768062,27.982296658942136],[76.2554725495031,28.034257860374815],[76.2078919977618,28.029714677093068],[76.20311165081026,27.982296658942136]]]},"properties":{"ulpin":"06892650952698","parcel_id":"1054165c-21c1-4aa0-b619-916f377234df","state":"Haryana","state_code":"HR","state_type":"STATE","state_lgd_code":"6","district_lgd_code":"80","district_name":"Gurugram","subdistrict_lgd_code":"620","subdistrict_name":"Wazirabad Tehsil","subdistrict_type":"Tehsil / Taluk","village_lgd_code":"61402","village_name":"Badshahpur","khasra_plot_no":"Murabba 45, Killa 12/2/D83","recorded_area":"4.0","recorded_area_unit":"Kanal-Marla","normalized_area_sqm":"2023.43","gis_area_sqm":"2023.43","land_use_category":"COMMERCIAL","land_use_raw":"Gair Mumkin Plotted Commercial","status":"DISPUTED","data_freshness_status":"STALE","scenario_index":"4600","use_case_description":"Government revenue lien and tax demand","mutation_workflow_status":"UNDER_VERIFICATION","revenue_record_id":"ROR-HR-2025-1008-0083","revenue_record_type":"Jamabandi Nakal (Haryana Jamabandi)","khata_khewat_no":"KHT-58","khatauni_no":"KHN-158","owner_name":"Satish Chand Mittal","owner_name_local":"सतीश चंद मित्तल","co_owners":"","tenure_type":"Waqf / Religious Trust","mutation_status":"DISPUTED","active_mutation_id":"MUT-HR-00000083","tax_demand_status":"PAID","annual_tax_inr":"185.5","deed_number":"DEED-HR-2024-408-0083","deed_type":"Sale Deed / Conveyance","sro_office":"Sub-Registrar Office, Wazirabad Tehsil","execution_date":"2024-05-10","registered_owner":"Sunita Sharma / Aditi Verma","seller_name":"Previous Landholder","consideration_amount_inr":"3500000.0","stamp_duty_inr":"210000.0","survey_sketch_id":"FMB-HR-08-0083","cadastral_sheet_no":"SHT-HR-08","surveyed_area_sqm":"2023.43","survey_status":"SURVEYED","urban_authority":"Wazirabad Tehsil Urban Development & Town Planning Authority","zone_name":"Commercial Core","permitted_land_use":"COMMERCIAL","building_permission_status":"SANCTIONED","violations_reported":"False","is_encumbered":"True","encumbrance_certificate_number":"EC-HR-00000083-0083","encumbrance_type":"LEASE_CHARGE","financial_institution":"","mortgage_amount":"0.0","created_at":"2026-01-15T09:00:00Z","updated_at":"2026-09-24T11:30:00Z"}},{"type":"Feature","geometry":{"type":"Polygon","coordinates":[[[75.17003050474891,29.054540619276953],[75.23402381262105,29.05382327368745],[75.23949755460829,29.113458593266238],[75.1759562504397,29.10722591234775],[75.17003050474891,29.054540619276953]]]},"properties":{"ulpin":"06406417187566","parcel_id":"0933e024-fd91-4541-a186-f942b17dfb95","state":"Haryana","state_code":"HR","state_type":"STATE","state_lgd_code":"6","district_lgd_code":"80","district_name":"Gurugram","subdistrict_lgd_code":"620","subdistrict_name":"Wazirabad Tehsil","subdistrict_type":"Tehsil / Taluk","village_lgd_code":"61402","village_name":"Badshahpur","khasra_plot_no":"Murabba 45, Killa 12/2/D84","recorded_area":"4.0","recorded_area_unit":"Kanal-Marla","normalized_area_sqm":"2023.43","gis_area_sqm":"2023.43","land_use_category":"INDUSTRIAL","land_use_raw":"Gair Mumkin Plotted Commercial","status":"ARCHIVED","data_freshness_status":"UNKNOWN","scenario_index":"4601","use_case_description":"Tribal non-alienation protection review","mutation_workflow_status":"NOTICE_PERIOD","revenue_record_id":"ROR-HR-2025-1008-0084","revenue_record_type":"Jamabandi Nakal (Haryana Jamabandi)","khata_khewat_no":"KHT-58","khatauni_no":"KHN-158","owner_name":"Satish Chand Mittal","owner_name_local":"सतीश चंद मित्तल","co_owners":"","tenure_type":"Tribal Community Tenure","mutation_status":"NONE","active_mutation_id":"MUT-HR-00000084","tax_demand_status":"PAID","annual_tax_inr":"185.5","deed_number":"DEED-HR-2024-408-0084","deed_type":"Sale Deed / Conveyance","sro_office":"Sub-Registrar Office, Wazirabad Tehsil","execution_date":"2024-05-10","registered_owner":"Sunita Sharma / Aditi Verma","seller_name":"Previous Landholder","consideration_amount_inr":"3500000.0","stamp_duty_inr":"210000.0","survey_sketch_id":"FMB-HR-08-0084","cadastral_sheet_no":"SHT-HR-08","surveyed_area_sqm":"2023.43","survey_status":"PENDING","urban_authority":"Wazirabad Tehsil Urban Development & Town Planning Authority","zone_name":"Commercial Core","permitted_land_use":"INDUSTRIAL","building_permission_status":"PENDING","violations_reported":"False","is_encumbered":"False","encumbrance_certificate_number":"EC-HR-2024-108-0084","encumbrance_type":"NIL","financial_institution":"","mortgage_amount":"0.0","created_at":"2026-01-15T09:00:00Z","updated_at":"2026-09-24T11:30:00Z"}},{"type":"Feature","geometry":{"type":"Polygon","coordinates":[[[76.07786065747403,29.707197085806776],[76.1332086014094,29.71038511164069],[76.1272385552214,29.76506163273387],[76.07786065747403,29.761376174373613],[76.07786065747403,29.707197085806776]]]},"properties":{"ulpin":"06033305597261","parcel_id":"ac5ef9e4-de86-4d81-bf8d-44e3c94c1c17","state":"Haryana","state_code":"HR","state_type":"STATE","state_lgd_code":"6","district_lgd_code":"80","district_name":"Gurugram","subdistrict_lgd_code":"620","subdistrict_name":"Wazirabad Tehsil","subdistrict_type":"Tehsil / Taluk","village_lgd_code":"61402","village_name":"Badshahpur","khasra_plot_no":"Murabba 45, Killa 12/2/D85","recorded_area":"4.0","recorded_area_unit":"Kanal-Marla","normalized_area_sqm":"2023.43","gis_area_sqm":"2023.43","land_use_category":"AGRICULTURAL","land_use_raw":"Gair Mumkin Plotted Commercial","status":"ACTIVE","data_freshness_status":"CURRENT","scenario_index":"4602","use_case_description":"Tribal non-alienation protection review","mutation_workflow_status":"HEARING_SCHEDULED","revenue_record_id":"ROR-HR-2025-1008-0085","revenue_record_type":"Jamabandi Nakal (Haryana Jamabandi)","khata_khewat_no":"KHT-58","khatauni_no":"KHN-158","owner_name":"Satish Chand Mittal","owner_name_local":"सतीश चंद मित्तल","co_owners":"","tenure_type":"Bhumiswami / Raiyati with Transferable Rights","mutation_status":"MUTATED","active_mutation_id":"","tax_demand_status":"PAID","annual_tax_inr":"185.5","deed_number":"DEED-HR-2024-408-0085","deed_type":"Sale Deed / Conveyance","sro_office":"Sub-Registrar Office, Wazirabad Tehsil","execution_date":"2024-05-10","registered_owner":"Sunita Sharma / Aditi Verma","seller_name":"Previous Landholder","consideration_amount_inr":"3500000.0","stamp_duty_inr":"210000.0","survey_sketch_id":"FMB-HR-08-0085","cadastral_sheet_no":"SHT-HR-08","surveyed_area_sqm":"2023.43","survey_status":"DISPUTED","urban_authority":"Wazirabad Tehsil Urban Development & Town Planning Authority","zone_name":"Commercial Core","permitted_land_use":"AGRICULTURAL","building_permission_status":"REJECTED","violations_reported":"False","is_encumbered":"True","encumbrance_certificate_number":"EC-HR-00000085-0085","encumbrance_type":"BANK_MORTGAGE","financial_institution":"","mortgage_amount":"0.0","created_at":"2026-01-15T09:00:00Z","updated_at":"2026-09-24T11:30:00Z"}},{"type":"Feature","geometry":{"type":"Polygon","coordinates":[[[74.87891332746884,29.051998065596337],[74.94355999943753,29.05268528339894],[74.93298439670835,29.108860319497577],[74.87891332746884,29.117800450607557],[74.87891332746884,29.051998065596337]]]},"properties":{"ulpin":"06151357313156","parcel_id":"1df5457a-e86b-4c5d-8cec-9dcbecc74fc7","state":"Haryana","state_code":"HR","state_type":"STATE","state_lgd_code":"6","district_lgd_code":"80","district_name":"Gurugram","subdistrict_lgd_code":"620","subdistrict_name":"Wazirabad Tehsil","subdistrict_type":"Tehsil / Taluk","village_lgd_code":"61402","village_name":"Badshahpur","khasra_plot_no":"Murabba 45, Killa 12/2/D86","recorded_area":"4.0","recorded_area_unit":"Kanal-Marla","normalized_area_sqm":"2023.43","gis_area_sqm":"2023.43","land_use_category":"INSTITUTIONAL","land_use_raw":"Gair Mumkin Plotted Commercial","status":"PENDING_MUTATION","data_freshness_status":"STALE","scenario_index":"4603","use_case_description":"Lease charge and institutional tenancy","mutation_workflow_status":"APPROVED","revenue_record_id":"ROR-HR-2025-1008-0086","revenue_record_type":"Jamabandi Nakal (Haryana Jamabandi)","khata_khewat_no":"KHT-58","khatauni_no":"KHN-158","owner_name":"Satish Chand Mittal","owner_name_local":"सतीश चंद मित्तल","co_owners":"","tenure_type":"Bhumiswami / Freehold","mutation_status":"PENDING","active_mutation_id":"MUT-HR-00000086","tax_demand_status":"PAID","annual_tax_inr":"185.5","deed_number":"DEED-HR-2024-408-0086","deed_type":"Sale Deed / Conveyance","sro_office":"Sub-Registrar Office, Wazirabad Tehsil","execution_date":"2024-05-10","registered_owner":"Sunita Sharma / Aditi Verma","seller_name":"Previous Landholder","consideration_amount_inr":"3500000.0","stamp_duty_inr":"210000.0","survey_sketch_id":"FMB-HR-08-0086","cadastral_sheet_no":"SHT-HR-08","surveyed_area_sqm":"2023.43","survey_status":"RESURVEY_REQUIRED","urban_authority":"Wazirabad Tehsil Urban Development & Town Planning Authority","zone_name":"Commercial Core","permitted_land_use":"INSTITUTIONAL","building_permission_status":"NOT_APPLICABLE","violations_reported":"False","is_encumbered":"True","encumbrance_certificate_number":"EC-HR-00000086-0086","encumbrance_type":"GOVT_REVENUE_LIEN","financial_institution":"","mortgage_amount":"0.0","created_at":"2026-01-15T09:00:00Z","updated_at":"2026-09-24T11:30:00Z"}},{"type":"Feature","geometry":{"type":"Polygon","coordinates":[[[75.66612487922818,28.114378585545662],[75.72640823535191,28.10089560318433],[75.7300863479975,28.16721944173994],[75.67124460671657,28.154451757765496],[75.66612487922818,28.114378585545662]]]},"properties":{"ulpin":"06310585173870","parcel_id":"9dae3cc0-c834-490c-8b8c-789d09d55121","state":"Haryana","state_code":"HR","state_type":"STATE","state_lgd_code":"6","district_lgd_code":"80","district_name":"Gurugram","subdistrict_lgd_code":"620","subdistrict_name":"Wazirabad Tehsil","subdistrict_type":"Tehsil / Taluk","village_lgd_code":"61402","village_name":"Badshahpur","khasra_plot_no":"Murabba 45, Killa 12/2/D87","recorded_area":"4.0","recorded_area_unit":"Kanal-Marla","normalized_area_sqm":"2023.43","gis_area_sqm":"2023.43","land_use_category":"FOREST_GREEN_BELT","land_use_raw":"Gair Mumkin Plotted Commercial","status":"SUBDIVIDED","data_freshness_status":"UNKNOWN","scenario_index":"4604","use_case_description":"Subdivision or amalgamation history review","mutation_workflow_status":"REJECTED","revenue_record_id":"ROR-HR-2025-1008-0087","revenue_record_type":"Jamabandi Nakal (Haryana Jamabandi)","khata_khewat_no":"KHT-58","khatauni_no":"KHN-158","owner_name":"Satish Chand Mittal","owner_name_local":"सतीश चंद मित्तल","co_owners":"","tenure_type":"Leasehold","mutation_status":"UNMUTATED_TRANSACTION","active_mutation_id":"MUT-HR-00000087","tax_demand_status":"PAID","annual_tax_inr":"185.5","deed_number":"DEED-HR-2024-408-0087","deed_type":"Sale Deed / Conveyance","sro_office":"Sub-Registrar Office, Wazirabad Tehsil","execution_date":"2024-05-10","registered_owner":"Registry Variance Owner 87","seller_name":"Previous Landholder","consideration_amount_inr":"3500000.0","stamp_duty_inr":"210000.0","survey_sketch_id":"FMB-HR-08-0087","cadastral_sheet_no":"SHT-HR-08","surveyed_area_sqm":"2023.43","survey_status":"SURVEYED","urban_authority":"Wazirabad Tehsil Urban Development & Town Planning Authority","zone_name":"Commercial Core","permitted_land_use":"FOREST_GREEN_BELT","building_permission_status":"SANCTIONED","violations_reported":"False","is_encumbered":"True","encumbrance_certificate_number":"EC-HR-00000087-0087","encumbrance_type":"COURT_ATTACHMENT","financial_institution":"","mortgage_amount":"0.0","created_at":"2026-01-15T09:00:00Z","updated_at":"2026-09-24T11:30:00Z"}},{"type":"Feature","geometry":{"type":"Polygon","coordinates":[[[76.20317014661234,28.307796646461693],[76.25104460544114,28.31515113762077],[76.24870689981203,28.353018935099012],[76.20878399982763,28.357999165568025],[76.20317014661234,28.307796646461693]]]},"properties":{"ulpin":"06096084199158","parcel_id":"d841dfba-f3ac-4809-be1d-5e3766bd859c","state":"Haryana","state_code":"HR","state_type":"STATE","state_lgd_code":"6","district_lgd_code":"80","district_name":"Gurugram","subdistrict_lgd_code":"620","subdistrict_name":"Wazirabad Tehsil","subdistrict_type":"Tehsil / Taluk","village_lgd_code":"61402","village_name":"Badshahpur","khasra_plot_no":"Murabba 45, Killa 12/2/D88","recorded_area":"4.0","recorded_area_unit":"Kanal-Marla","normalized_area_sqm":"2023.43","gis_area_sqm":"2023.43","land_use_category":"WATER_BODY","land_use_raw":"Gair Mumkin Plotted Commercial","status":"AMALGAMATED","data_freshness_status":"CURRENT","scenario_index":"4605","use_case_description":"Archived historical record for audit retrieval","mutation_workflow_status":"SLA_BREACHED","revenue_record_id":"ROR-HR-2025-1008-0088","revenue_record_type":"Jamabandi Nakal (Haryana Jamabandi)","khata_khewat_no":"KHT-58","khatauni_no":"KHN-158","owner_name":"Satish Chand Mittal","owner_name_local":"सतीश चंद मित्तल","co_owners":"","tenure_type":"Government Grant","mutation_status":"REJECTED","active_mutation_id":"MUT-HR-00000088","tax_demand_status":"PAID","annual_tax_inr":"185.5","deed_number":"DEED-HR-2024-408-0088","deed_type":"Sale Deed / Conveyance","sro_office":"Sub-Registrar Office, Wazirabad Tehsil","execution_date":"2024-05-10","registered_owner":"Sunita Sharma / Aditi Verma","seller_name":"Previous Landholder","consideration_amount_inr":"3500000.0","stamp_duty_inr":"210000.0","survey_sketch_id":"FMB-HR-08-0088","cadastral_sheet_no":"SHT-HR-08","surveyed_area_sqm":"2023.43","survey_status":"PENDING","urban_authority":"Wazirabad Tehsil Urban Development & Town Planning Authority","zone_name":"Commercial Core","permitted_land_use":"WATER_BODY","building_permission_status":"PENDING","violations_reported":"False","is_encumbered":"True","encumbrance_certificate_number":"EC-HR-00000088-0088","encumbrance_type":"TRIBAL_NON_ALIENATION","financial_institution":"","mortgage_amount":"0.0","created_at":"2026-01-15T09:00:00Z","updated_at":"2026-09-24T11:30:00Z"}},{"type":"Feature","geometry":{"type":"Polygon","coordinates":[[[75.60045781502163,28.375894356173003],[75.66883002557897,28.38629194275118],[75.66835576116208,28.42966935236355],[75.60230997272434,28.433004203255514],[75.60045781502163,28.375894356173003]]]},"properties":{"ulpin":"06387013146275","parcel_id":"308f379f-1aa2-4e69-8129-67cfc237ebb0","state":"Haryana","state_code":"HR","state_type":"STATE","state_lgd_code":"6","district_lgd_code":"80","district_name":"Gurugram","subdistrict_lgd_code":"620","subdistrict_name":"Wazirabad Tehsil","subdistrict_type":"Tehsil / Taluk","village_lgd_code":"61402","village_name":"Badshahpur","khasra_plot_no":"Murabba 45, Killa 12/2/D89","recorded_area":"4.0","recorded_area_unit":"Kanal-Marla","normalized_area_sqm":"2023.43","gis_area_sqm":"2023.43","land_use_category":"MIXED_USE","land_use_raw":"Gair Mumkin Plotted Commercial","status":"DISPUTED","data_freshness_status":"STALE","scenario_index":"4606","use_case_description":"Bank mortgage and active encumbrance","mutation_workflow_status":"SUBMITTED","revenue_record_id":"ROR-HR-2025-1008-0089","revenue_record_type":"Jamabandi Nakal (Haryana Jamabandi)","khata_khewat_no":"KHT-58","khatauni_no":"KHN-158","owner_name":"Satish Chand Mittal","owner_name_local":"सतीश चंद मित्तल","co_owners":"","tenure_type":"Waqf / Religious Trust","mutation_status":"DISPUTED","active_mutation_id":"MUT-HR-00000089","tax_demand_status":"PAID","annual_tax_inr":"185.5","deed_number":"DEED-HR-2024-408-0089","deed_type":"Sale Deed / Conveyance","sro_office":"Sub-Registrar Office, Wazirabad Tehsil","execution_date":"2024-05-10","registered_owner":"Sunita Sharma / Aditi Verma","seller_name":"Previous Landholder","consideration_amount_inr":"3500000.0","stamp_duty_inr":"210000.0","survey_sketch_id":"FMB-HR-08-0089","cadastral_sheet_no":"SHT-HR-08","surveyed_area_sqm":"2023.43","survey_status":"DISPUTED","urban_authority":"Wazirabad Tehsil Urban Development & Town Planning Authority","zone_name":"Commercial Core","permitted_land_use":"MIXED_USE","building_permission_status":"REJECTED","violations_reported":"True","is_encumbered":"True","encumbrance_certificate_number":"EC-HR-00000089-0089","encumbrance_type":"LEASE_CHARGE","financial_institution":"","mortgage_amount":"0.0","created_at":"2026-01-15T09:00:00Z","updated_at":"2026-09-24T11:30:00Z"}},{"type":"Feature","geometry":{"type":"Polygon","coordinates":[[[76.365155167648,29.81256829277028],[76.42276874169438,29.817953586010283],[76.42366205427543,29.867665332829265],[76.36478301005911,29.867665332829265],[76.365155167648,29.81256829277028]]]},"properties":{"ulpin":"06592644101705","parcel_id":"84441ed4-a03e-4de7-9351-c55c03ba54d7","state":"Haryana","state_code":"HR","state_type":"STATE","state_lgd_code":"6","district_lgd_code":"80","district_name":"Gurugram","subdistrict_lgd_code":"620","subdistrict_name":"Wazirabad Tehsil","subdistrict_type":"Tehsil / Taluk","village_lgd_code":"61402","village_name":"Badshahpur","khasra_plot_no":"Murabba 45, Killa 12/2/D90","recorded_area":"4.0","recorded_area_unit":"Kanal-Marla","normalized_area_sqm":"2023.43","gis_area_sqm":"2023.43","land_use_category":"OTHER","land_use_raw":"Gair Mumkin Plotted Commercial","status":"ARCHIVED","data_freshness_status":"UNKNOWN","scenario_index":"4607","use_case_description":"Pending sale mutation within statutory SLA","mutation_workflow_status":"UNDER_VERIFICATION","revenue_record_id":"ROR-HR-2025-1008-0090","revenue_record_type":"Jamabandi Nakal (Haryana Jamabandi)","khata_khewat_no":"KHT-58","khatauni_no":"KHN-158","owner_name":"Satish Chand Mittal","owner_name_local":"सतीश चंद मित्तल","co_owners":"","tenure_type":"Tribal Community Tenure","mutation_status":"NONE","active_mutation_id":"MUT-HR-00000090","tax_demand_status":"PAID","annual_tax_inr":"185.5","deed_number":"DEED-HR-2024-408-0090","deed_type":"Sale Deed / Conveyance","sro_office":"Sub-Registrar Office, Wazirabad Tehsil","execution_date":"2024-05-10","registered_owner":"Sunita Sharma / Aditi Verma","seller_name":"Previous Landholder","consideration_amount_inr":"3500000.0","stamp_duty_inr":"210000.0","survey_sketch_id":"FMB-HR-08-0090","cadastral_sheet_no":"SHT-HR-08","surveyed_area_sqm":"2023.43","survey_status":"RESURVEY_REQUIRED","urban_authority":"Wazirabad Tehsil Urban Development & Town Planning Authority","zone_name":"Commercial Core","permitted_land_use":"OTHER","building_permission_status":"NOT_APPLICABLE","violations_reported":"False","is_encumbered":"False","encumbrance_certificate_number":"EC-HR-2024-108-0090","encumbrance_type":"NIL","financial_institution":"","mortgage_amount":"0.0","created_at":"2026-01-15T09:00:00Z","updated_at":"2026-09-24T11:30:00Z"}},{"type":"Feature","geometry":{"type":"Polygon","coordinates":[[[75.05437143671458,28.922315992285355],[75.11559308840886,28.922315992285355],[75.11665605034182,28.986185623930037],[75.0544989370771,28.984625296397425],[75.05437143671458,28.922315992285355]]]},"properties":{"ulpin":"06342134094961","parcel_id":"f8264b66-0268-4c18-9364-4c41eca6b707","state":"Haryana","state_code":"HR","state_type":"STATE","state_lgd_code":"6","district_lgd_code":"80","district_name":"Gurugram","subdistrict_lgd_code":"620","subdistrict_name":"Wazirabad Tehsil","subdistrict_type":"Tehsil / Taluk","village_lgd_code":"61402","village_name":"Badshahpur","khasra_plot_no":"Murabba 45, Killa 12/2/D91","recorded_area":"4.0","recorded_area_unit":"Kanal-Marla","normalized_area_sqm":"2023.43","gis_area_sqm":"2023.43","land_use_category":"RESIDENTIAL","land_use_raw":"Gair Mumkin Plotted Commercial","status":"ACTIVE","data_freshness_status":"CURRENT","scenario_index":"4608","use_case_description":"Court attachment and disputed possession","mutation_workflow_status":"NOTICE_PERIOD","revenue_record_id":"ROR-HR-2025-1008-0091","revenue_record_type":"Jamabandi Nakal (Haryana Jamabandi)","khata_khewat_no":"KHT-58","khatauni_no":"KHN-158","owner_name":"Satish Chand Mittal","owner_name_local":"सतीश चंद मित्तल","co_owners":"","tenure_type":"Bhumiswami / Raiyati with Transferable Rights","mutation_status":"MUTATED","active_mutation_id":"","tax_demand_status":"PAID","annual_tax_inr":"185.5","deed_number":"DEED-HR-2024-408-0091","deed_type":"Sale Deed / Conveyance","sro_office":"Sub-Registrar Office, Wazirabad Tehsil","execution_date":"2024-05-10","registered_owner":"Sunita Sharma / Aditi Verma","seller_name":"Previous Landholder","consideration_amount_inr":"3500000.0","stamp_duty_inr":"210000.0","survey_sketch_id":"FMB-HR-08-0091","cadastral_sheet_no":"SHT-HR-08","surveyed_area_sqm":"2023.43","survey_status":"SURVEYED","urban_authority":"Wazirabad Tehsil Urban Development & Town Planning Authority","zone_name":"Commercial Core","permitted_land_use":"RESIDENTIAL","building_permission_status":"SANCTIONED","violations_reported":"False","is_encumbered":"True","encumbrance_certificate_number":"EC-HR-00000091-0091","encumbrance_type":"BANK_MORTGAGE","financial_institution":"","mortgage_amount":"0.0","created_at":"2026-01-15T09:00:00Z","updated_at":"2026-09-24T11:30:00Z"}},{"type":"Feature","geometry":{"type":"Polygon","coordinates":[[[75.70490025427692,29.27550458637108],[75.76569124069309,29.27660229880291],[75.76164957856889,29.331073542390474],[75.70118799849625,29.331073542390474],[75.70490025427692,29.27550458637108]]]},"properties":{"ulpin":"06907634190482","parcel_id":"2f02ad56-5592-4173-83c0-bc8696b0b38f","state":"Haryana","state_code":"HR","state_type":"STATE","state_lgd_code":"6","district_lgd_code":"80","district_name":"Gurugram","subdistrict_lgd_code":"620","subdistrict_name":"Wazirabad Tehsil","subdistrict_type":"Tehsil / Taluk","village_lgd_code":"61402","village_name":"Badshahpur","khasra_plot_no":"Murabba 45, Killa 12/2/D92","recorded_area":"4.0","recorded_area_unit":"Kanal-Marla","normalized_area_sqm":"2023.43","gis_area_sqm":"2023.43","land_use_category":"COMMERCIAL","land_use_raw":"Gair Mumkin Plotted Commercial","status":"PENDING_MUTATION","data_freshness_status":"STALE","scenario_index":"4609","use_case_description":"Tribal non-alienation protection review","mutation_workflow_status":"HEARING_SCHEDULED","revenue_record_id":"ROR-HR-2025-1008-0092","revenue_record_type":"Jamabandi Nakal (Haryana Jamabandi)","khata_khewat_no":"KHT-58","khatauni_no":"KHN-158","owner_name":"Satish Chand Mittal","owner_name_local":"सतीश चंद मित्तल","co_owners":"","tenure_type":"Bhumiswami / Freehold","mutation_status":"PENDING","active_mutation_id":"MUT-HR-00000092","tax_demand_status":"PAID","annual_tax_inr":"185.5","deed_number":"DEED-HR-2024-408-0092","deed_type":"Sale Deed / Conveyance","sro_office":"Sub-Registrar Office, Wazirabad Tehsil","execution_date":"2024-05-10","registered_owner":"Registry Variance Owner 92","seller_name":"Previous Landholder","consideration_amount_inr":"3500000.0","stamp_duty_inr":"210000.0","survey_sketch_id":"FMB-HR-08-0092","cadastral_sheet_no":"SHT-HR-08","surveyed_area_sqm":"2023.43","survey_status":"PENDING","urban_authority":"Wazirabad Tehsil Urban Development & Town Planning Authority","zone_name":"Commercial Core","permitted_land_use":"COMMERCIAL","building_permission_status":"PENDING","violations_reported":"False","is_encumbered":"True","encumbrance_certificate_number":"EC-HR-00000092-0092","encumbrance_type":"GOVT_REVENUE_LIEN","financial_institution":"","mortgage_amount":"0.0","created_at":"2026-01-15T09:00:00Z","updated_at":"2026-09-24T11:30:00Z"}},{"type":"Feature","geometry":{"type":"Polygon","coordinates":[[[75.17986340836663,28.922315992285355],[75.23439866708503,28.922315992285355],[75.23204235033455,28.979907474388426],[75.18305040807643,28.98668585433474],[75.17986340836663,28.922315992285355]]]},"properties":{"ulpin":"06690045121924","parcel_id":"00c3665a-9d61-46a2-b183-e079b8588f4a","state":"Haryana","state_code":"HR","state_type":"STATE","state_lgd_code":"6","district_lgd_code":"80","district_name":"Gurugram","subdistrict_lgd_code":"620","subdistrict_name":"Wazirabad Tehsil","subdistrict_type":"Tehsil / Taluk","village_lgd_code":"61402","village_name":"Badshahpur","khasra_plot_no":"Murabba 45, Killa 12/2/D93","recorded_area":"4.0","recorded_area_unit":"Kanal-Marla","normalized_area_sqm":"2023.43","gis_area_sqm":"2023.43","land_use_category":"INDUSTRIAL","land_use_raw":"Gair Mumkin Plotted Commercial","status":"SUBDIVIDED","data_freshness_status":"UNKNOWN","scenario_index":"4610","use_case_description":"Lease charge and institutional tenancy","mutation_workflow_status":"APPROVED","revenue_record_id":"ROR-HR-2025-1008-0093","revenue_record_type":"Jamabandi Nakal (Haryana Jamabandi)","khata_khewat_no":"KHT-58","khatauni_no":"KHN-158","owner_name":"Satish Chand Mittal","owner_name_local":"सतीश चंद मित्तल","co_owners":"","tenure_type":"Leasehold","mutation_status":"UNMUTATED_TRANSACTION","active_mutation_id":"MUT-HR-00000093","tax_demand_status":"PAID","annual_tax_inr":"185.5","deed_number":"DEED-HR-2024-408-0093","deed_type":"Sale Deed / Conveyance","sro_office":"Sub-Registrar Office, Wazirabad Tehsil","execution_date":"2024-05-10","registered_owner":"Sunita Sharma / Aditi Verma","seller_name":"Previous Landholder","consideration_amount_inr":"3500000.0","stamp_duty_inr":"210000.0","survey_sketch_id":"FMB-HR-08-0093","cadastral_sheet_no":"SHT-HR-08","surveyed_area_sqm":"2023.43","survey_status":"DISPUTED","urban_authority":"Wazirabad Tehsil Urban Development & Town Planning Authority","zone_name":"Commercial Core","permitted_land_use":"INDUSTRIAL","building_permission_status":"REJECTED","violations_reported":"False","is_encumbered":"True","encumbrance_certificate_number":"EC-HR-00000093-0093","encumbrance_type":"COURT_ATTACHMENT","financial_institution":"","mortgage_amount":"0.0","created_at":"2026-01-15T09:00:00Z","updated_at":"2026-09-24T11:30:00Z"}},{"type":"Feature","geometry":{"type":"Polygon","coordinates":[[[76.18868229017775,29.444610088351855],[76.25459921493301,29.444610088351855],[76.24098168838657,29.503219012207836],[76.19235782476746,29.501366465760096],[76.18868229017775,29.444610088351855]]]},"properties":{"ulpin":"06505768591324","parcel_id":"d8951234-d93f-474a-86ff-97ad2be50cd0","state":"Haryana","state_code":"HR","state_type":"STATE","state_lgd_code":"6","district_lgd_code":"80","district_name":"Gurugram","subdistrict_lgd_code":"620","subdistrict_name":"Wazirabad Tehsil","subdistrict_type":"Tehsil / Taluk","village_lgd_code":"61402","village_name":"Badshahpur","khasra_plot_no":"Murabba 45, Killa 12/2/D94","recorded_area":"4.0","recorded_area_unit":"Kanal-Marla","normalized_area_sqm":"2023.43","gis_area_sqm":"2023.43","land_use_category":"AGRICULTURAL","land_use_raw":"Gair Mumkin Plotted Commercial","status":"AMALGAMATED","data_freshness_status":"CURRENT","scenario_index":"4611","use_case_description":"Subdivision or amalgamation history review","mutation_workflow_status":"REJECTED","revenue_record_id":"ROR-HR-2025-1008-0094","revenue_record_type":"Jamabandi Nakal (Haryana Jamabandi)","khata_khewat_no":"KHT-58","khatauni_no":"KHN-158","owner_name":"Satish Chand Mittal","owner_name_local":"सतीश चंद मित्तल","co_owners":"","tenure_type":"Government Grant","mutation_status":"REJECTED","active_mutation_id":"MUT-HR-00000094","tax_demand_status":"PAID","annual_tax_inr":"185.5","deed_number":"DEED-HR-2024-408-0094","deed_type":"Sale Deed / Conveyance","sro_office":"Sub-Registrar Office, Wazirabad Tehsil","execution_date":"2024-05-10","registered_owner":"Sunita Sharma / Aditi Verma","seller_name":"Previous Landholder","consideration_amount_inr":"3500000.0","stamp_duty_inr":"210000.0","survey_sketch_id":"FMB-HR-08-0094","cadastral_sheet_no":"SHT-HR-08","surveyed_area_sqm":"2023.43","survey_status":"RESURVEY_REQUIRED","urban_authority":"Wazirabad Tehsil Urban Development & Town Planning Authority","zone_name":"Commercial Core","permitted_land_use":"AGRICULTURAL","building_permission_status":"NOT_APPLICABLE","violations_reported":"False","is_encumbered":"True","encumbrance_certificate_number":"EC-HR-00000094-0094","encumbrance_type":"TRIBAL_NON_ALIENATION","financial_institution":"","mortgage_amount":"0.0","created_at":"2026-01-15T09:00:00Z","updated_at":"2026-09-24T11:30:00Z"}},{"type":"Feature","geometry":{"type":"Polygon","coordinates":[[[74.99049650942807,29.28911845878747],[75.04785301336835,29.29954395931945],[75.06502783202234,29.36107477791787],[74.999790564258,29.36107477791787],[74.99049650942807,29.28911845878747]]]},"properties":{"ulpin":"06797699397288","parcel_id":"4b4eca31-0c01-4dcc-b1c6-5651ca665602","state":"Haryana","state_code":"HR","state_type":"STATE","state_lgd_code":"6","district_lgd_code":"80","district_name":"Gurugram","subdistrict_lgd_code":"620","subdistrict_name":"Wazirabad Tehsil","subdistrict_type":"Tehsil / Taluk","village_lgd_code":"61402","village_name":"Badshahpur","khasra_plot_no":"Murabba 45, Killa 12/2/D95","recorded_area":"4.0","recorded_area_unit":"Kanal-Marla","normalized_area_sqm":"2023.43","gis_area_sqm":"2023.43","land_use_category":"INSTITUTIONAL","land_use_raw":"Gair Mumkin Plotted Commercial","status":"DISPUTED","data_freshness_status":"STALE","scenario_index":"4612","use_case_description":"Archived historical record for audit retrieval","mutation_workflow_status":"SLA_BREACHED","revenue_record_id":"ROR-HR-2025-1008-0095","revenue_record_type":"Jamabandi Nakal (Haryana Jamabandi)","khata_khewat_no":"KHT-58","khatauni_no":"KHN-158","owner_name":"Satish Chand Mittal","owner_name_local":"सतीश चंद मित्तल","co_owners":"","tenure_type":"Waqf / Religious Trust","mutation_status":"DISPUTED","active_mutation_id":"MUT-HR-00000095","tax_demand_status":"PAID","annual_tax_inr":"185.5","deed_number":"DEED-HR-2024-408-0095","deed_type":"Sale Deed / Conveyance","sro_office":"Sub-Registrar Office, Wazirabad Tehsil","execution_date":"2024-05-10","registered_owner":"Sunita Sharma / Aditi Verma","seller_name":"Previous Landholder","consideration_amount_inr":"3500000.0","stamp_duty_inr":"210000.0","survey_sketch_id":"FMB-HR-08-0095","cadastral_sheet_no":"SHT-HR-08","surveyed_area_sqm":"2023.43","survey_status":"SURVEYED","urban_authority":"Wazirabad Tehsil Urban Development & Town Planning Authority","zone_name":"Commercial Core","permitted_land_use":"INSTITUTIONAL","building_permission_status":"SANCTIONED","violations_reported":"False","is_encumbered":"True","encumbrance_certificate_number":"EC-HR-00000095-0095","encumbrance_type":"LEASE_CHARGE","financial_institution":"","mortgage_amount":"0.0","created_at":"2026-01-15T09:00:00Z","updated_at":"2026-09-24T11:30:00Z"}},{"type":"Feature","geometry":{"type":"Polygon","coordinates":[[[75.48907002958286,29.058239326384275],[75.5425401526695,29.058527279241897],[75.5382749583577,29.11705283989845],[75.48272316992694,29.116910328597932],[75.48907002958286,29.058239326384275]]]},"properties":{"ulpin":"06338118084792","parcel_id":"5aa720d4-ef5d-4f12-a44e-b5c31c924d3b","state":"Haryana","state_code":"HR","state_type":"STATE","state_lgd_code":"6","district_lgd_code":"80","district_name":"Gurugram","subdistrict_lgd_code":"620","subdistrict_name":"Wazirabad Tehsil","subdistrict_type":"Tehsil / Taluk","village_lgd_code":"61402","village_name":"Badshahpur","khasra_plot_no":"Murabba 45, Killa 12/2/D96","recorded_area":"4.0","recorded_area_unit":"Kanal-Marla","normalized_area_sqm":"2023.43","gis_area_sqm":"2023.43","land_use_category":"FOREST_GREEN_BELT","land_use_raw":"Gair Mumkin Plotted Commercial","status":"ARCHIVED","data_freshness_status":"UNKNOWN","scenario_index":"4613","use_case_description":"Bank mortgage and active encumbrance","mutation_workflow_status":"SUBMITTED","revenue_record_id":"ROR-HR-2025-1008-0096","revenue_record_type":"Jamabandi Nakal (Haryana Jamabandi)","khata_khewat_no":"KHT-58","khatauni_no":"KHN-158","owner_name":"Satish Chand Mittal","owner_name_local":"सतीश चंद मित्तल","co_owners":"","tenure_type":"Tribal Community Tenure","mutation_status":"NONE","active_mutation_id":"MUT-HR-00000096","tax_demand_status":"PAID","annual_tax_inr":"185.5","deed_number":"DEED-HR-2024-408-0096","deed_type":"Sale Deed / Conveyance","sro_office":"Sub-Registrar Office, Wazirabad Tehsil","execution_date":"2024-05-10","registered_owner":"Sunita Sharma / Aditi Verma","seller_name":"Previous Landholder","consideration_amount_inr":"3500000.0","stamp_duty_inr":"210000.0","survey_sketch_id":"FMB-HR-08-0096","cadastral_sheet_no":"SHT-HR-08","surveyed_area_sqm":"2023.43","survey_status":"PENDING","urban_authority":"Wazirabad Tehsil Urban Development & Town Planning Authority","zone_name":"Commercial Core","permitted_land_use":"FOREST_GREEN_BELT","building_permission_status":"PENDING","violations_reported":"True","is_encumbered":"False","encumbrance_certificate_number":"EC-HR-2024-108-0096","encumbrance_type":"NIL","financial_institution":"","mortgage_amount":"0.0","created_at":"2026-01-15T09:00:00Z","updated_at":"2026-09-24T11:30:00Z"}},{"type":"Feature","geometry":{"type":"Polygon","coordinates":[[[76.36254202998533,29.50325709690893],[76.41325992016053,29.498906584528594],[76.41539192104351,29.551466942306867],[76.36121003879079,29.55283624303856],[76.36254202998533,29.50325709690893]]]},"properties":{"ulpin":"06917303181003","parcel_id":"8d2edd8d-ff15-4a3a-b698-9e0206e5c049","state":"Haryana","state_code":"HR","state_type":"STATE","state_lgd_code":"6","district_lgd_code":"80","district_name":"Gurugram","subdistrict_lgd_code":"620","subdistrict_name":"Wazirabad Tehsil","subdistrict_type":"Tehsil / Taluk","village_lgd_code":"61402","village_name":"Badshahpur","khasra_plot_no":"Murabba 45, Killa 12/2/D97","recorded_area":"4.0","recorded_area_unit":"Kanal-Marla","normalized_area_sqm":"2023.43","gis_area_sqm":"2023.43","land_use_category":"WATER_BODY","land_use_raw":"Gair Mumkin Plotted Commercial","status":"ACTIVE","data_freshness_status":"CURRENT","scenario_index":"4614","use_case_description":"Government revenue lien and tax demand","mutation_workflow_status":"UNDER_VERIFICATION","revenue_record_id":"ROR-HR-2025-1008-0097","revenue_record_type":"Jamabandi Nakal (Haryana Jamabandi)","khata_khewat_no":"KHT-58","khatauni_no":"KHN-158","owner_name":"Satish Chand Mittal","owner_name_local":"सतीश चंद मित्तल","co_owners":"","tenure_type":"Bhumiswami / Raiyati with Transferable Rights","mutation_status":"MUTATED","active_mutation_id":"","tax_demand_status":"PAID","annual_tax_inr":"185.5","deed_number":"DEED-HR-2024-408-0097","deed_type":"Sale Deed / Conveyance","sro_office":"Sub-Registrar Office, Wazirabad Tehsil","execution_date":"2024-05-10","registered_owner":"Registry Variance Owner 97","seller_name":"Previous Landholder","consideration_amount_inr":"3500000.0","stamp_duty_inr":"210000.0","survey_sketch_id":"FMB-HR-08-0097","cadastral_sheet_no":"SHT-HR-08","surveyed_area_sqm":"2023.43","survey_status":"DISPUTED","urban_authority":"Wazirabad Tehsil Urban Development & Town Planning Authority","zone_name":"Commercial Core","permitted_land_use":"WATER_BODY","building_permission_status":"REJECTED","violations_reported":"False","is_encumbered":"True","encumbrance_certificate_number":"EC-HR-00000097-0097","encumbrance_type":"BANK_MORTGAGE","financial_institution":"","mortgage_amount":"0.0","created_at":"2026-01-15T09:00:00Z","updated_at":"2026-09-24T11:30:00Z"}},{"type":"Feature","geometry":{"type":"Polygon","coordinates":[[[76.25324997373424,29.814031641575973],[76.30618475074621,29.810111182086082],[76.29620803766416,29.867665332829265],[76.24430355103631,29.867665332829265],[76.25324997373424,29.814031641575973]]]},"properties":{"ulpin":"06505330248876","parcel_id":"3b537a43-9d7c-4515-bc9b-3c266d94dced","state":"Haryana","state_code":"HR","state_type":"STATE","state_lgd_code":"6","district_lgd_code":"80","district_name":"Gurugram","subdistrict_lgd_code":"620","subdistrict_name":"Wazirabad Tehsil","subdistrict_type":"Tehsil / Taluk","village_lgd_code":"61402","village_name":"Badshahpur","khasra_plot_no":"Murabba 45, Killa 12/2/D98","recorded_area":"4.0","recorded_area_unit":"Kanal-Marla","normalized_area_sqm":"2023.43","gis_area_sqm":"2023.43","land_use_category":"MIXED_USE","land_use_raw":"Gair Mumkin Plotted Commercial","status":"PENDING_MUTATION","data_freshness_status":"STALE","scenario_index":"4615","use_case_description":"Court attachment and disputed possession","mutation_workflow_status":"NOTICE_PERIOD","revenue_record_id":"ROR-HR-2025-1008-0098","revenue_record_type":"Jamabandi Nakal (Haryana Jamabandi)","khata_khewat_no":"KHT-58","khatauni_no":"KHN-158","owner_name":"Satish Chand Mittal","owner_name_local":"सतीश चंद मित्तल","co_owners":"","tenure_type":"Bhumiswami / Freehold","mutation_status":"PENDING","active_mutation_id":"MUT-HR-00000098","tax_demand_status":"PAID","annual_tax_inr":"185.5","deed_number":"DEED-HR-2024-408-0098","deed_type":"Sale Deed / Conveyance","sro_office":"Sub-Registrar Office, Wazirabad Tehsil","execution_date":"2024-05-10","registered_owner":"Sunita Sharma / Aditi Verma","seller_name":"Previous Landholder","consideration_amount_inr":"3500000.0","stamp_duty_inr":"210000.0","survey_sketch_id":"FMB-HR-08-0098","cadastral_sheet_no":"SHT-HR-08","surveyed_area_sqm":"2023.43","survey_status":"RESURVEY_REQUIRED","urban_authority":"Wazirabad Tehsil Urban Development & Town Planning Authority","zone_name":"Commercial Core","permitted_land_use":"MIXED_USE","building_permission_status":"NOT_APPLICABLE","violations_reported":"False","is_encumbered":"True","encumbrance_certificate_number":"EC-HR-00000098-0098","encumbrance_type":"GOVT_REVENUE_LIEN","financial_institution":"","mortgage_amount":"0.0","created_at":"2026-01-15T09:00:00Z","updated_at":"2026-09-24T11:30:00Z"}},{"type":"Feature","geometry":{"type":"Polygon","coordinates":[[[75.47660863489487,28.267475516675805],[75.54730161861255,28.26820722537565],[75.54531768012403,28.32030437692708],[75.47660863489487,28.328003374934678],[75.47660863489487,28.267475516675805]]]},"properties":{"ulpin":"06975456873199","parcel_id":"084c9bc8-36ce-472c-ae59-a18cff25d6ac","state":"Haryana","state_code":"HR","state_type":"STATE","state_lgd_code":"6","district_lgd_code":"80","district_name":"Gurugram","subdistrict_lgd_code":"620","subdistrict_name":"Wazirabad Tehsil","subdistrict_type":"Tehsil / Taluk","village_lgd_code":"61402","village_name":"Badshahpur","khasra_plot_no":"Murabba 45, Killa 12/2/D99","recorded_area":"4.0","recorded_area_unit":"Kanal-Marla","normalized_area_sqm":"2023.43","gis_area_sqm":"2023.43","land_use_category":"OTHER","land_use_raw":"Gair Mumkin Plotted Commercial","status":"SUBDIVIDED","data_freshness_status":"UNKNOWN","scenario_index":"4616","use_case_description":"Tribal non-alienation protection review","mutation_workflow_status":"HEARING_SCHEDULED","revenue_record_id":"ROR-HR-2025-1008-0099","revenue_record_type":"Jamabandi Nakal (Haryana Jamabandi)","khata_khewat_no":"KHT-58","khatauni_no":"KHN-158","owner_name":"Satish Chand Mittal","owner_name_local":"सतीश चंद मित्तल","co_owners":"","tenure_type":"Leasehold","mutation_status":"UNMUTATED_TRANSACTION","active_mutation_id":"MUT-HR-00000099","tax_demand_status":"PAID","annual_tax_inr":"185.5","deed_number":"DEED-HR-2024-408-0099","deed_type":"Sale Deed / Conveyance","sro_office":"Sub-Registrar Office, Wazirabad Tehsil","execution_date":"2024-05-10","registered_owner":"Sunita Sharma / Aditi Verma","seller_name":"Previous Landholder","consideration_amount_inr":"3500000.0","stamp_duty_inr":"210000.0","survey_sketch_id":"FMB-HR-08-0099","cadastral_sheet_no":"SHT-HR-08","surveyed_area_sqm":"2023.43","survey_status":"SURVEYED","urban_authority":"Wazirabad Tehsil Urban Development & Town Planning Authority","zone_name":"Commercial Core","permitted_land_use":"OTHER","building_permission_status":"SANCTIONED","violations_reported":"False","is_encumbered":"True","encumbrance_certificate_number":"EC-HR-00000099-0099","encumbrance_type":"COURT_ATTACHMENT","financial_institution":"","mortgage_amount":"0.0","created_at":"2026-01-15T09:00:00Z","updated_at":"2026-09-24T11:30:00Z"}},{"type":"Feature","geometry":{"type":"Polygon","coordinates":[[[76.25459921493301,29.444610088351855],[76.31107625605814,29.444610088351855],[76.3090641243192,29.498503069931232],[76.24098168838657,29.503219012207836],[76.25459921493301,29.444610088351855]]]},"properties":{"ulpin":"06320181629186","parcel_id":"e3bf6e13-b448-4153-a570-d780ad903b27","state":"Haryana","state_code":"HR","state_type":"STATE","state_lgd_code":"6","district_lgd_code":"80","district_name":"Gurugram","subdistrict_lgd_code":"620","subdistrict_name":"Wazirabad Tehsil","subdistrict_type":"Tehsil / Taluk","village_lgd_code":"61402","village_name":"Badshahpur","khasra_plot_no":"Murabba 45, Killa 12/2/D100","recorded_area":"4.0","recorded_area_unit":"Kanal-Marla","normalized_area_sqm":"2023.43","gis_area_sqm":"2023.43","land_use_category":"RESIDENTIAL","land_use_raw":"Gair Mumkin Plotted Commercial","status":"AMALGAMATED","data_freshness_status":"CURRENT","scenario_index":"4617","use_case_description":"Lease charge and institutional tenancy","mutation_workflow_status":"APPROVED","revenue_record_id":"ROR-HR-2025-1008-0100","revenue_record_type":"Jamabandi Nakal (Haryana Jamabandi)","khata_khewat_no":"KHT-58","khatauni_no":"KHN-158","owner_name":"Satish Chand Mittal","owner_name_local":"सतीश चंद मित्तल","co_owners":"","tenure_type":"Government Grant","mutation_status":"REJECTED","active_mutation_id":"MUT-HR-00000100","tax_demand_status":"PAID","annual_tax_inr":"185.5","deed_number":"DEED-HR-2024-408-0100","deed_type":"Sale Deed / Conveyance","sro_office":"Sub-Registrar Office, Wazirabad Tehsil","execution_date":"2024-05-10","registered_owner":"Sunita Sharma / Aditi Verma","seller_name":"Previous Landholder","consideration_amount_inr":"3500000.0","stamp_duty_inr":"210000.0","survey_sketch_id":"FMB-HR-08-0100","cadastral_sheet_no":"SHT-HR-08","surveyed_area_sqm":"2023.43","survey_status":"PENDING","urban_authority":"Wazirabad Tehsil Urban Development & Town Planning Authority","zone_name":"Commercial Core","permitted_land_use":"RESIDENTIAL","building_permission_status":"PENDING","violations_reported":"False","is_encumbered":"True","encumbrance_certificate_number":"EC-HR-00000100-0100","encumbrance_type":"TRIBAL_NON_ALIENATION","financial_institution":"","mortgage_amount":"0.0","created_at":"2026-01-15T09:00:00Z","updated_at":"2026-09-24T11:30:00Z"}},{"type":"Feature","geometry":{"type":"Polygon","coordinates":[[[75.86597393270695,28.211802363879613],[75.92095423686489,28.223383496998895],[75.92095423686489,28.26214655757002],[75.85983494514527,28.269205830942145],[75.86597393270695,28.211802363879613]]]},"properties":{"ulpin":"06046586056822","parcel_id":"fc7c1c21-21d0-421e-933d-ccaa3f56fbee","state":"Haryana","state_code":"HR","state_type":"STATE","state_lgd_code":"6","district_lgd_code":"80","district_name":"Gurugram","subdistrict_lgd_code":"620","subdistrict_name":"Wazirabad Tehsil","subdistrict_type":"Tehsil / Taluk","village_lgd_code":"61402","village_name":"Badshahpur","khasra_plot_no":"Murabba 45, Killa 12/2/D101","recorded_area":"4.0","recorded_area_unit":"Kanal-Marla","normalized_area_sqm":"2023.43","gis_area_sqm":"2023.43","land_use_category":"COMMERCIAL","land_use_raw":"Gair Mumkin Plotted Commercial","status":"DISPUTED","data_freshness_status":"STALE","scenario_index":"4618","use_case_description":"Subdivision or amalgamation history review","mutation_workflow_status":"REJECTED","revenue_record_id":"ROR-HR-2025-1008-0101","revenue_record_type":"Jamabandi Nakal (Haryana Jamabandi)","khata_khewat_no":"KHT-58","khatauni_no":"KHN-158","owner_name":"Satish Chand Mittal","owner_name_local":"सतीश चंद मित्तल","co_owners":"","tenure_type":"Waqf / Religious Trust","mutation_status":"DISPUTED","active_mutation_id":"MUT-HR-00000101","tax_demand_status":"PAID","annual_tax_inr":"185.5","deed_number":"DEED-HR-2024-408-0101","deed_type":"Sale Deed / Conveyance","sro_office":"Sub-Registrar Office, Wazirabad Tehsil","execution_date":"2024-05-10","registered_owner":"Sunita Sharma / Aditi Verma","seller_name":"Previous Landholder","consideration_amount_inr":"3500000.0","stamp_duty_inr":"210000.0","survey_sketch_id":"FMB-HR-08-0101","cadastral_sheet_no":"SHT-HR-08","surveyed_area_sqm":"2023.43","survey_status":"DISPUTED","urban_authority":"Wazirabad Tehsil Urban Development & Town Planning Authority","zone_name":"Commercial Core","permitted_land_use":"COMMERCIAL","building_permission_status":"REJECTED","violations_reported":"False","is_encumbered":"True","encumbrance_certificate_number":"EC-HR-00000101-0101","encumbrance_type":"LEASE_CHARGE","financial_institution":"","mortgage_amount":"0.0","created_at":"2026-01-15T09:00:00Z","updated_at":"2026-09-24T11:30:00Z"}},{"type":"Feature","geometry":{"type":"Polygon","coordinates":[[[76.13655349092524,29.555200538739708],[76.18850679038735,29.55435042793567],[76.1842451037478,29.59887259171279],[76.12551600250279,29.598239835131313],[76.13655349092524,29.555200538739708]]]},"properties":{"ulpin":"06285690888317","parcel_id":"c77a985d-ffaa-4715-88b2-42ff07fdec4a","state":"Haryana","state_code":"HR","state_type":"STATE","state_lgd_code":"6","district_lgd_code":"80","district_name":"Gurugram","subdistrict_lgd_code":"620","subdistrict_name":"Wazirabad Tehsil","subdistrict_type":"Tehsil / Taluk","village_lgd_code":"61402","village_name":"Badshahpur","khasra_plot_no":"Murabba 45, Killa 12/2/D102","recorded_area":"4.0","recorded_area_unit":"Kanal-Marla","normalized_area_sqm":"2023.43","gis_area_sqm":"2023.43","land_use_category":"INDUSTRIAL","land_use_raw":"Gair Mumkin Plotted Commercial","status":"ARCHIVED","data_freshness_status":"UNKNOWN","scenario_index":"4619","use_case_description":"Archived historical record for audit retrieval","mutation_workflow_status":"SLA_BREACHED","revenue_record_id":"ROR-HR-2025-1008-0102","revenue_record_type":"Jamabandi Nakal (Haryana Jamabandi)","khata_khewat_no":"KHT-58","khatauni_no":"KHN-158","owner_name":"Satish Chand Mittal","owner_name_local":"सतीश चंद मित्तल","co_owners":"","tenure_type":"Tribal Community Tenure","mutation_status":"NONE","active_mutation_id":"MUT-HR-00000102","tax_demand_status":"PAID","annual_tax_inr":"185.5","deed_number":"DEED-HR-2024-408-0102","deed_type":"Sale Deed / Conveyance","sro_office":"Sub-Registrar Office, Wazirabad Tehsil","execution_date":"2024-05-10","registered_owner":"Registry Variance Owner 102","seller_name":"Previous Landholder","consideration_amount_inr":"3500000.0","stamp_duty_inr":"210000.0","survey_sketch_id":"FMB-HR-08-0102","cadastral_sheet_no":"SHT-HR-08","surveyed_area_sqm":"2023.43","survey_status":"RESURVEY_REQUIRED","urban_authority":"Wazirabad Tehsil Urban Development & Town Planning Authority","zone_name":"Commercial Core","permitted_land_use":"INDUSTRIAL","building_permission_status":"NOT_APPLICABLE","violations_reported":"False","is_encumbered":"False","encumbrance_certificate_number":"EC-HR-2024-108-0102","encumbrance_type":"NIL","financial_institution":"","mortgage_amount":"0.0","created_at":"2026-01-15T09:00:00Z","updated_at":"2026-09-24T11:30:00Z"}},{"type":"Feature","geometry":{"type":"Polygon","coordinates":[[[74.95442841717532,29.612499420822708],[74.99912365199191,29.60945948249304],[75.00351088406387,29.649435812800903],[74.95055149522503,29.654240355148588],[74.95442841717532,29.612499420822708]]]},"properties":{"ulpin":"06535767876749","parcel_id":"c9a8400a-2c85-43c3-a85c-d135cd54e212","state":"Haryana","state_code":"HR","state_type":"STATE","state_lgd_code":"6","district_lgd_code":"80","district_name":"Gurugram","subdistrict_lgd_code":"620","subdistrict_name":"Wazirabad Tehsil","subdistrict_type":"Tehsil / Taluk","village_lgd_code":"61402","village_name":"Badshahpur","khasra_plot_no":"Murabba 45, Killa 12/2/D103","recorded_area":"4.0","recorded_area_unit":"Kanal-Marla","normalized_area_sqm":"2023.43","gis_area_sqm":"2023.43","land_use_category":"AGRICULTURAL","land_use_raw":"Gair Mumkin Plotted Commercial","status":"ACTIVE","data_freshness_status":"CURRENT","scenario_index":"4620","use_case_description":"Bank mortgage and active encumbrance","mutation_workflow_status":"SUBMITTED","revenue_record_id":"ROR-HR-2025-1008-0103","revenue_record_type":"Jamabandi Nakal (Haryana Jamabandi)","khata_khewat_no":"KHT-58","khatauni_no":"KHN-158","owner_name":"Satish Chand Mittal","owner_name_local":"सतीश चंद मित्तल","co_owners":"","tenure_type":"Bhumiswami / Raiyati with Transferable Rights","mutation_status":"MUTATED","active_mutation_id":"","tax_demand_status":"PAID","annual_tax_inr":"185.5","deed_number":"DEED-HR-2024-408-0103","deed_type":"Sale Deed / Conveyance","sro_office":"Sub-Registrar Office, Wazirabad Tehsil","execution_date":"2024-05-10","registered_owner":"Sunita Sharma / Aditi Verma","seller_name":"Previous Landholder","consideration_amount_inr":"3500000.0","stamp_duty_inr":"210000.0","survey_sketch_id":"FMB-HR-08-0103","cadastral_sheet_no":"SHT-HR-08","surveyed_area_sqm":"2023.43","survey_status":"SURVEYED","urban_authority":"Wazirabad Tehsil Urban Development & Town Planning Authority","zone_name":"Commercial Core","permitted_land_use":"AGRICULTURAL","building_permission_status":"SANCTIONED","violations_reported":"True","is_encumbered":"True","encumbrance_certificate_number":"EC-HR-00000103-0103","encumbrance_type":"BANK_MORTGAGE","financial_institution":"","mortgage_amount":"0.0","created_at":"2026-01-15T09:00:00Z","updated_at":"2026-09-24T11:30:00Z"}},{"type":"Feature","geometry":{"type":"Polygon","coordinates":[[[76.40955698440777,29.647993553145685],[76.46436067516373,29.663229408591985],[76.47658905872802,29.709045560450836],[76.41451901622004,29.704687784550536],[76.40955698440777,29.647993553145685]]]},"properties":{"ulpin":"06552805125608","parcel_id":"8805b703-104f-4d88-a3fb-47642695994d","state":"Haryana","state_code":"HR","state_type":"STATE","state_lgd_code":"6","district_lgd_code":"80","district_name":"Gurugram","subdistrict_lgd_code":"620","subdistrict_name":"Wazirabad Tehsil","subdistrict_type":"Tehsil / Taluk","village_lgd_code":"61402","village_name":"Badshahpur","khasra_plot_no":"Murabba 45, Killa 12/2/D104","recorded_area":"4.0","recorded_area_unit":"Kanal-Marla","normalized_area_sqm":"2023.43","gis_area_sqm":"2023.43","land_use_category":"INSTITUTIONAL","land_use_raw":"Gair Mumkin Plotted Commercial","status":"PENDING_MUTATION","data_freshness_status":"STALE","scenario_index":"4621","use_case_description":"Government revenue lien and tax demand","mutation_workflow_status":"UNDER_VERIFICATION","revenue_record_id":"ROR-HR-2025-1008-0104","revenue_record_type":"Jamabandi Nakal (Haryana Jamabandi)","khata_khewat_no":"KHT-58","khatauni_no":"KHN-158","owner_name":"Satish Chand Mittal","owner_name_local":"सतीश चंद मित्तल","co_owners":"","tenure_type":"Bhumiswami / Freehold","mutation_status":"PENDING","active_mutation_id":"MUT-HR-00000104","tax_demand_status":"PAID","annual_tax_inr":"185.5","deed_number":"DEED-HR-2024-408-0104","deed_type":"Sale Deed / Conveyance","sro_office":"Sub-Registrar Office, Wazirabad Tehsil","execution_date":"2024-05-10","registered_owner":"Sunita Sharma / Aditi Verma","seller_name":"Previous Landholder","consideration_amount_inr":"3500000.0","stamp_duty_inr":"210000.0","survey_sketch_id":"FMB-HR-08-0104","cadastral_sheet_no":"SHT-HR-08","surveyed_area_sqm":"2023.43","survey_status":"PENDING","urban_authority":"Wazirabad Tehsil Urban Development & Town Planning Authority","zone_name":"Commercial Core","permitted_land_use":"INSTITUTIONAL","building_permission_status":"PENDING","violations_reported":"False","is_encumbered":"True","encumbrance_certificate_number":"EC-HR-00000104-0104","encumbrance_type":"GOVT_REVENUE_LIEN","financial_institution":"","mortgage_amount":"0.0","created_at":"2026-01-15T09:00:00Z","updated_at":"2026-09-24T11:30:00Z"}},{"type":"Feature","geometry":{"type":"Polygon","coordinates":[[[75.30282334697195,29.111611759098746],[75.35431266561602,29.113897937485564],[75.35431266561602,29.167729134444382],[75.29565072143252,29.169294977580417],[75.30282334697195,29.111611759098746]]]},"properties":{"ulpin":"06453968546041","parcel_id":"dd68569f-8258-4f5b-8199-ba794f7a0c76","state":"Haryana","state_code":"HR","state_type":"STATE","state_lgd_code":"6","district_lgd_code":"80","district_name":"Gurugram","subdistrict_lgd_code":"620","subdistrict_name":"Wazirabad Tehsil","subdistrict_type":"Tehsil / Taluk","village_lgd_code":"61402","village_name":"Badshahpur","khasra_plot_no":"Murabba 45, Killa 12/2/D105","recorded_area":"4.0","recorded_area_unit":"Kanal-Marla","normalized_area_sqm":"2023.43","gis_area_sqm":"2023.43","land_use_category":"FOREST_GREEN_BELT","land_use_raw":"Gair Mumkin Plotted Commercial","status":"SUBDIVIDED","data_freshness_status":"UNKNOWN","scenario_index":"4622","use_case_description":"Court attachment and disputed possession","mutation_workflow_status":"NOTICE_PERIOD","revenue_record_id":"ROR-HR-2025-1008-0105","revenue_record_type":"Jamabandi Nakal (Haryana Jamabandi)","khata_khewat_no":"KHT-58","khatauni_no":"KHN-158","owner_name":"Satish Chand Mittal","owner_name_local":"सतीश चंद मित्तल","co_owners":"","tenure_type":"Leasehold","mutation_status":"UNMUTATED_TRANSACTION","active_mutation_id":"MUT-HR-00000105","tax_demand_status":"PAID","annual_tax_inr":"185.5","deed_number":"DEED-HR-2024-408-0105","deed_type":"Sale Deed / Conveyance","sro_office":"Sub-Registrar Office, Wazirabad Tehsil","execution_date":"2024-05-10","registered_owner":"Sunita Sharma / Aditi Verma","seller_name":"Previous Landholder","consideration_amount_inr":"3500000.0","stamp_duty_inr":"210000.0","survey_sketch_id":"FMB-HR-08-0105","cadastral_sheet_no":"SHT-HR-08","surveyed_area_sqm":"2023.43","survey_status":"DISPUTED","urban_authority":"Wazirabad Tehsil Urban Development & Town Planning Authority","zone_name":"Commercial Core","permitted_land_use":"FOREST_GREEN_BELT","building_permission_status":"REJECTED","violations_reported":"False","is_encumbered":"True","encumbrance_certificate_number":"EC-HR-00000105-0105","encumbrance_type":"COURT_ATTACHMENT","financial_institution":"","mortgage_amount":"0.0","created_at":"2026-01-15T09:00:00Z","updated_at":"2026-09-24T11:30:00Z"}},{"type":"Feature","geometry":{"type":"Polygon","coordinates":[[[75.27316298004001,28.163443158099717],[75.33602534833152,28.163443158099717],[75.33602534833152,28.222692438369616],[75.26766578232163,28.216428947498812],[75.27316298004001,28.163443158099717]]]},"properties":{"ulpin":"06595021660850","parcel_id":"e0c99440-a02e-45e8-994c-a77ba89f85cf","state":"Haryana","state_code":"HR","state_type":"STATE","state_lgd_code":"6","district_lgd_code":"80","district_name":"Gurugram","subdistrict_lgd_code":"620","subdistrict_name":"Wazirabad Tehsil","subdistrict_type":"Tehsil / Taluk","village_lgd_code":"61402","village_name":"Badshahpur","khasra_plot_no":"Murabba 45, Killa 12/2/D106","recorded_area":"4.0","recorded_area_unit":"Kanal-Marla","normalized_area_sqm":"2023.43","gis_area_sqm":"2023.43","land_use_category":"WATER_BODY","land_use_raw":"Gair Mumkin Plotted Commercial","status":"AMALGAMATED","data_freshness_status":"CURRENT","scenario_index":"4623","use_case_description":"Tribal non-alienation protection review","mutation_workflow_status":"HEARING_SCHEDULED","revenue_record_id":"ROR-HR-2025-1008-0106","revenue_record_type":"Jamabandi Nakal (Haryana Jamabandi)","khata_khewat_no":"KHT-58","khatauni_no":"KHN-158","owner_name":"Satish Chand Mittal","owner_name_local":"सतीश चंद मित्तल","co_owners":"","tenure_type":"Government Grant","mutation_status":"REJECTED","active_mutation_id":"MUT-HR-00000106","tax_demand_status":"PAID","annual_tax_inr":"185.5","deed_number":"DEED-HR-2024-408-0106","deed_type":"Sale Deed / Conveyance","sro_office":"Sub-Registrar Office, Wazirabad Tehsil","execution_date":"2024-05-10","registered_owner":"Sunita Sharma / Aditi Verma","seller_name":"Previous Landholder","consideration_amount_inr":"3500000.0","stamp_duty_inr":"210000.0","survey_sketch_id":"FMB-HR-08-0106","cadastral_sheet_no":"SHT-HR-08","surveyed_area_sqm":"2023.43","survey_status":"RESURVEY_REQUIRED","urban_authority":"Wazirabad Tehsil Urban Development & Town Planning Authority","zone_name":"Commercial Core","permitted_land_use":"WATER_BODY","building_permission_status":"NOT_APPLICABLE","violations_reported":"False","is_encumbered":"True","encumbrance_certificate_number":"EC-HR-00000106-0106","encumbrance_type":"TRIBAL_NON_ALIENATION","financial_institution":"","mortgage_amount":"0.0","created_at":"2026-01-15T09:00:00Z","updated_at":"2026-09-24T11:30:00Z"}},{"type":"Feature","geometry":{"type":"Polygon","coordinates":[[[74.75894355835246,29.60769626998365],[74.80044350465609,29.608766593952446],[74.81009333929151,29.650540715447615],[74.75894355835246,29.648172996992017],[74.75894355835246,29.60769626998365]]]},"properties":{"ulpin":"06752324192638","parcel_id":"e4daa9ae-f93c-4b0a-8bce-9a23391ebe8c","state":"Haryana","state_code":"HR","state_type":"STATE","state_lgd_code":"6","district_lgd_code":"80","district_name":"Gurugram","subdistrict_lgd_code":"620","subdistrict_name":"Wazirabad Tehsil","subdistrict_type":"Tehsil / Taluk","village_lgd_code":"61402","village_name":"Badshahpur","khasra_plot_no":"Murabba 45, Killa 12/2/D107","recorded_area":"4.0","recorded_area_unit":"Kanal-Marla","normalized_area_sqm":"2023.43","gis_area_sqm":"2023.43","land_use_category":"MIXED_USE","land_use_raw":"Gair Mumkin Plotted Commercial","status":"DISPUTED","data_freshness_status":"STALE","scenario_index":"4624","use_case_description":"Lease charge and institutional tenancy","mutation_workflow_status":"APPROVED","revenue_record_id":"ROR-HR-2025-1008-0107","revenue_record_type":"Jamabandi Nakal (Haryana Jamabandi)","khata_khewat_no":"KHT-58","khatauni_no":"KHN-158","owner_name":"Satish Chand Mittal","owner_name_local":"सतीश चंद मित्तल","co_owners":"","tenure_type":"Waqf / Religious Trust","mutation_status":"DISPUTED","active_mutation_id":"MUT-HR-00000107","tax_demand_status":"PAID","annual_tax_inr":"185.5","deed_number":"DEED-HR-2024-408-0107","deed_type":"Sale Deed / Conveyance","sro_office":"Sub-Registrar Office, Wazirabad Tehsil","execution_date":"2024-05-10","registered_owner":"Registry Variance Owner 107","seller_name":"Previous Landholder","consideration_amount_inr":"3500000.0","stamp_duty_inr":"210000.0","survey_sketch_id":"FMB-HR-08-0107","cadastral_sheet_no":"SHT-HR-08","surveyed_area_sqm":"2023.43","survey_status":"SURVEYED","urban_authority":"Wazirabad Tehsil Urban Development & Town Planning Authority","zone_name":"Commercial Core","permitted_land_use":"MIXED_USE","building_permission_status":"SANCTIONED","violations_reported":"False","is_encumbered":"True","encumbrance_certificate_number":"EC-HR-00000107-0107","encumbrance_type":"LEASE_CHARGE","financial_institution":"","mortgage_amount":"0.0","created_at":"2026-01-15T09:00:00Z","updated_at":"2026-09-24T11:30:00Z"}},{"type":"Feature","geometry":{"type":"Polygon","coordinates":[[[74.90583912681555,29.56796410161629],[74.9510576392424,29.561057566675743],[74.95442841717532,29.612499420822708],[74.91299616735783,29.602046800517428],[74.90583912681555,29.56796410161629]]]},"properties":{"ulpin":"06588891870966","parcel_id":"b0c07f8a-1711-485a-ba66-b6fc438cf3d2","state":"Haryana","state_code":"HR","state_type":"STATE","state_lgd_code":"6","district_lgd_code":"80","district_name":"Gurugram","subdistrict_lgd_code":"620","subdistrict_name":"Wazirabad Tehsil","subdistrict_type":"Tehsil / Taluk","village_lgd_code":"61402","village_name":"Badshahpur","khasra_plot_no":"Murabba 45, Killa 12/2/D108","recorded_area":"4.0","recorded_area_unit":"Kanal-Marla","normalized_area_sqm":"2023.43","gis_area_sqm":"2023.43","land_use_category":"OTHER","land_use_raw":"Gair Mumkin Plotted Commercial","status":"ARCHIVED","data_freshness_status":"UNKNOWN","scenario_index":"4625","use_case_description":"Cadastral area discrepancy requiring resurvey","mutation_workflow_status":"REJECTED","revenue_record_id":"ROR-HR-2025-1008-0108","revenue_record_type":"Jamabandi Nakal (Haryana Jamabandi)","khata_khewat_no":"KHT-58","khatauni_no":"KHN-158","owner_name":"Satish Chand Mittal","owner_name_local":"सतीश चंद मित्तल","co_owners":"","tenure_type":"Tribal Community Tenure","mutation_status":"NONE","active_mutation_id":"MUT-HR-00000108","tax_demand_status":"PAID","annual_tax_inr":"185.5","deed_number":"DEED-HR-2024-408-0108","deed_type":"Sale Deed / Conveyance","sro_office":"Sub-Registrar Office, Wazirabad Tehsil","execution_date":"2024-05-10","registered_owner":"Sunita Sharma / Aditi Verma","seller_name":"Previous Landholder","consideration_amount_inr":"3500000.0","stamp_duty_inr":"210000.0","survey_sketch_id":"FMB-HR-08-0108","cadastral_sheet_no":"SHT-HR-08","surveyed_area_sqm":"2023.43","survey_status":"PENDING","urban_authority":"Wazirabad Tehsil Urban Development & Town Planning Authority","zone_name":"Commercial Core","permitted_land_use":"OTHER","building_permission_status":"PENDING","violations_reported":"False","is_encumbered":"False","encumbrance_certificate_number":"EC-HR-2024-108-0108","encumbrance_type":"NIL","financial_institution":"","mortgage_amount":"0.0","created_at":"2026-01-15T09:00:00Z","updated_at":"2026-09-24T11:30:00Z"}},{"type":"Feature","geometry":{"type":"Polygon","coordinates":[[[75.07887990473814,28.490408824369055],[75.13815532189979,28.49716142715593],[75.1333968248957,28.55353044913861],[75.07448534767568,28.55991811743725],[75.07887990473814,28.490408824369055]]]},"properties":{"ulpin":"06727912089696","parcel_id":"23de9cf3-5cfe-4ead-b6ac-04cada096946","state":"Haryana","state_code":"HR","state_type":"STATE","state_lgd_code":"6","district_lgd_code":"80","district_name":"Gurugram","subdistrict_lgd_code":"620","subdistrict_name":"Wazirabad Tehsil","subdistrict_type":"Tehsil / Taluk","village_lgd_code":"61402","village_name":"Badshahpur","khasra_plot_no":"Murabba 45, Killa 12/2/D109","recorded_area":"4.0","recorded_area_unit":"Kanal-Marla","normalized_area_sqm":"2023.43","gis_area_sqm":"2023.43","land_use_category":"RESIDENTIAL","land_use_raw":"Gair Mumkin Plotted Commercial","status":"ACTIVE","data_freshness_status":"CURRENT","scenario_index":"4626","use_case_description":"Archived historical record for audit retrieval","mutation_workflow_status":"SLA_BREACHED","revenue_record_id":"ROR-HR-2025-1008-0109","revenue_record_type":"Jamabandi Nakal (Haryana Jamabandi)","khata_khewat_no":"KHT-58","khatauni_no":"KHN-158","owner_name":"Satish Chand Mittal","owner_name_local":"सतीश चंद मित्तल","co_owners":"","tenure_type":"Bhumiswami / Raiyati with Transferable Rights","mutation_status":"MUTATED","active_mutation_id":"","tax_demand_status":"PAID","annual_tax_inr":"185.5","deed_number":"DEED-HR-2024-408-0109","deed_type":"Sale Deed / Conveyance","sro_office":"Sub-Registrar Office, Wazirabad Tehsil","execution_date":"2024-05-10","registered_owner":"Sunita Sharma / Aditi Verma","seller_name":"Previous Landholder","consideration_amount_inr":"3500000.0","stamp_duty_inr":"210000.0","survey_sketch_id":"FMB-HR-08-0109","cadastral_sheet_no":"SHT-HR-08","surveyed_area_sqm":"2023.43","survey_status":"DISPUTED","urban_authority":"Wazirabad Tehsil Urban Development & Town Planning Authority","zone_name":"Commercial Core","permitted_land_use":"RESIDENTIAL","building_permission_status":"REJECTED","violations_reported":"False","is_encumbered":"True","encumbrance_certificate_number":"EC-HR-00000109-0109","encumbrance_type":"BANK_MORTGAGE","financial_institution":"","mortgage_amount":"0.0","created_at":"2026-01-15T09:00:00Z","updated_at":"2026-09-24T11:30:00Z"}},{"type":"Feature","geometry":{"type":"Polygon","coordinates":[[[75.47660863489487,28.207706790343597],[75.53918133926014,28.211090643052753],[75.54730161861255,28.26820722537565],[75.47660863489487,28.267475516675805],[75.47660863489487,28.207706790343597]]]},"properties":{"ulpin":"06322148484938","parcel_id":"55eac8e9-a57f-4591-aa90-9837da1c39ba","state":"Haryana","state_code":"HR","state_type":"STATE","state_lgd_code":"6","district_lgd_code":"80","district_name":"Gurugram","subdistrict_lgd_code":"620","subdistrict_name":"Wazirabad Tehsil","subdistrict_type":"Tehsil / Taluk","village_lgd_code":"61402","village_name":"Badshahpur","khasra_plot_no":"Murabba 45, Killa 12/2/D110","recorded_area":"4.0","recorded_area_unit":"Kanal-Marla","normalized_area_sqm":"2023.43","gis_area_sqm":"2023.43","land_use_category":"COMMERCIAL","land_use_raw":"Gair Mumkin Plotted Commercial","status":"PENDING_MUTATION","data_freshness_status":"STALE","scenario_index":"4627","use_case_description":"Bank mortgage and active encumbrance","mutation_workflow_status":"SUBMITTED","revenue_record_id":"ROR-HR-2025-1008-0110","revenue_record_type":"Jamabandi Nakal (Haryana Jamabandi)","khata_khewat_no":"KHT-58","khatauni_no":"KHN-158","owner_name":"Satish Chand Mittal","owner_name_local":"सतीश चंद मित्तल","co_owners":"","tenure_type":"Bhumiswami / Freehold","mutation_status":"PENDING","active_mutation_id":"MUT-HR-00000110","tax_demand_status":"PAID","annual_tax_inr":"185.5","deed_number":"DEED-HR-2024-408-0110","deed_type":"Sale Deed / Conveyance","sro_office":"Sub-Registrar Office, Wazirabad Tehsil","execution_date":"2024-05-10","registered_owner":"Sunita Sharma / Aditi Verma","seller_name":"Previous Landholder","consideration_amount_inr":"3500000.0","stamp_duty_inr":"210000.0","survey_sketch_id":"FMB-HR-08-0110","cadastral_sheet_no":"SHT-HR-08","surveyed_area_sqm":"2023.43","survey_status":"RESURVEY_REQUIRED","urban_authority":"Wazirabad Tehsil Urban Development & Town Planning Authority","zone_name":"Commercial Core","permitted_land_use":"COMMERCIAL","building_permission_status":"NOT_APPLICABLE","violations_reported":"True","is_encumbered":"True","encumbrance_certificate_number":"EC-HR-00000110-0110","encumbrance_type":"GOVT_REVENUE_LIEN","financial_institution":"","mortgage_amount":"0.0","created_at":"2026-01-15T09:00:00Z","updated_at":"2026-09-24T11:30:00Z"}},{"type":"Feature","geometry":{"type":"Polygon","coordinates":[[[75.70945366450627,29.01776058211027],[75.76449989811502,29.01801483775132],[75.76924579376553,29.061737430384632],[75.70586535381968,29.062848946729662],[75.70945366450627,29.01776058211027]]]},"properties":{"ulpin":"06031492970716","parcel_id":"74014461-327c-40e6-93a5-f034031ecf1b","state":"Haryana","state_code":"HR","state_type":"STATE","state_lgd_code":"6","district_lgd_code":"80","district_name":"Gurugram","subdistrict_lgd_code":"620","subdistrict_name":"Wazirabad Tehsil","subdistrict_type":"Tehsil / Taluk","village_lgd_code":"61402","village_name":"Badshahpur","khasra_plot_no":"Murabba 45, Killa 12/2/D111","recorded_area":"4.0","recorded_area_unit":"Kanal-Marla","normalized_area_sqm":"2023.43","gis_area_sqm":"2023.43","land_use_category":"INDUSTRIAL","land_use_raw":"Gair Mumkin Plotted Commercial","status":"SUBDIVIDED","data_freshness_status":"UNKNOWN","scenario_index":"4628","use_case_description":"Government revenue lien and tax demand","mutation_workflow_status":"UNDER_VERIFICATION","revenue_record_id":"ROR-HR-2025-1008-0111","revenue_record_type":"Jamabandi Nakal (Haryana Jamabandi)","khata_khewat_no":"KHT-58","khatauni_no":"KHN-158","owner_name":"Satish Chand Mittal","owner_name_local":"सतीश चंद मित्तल","co_owners":"","tenure_type":"Leasehold","mutation_status":"UNMUTATED_TRANSACTION","active_mutation_id":"MUT-HR-00000111","tax_demand_status":"PAID","annual_tax_inr":"185.5","deed_number":"DEED-HR-2024-408-0111","deed_type":"Sale Deed / Conveyance","sro_office":"Sub-Registrar Office, Wazirabad Tehsil","execution_date":"2024-05-10","registered_owner":"Sunita Sharma / Aditi Verma","seller_name":"Previous Landholder","consideration_amount_inr":"3500000.0","stamp_duty_inr":"210000.0","survey_sketch_id":"FMB-HR-08-0111","cadastral_sheet_no":"SHT-HR-08","surveyed_area_sqm":"2023.43","survey_status":"SURVEYED","urban_authority":"Wazirabad Tehsil Urban Development & Town Planning Authority","zone_name":"Commercial Core","permitted_land_use":"INDUSTRIAL","building_permission_status":"SANCTIONED","violations_reported":"False","is_encumbered":"True","encumbrance_certificate_number":"EC-HR-00000111-0111","encumbrance_type":"COURT_ATTACHMENT","financial_institution":"","mortgage_amount":"0.0","created_at":"2026-01-15T09:00:00Z","updated_at":"2026-09-24T11:30:00Z"}},{"type":"Feature","geometry":{"type":"Polygon","coordinates":[[[74.80661891715394,29.435021362556306],[74.8537711449501,29.435021362556306],[74.86103180190372,29.4797023521792],[74.81273428125327,29.48410592327892],[74.80661891715394,29.435021362556306]]]},"properties":{"ulpin":"06798717875643","parcel_id":"87c140ce-568b-4d49-b4c9-fe04ba399618","state":"Haryana","state_code":"HR","state_type":"STATE","state_lgd_code":"6","district_lgd_code":"80","district_name":"Gurugram","subdistrict_lgd_code":"620","subdistrict_name":"Wazirabad Tehsil","subdistrict_type":"Tehsil / Taluk","village_lgd_code":"61402","village_name":"Badshahpur","khasra_plot_no":"Murabba 45, Killa 12/2/D112","recorded_area":"4.0","recorded_area_unit":"Kanal-Marla","normalized_area_sqm":"2023.43","gis_area_sqm":"2023.43","land_use_category":"AGRICULTURAL","land_use_raw":"Gair Mumkin Plotted Commercial","status":"AMALGAMATED","data_freshness_status":"CURRENT","scenario_index":"4629","use_case_description":"Court attachment and disputed possession","mutation_workflow_status":"NOTICE_PERIOD","revenue_record_id":"ROR-HR-2025-1008-0112","revenue_record_type":"Jamabandi Nakal (Haryana Jamabandi)","khata_khewat_no":"KHT-58","khatauni_no":"KHN-158","owner_name":"Satish Chand Mittal","owner_name_local":"सतीश चंद मित्तल","co_owners":"","tenure_type":"Government Grant","mutation_status":"REJECTED","active_mutation_id":"MUT-HR-00000112","tax_demand_status":"PAID","annual_tax_inr":"185.5","deed_number":"DEED-HR-2024-408-0112","deed_type":"Sale Deed / Conveyance","sro_office":"Sub-Registrar Office, Wazirabad Tehsil","execution_date":"2024-05-10","registered_owner":"Registry Variance Owner 112","seller_name":"Previous Landholder","consideration_amount_inr":"3500000.0","stamp_duty_inr":"210000.0","survey_sketch_id":"FMB-HR-08-0112","cadastral_sheet_no":"SHT-HR-08","surveyed_area_sqm":"2023.43","survey_status":"PENDING","urban_authority":"Wazirabad Tehsil Urban Development & Town Planning Authority","zone_name":"Commercial Core","permitted_land_use":"AGRICULTURAL","building_permission_status":"PENDING","violations_reported":"False","is_encumbered":"True","encumbrance_certificate_number":"EC-HR-00000112-0112","encumbrance_type":"TRIBAL_NON_ALIENATION","financial_institution":"","mortgage_amount":"0.0","created_at":"2026-01-15T09:00:00Z","updated_at":"2026-09-24T11:30:00Z"}},{"type":"Feature","geometry":{"type":"Polygon","coordinates":[[[75.5395538921469,28.484564351287798],[75.60232678870419,28.487176996740256],[75.6080463634811,28.54556970595317],[75.54138209759128,28.534379000608833],[75.5395538921469,28.484564351287798]]]},"properties":{"ulpin":"06877056646822","parcel_id":"d25372dc-b261-4148-8a52-4e9b4acad489","state":"Haryana","state_code":"HR","state_type":"STATE","state_lgd_code":"6","district_lgd_code":"80","district_name":"Gurugram","subdistrict_lgd_code":"620","subdistrict_name":"Wazirabad Tehsil","subdistrict_type":"Tehsil / Taluk","village_lgd_code":"61402","village_name":"Badshahpur","khasra_plot_no":"Murabba 45, Killa 12/2/D113","recorded_area":"4.0","recorded_area_unit":"Kanal-Marla","normalized_area_sqm":"2023.43","gis_area_sqm":"2023.43","land_use_category":"INSTITUTIONAL","land_use_raw":"Gair Mumkin Plotted Commercial","status":"DISPUTED","data_freshness_status":"STALE","scenario_index":"4630","use_case_description":"Tribal non-alienation protection review","mutation_workflow_status":"HEARING_SCHEDULED","revenue_record_id":"ROR-HR-2025-1008-0113","revenue_record_type":"Jamabandi Nakal (Haryana Jamabandi)","khata_khewat_no":"KHT-58","khatauni_no":"KHN-158","owner_name":"Satish Chand Mittal","owner_name_local":"सतीश चंद मित्तल","co_owners":"","tenure_type":"Waqf / Religious Trust","mutation_status":"DISPUTED","active_mutation_id":"MUT-HR-00000113","tax_demand_status":"PAID","annual_tax_inr":"185.5","deed_number":"DEED-HR-2024-408-0113","deed_type":"Sale Deed / Conveyance","sro_office":"Sub-Registrar Office, Wazirabad Tehsil","execution_date":"2024-05-10","registered_owner":"Sunita Sharma / Aditi Verma","seller_name":"Previous Landholder","consideration_amount_inr":"3500000.0","stamp_duty_inr":"210000.0","survey_sketch_id":"FMB-HR-08-0113","cadastral_sheet_no":"SHT-HR-08","surveyed_area_sqm":"2023.43","survey_status":"DISPUTED","urban_authority":"Wazirabad Tehsil Urban Development & Town Planning Authority","zone_name":"Commercial Core","permitted_land_use":"INSTITUTIONAL","building_permission_status":"REJECTED","violations_reported":"False","is_encumbered":"True","encumbrance_certificate_number":"EC-HR-00000113-0113","encumbrance_type":"LEASE_CHARGE","financial_institution":"","mortgage_amount":"0.0","created_at":"2026-01-15T09:00:00Z","updated_at":"2026-09-24T11:30:00Z"}},{"type":"Feature","geometry":{"type":"Polygon","coordinates":[[[75.29538954214073,28.992948161885472],[75.35431266561602,28.98588916474637],[75.35431266561602,29.045343281685117],[75.30073292561458,29.047470906088826],[75.29538954214073,28.992948161885472]]]},"properties":{"ulpin":"06879013995780","parcel_id":"d707a714-8397-4a5b-a648-692610b32e06","state":"Haryana","state_code":"HR","state_type":"STATE","state_lgd_code":"6","district_lgd_code":"80","district_name":"Gurugram","subdistrict_lgd_code":"620","subdistrict_name":"Wazirabad Tehsil","subdistrict_type":"Tehsil / Taluk","village_lgd_code":"61402","village_name":"Badshahpur","khasra_plot_no":"Murabba 45, Killa 12/2/D114","recorded_area":"4.0","recorded_area_unit":"Kanal-Marla","normalized_area_sqm":"2023.43","gis_area_sqm":"2023.43","land_use_category":"FOREST_GREEN_BELT","land_use_raw":"Gair Mumkin Plotted Commercial","status":"ARCHIVED","data_freshness_status":"UNKNOWN","scenario_index":"4631","use_case_description":"Tribal non-alienation protection review","mutation_workflow_status":"APPROVED","revenue_record_id":"ROR-HR-2025-1008-0114","revenue_record_type":"Jamabandi Nakal (Haryana Jamabandi)","khata_khewat_no":"KHT-58","khatauni_no":"KHN-158","owner_name":"Satish Chand Mittal","owner_name_local":"सतीश चंद मित्तल","co_owners":"","tenure_type":"Tribal Community Tenure","mutation_status":"NONE","active_mutation_id":"MUT-HR-00000114","tax_demand_status":"PAID","annual_tax_inr":"185.5","deed_number":"DEED-HR-2024-408-0114","deed_type":"Sale Deed / Conveyance","sro_office":"Sub-Registrar Office, Wazirabad Tehsil","execution_date":"2024-05-10","registered_owner":"Sunita Sharma / Aditi Verma","seller_name":"Previous Landholder","consideration_amount_inr":"3500000.0","stamp_duty_inr":"210000.0","survey_sketch_id":"FMB-HR-08-0114","cadastral_sheet_no":"SHT-HR-08","surveyed_area_sqm":"2023.43","survey_status":"RESURVEY_REQUIRED","urban_authority":"Wazirabad Tehsil Urban Development & Town Planning Authority","zone_name":"Commercial Core","permitted_land_use":"FOREST_GREEN_BELT","building_permission_status":"NOT_APPLICABLE","violations_reported":"False","is_encumbered":"False","encumbrance_certificate_number":"EC-HR-2024-108-0114","encumbrance_type":"NIL","financial_institution":"","mortgage_amount":"0.0","created_at":"2026-01-15T09:00:00Z","updated_at":"2026-09-24T11:30:00Z"}},{"type":"Feature","geometry":{"type":"Polygon","coordinates":[[[75.13815532189979,28.49716142715593],[75.20048976159943,28.500477975537237],[75.20839687727131,28.55358918762873],[75.1333968248957,28.55353044913861],[75.13815532189979,28.49716142715593]]]},"properties":{"ulpin":"06512216451120","parcel_id":"674bb514-c3b3-46c2-8d40-418fe4fe5694","state":"Haryana","state_code":"HR","state_type":"STATE","state_lgd_code":"6","district_lgd_code":"80","district_name":"Gurugram","subdistrict_lgd_code":"620","subdistrict_name":"Wazirabad Tehsil","subdistrict_type":"Tehsil / Taluk","village_lgd_code":"61402","village_name":"Badshahpur","khasra_plot_no":"Murabba 45, Killa 12/2/D115","recorded_area":"4.0","recorded_area_unit":"Kanal-Marla","normalized_area_sqm":"2023.43","gis_area_sqm":"2023.43","land_use_category":"WATER_BODY","land_use_raw":"Gair Mumkin Plotted Commercial","status":"ACTIVE","data_freshness_status":"CURRENT","scenario_index":"4632","use_case_description":"Subdivision or amalgamation history review","mutation_workflow_status":"REJECTED","revenue_record_id":"ROR-HR-2025-1008-0115","revenue_record_type":"Jamabandi Nakal (Haryana Jamabandi)","khata_khewat_no":"KHT-58","khatauni_no":"KHN-158","owner_name":"Satish Chand Mittal","owner_name_local":"सतीश चंद मित्तल","co_owners":"","tenure_type":"Bhumiswami / Raiyati with Transferable Rights","mutation_status":"MUTATED","active_mutation_id":"","tax_demand_status":"PAID","annual_tax_inr":"185.5","deed_number":"DEED-HR-2024-408-0115","deed_type":"Sale Deed / Conveyance","sro_office":"Sub-Registrar Office, Wazirabad Tehsil","execution_date":"2024-05-10","registered_owner":"Sunita Sharma / Aditi Verma","seller_name":"Previous Landholder","consideration_amount_inr":"3500000.0","stamp_duty_inr":"210000.0","survey_sketch_id":"FMB-HR-08-0115","cadastral_sheet_no":"SHT-HR-08","surveyed_area_sqm":"2023.43","survey_status":"SURVEYED","urban_authority":"Wazirabad Tehsil Urban Development & Town Planning Authority","zone_name":"Commercial Core","permitted_land_use":"WATER_BODY","building_permission_status":"SANCTIONED","violations_reported":"False","is_encumbered":"True","encumbrance_certificate_number":"EC-HR-00000115-0115","encumbrance_type":"BANK_MORTGAGE","financial_institution":"","mortgage_amount":"0.0","created_at":"2026-01-15T09:00:00Z","updated_at":"2026-09-24T11:30:00Z"}},{"type":"Feature","geometry":{"type":"Polygon","coordinates":[[[76.30199016600147,28.12710158351959],[76.35242586028572,28.12231486675877],[76.34852954900576,28.177356957597834],[76.30722280190014,28.1746228068517],[76.30199016600147,28.12710158351959]]]},"properties":{"ulpin":"06652703396837","parcel_id":"8516a8c9-e479-4918-8cfe-bebc90e42a09","state":"Haryana","state_code":"HR","state_type":"STATE","state_lgd_code":"6","district_lgd_code":"80","district_name":"Gurugram","subdistrict_lgd_code":"620","subdistrict_name":"Wazirabad Tehsil","subdistrict_type":"Tehsil / Taluk","village_lgd_code":"61402","village_name":"Badshahpur","khasra_plot_no":"Murabba 45, Killa 12/2/D116","recorded_area":"4.0","recorded_area_unit":"Kanal-Marla","normalized_area_sqm":"2023.43","gis_area_sqm":"2023.43","land_use_category":"MIXED_USE","land_use_raw":"Gair Mumkin Plotted Commercial","status":"PENDING_MUTATION","data_freshness_status":"STALE","scenario_index":"4633","use_case_description":"Archived historical record for audit retrieval","mutation_workflow_status":"SLA_BREACHED","revenue_record_id":"ROR-HR-2025-1008-0116","revenue_record_type":"Jamabandi Nakal (Haryana Jamabandi)","khata_khewat_no":"KHT-58","khatauni_no":"KHN-158","owner_name":"Satish Chand Mittal","owner_name_local":"सतीश चंद मित्तल","co_owners":"","tenure_type":"Bhumiswami / Freehold","mutation_status":"PENDING","active_mutation_id":"MUT-HR-00000116","tax_demand_status":"PAID","annual_tax_inr":"185.5","deed_number":"DEED-HR-2024-408-0116","deed_type":"Sale Deed / Conveyance","sro_office":"Sub-Registrar Office, Wazirabad Tehsil","execution_date":"2024-05-10","registered_owner":"Sunita Sharma / Aditi Verma","seller_name":"Previous Landholder","consideration_amount_inr":"3500000.0","stamp_duty_inr":"210000.0","survey_sketch_id":"FMB-HR-08-0116","cadastral_sheet_no":"SHT-HR-08","surveyed_area_sqm":"2023.43","survey_status":"PENDING","urban_authority":"Wazirabad Tehsil Urban Development & Town Planning Authority","zone_name":"Commercial Core","permitted_land_use":"MIXED_USE","building_permission_status":"PENDING","violations_reported":"False","is_encumbered":"True","encumbrance_certificate_number":"EC-HR-00000116-0116","encumbrance_type":"GOVT_REVENUE_LIEN","financial_institution":"","mortgage_amount":"0.0","created_at":"2026-01-15T09:00:00Z","updated_at":"2026-09-24T11:30:00Z"}},{"type":"Feature","geometry":{"type":"Polygon","coordinates":[[[76.45791088411082,27.982296658942136],[76.50526639477988,27.982296658942136],[76.5115990405113,28.02510409344403],[76.45527879836797,28.03033538894552],[76.45791088411082,27.982296658942136]]]},"properties":{"ulpin":"06149872015380","parcel_id":"d6786c3c-bb00-4fc4-a6f8-f392a1b50c65","state":"Haryana","state_code":"HR","state_type":"STATE","state_lgd_code":"6","district_lgd_code":"80","district_name":"Gurugram","subdistrict_lgd_code":"620","subdistrict_name":"Wazirabad Tehsil","subdistrict_type":"Tehsil / Taluk","village_lgd_code":"61402","village_name":"Badshahpur","khasra_plot_no":"Murabba 45, Killa 12/2/D117","recorded_area":"4.0","recorded_area_unit":"Kanal-Marla","normalized_area_sqm":"2023.43","gis_area_sqm":"2023.43","land_use_category":"OTHER","land_use_raw":"Gair Mumkin Plotted Commercial","status":"SUBDIVIDED","data_freshness_status":"UNKNOWN","scenario_index":"4634","use_case_description":"Bank mortgage and active encumbrance","mutation_workflow_status":"SUBMITTED","revenue_record_id":"ROR-HR-2025-1008-0117","revenue_record_type":"Jamabandi Nakal (Haryana Jamabandi)","khata_khewat_no":"KHT-58","khatauni_no":"KHN-158","owner_name":"Satish Chand Mittal","owner_name_local":"सतीश चंद मित्तल","co_owners":"","tenure_type":"Leasehold","mutation_status":"UNMUTATED_TRANSACTION","active_mutation_id":"MUT-HR-00000117","tax_demand_status":"PAID","annual_tax_inr":"185.5","deed_number":"DEED-HR-2024-408-0117","deed_type":"Sale Deed / Conveyance","sro_office":"Sub-Registrar Office, Wazirabad Tehsil","execution_date":"2024-05-10","registered_owner":"Registry Variance Owner 117","seller_name":"Previous Landholder","consideration_amount_inr":"3500000.0","stamp_duty_inr":"210000.0","survey_sketch_id":"FMB-HR-08-0117","cadastral_sheet_no":"SHT-HR-08","surveyed_area_sqm":"2023.43","survey_status":"DISPUTED","urban_authority":"Wazirabad Tehsil Urban Development & Town Planning Authority","zone_name":"Commercial Core","permitted_land_use":"OTHER","building_permission_status":"REJECTED","violations_reported":"True","is_encumbered":"True","encumbrance_certificate_number":"EC-HR-00000117-0117","encumbrance_type":"COURT_ATTACHMENT","financial_institution":"","mortgage_amount":"0.0","created_at":"2026-01-15T09:00:00Z","updated_at":"2026-09-24T11:30:00Z"}},{"type":"Feature","geometry":{"type":"Polygon","coordinates":[[[75.66659361542918,28.274224979881975],[75.72080298674734,28.275851281203416],[75.73910689842617,28.33181855588419],[75.66836738854224,28.326721312435552],[75.66659361542918,28.274224979881975]]]},"properties":{"ulpin":"06841615480737","parcel_id":"078af9bd-d4e1-4b8f-b953-36798cfbc861","state":"Haryana","state_code":"HR","state_type":"STATE","state_lgd_code":"6","district_lgd_code":"80","district_name":"Gurugram","subdistrict_lgd_code":"620","subdistrict_name":"Wazirabad Tehsil","subdistrict_type":"Tehsil / Taluk","village_lgd_code":"61402","village_name":"Badshahpur","khasra_plot_no":"Murabba 45, Killa 12/2/D118","recorded_area":"4.0","recorded_area_unit":"Kanal-Marla","normalized_area_sqm":"2023.43","gis_area_sqm":"2023.43","land_use_category":"RESIDENTIAL","land_use_raw":"Gair Mumkin Plotted Commercial","status":"AMALGAMATED","data_freshness_status":"CURRENT","scenario_index":"4635","use_case_description":"Government revenue lien and tax demand","mutation_workflow_status":"UNDER_VERIFICATION","revenue_record_id":"ROR-HR-2025-1008-0118","revenue_record_type":"Jamabandi Nakal (Haryana Jamabandi)","khata_khewat_no":"KHT-58","khatauni_no":"KHN-158","owner_name":"Satish Chand Mittal","owner_name_local":"सतीश चंद मित्तल","co_owners":"","tenure_type":"Government Grant","mutation_status":"REJECTED","active_mutation_id":"MUT-HR-00000118","tax_demand_status":"PAID","annual_tax_inr":"185.5","deed_number":"DEED-HR-2024-408-0118","deed_type":"Sale Deed / Conveyance","sro_office":"Sub-Registrar Office, Wazirabad Tehsil","execution_date":"2024-05-10","registered_owner":"Sunita Sharma / Aditi Verma","seller_name":"Previous Landholder","consideration_amount_inr":"3500000.0","stamp_duty_inr":"210000.0","survey_sketch_id":"FMB-HR-08-0118","cadastral_sheet_no":"SHT-HR-08","surveyed_area_sqm":"2023.43","survey_status":"RESURVEY_REQUIRED","urban_authority":"Wazirabad Tehsil Urban Development & Town Planning Authority","zone_name":"Commercial Core","permitted_land_use":"RESIDENTIAL","building_permission_status":"NOT_APPLICABLE","violations_reported":"False","is_encumbered":"True","encumbrance_certificate_number":"EC-HR-00000118-0118","encumbrance_type":"TRIBAL_NON_ALIENATION","financial_institution":"","mortgage_amount":"0.0","created_at":"2026-01-15T09:00:00Z","updated_at":"2026-09-24T11:30:00Z"}},{"type":"Feature","geometry":{"type":"Polygon","coordinates":[[[76.23989246280559,29.599810590324264],[76.31213656416256,29.604288259464997],[76.29657938060349,29.664246501012315],[76.24080200950468,29.659941006366317],[76.23989246280559,29.599810590324264]]]},"properties":{"ulpin":"06718525966392","parcel_id":"6fd22a57-6180-4b47-8166-a607b5c1ef5c","state":"Haryana","state_code":"HR","state_type":"STATE","state_lgd_code":"6","district_lgd_code":"80","district_name":"Gurugram","subdistrict_lgd_code":"620","subdistrict_name":"Wazirabad Tehsil","subdistrict_type":"Tehsil / Taluk","village_lgd_code":"61402","village_name":"Badshahpur","khasra_plot_no":"Murabba 45, Killa 12/2/D119","recorded_area":"4.0","recorded_area_unit":"Kanal-Marla","normalized_area_sqm":"2023.43","gis_area_sqm":"2023.43","land_use_category":"COMMERCIAL","land_use_raw":"Gair Mumkin Plotted Commercial","status":"DISPUTED","data_freshness_status":"STALE","scenario_index":"4636","use_case_description":"Court attachment and disputed possession","mutation_workflow_status":"NOTICE_PERIOD","revenue_record_id":"ROR-HR-2025-1008-0119","revenue_record_type":"Jamabandi Nakal (Haryana Jamabandi)","khata_khewat_no":"KHT-58","khatauni_no":"KHN-158","owner_name":"Satish Chand Mittal","owner_name_local":"सतीश चंद मित्तल","co_owners":"","tenure_type":"Waqf / Religious Trust","mutation_status":"DISPUTED","active_mutation_id":"MUT-HR-00000119","tax_demand_status":"PAID","annual_tax_inr":"185.5","deed_number":"DEED-HR-2024-408-0119","deed_type":"Sale Deed / Conveyance","sro_office":"Sub-Registrar Office, Wazirabad Tehsil","execution_date":"2024-05-10","registered_owner":"Sunita Sharma / Aditi Verma","seller_name":"Previous Landholder","consideration_amount_inr":"3500000.0","stamp_duty_inr":"210000.0","survey_sketch_id":"FMB-HR-08-0119","cadastral_sheet_no":"SHT-HR-08","surveyed_area_sqm":"2023.43","survey_status":"SURVEYED","urban_authority":"Wazirabad Tehsil Urban Development & Town Planning Authority","zone_name":"Commercial Core","permitted_land_use":"COMMERCIAL","building_permission_status":"SANCTIONED","violations_reported":"False","is_encumbered":"True","encumbrance_certificate_number":"EC-HR-00000119-0119","encumbrance_type":"LEASE_CHARGE","financial_institution":"","mortgage_amount":"0.0","created_at":"2026-01-15T09:00:00Z","updated_at":"2026-09-24T11:30:00Z"}},{"type":"Feature","geometry":{"type":"Polygon","coordinates":[[[75.76924579376553,29.061737430384632],[75.82325145887862,29.057428870532355],[75.82325145887862,29.115244105247413],[75.77058460948957,29.119385881263202],[75.76924579376553,29.061737430384632]]]},"properties":{"ulpin":"06729480885514","parcel_id":"97be09a0-7674-4bdd-8da7-a4bff2b49cd0","state":"Haryana","state_code":"HR","state_type":"STATE","state_lgd_code":"6","district_lgd_code":"80","district_name":"Gurugram","subdistrict_lgd_code":"620","subdistrict_name":"Wazirabad Tehsil","subdistrict_type":"Tehsil / Taluk","village_lgd_code":"61402","village_name":"Badshahpur","khasra_plot_no":"Murabba 45, Killa 12/2/D120","recorded_area":"4.0","recorded_area_unit":"Kanal-Marla","normalized_area_sqm":"2023.43","gis_area_sqm":"2023.43","land_use_category":"INDUSTRIAL","land_use_raw":"Gair Mumkin Plotted Commercial","status":"ARCHIVED","data_freshness_status":"UNKNOWN","scenario_index":"4637","use_case_description":"Pending sale mutation within statutory SLA","mutation_workflow_status":"HEARING_SCHEDULED","revenue_record_id":"ROR-HR-2025-1008-0120","revenue_record_type":"Jamabandi Nakal (Haryana Jamabandi)","khata_khewat_no":"KHT-58","khatauni_no":"KHN-158","owner_name":"Satish Chand Mittal","owner_name_local":"सतीश चंद मित्तल","co_owners":"","tenure_type":"Tribal Community Tenure","mutation_status":"NONE","active_mutation_id":"MUT-HR-00000120","tax_demand_status":"PAID","annual_tax_inr":"185.5","deed_number":"DEED-HR-2024-408-0120","deed_type":"Sale Deed / Conveyance","sro_office":"Sub-Registrar Office, Wazirabad Tehsil","execution_date":"2024-05-10","registered_owner":"Sunita Sharma / Aditi Verma","seller_name":"Previous Landholder","consideration_amount_inr":"3500000.0","stamp_duty_inr":"210000.0","survey_sketch_id":"FMB-HR-08-0120","cadastral_sheet_no":"SHT-HR-08","surveyed_area_sqm":"2023.43","survey_status":"PENDING","urban_authority":"Wazirabad Tehsil Urban Development & Town Planning Authority","zone_name":"Commercial Core","permitted_land_use":"INDUSTRIAL","building_permission_status":"PENDING","violations_reported":"False","is_encumbered":"False","encumbrance_certificate_number":"EC-HR-2024-108-0120","encumbrance_type":"NIL","financial_institution":"","mortgage_amount":"0.0","created_at":"2026-01-15T09:00:00Z","updated_at":"2026-09-24T11:30:00Z"}},{"type":"Feature","geometry":{"type":"Polygon","coordinates":[[[75.58835510594244,28.954987725282823],[75.64622869929065,28.952005708488947],[75.65353061583937,29.01925287983046],[75.58859203526694,29.01440923623514],[75.58835510594244,28.954987725282823]]]},"properties":{"ulpin":"06954422950120","parcel_id":"2f4e1c7d-9029-4561-be7f-62353e5cfd47","state":"Haryana","state_code":"HR","state_type":"STATE","state_lgd_code":"6","district_lgd_code":"80","district_name":"Gurugram","subdistrict_lgd_code":"620","subdistrict_name":"Wazirabad Tehsil","subdistrict_type":"Tehsil / Taluk","village_lgd_code":"61402","village_name":"Badshahpur","khasra_plot_no":"Murabba 45, Killa 12/2/D121","recorded_area":"4.0","recorded_area_unit":"Kanal-Marla","normalized_area_sqm":"2023.43","gis_area_sqm":"2023.43","land_use_category":"AGRICULTURAL","land_use_raw":"Gair Mumkin Plotted Commercial","status":"ACTIVE","data_freshness_status":"CURRENT","scenario_index":"4638","use_case_description":"Lease charge and institutional tenancy","mutation_workflow_status":"APPROVED","revenue_record_id":"ROR-HR-2025-1008-0121","revenue_record_type":"Jamabandi Nakal (Haryana Jamabandi)","khata_khewat_no":"KHT-58","khatauni_no":"KHN-158","owner_name":"Satish Chand Mittal","owner_name_local":"सतीश चंद मित्तल","co_owners":"","tenure_type":"Bhumiswami / Raiyati with Transferable Rights","mutation_status":"MUTATED","active_mutation_id":"","tax_demand_status":"PAID","annual_tax_inr":"185.5","deed_number":"DEED-HR-2024-408-0121","deed_type":"Sale Deed / Conveyance","sro_office":"Sub-Registrar Office, Wazirabad Tehsil","execution_date":"2024-05-10","registered_owner":"Sunita Sharma / Aditi Verma","seller_name":"Previous Landholder","consideration_amount_inr":"3500000.0","stamp_duty_inr":"210000.0","survey_sketch_id":"FMB-HR-08-0121","cadastral_sheet_no":"SHT-HR-08","surveyed_area_sqm":"2023.43","survey_status":"DISPUTED","urban_authority":"Wazirabad Tehsil Urban Development & Town Planning Authority","zone_name":"Commercial Core","permitted_land_use":"AGRICULTURAL","building_permission_status":"REJECTED","violations_reported":"False","is_encumbered":"True","encumbrance_certificate_number":"EC-HR-00000121-0121","encumbrance_type":"BANK_MORTGAGE","financial_institution":"","mortgage_amount":"0.0","created_at":"2026-01-15T09:00:00Z","updated_at":"2026-09-24T11:30:00Z"}},{"type":"Feature","geometry":{"type":"Polygon","coordinates":[[[74.8537711449501,29.435021362556306],[74.90132095350668,29.435021362556306],[74.89800304729226,29.475662366807295],[74.86103180190372,29.4797023521792],[74.8537711449501,29.435021362556306]]]},"properties":{"ulpin":"06796838585546","parcel_id":"7de5bde1-4e92-4308-8678-46caf87558e5","state":"Haryana","state_code":"HR","state_type":"STATE","state_lgd_code":"6","district_lgd_code":"80","district_name":"Gurugram","subdistrict_lgd_code":"620","subdistrict_name":"Wazirabad Tehsil","subdistrict_type":"Tehsil / Taluk","village_lgd_code":"61402","village_name":"Badshahpur","khasra_plot_no":"Murabba 45, Killa 12/2/D122","recorded_area":"4.0","recorded_area_unit":"Kanal-Marla","normalized_area_sqm":"2023.43","gis_area_sqm":"2023.43","land_use_category":"INSTITUTIONAL","land_use_raw":"Gair Mumkin Plotted Commercial","status":"PENDING_MUTATION","data_freshness_status":"STALE","scenario_index":"4639","use_case_description":"Subdivision or amalgamation history review","mutation_workflow_status":"REJECTED","revenue_record_id":"ROR-HR-2025-1008-0122","revenue_record_type":"Jamabandi Nakal (Haryana Jamabandi)","khata_khewat_no":"KHT-58","khatauni_no":"KHN-158","owner_name":"Satish Chand Mittal","owner_name_local":"सतीश चंद मित्तल","co_owners":"","tenure_type":"Bhumiswami / Freehold","mutation_status":"PENDING","active_mutation_id":"MUT-HR-00000122","tax_demand_status":"PAID","annual_tax_inr":"185.5","deed_number":"DEED-HR-2024-408-0122","deed_type":"Sale Deed / Conveyance","sro_office":"Sub-Registrar Office, Wazirabad Tehsil","execution_date":"2024-05-10","registered_owner":"Registry Variance Owner 122","seller_name":"Previous Landholder","consideration_amount_inr":"3500000.0","stamp_duty_inr":"210000.0","survey_sketch_id":"FMB-HR-08-0122","cadastral_sheet_no":"SHT-HR-08","surveyed_area_sqm":"2023.43","survey_status":"RESURVEY_REQUIRED","urban_authority":"Wazirabad Tehsil Urban Development & Town Planning Authority","zone_name":"Commercial Core","permitted_land_use":"INSTITUTIONAL","building_permission_status":"NOT_APPLICABLE","violations_reported":"False","is_encumbered":"True","encumbrance_certificate_number":"EC-HR-00000122-0122","encumbrance_type":"GOVT_REVENUE_LIEN","financial_institution":"","mortgage_amount":"0.0","created_at":"2026-01-15T09:00:00Z","updated_at":"2026-09-24T11:30:00Z"}},{"type":"Feature","geometry":{"type":"Polygon","coordinates":[[[75.7300863479975,28.16721944173994],[75.80198725899115,28.168505865499174],[75.79487724598589,28.209343910379395],[75.73518462204248,28.215600792050065],[75.7300863479975,28.16721944173994]]]},"properties":{"ulpin":"06492809176560","parcel_id":"1404aa64-d67c-44f2-a27a-baa99cc2e6a8","state":"Haryana","state_code":"HR","state_type":"STATE","state_lgd_code":"6","district_lgd_code":"80","district_name":"Gurugram","subdistrict_lgd_code":"620","subdistrict_name":"Wazirabad Tehsil","subdistrict_type":"Tehsil / Taluk","village_lgd_code":"61402","village_name":"Badshahpur","khasra_plot_no":"Murabba 45, Killa 12/2/D123","recorded_area":"4.0","recorded_area_unit":"Kanal-Marla","normalized_area_sqm":"2023.43","gis_area_sqm":"2023.43","land_use_category":"FOREST_GREEN_BELT","land_use_raw":"Gair Mumkin Plotted Commercial","status":"SUBDIVIDED","data_freshness_status":"UNKNOWN","scenario_index":"4640","use_case_description":"Archived historical record for audit retrieval","mutation_workflow_status":"SLA_BREACHED","revenue_record_id":"ROR-HR-2025-1008-0123","revenue_record_type":"Jamabandi Nakal (Haryana Jamabandi)","khata_khewat_no":"KHT-58","khatauni_no":"KHN-158","owner_name":"Satish Chand Mittal","owner_name_local":"सतीश चंद मित्तल","co_owners":"","tenure_type":"Leasehold","mutation_status":"UNMUTATED_TRANSACTION","active_mutation_id":"MUT-HR-00000123","tax_demand_status":"PAID","annual_tax_inr":"185.5","deed_number":"DEED-HR-2024-408-0123","deed_type":"Sale Deed / Conveyance","sro_office":"Sub-Registrar Office, Wazirabad Tehsil","execution_date":"2024-05-10","registered_owner":"Sunita Sharma / Aditi Verma","seller_name":"Previous Landholder","consideration_amount_inr":"3500000.0","stamp_duty_inr":"210000.0","survey_sketch_id":"FMB-HR-08-0123","cadastral_sheet_no":"SHT-HR-08","surveyed_area_sqm":"2023.43","survey_status":"SURVEYED","urban_authority":"Wazirabad Tehsil Urban Development & Town Planning Authority","zone_name":"Commercial Core","permitted_land_use":"FOREST_GREEN_BELT","building_permission_status":"SANCTIONED","violations_reported":"False","is_encumbered":"True","encumbrance_certificate_number":"EC-HR-00000123-0123","encumbrance_type":"COURT_ATTACHMENT","financial_institution":"","mortgage_amount":"0.0","created_at":"2026-01-15T09:00:00Z","updated_at":"2026-09-24T11:30:00Z"}},{"type":"Feature","geometry":{"type":"Polygon","coordinates":[[[74.99698219112777,29.435021362556306],[75.04456257611194,29.435021362556306],[75.04417021170207,29.471564956010177],[75.00355179838323,29.47761233056661],[74.99698219112777,29.435021362556306]]]},"properties":{"ulpin":"06885840991457","parcel_id":"698d318f-a952-4d77-80d5-32ce4bef4c0e","state":"Haryana","state_code":"HR","state_type":"STATE","state_lgd_code":"6","district_lgd_code":"80","district_name":"Gurugram","subdistrict_lgd_code":"620","subdistrict_name":"Wazirabad Tehsil","subdistrict_type":"Tehsil / Taluk","village_lgd_code":"61402","village_name":"Badshahpur","khasra_plot_no":"Murabba 45, Killa 12/2/D124","recorded_area":"4.0","recorded_area_unit":"Kanal-Marla","normalized_area_sqm":"2023.43","gis_area_sqm":"2023.43","land_use_category":"WATER_BODY","land_use_raw":"Gair Mumkin Plotted Commercial","status":"AMALGAMATED","data_freshness_status":"CURRENT","scenario_index":"4641","use_case_description":"Bank mortgage and active encumbrance","mutation_workflow_status":"SUBMITTED","revenue_record_id":"ROR-HR-2025-1008-0124","revenue_record_type":"Jamabandi Nakal (Haryana Jamabandi)","khata_khewat_no":"KHT-58","khatauni_no":"KHN-158","owner_name":"Satish Chand Mittal","owner_name_local":"सतीश चंद मित्तल","co_owners":"","tenure_type":"Government Grant","mutation_status":"REJECTED","active_mutation_id":"MUT-HR-00000124","tax_demand_status":"PAID","annual_tax_inr":"185.5","deed_number":"DEED-HR-2024-408-0124","deed_type":"Sale Deed / Conveyance","sro_office":"Sub-Registrar Office, Wazirabad Tehsil","execution_date":"2024-05-10","registered_owner":"Sunita Sharma / Aditi Verma","seller_name":"Previous Landholder","consideration_amount_inr":"3500000.0","stamp_duty_inr":"210000.0","survey_sketch_id":"FMB-HR-08-0124","cadastral_sheet_no":"SHT-HR-08","surveyed_area_sqm":"2023.43","survey_status":"PENDING","urban_authority":"Wazirabad Tehsil Urban Development & Town Planning Authority","zone_name":"Commercial Core","permitted_land_use":"WATER_BODY","building_permission_status":"PENDING","violations_reported":"True","is_encumbered":"True","encumbrance_certificate_number":"EC-HR-00000124-0124","encumbrance_type":"TRIBAL_NON_ALIENATION","financial_institution":"","mortgage_amount":"0.0","created_at":"2026-01-15T09:00:00Z","updated_at":"2026-09-24T11:30:00Z"}},{"type":"Feature","geometry":{"type":"Polygon","coordinates":[[[75.47660863489487,28.37958189904989],[75.53075865233811,28.37799795724668],[75.5382596329521,28.424872466405823],[75.47660863489487,28.426659120378698],[75.47660863489487,28.37958189904989]]]},"properties":{"ulpin":"06240214240672","parcel_id":"0f12396f-4f41-4901-9c15-12b5cfbbedd6","state":"Haryana","state_code":"HR","state_type":"STATE","state_lgd_code":"6","district_lgd_code":"80","district_name":"Gurugram","subdistrict_lgd_code":"620","subdistrict_name":"Wazirabad Tehsil","subdistrict_type":"Tehsil / Taluk","village_lgd_code":"61402","village_name":"Badshahpur","khasra_plot_no":"Murabba 45, Killa 12/2/D125","recorded_area":"4.0","recorded_area_unit":"Kanal-Marla","normalized_area_sqm":"2023.43","gis_area_sqm":"2023.43","land_use_category":"MIXED_USE","land_use_raw":"Gair Mumkin Plotted Commercial","status":"DISPUTED","data_freshness_status":"STALE","scenario_index":"4642","use_case_description":"Government revenue lien and tax demand","mutation_workflow_status":"UNDER_VERIFICATION","revenue_record_id":"ROR-HR-2025-1008-0125","revenue_record_type":"Jamabandi Nakal (Haryana Jamabandi)","khata_khewat_no":"KHT-58","khatauni_no":"KHN-158","owner_name":"Satish Chand Mittal","owner_name_local":"सतीश चंद मित्तल","co_owners":"","tenure_type":"Waqf / Religious Trust","mutation_status":"DISPUTED","active_mutation_id":"MUT-HR-00000125","tax_demand_status":"PAID","annual_tax_inr":"185.5","deed_number":"DEED-HR-2024-408-0125","deed_type":"Sale Deed / Conveyance","sro_office":"Sub-Registrar Office, Wazirabad Tehsil","execution_date":"2024-05-10","registered_owner":"Sunita Sharma / Aditi Verma","seller_name":"Previous Landholder","consideration_amount_inr":"3500000.0","stamp_duty_inr":"210000.0","survey_sketch_id":"FMB-HR-08-0125","cadastral_sheet_no":"SHT-HR-08","surveyed_area_sqm":"2023.43","survey_status":"DISPUTED","urban_authority":"Wazirabad Tehsil Urban Development & Town Planning Authority","zone_name":"Commercial Core","permitted_land_use":"MIXED_USE","building_permission_status":"REJECTED","violations_reported":"False","is_encumbered":"True","encumbrance_certificate_number":"EC-HR-00000125-0125","encumbrance_type":"LEASE_CHARGE","financial_institution":"","mortgage_amount":"0.0","created_at":"2026-01-15T09:00:00Z","updated_at":"2026-09-24T11:30:00Z"}},{"type":"Feature","geometry":{"type":"Polygon","coordinates":[[[74.75894355835246,29.693035711753517],[74.80802725183622,29.693095676035455],[74.80788329944596,29.736345671989483],[74.75894355835246,29.74474175071613],[74.75894355835246,29.693035711753517]]]},"properties":{"ulpin":"06996382975038","parcel_id":"2d7576f4-11d8-4ee1-908c-54d1d203a08a","state":"Haryana","state_code":"HR","state_type":"STATE","state_lgd_code":"6","district_lgd_code":"80","district_name":"Gurugram","subdistrict_lgd_code":"620","subdistrict_name":"Wazirabad Tehsil","subdistrict_type":"Tehsil / Taluk","village_lgd_code":"61402","village_name":"Badshahpur","khasra_plot_no":"Murabba 45, Killa 12/2/D126","recorded_area":"4.0","recorded_area_unit":"Kanal-Marla","normalized_area_sqm":"2023.43","gis_area_sqm":"2023.43","land_use_category":"OTHER","land_use_raw":"Gair Mumkin Plotted Commercial","status":"ARCHIVED","data_freshness_status":"UNKNOWN","scenario_index":"4643","use_case_description":"Bank mortgage and active encumbrance","mutation_workflow_status":"NOTICE_PERIOD","revenue_record_id":"ROR-HR-2025-1008-0126","revenue_record_type":"Jamabandi Nakal (Haryana Jamabandi)","khata_khewat_no":"KHT-58","khatauni_no":"KHN-158","owner_name":"Satish Chand Mittal","owner_name_local":"सतीश चंद मित्तल","co_owners":"","tenure_type":"Tribal Community Tenure","mutation_status":"NONE","active_mutation_id":"MUT-HR-00000126","tax_demand_status":"PAID","annual_tax_inr":"185.5","deed_number":"DEED-HR-2024-408-0126","deed_type":"Sale Deed / Conveyance","sro_office":"Sub-Registrar Office, Wazirabad Tehsil","execution_date":"2024-05-10","registered_owner":"Sunita Sharma / Aditi Verma","seller_name":"Previous Landholder","consideration_amount_inr":"3500000.0","stamp_duty_inr":"210000.0","survey_sketch_id":"FMB-HR-08-0126","cadastral_sheet_no":"SHT-HR-08","surveyed_area_sqm":"2023.43","survey_status":"RESURVEY_REQUIRED","urban_authority":"Wazirabad Tehsil Urban Development & Town Planning Authority","zone_name":"Commercial Core","permitted_land_use":"OTHER","building_permission_status":"NOT_APPLICABLE","violations_reported":"False","is_encumbered":"False","encumbrance_certificate_number":"EC-HR-2024-108-0126","encumbrance_type":"NIL","financial_institution":"","mortgage_amount":"0.0","created_at":"2026-01-15T09:00:00Z","updated_at":"2026-09-24T11:30:00Z"}},{"type":"Feature","geometry":{"type":"Polygon","coordinates":[[[75.77058460948957,29.119385881263202],[75.82325145887862,29.115244105247413],[75.82325145887862,29.170172876373144],[75.75772808022775,29.17855446103411],[75.77058460948957,29.119385881263202]]]},"properties":{"ulpin":"06922641149524","parcel_id":"40df9c66-c447-4097-ab21-61351359c59a","state":"Haryana","state_code":"HR","state_type":"STATE","state_lgd_code":"6","district_lgd_code":"80","district_name":"Gurugram","subdistrict_lgd_code":"620","subdistrict_name":"Wazirabad Tehsil","subdistrict_type":"Tehsil / Taluk","village_lgd_code":"61402","village_name":"Badshahpur","khasra_plot_no":"Murabba 45, Killa 12/2/D127","recorded_area":"4.0","recorded_area_unit":"Kanal-Marla","normalized_area_sqm":"2023.43","gis_area_sqm":"2023.43","land_use_category":"RESIDENTIAL","land_use_raw":"Gair Mumkin Plotted Commercial","status":"ACTIVE","data_freshness_status":"CURRENT","scenario_index":"4644","use_case_description":"Tribal non-alienation protection review","mutation_workflow_status":"HEARING_SCHEDULED","revenue_record_id":"ROR-HR-2025-1008-0127","revenue_record_type":"Jamabandi Nakal (Haryana Jamabandi)","khata_khewat_no":"KHT-58","khatauni_no":"KHN-158","owner_name":"Satish Chand Mittal","owner_name_local":"सतीश चंद मित्तल","co_owners":"","tenure_type":"Bhumiswami / Raiyati with Transferable Rights","mutation_status":"MUTATED","active_mutation_id":"","tax_demand_status":"PAID","annual_tax_inr":"185.5","deed_number":"DEED-HR-2024-408-0127","deed_type":"Sale Deed / Conveyance","sro_office":"Sub-Registrar Office, Wazirabad Tehsil","execution_date":"2024-05-10","registered_owner":"Registry Variance Owner 127","seller_name":"Previous Landholder","consideration_amount_inr":"3500000.0","stamp_duty_inr":"210000.0","survey_sketch_id":"FMB-HR-08-0127","cadastral_sheet_no":"SHT-HR-08","surveyed_area_sqm":"2023.43","survey_status":"SURVEYED","urban_authority":"Wazirabad Tehsil Urban Development & Town Planning Authority","zone_name":"Commercial Core","permitted_land_use":"RESIDENTIAL","building_permission_status":"SANCTIONED","violations_reported":"False","is_encumbered":"True","encumbrance_certificate_number":"EC-HR-00000127-0127","encumbrance_type":"BANK_MORTGAGE","financial_institution":"","mortgage_amount":"0.0","created_at":"2026-01-15T09:00:00Z","updated_at":"2026-09-24T11:30:00Z"}},{"type":"Feature","geometry":{"type":"Polygon","coordinates":[[[75.2364681440189,29.17951322080672],[75.29565072143252,29.169294977580417],[75.29118132709364,29.23500205325555],[75.22668641250226,29.23479172984849],[75.2364681440189,29.17951322080672]]]},"properties":{"ulpin":"06335561988382","parcel_id":"5d858352-badd-4023-9989-4400a50f9a92","state":"Haryana","state_code":"HR","state_type":"STATE","state_lgd_code":"6","district_lgd_code":"80","district_name":"Gurugram","subdistrict_lgd_code":"620","subdistrict_name":"Wazirabad Tehsil","subdistrict_type":"Tehsil / Taluk","village_lgd_code":"61402","village_name":"Badshahpur","khasra_plot_no":"Murabba 45, Killa 12/2/D128","recorded_area":"4.0","recorded_area_unit":"Kanal-Marla","normalized_area_sqm":"2023.43","gis_area_sqm":"2023.43","land_use_category":"COMMERCIAL","land_use_raw":"Gair Mumkin Plotted Commercial","status":"PENDING_MUTATION","data_freshness_status":"STALE","scenario_index":"4645","use_case_description":"Lease charge and institutional tenancy","mutation_workflow_status":"APPROVED","revenue_record_id":"ROR-HR-2025-1008-0128","revenue_record_type":"Jamabandi Nakal (Haryana Jamabandi)","khata_khewat_no":"KHT-58","khatauni_no":"KHN-158","owner_name":"Satish Chand Mittal","owner_name_local":"सतीश चंद मित्तल","co_owners":"","tenure_type":"Bhumiswami / Freehold","mutation_status":"PENDING","active_mutation_id":"MUT-HR-00000128","tax_demand_status":"PAID","annual_tax_inr":"185.5","deed_number":"DEED-HR-2024-408-0128","deed_type":"Sale Deed / Conveyance","sro_office":"Sub-Registrar Office, Wazirabad Tehsil","execution_date":"2024-05-10","registered_owner":"Sunita Sharma / Aditi Verma","seller_name":"Previous Landholder","consideration_amount_inr":"3500000.0","stamp_duty_inr":"210000.0","survey_sketch_id":"FMB-HR-08-0128","cadastral_sheet_no":"SHT-HR-08","surveyed_area_sqm":"2023.43","survey_status":"PENDING","urban_authority":"Wazirabad Tehsil Urban Development & Town Planning Authority","zone_name":"Commercial Core","permitted_land_use":"COMMERCIAL","building_permission_status":"PENDING","violations_reported":"False","is_encumbered":"True","encumbrance_certificate_number":"EC-HR-00000128-0128","encumbrance_type":"GOVT_REVENUE_LIEN","financial_institution":"","mortgage_amount":"0.0","created_at":"2026-01-15T09:00:00Z","updated_at":"2026-09-24T11:30:00Z"}},{"type":"Feature","geometry":{"type":"Polygon","coordinates":[[[75.12078049033903,29.04387559615846],[75.17003050474891,29.054540619276953],[75.1759562504397,29.10722591234775],[75.1181670835009,29.117022668175355],[75.12078049033903,29.04387559615846]]]},"properties":{"ulpin":"06995182053667","parcel_id":"220ddbf2-f543-40d1-b1f9-5d7b428e7626","state":"Haryana","state_code":"HR","state_type":"STATE","state_lgd_code":"6","district_lgd_code":"80","district_name":"Gurugram","subdistrict_lgd_code":"620","subdistrict_name":"Wazirabad Tehsil","subdistrict_type":"Tehsil / Taluk","village_lgd_code":"61402","village_name":"Badshahpur","khasra_plot_no":"Murabba 45, Killa 12/2/D129","recorded_area":"4.0","recorded_area_unit":"Kanal-Marla","normalized_area_sqm":"2023.43","gis_area_sqm":"2023.43","land_use_category":"INDUSTRIAL","land_use_raw":"Gair Mumkin Plotted Commercial","status":"SUBDIVIDED","data_freshness_status":"UNKNOWN","scenario_index":"4646","use_case_description":"Subdivision or amalgamation history review","mutation_workflow_status":"REJECTED","revenue_record_id":"ROR-HR-2025-1008-0129","revenue_record_type":"Jamabandi Nakal (Haryana Jamabandi)","khata_khewat_no":"KHT-58","khatauni_no":"KHN-158","owner_name":"Satish Chand Mittal","owner_name_local":"सतीश चंद मित्तल","co_owners":"","tenure_type":"Leasehold","mutation_status":"UNMUTATED_TRANSACTION","active_mutation_id":"MUT-HR-00000129","tax_demand_status":"PAID","annual_tax_inr":"185.5","deed_number":"DEED-HR-2024-408-0129","deed_type":"Sale Deed / Conveyance","sro_office":"Sub-Registrar Office, Wazirabad Tehsil","execution_date":"2024-05-10","registered_owner":"Sunita Sharma / Aditi Verma","seller_name":"Previous Landholder","consideration_amount_inr":"3500000.0","stamp_duty_inr":"210000.0","survey_sketch_id":"FMB-HR-08-0129","cadastral_sheet_no":"SHT-HR-08","surveyed_area_sqm":"2023.43","survey_status":"DISPUTED","urban_authority":"Wazirabad Tehsil Urban Development & Town Planning Authority","zone_name":"Commercial Core","permitted_land_use":"INDUSTRIAL","building_permission_status":"REJECTED","violations_reported":"False","is_encumbered":"True","encumbrance_certificate_number":"EC-HR-00000129-0129","encumbrance_type":"COURT_ATTACHMENT","financial_institution":"","mortgage_amount":"0.0","created_at":"2026-01-15T09:00:00Z","updated_at":"2026-09-24T11:30:00Z"}},{"type":"Feature","geometry":{"type":"Polygon","coordinates":[[[75.53075865233811,28.37799795724668],[75.60045781502163,28.375894356173003],[75.60230997272434,28.433004203255514],[75.5382596329521,28.424872466405823],[75.53075865233811,28.37799795724668]]]},"properties":{"ulpin":"06913623463987","parcel_id":"b59e1cc1-b0dc-4d25-85a3-27baf894822a","state":"Haryana","state_code":"HR","state_type":"STATE","state_lgd_code":"6","district_lgd_code":"80","district_name":"Gurugram","subdistrict_lgd_code":"620","subdistrict_name":"Wazirabad Tehsil","subdistrict_type":"Tehsil / Taluk","village_lgd_code":"61402","village_name":"Badshahpur","khasra_plot_no":"Murabba 45, Killa 12/2/D130","recorded_area":"4.0","recorded_area_unit":"Kanal-Marla","normalized_area_sqm":"2023.43","gis_area_sqm":"2023.43","land_use_category":"AGRICULTURAL","land_use_raw":"Gair Mumkin Plotted Commercial","status":"AMALGAMATED","data_freshness_status":"CURRENT","scenario_index":"4647","use_case_description":"Archived historical record for audit retrieval","mutation_workflow_status":"SLA_BREACHED","revenue_record_id":"ROR-HR-2025-1008-0130","revenue_record_type":"Jamabandi Nakal (Haryana Jamabandi)","khata_khewat_no":"KHT-58","khatauni_no":"KHN-158","owner_name":"Satish Chand Mittal","owner_name_local":"सतीश चंद मित्तल","co_owners":"","tenure_type":"Government Grant","mutation_status":"REJECTED","active_mutation_id":"MUT-HR-00000130","tax_demand_status":"PAID","annual_tax_inr":"185.5","deed_number":"DEED-HR-2024-408-0130","deed_type":"Sale Deed / Conveyance","sro_office":"Sub-Registrar Office, Wazirabad Tehsil","execution_date":"2024-05-10","registered_owner":"Sunita Sharma / Aditi Verma","seller_name":"Previous Landholder","consideration_amount_inr":"3500000.0","stamp_duty_inr":"210000.0","survey_sketch_id":"FMB-HR-08-0130","cadastral_sheet_no":"SHT-HR-08","surveyed_area_sqm":"2023.43","survey_status":"RESURVEY_REQUIRED","urban_authority":"Wazirabad Tehsil Urban Development & Town Planning Authority","zone_name":"Commercial Core","permitted_land_use":"AGRICULTURAL","building_permission_status":"NOT_APPLICABLE","violations_reported":"False","is_encumbered":"True","encumbrance_certificate_number":"EC-HR-00000130-0130","encumbrance_type":"TRIBAL_NON_ALIENATION","financial_institution":"","mortgage_amount":"0.0","created_at":"2026-01-15T09:00:00Z","updated_at":"2026-09-24T11:30:00Z"}},{"type":"Feature","geometry":{"type":"Polygon","coordinates":[[[75.00124722420333,29.044326239026933],[75.05836417877964,29.043367841157718],[75.05490066213473,29.106084707099125],[74.99895694621458,29.107467326403416],[75.00124722420333,29.044326239026933]]]},"properties":{"ulpin":"06628916427784","parcel_id":"e59af3e2-3c4e-4fd8-a79f-e04da59d6134","state":"Haryana","state_code":"HR","state_type":"STATE","state_lgd_code":"6","district_lgd_code":"80","district_name":"Gurugram","subdistrict_lgd_code":"620","subdistrict_name":"Wazirabad Tehsil","subdistrict_type":"Tehsil / Taluk","village_lgd_code":"61402","village_name":"Badshahpur","khasra_plot_no":"Murabba 45, Killa 12/2/D131","recorded_area":"4.0","recorded_area_unit":"Kanal-Marla","normalized_area_sqm":"2023.43","gis_area_sqm":"2023.43","land_use_category":"INSTITUTIONAL","land_use_raw":"Gair Mumkin Plotted Commercial","status":"DISPUTED","data_freshness_status":"STALE","scenario_index":"4648","use_case_description":"Bank mortgage and active encumbrance","mutation_workflow_status":"SUBMITTED","revenue_record_id":"ROR-HR-2025-1008-0131","revenue_record_type":"Jamabandi Nakal (Haryana Jamabandi)","khata_khewat_no":"KHT-58","khatauni_no":"KHN-158","owner_name":"Satish Chand Mittal","owner_name_local":"सतीश चंद मित्तल","co_owners":"","tenure_type":"Waqf / Religious Trust","mutation_status":"DISPUTED","active_mutation_id":"MUT-HR-00000131","tax_demand_status":"PAID","annual_tax_inr":"185.5","deed_number":"DEED-HR-2024-408-0131","deed_type":"Sale Deed / Conveyance","sro_office":"Sub-Registrar Office, Wazirabad Tehsil","execution_date":"2024-05-10","registered_owner":"Sunita Sharma / Aditi Verma","seller_name":"Previous Landholder","consideration_amount_inr":"3500000.0","stamp_duty_inr":"210000.0","survey_sketch_id":"FMB-HR-08-0131","cadastral_sheet_no":"SHT-HR-08","surveyed_area_sqm":"2023.43","survey_status":"SURVEYED","urban_authority":"Wazirabad Tehsil Urban Development & Town Planning Authority","zone_name":"Commercial Core","permitted_land_use":"INSTITUTIONAL","building_permission_status":"SANCTIONED","violations_reported":"True","is_encumbered":"True","encumbrance_certificate_number":"EC-HR-00000131-0131","encumbrance_type":"LEASE_CHARGE","financial_institution":"","mortgage_amount":"0.0","created_at":"2026-01-15T09:00:00Z","updated_at":"2026-09-24T11:30:00Z"}},{"type":"Feature","geometry":{"type":"Polygon","coordinates":[[[76.07786065747403,29.503131943538417],[76.13260148776455,29.503588876849438],[76.13655349092524,29.555200538739708],[76.07786065747403,29.553819993709652],[76.07786065747403,29.503131943538417]]]},"properties":{"ulpin":"06353376391728","parcel_id":"85ecb841-2040-4cab-ac95-7211e3947b89","state":"Haryana","state_code":"HR","state_type":"STATE","state_lgd_code":"6","district_lgd_code":"80","district_name":"Gurugram","subdistrict_lgd_code":"620","subdistrict_name":"Wazirabad Tehsil","subdistrict_type":"Tehsil / Taluk","village_lgd_code":"61402","village_name":"Badshahpur","khasra_plot_no":"Murabba 45, Killa 12/2/D132","recorded_area":"4.0","recorded_area_unit":"Kanal-Marla","normalized_area_sqm":"2023.43","gis_area_sqm":"2023.43","land_use_category":"FOREST_GREEN_BELT","land_use_raw":"Gair Mumkin Plotted Commercial","status":"ARCHIVED","data_freshness_status":"UNKNOWN","scenario_index":"4649","use_case_description":"Archived historical record for audit retrieval","mutation_workflow_status":"UNDER_VERIFICATION","revenue_record_id":"ROR-HR-2025-1008-0132","revenue_record_type":"Jamabandi Nakal (Haryana Jamabandi)","khata_khewat_no":"KHT-58","khatauni_no":"KHN-158","owner_name":"Satish Chand Mittal","owner_name_local":"सतीश चंद मित्तल","co_owners":"","tenure_type":"Tribal Community Tenure","mutation_status":"NONE","active_mutation_id":"MUT-HR-00000132","tax_demand_status":"PAID","annual_tax_inr":"185.5","deed_number":"DEED-HR-2024-408-0132","deed_type":"Sale Deed / Conveyance","sro_office":"Sub-Registrar Office, Wazirabad Tehsil","execution_date":"2024-05-10","registered_owner":"Registry Variance Owner 132","seller_name":"Previous Landholder","consideration_amount_inr":"3500000.0","stamp_duty_inr":"210000.0","survey_sketch_id":"FMB-HR-08-0132","cadastral_sheet_no":"SHT-HR-08","surveyed_area_sqm":"2023.43","survey_status":"PENDING","urban_authority":"Wazirabad Tehsil Urban Development & Town Planning Authority","zone_name":"Commercial Core","permitted_land_use":"FOREST_GREEN_BELT","building_permission_status":"PENDING","violations_reported":"False","is_encumbered":"False","encumbrance_certificate_number":"EC-HR-2024-108-0132","encumbrance_type":"NIL","financial_institution":"","mortgage_amount":"0.0","created_at":"2026-01-15T09:00:00Z","updated_at":"2026-09-24T11:30:00Z"}},{"type":"Feature","geometry":{"type":"Polygon","coordinates":[[[75.04894577076539,29.696223041119577],[75.10073095943721,29.69169299075197],[75.10073095943721,29.743806181157684],[75.04923178603863,29.745677121884103],[75.04894577076539,29.696223041119577]]]},"properties":{"ulpin":"06073994410225","parcel_id":"4532704b-ead7-4c13-bb02-2bbfa07250ac","state":"Haryana","state_code":"HR","state_type":"STATE","state_lgd_code":"6","district_lgd_code":"80","district_name":"Gurugram","subdistrict_lgd_code":"620","subdistrict_name":"Wazirabad Tehsil","subdistrict_type":"Tehsil / Taluk","village_lgd_code":"61402","village_name":"Badshahpur","khasra_plot_no":"Murabba 45, Killa 12/2/D133","recorded_area":"4.0","recorded_area_unit":"Kanal-Marla","normalized_area_sqm":"2023.43","gis_area_sqm":"2023.43","land_use_category":"WATER_BODY","land_use_raw":"Gair Mumkin Plotted Commercial","status":"ACTIVE","data_freshness_status":"CURRENT","scenario_index":"4650","use_case_description":"Court attachment and disputed possession","mutation_workflow_status":"NOTICE_PERIOD","revenue_record_id":"ROR-HR-2025-1008-0133","revenue_record_type":"Jamabandi Nakal (Haryana Jamabandi)","khata_khewat_no":"KHT-58","khatauni_no":"KHN-158","owner_name":"Satish Chand Mittal","owner_name_local":"सतीश चंद मित्तल","co_owners":"","tenure_type":"Bhumiswami / Raiyati with Transferable Rights","mutation_status":"MUTATED","active_mutation_id":"","tax_demand_status":"PAID","annual_tax_inr":"185.5","deed_number":"DEED-HR-2024-408-0133","deed_type":"Sale Deed / Conveyance","sro_office":"Sub-Registrar Office, Wazirabad Tehsil","execution_date":"2024-05-10","registered_owner":"Sunita Sharma / Aditi Verma","seller_name":"Previous Landholder","consideration_amount_inr":"3500000.0","stamp_duty_inr":"210000.0","survey_sketch_id":"FMB-HR-08-0133","cadastral_sheet_no":"SHT-HR-08","surveyed_area_sqm":"2023.43","survey_status":"DISPUTED","urban_authority":"Wazirabad Tehsil Urban Development & Town Planning Authority","zone_name":"Commercial Core","permitted_land_use":"WATER_BODY","building_permission_status":"REJECTED","violations_reported":"False","is_encumbered":"True","encumbrance_certificate_number":"EC-HR-00000133-0133","encumbrance_type":"BANK_MORTGAGE","financial_institution":"","mortgage_amount":"0.0","created_at":"2026-01-15T09:00:00Z","updated_at":"2026-09-24T11:30:00Z"}},{"type":"Feature","geometry":{"type":"Polygon","coordinates":[[[76.20629908697025,28.07116812606359],[76.2569086522786,28.073711106654958],[76.24667906162973,28.127035912209447],[76.19708974913102,28.1263004070025],[76.20629908697025,28.07116812606359]]]},"properties":{"ulpin":"06273742394667","parcel_id":"495103c8-ab46-4596-9178-03144151700a","state":"Haryana","state_code":"HR","state_type":"STATE","state_lgd_code":"6","district_lgd_code":"80","district_name":"Gurugram","subdistrict_lgd_code":"620","subdistrict_name":"Wazirabad Tehsil","subdistrict_type":"Tehsil / Taluk","village_lgd_code":"61402","village_name":"Badshahpur","khasra_plot_no":"Murabba 45, Killa 12/2/D134","recorded_area":"4.0","recorded_area_unit":"Kanal-Marla","normalized_area_sqm":"2023.43","gis_area_sqm":"2023.43","land_use_category":"MIXED_USE","land_use_raw":"Gair Mumkin Plotted Commercial","status":"PENDING_MUTATION","data_freshness_status":"STALE","scenario_index":"4651","use_case_description":"Tribal non-alienation protection review","mutation_workflow_status":"HEARING_SCHEDULED","revenue_record_id":"ROR-HR-2025-1008-0134","revenue_record_type":"Jamabandi Nakal (Haryana Jamabandi)","khata_khewat_no":"KHT-58","khatauni_no":"KHN-158","owner_name":"Satish Chand Mittal","owner_name_local":"सतीश चंद मित्तल","co_owners":"","tenure_type":"Bhumiswami / Freehold","mutation_status":"PENDING","active_mutation_id":"MUT-HR-00000134","tax_demand_status":"PAID","annual_tax_inr":"185.5","deed_number":"DEED-HR-2024-408-0134","deed_type":"Sale Deed / Conveyance","sro_office":"Sub-Registrar Office, Wazirabad Tehsil","execution_date":"2024-05-10","registered_owner":"Sunita Sharma / Aditi Verma","seller_name":"Previous Landholder","consideration_amount_inr":"3500000.0","stamp_duty_inr":"210000.0","survey_sketch_id":"FMB-HR-08-0134","cadastral_sheet_no":"SHT-HR-08","surveyed_area_sqm":"2023.43","survey_status":"RESURVEY_REQUIRED","urban_authority":"Wazirabad Tehsil Urban Development & Town Planning Authority","zone_name":"Commercial Core","permitted_land_use":"MIXED_USE","building_permission_status":"NOT_APPLICABLE","violations_reported":"False","is_encumbered":"True","encumbrance_certificate_number":"EC-HR-00000134-0134","encumbrance_type":"GOVT_REVENUE_LIEN","financial_institution":"","mortgage_amount":"0.0","created_at":"2026-01-15T09:00:00Z","updated_at":"2026-09-24T11:30:00Z"}},{"type":"Feature","geometry":{"type":"Polygon","coordinates":[[[76.13723036243569,29.444610088351855],[76.18868229017775,29.444610088351855],[76.19235782476746,29.501366465760096],[76.13260148776455,29.503588876849438],[76.13723036243569,29.444610088351855]]]},"properties":{"ulpin":"06729442722760","parcel_id":"b53089e0-51e6-43dc-8f16-eaabbf67dfcd","state":"Haryana","state_code":"HR","state_type":"STATE","state_lgd_code":"6","district_lgd_code":"80","district_name":"Gurugram","subdistrict_lgd_code":"620","subdistrict_name":"Wazirabad Tehsil","subdistrict_type":"Tehsil / Taluk","village_lgd_code":"61402","village_name":"Badshahpur","khasra_plot_no":"Murabba 45, Killa 12/2/D135","recorded_area":"4.0","recorded_area_unit":"Kanal-Marla","normalized_area_sqm":"2023.43","gis_area_sqm":"2023.43","land_use_category":"OTHER","land_use_raw":"Gair Mumkin Plotted Commercial","status":"SUBDIVIDED","data_freshness_status":"UNKNOWN","scenario_index":"4652","use_case_description":"Lease charge and institutional tenancy","mutation_workflow_status":"APPROVED","revenue_record_id":"ROR-HR-2025-1008-0135","revenue_record_type":"Jamabandi Nakal (Haryana Jamabandi)","khata_khewat_no":"KHT-58","khatauni_no":"KHN-158","owner_name":"Satish Chand Mittal","owner_name_local":"सतीश चंद मित्तल","co_owners":"","tenure_type":"Leasehold","mutation_status":"UNMUTATED_TRANSACTION","active_mutation_id":"MUT-HR-00000135","tax_demand_status":"PAID","annual_tax_inr":"185.5","deed_number":"DEED-HR-2024-408-0135","deed_type":"Sale Deed / Conveyance","sro_office":"Sub-Registrar Office, Wazirabad Tehsil","execution_date":"2024-05-10","registered_owner":"Sunita Sharma / Aditi Verma","seller_name":"Previous Landholder","consideration_amount_inr":"3500000.0","stamp_duty_inr":"210000.0","survey_sketch_id":"FMB-HR-08-0135","cadastral_sheet_no":"SHT-HR-08","surveyed_area_sqm":"2023.43","survey_status":"SURVEYED","urban_authority":"Wazirabad Tehsil Urban Development & Town Planning Authority","zone_name":"Commercial Core","permitted_land_use":"OTHER","building_permission_status":"SANCTIONED","violations_reported":"False","is_encumbered":"True","encumbrance_certificate_number":"EC-HR-00000135-0135","encumbrance_type":"COURT_ATTACHMENT","financial_institution":"","mortgage_amount":"0.0","created_at":"2026-01-15T09:00:00Z","updated_at":"2026-09-24T11:30:00Z"}},{"type":"Feature","geometry":{"type":"Polygon","coordinates":[[[75.01134566964625,28.163443158099717],[75.08025263301656,28.163443158099717],[75.07370713518245,28.211649860688738],[75.02230156772049,28.212457388050584],[75.01134566964625,28.163443158099717]]]},"properties":{"ulpin":"06253777863794","parcel_id":"08ab4902-cd23-4832-91d4-c96c272251e0","state":"Haryana","state_code":"HR","state_type":"STATE","state_lgd_code":"6","district_lgd_code":"80","district_name":"Gurugram","subdistrict_lgd_code":"620","subdistrict_name":"Wazirabad Tehsil","subdistrict_type":"Tehsil / Taluk","village_lgd_code":"61402","village_name":"Badshahpur","khasra_plot_no":"Murabba 45, Killa 12/2/D136","recorded_area":"4.0","recorded_area_unit":"Kanal-Marla","normalized_area_sqm":"2023.43","gis_area_sqm":"2023.43","land_use_category":"RESIDENTIAL","land_use_raw":"Gair Mumkin Plotted Commercial","status":"AMALGAMATED","data_freshness_status":"CURRENT","scenario_index":"4653","use_case_description":"Subdivision or amalgamation history review","mutation_workflow_status":"REJECTED","revenue_record_id":"ROR-HR-2025-1008-0136","revenue_record_type":"Jamabandi Nakal (Haryana Jamabandi)","khata_khewat_no":"KHT-58","khatauni_no":"KHN-158","owner_name":"Satish Chand Mittal","owner_name_local":"सतीश चंद मित्तल","co_owners":"","tenure_type":"Government Grant","mutation_status":"REJECTED","active_mutation_id":"MUT-HR-00000136","tax_demand_status":"PAID","annual_tax_inr":"185.5","deed_number":"DEED-HR-2024-408-0136","deed_type":"Sale Deed / Conveyance","sro_office":"Sub-Registrar Office, Wazirabad Tehsil","execution_date":"2024-05-10","registered_owner":"Sunita Sharma / Aditi Verma","seller_name":"Previous Landholder","consideration_amount_inr":"3500000.0","stamp_duty_inr":"210000.0","survey_sketch_id":"FMB-HR-08-0136","cadastral_sheet_no":"SHT-HR-08","surveyed_area_sqm":"2023.43","survey_status":"PENDING","urban_authority":"Wazirabad Tehsil Urban Development & Town Planning Authority","zone_name":"Commercial Core","permitted_land_use":"RESIDENTIAL","building_permission_status":"PENDING","violations_reported":"False","is_encumbered":"True","encumbrance_certificate_number":"EC-HR-00000136-0136","encumbrance_type":"TRIBAL_NON_ALIENATION","financial_institution":"","mortgage_amount":"0.0","created_at":"2026-01-15T09:00:00Z","updated_at":"2026-09-24T11:30:00Z"}},{"type":"Feature","geometry":{"type":"Polygon","coordinates":[[[74.9510576392424,29.561057566675743],[75.00060270250721,29.562951900890482],[74.99912365199191,29.60945948249304],[74.95442841717532,29.612499420822708],[74.9510576392424,29.561057566675743]]]},"properties":{"ulpin":"06475728930680","parcel_id":"9cf2a095-d623-450f-80bf-282882e1b0b3","state":"Haryana","state_code":"HR","state_type":"STATE","state_lgd_code":"6","district_lgd_code":"80","district_name":"Gurugram","subdistrict_lgd_code":"620","subdistrict_name":"Wazirabad Tehsil","subdistrict_type":"Tehsil / Taluk","village_lgd_code":"61402","village_name":"Badshahpur","khasra_plot_no":"Murabba 45, Killa 12/2/D137","recorded_area":"4.0","recorded_area_unit":"Kanal-Marla","normalized_area_sqm":"2023.43","gis_area_sqm":"2023.43","land_use_category":"COMMERCIAL","land_use_raw":"Gair Mumkin Plotted Commercial","status":"DISPUTED","data_freshness_status":"STALE","scenario_index":"4654","use_case_description":"Archived historical record for audit retrieval","mutation_workflow_status":"SLA_BREACHED","revenue_record_id":"ROR-HR-2025-1008-0137","revenue_record_type":"Jamabandi Nakal (Haryana Jamabandi)","khata_khewat_no":"KHT-58","khatauni_no":"KHN-158","owner_name":"Satish Chand Mittal","owner_name_local":"सतीश चंद मित्तल","co_owners":"","tenure_type":"Waqf / Religious Trust","mutation_status":"DISPUTED","active_mutation_id":"MUT-HR-00000137","tax_demand_status":"PAID","annual_tax_inr":"185.5","deed_number":"DEED-HR-2024-408-0137","deed_type":"Sale Deed / Conveyance","sro_office":"Sub-Registrar Office, Wazirabad Tehsil","execution_date":"2024-05-10","registered_owner":"Registry Variance Owner 137","seller_name":"Previous Landholder","consideration_amount_inr":"3500000.0","stamp_duty_inr":"210000.0","survey_sketch_id":"FMB-HR-08-0137","cadastral_sheet_no":"SHT-HR-08","surveyed_area_sqm":"2023.43","survey_status":"DISPUTED","urban_authority":"Wazirabad Tehsil Urban Development & Town Planning Authority","zone_name":"Commercial Core","permitted_land_use":"COMMERCIAL","building_permission_status":"REJECTED","violations_reported":"False","is_encumbered":"True","encumbrance_certificate_number":"EC-HR-00000137-0137","encumbrance_type":"LEASE_CHARGE","financial_institution":"","mortgage_amount":"0.0","created_at":"2026-01-15T09:00:00Z","updated_at":"2026-09-24T11:30:00Z"}},{"type":"Feature","geometry":{"type":"Polygon","coordinates":[[[75.11559308840886,28.922315992285355],[75.17986340836663,28.922315992285355],[75.18305040807643,28.98668585433474],[75.11665605034182,28.986185623930037],[75.11559308840886,28.922315992285355]]]},"properties":{"ulpin":"06695732563631","parcel_id":"969195f6-2707-4ea7-a70b-63be48fcab52","state":"Haryana","state_code":"HR","state_type":"STATE","state_lgd_code":"6","district_lgd_code":"80","district_name":"Gurugram","subdistrict_lgd_code":"620","subdistrict_name":"Wazirabad Tehsil","subdistrict_type":"Tehsil / Taluk","village_lgd_code":"61402","village_name":"Badshahpur","khasra_plot_no":"Murabba 45, Killa 12/2/D138","recorded_area":"4.0","recorded_area_unit":"Kanal-Marla","normalized_area_sqm":"2023.43","gis_area_sqm":"2023.43","land_use_category":"INDUSTRIAL","land_use_raw":"Gair Mumkin Plotted Commercial","status":"ARCHIVED","data_freshness_status":"UNKNOWN","scenario_index":"4655","use_case_description":"Cadastral area discrepancy requiring resurvey","mutation_workflow_status":"SUBMITTED","revenue_record_id":"ROR-HR-2025-1008-0138","revenue_record_type":"Jamabandi Nakal (Haryana Jamabandi)","khata_khewat_no":"KHT-58","khatauni_no":"KHN-158","owner_name":"Satish Chand Mittal","owner_name_local":"सतीश चंद मित्तल","co_owners":"","tenure_type":"Tribal Community Tenure","mutation_status":"NONE","active_mutation_id":"MUT-HR-00000138","tax_demand_status":"PAID","annual_tax_inr":"185.5","deed_number":"DEED-HR-2024-408-0138","deed_type":"Sale Deed / Conveyance","sro_office":"Sub-Registrar Office, Wazirabad Tehsil","execution_date":"2024-05-10","registered_owner":"Sunita Sharma / Aditi Verma","seller_name":"Previous Landholder","consideration_amount_inr":"3500000.0","stamp_duty_inr":"210000.0","survey_sketch_id":"FMB-HR-08-0138","cadastral_sheet_no":"SHT-HR-08","surveyed_area_sqm":"2023.43","survey_status":"RESURVEY_REQUIRED","urban_authority":"Wazirabad Tehsil Urban Development & Town Planning Authority","zone_name":"Commercial Core","permitted_land_use":"INDUSTRIAL","building_permission_status":"NOT_APPLICABLE","violations_reported":"True","is_encumbered":"False","encumbrance_certificate_number":"EC-HR-2024-108-0138","encumbrance_type":"NIL","financial_institution":"","mortgage_amount":"0.0","created_at":"2026-01-15T09:00:00Z","updated_at":"2026-09-24T11:30:00Z"}},{"type":"Feature","geometry":{"type":"Polygon","coordinates":[[[75.04500043489294,29.564436225233198],[75.10073095943721,29.568449328703707],[75.10073095943721,29.602470486121717],[75.04419678371367,29.614160292511837],[75.04500043489294,29.564436225233198]]]},"properties":{"ulpin":"06427225021511","parcel_id":"a9da57d6-1dec-4b4c-a45d-ff4b37ce33eb","state":"Haryana","state_code":"HR","state_type":"STATE","state_lgd_code":"6","district_lgd_code":"80","district_name":"Gurugram","subdistrict_lgd_code":"620","subdistrict_name":"Wazirabad Tehsil","subdistrict_type":"Tehsil / Taluk","village_lgd_code":"61402","village_name":"Badshahpur","khasra_plot_no":"Murabba 45, Killa 12/2/D139","recorded_area":"4.0","recorded_area_unit":"Kanal-Marla","normalized_area_sqm":"2023.43","gis_area_sqm":"2023.43","land_use_category":"AGRICULTURAL","land_use_raw":"Gair Mumkin Plotted Commercial","status":"ACTIVE","data_freshness_status":"CURRENT","scenario_index":"4656","use_case_description":"Government revenue lien and tax demand","mutation_workflow_status":"UNDER_VERIFICATION","revenue_record_id":"ROR-HR-2025-1008-0139","revenue_record_type":"Jamabandi Nakal (Haryana Jamabandi)","khata_khewat_no":"KHT-58","khatauni_no":"KHN-158","owner_name":"Satish Chand Mittal","owner_name_local":"सतीश चंद मित्तल","co_owners":"","tenure_type":"Bhumiswami / Raiyati with Transferable Rights","mutation_status":"MUTATED","active_mutation_id":"","tax_demand_status":"PAID","annual_tax_inr":"185.5","deed_number":"DEED-HR-2024-408-0139","deed_type":"Sale Deed / Conveyance","sro_office":"Sub-Registrar Office, Wazirabad Tehsil","execution_date":"2024-05-10","registered_owner":"Sunita Sharma / Aditi Verma","seller_name":"Previous Landholder","consideration_amount_inr":"3500000.0","stamp_duty_inr":"210000.0","survey_sketch_id":"FMB-HR-08-0139","cadastral_sheet_no":"SHT-HR-08","surveyed_area_sqm":"2023.43","survey_status":"SURVEYED","urban_authority":"Wazirabad Tehsil Urban Development & Town Planning Authority","zone_name":"Commercial Core","permitted_land_use":"AGRICULTURAL","building_permission_status":"SANCTIONED","violations_reported":"False","is_encumbered":"True","encumbrance_certificate_number":"EC-HR-00000139-0139","encumbrance_type":"BANK_MORTGAGE","financial_institution":"","mortgage_amount":"0.0","created_at":"2026-01-15T09:00:00Z","updated_at":"2026-09-24T11:30:00Z"}},{"type":"Feature","geometry":{"type":"Polygon","coordinates":[[[75.65620762678645,29.225629842189473],[75.70920610563739,29.228476256789936],[75.70490025427692,29.27550458637108],[75.65405159657784,29.285149991506636],[75.65620762678645,29.225629842189473]]]},"properties":{"ulpin":"06969943412541","parcel_id":"e1eb789b-6612-407b-8057-06d4f5a7707c","state":"Haryana","state_code":"HR","state_type":"STATE","state_lgd_code":"6","district_lgd_code":"80","district_name":"Gurugram","subdistrict_lgd_code":"620","subdistrict_name":"Wazirabad Tehsil","subdistrict_type":"Tehsil / Taluk","village_lgd_code":"61402","village_name":"Badshahpur","khasra_plot_no":"Murabba 45, Killa 12/2/D140","recorded_area":"4.0","recorded_area_unit":"Kanal-Marla","normalized_area_sqm":"2023.43","gis_area_sqm":"2023.43","land_use_category":"INSTITUTIONAL","land_use_raw":"Gair Mumkin Plotted Commercial","status":"PENDING_MUTATION","data_freshness_status":"STALE","scenario_index":"4657","use_case_description":"Court attachment and disputed possession","mutation_workflow_status":"NOTICE_PERIOD","revenue_record_id":"ROR-HR-2025-1008-0140","revenue_record_type":"Jamabandi Nakal (Haryana Jamabandi)","khata_khewat_no":"KHT-58","khatauni_no":"KHN-158","owner_name":"Satish Chand Mittal","owner_name_local":"सतीश चंद मित्तल","co_owners":"","tenure_type":"Bhumiswami / Freehold","mutation_status":"PENDING","active_mutation_id":"MUT-HR-00000140","tax_demand_status":"PAID","annual_tax_inr":"185.5","deed_number":"DEED-HR-2024-408-0140","deed_type":"Sale Deed / Conveyance","sro_office":"Sub-Registrar Office, Wazirabad Tehsil","execution_date":"2024-05-10","registered_owner":"Sunita Sharma / Aditi Verma","seller_name":"Previous Landholder","consideration_amount_inr":"3500000.0","stamp_duty_inr":"210000.0","survey_sketch_id":"FMB-HR-08-0140","cadastral_sheet_no":"SHT-HR-08","surveyed_area_sqm":"2023.43","survey_status":"PENDING","urban_authority":"Wazirabad Tehsil Urban Development & Town Planning Authority","zone_name":"Commercial Core","permitted_land_use":"INSTITUTIONAL","building_permission_status":"PENDING","violations_reported":"False","is_encumbered":"True","encumbrance_certificate_number":"EC-HR-00000140-0140","encumbrance_type":"GOVT_REVENUE_LIEN","financial_institution":"","mortgage_amount":"0.0","created_at":"2026-01-15T09:00:00Z","updated_at":"2026-09-24T11:30:00Z"}},{"type":"Feature","geometry":{"type":"Polygon","coordinates":[[[76.2992901659935,29.709482457035943],[76.3584875358553,29.717427779186288],[76.36311004273746,29.757461197268388],[76.31014867670021,29.755877111087077],[76.2992901659935,29.709482457035943]]]},"properties":{"ulpin":"06157339566299","parcel_id":"659eab53-154d-4bd1-bc8d-f2e520f903ca","state":"Haryana","state_code":"HR","state_type":"STATE","state_lgd_code":"6","district_lgd_code":"80","district_name":"Gurugram","subdistrict_lgd_code":"620","subdistrict_name":"Wazirabad Tehsil","subdistrict_type":"Tehsil / Taluk","village_lgd_code":"61402","village_name":"Badshahpur","khasra_plot_no":"Murabba 45, Killa 12/2/D141","recorded_area":"4.0","recorded_area_unit":"Kanal-Marla","normalized_area_sqm":"2023.43","gis_area_sqm":"2023.43","land_use_category":"FOREST_GREEN_BELT","land_use_raw":"Gair Mumkin Plotted Commercial","status":"SUBDIVIDED","data_freshness_status":"UNKNOWN","scenario_index":"4658","use_case_description":"Tribal non-alienation protection review","mutation_workflow_status":"HEARING_SCHEDULED","revenue_record_id":"ROR-HR-2025-1008-0141","revenue_record_type":"Jamabandi Nakal (Haryana Jamabandi)","khata_khewat_no":"KHT-58","khatauni_no":"KHN-158","owner_name":"Satish Chand Mittal","owner_name_local":"सतीश चंद मित्तल","co_owners":"","tenure_type":"Leasehold","mutation_status":"UNMUTATED_TRANSACTION","active_mutation_id":"MUT-HR-00000141","tax_demand_status":"PAID","annual_tax_inr":"185.5","deed_number":"DEED-HR-2024-408-0141","deed_type":"Sale Deed / Conveyance","sro_office":"Sub-Registrar Office, Wazirabad Tehsil","execution_date":"2024-05-10","registered_owner":"Sunita Sharma / Aditi Verma","seller_name":"Previous Landholder","consideration_amount_inr":"3500000.0","stamp_duty_inr":"210000.0","survey_sketch_id":"FMB-HR-08-0141","cadastral_sheet_no":"SHT-HR-08","surveyed_area_sqm":"2023.43","survey_status":"DISPUTED","urban_authority":"Wazirabad Tehsil Urban Development & Town Planning Authority","zone_name":"Commercial Core","permitted_land_use":"FOREST_GREEN_BELT","building_permission_status":"REJECTED","violations_reported":"False","is_encumbered":"True","encumbrance_certificate_number":"EC-HR-00000141-0141","encumbrance_type":"COURT_ATTACHMENT","financial_institution":"","mortgage_amount":"0.0","created_at":"2026-01-15T09:00:00Z","updated_at":"2026-09-24T11:30:00Z"}},{"type":"Feature","geometry":{"type":"Polygon","coordinates":[[[76.2554725495031,28.034257860374815],[76.3022086588034,28.02922797170558],[76.29909926385729,28.07362891866576],[76.2569086522786,28.073711106654958],[76.2554725495031,28.034257860374815]]]},"properties":{"ulpin":"06867193456120","parcel_id":"0d06d28f-9d69-4ff6-a29a-136cf778addf","state":"Haryana","state_code":"HR","state_type":"STATE","state_lgd_code":"6","district_lgd_code":"80","district_name":"Gurugram","subdistrict_lgd_code":"620","subdistrict_name":"Wazirabad Tehsil","subdistrict_type":"Tehsil / Taluk","village_lgd_code":"61402","village_name":"Badshahpur","khasra_plot_no":"Murabba 45, Killa 12/2/D142","recorded_area":"4.0","recorded_area_unit":"Kanal-Marla","normalized_area_sqm":"2023.43","gis_area_sqm":"2023.43","land_use_category":"WATER_BODY","land_use_raw":"Gair Mumkin Plotted Commercial","status":"AMALGAMATED","data_freshness_status":"CURRENT","scenario_index":"4659","use_case_description":"Lease charge and institutional tenancy","mutation_workflow_status":"APPROVED","revenue_record_id":"ROR-HR-2025-1008-0142","revenue_record_type":"Jamabandi Nakal (Haryana Jamabandi)","khata_khewat_no":"KHT-58","khatauni_no":"KHN-158","owner_name":"Satish Chand Mittal","owner_name_local":"सतीश चंद मित्तल","co_owners":"","tenure_type":"Government Grant","mutation_status":"REJECTED","active_mutation_id":"MUT-HR-00000142","tax_demand_status":"PAID","annual_tax_inr":"185.5","deed_number":"DEED-HR-2024-408-0142","deed_type":"Sale Deed / Conveyance","sro_office":"Sub-Registrar Office, Wazirabad Tehsil","execution_date":"2024-05-10","registered_owner":"Registry Variance Owner 142","seller_name":"Previous Landholder","consideration_amount_inr":"3500000.0","stamp_duty_inr":"210000.0","survey_sketch_id":"FMB-HR-08-0142","cadastral_sheet_no":"SHT-HR-08","surveyed_area_sqm":"2023.43","survey_status":"RESURVEY_REQUIRED","urban_authority":"Wazirabad Tehsil Urban Development & Town Planning Authority","zone_name":"Commercial Core","permitted_land_use":"WATER_BODY","building_permission_status":"NOT_APPLICABLE","violations_reported":"False","is_encumbered":"True","encumbrance_certificate_number":"EC-HR-00000142-0142","encumbrance_type":"TRIBAL_NON_ALIENATION","financial_institution":"","mortgage_amount":"0.0","created_at":"2026-01-15T09:00:00Z","updated_at":"2026-09-24T11:30:00Z"}},{"type":"Feature","geometry":{"type":"Polygon","coordinates":[[[76.35561248931575,27.982296658942136],[76.3999432942452,27.982296658942136],[76.4072614568041,28.023351078455132],[76.35200359608959,28.031320391977577],[76.35561248931575,27.982296658942136]]]},"properties":{"ulpin":"06559692168867","parcel_id":"5ae1d083-720e-415e-bd81-90ec792db049","state":"Haryana","state_code":"HR","state_type":"STATE","state_lgd_code":"6","district_lgd_code":"80","district_name":"Gurugram","subdistrict_lgd_code":"620","subdistrict_name":"Wazirabad Tehsil","subdistrict_type":"Tehsil / Taluk","village_lgd_code":"61402","village_name":"Badshahpur","khasra_plot_no":"Murabba 45, Killa 12/2/D143","recorded_area":"4.0","recorded_area_unit":"Kanal-Marla","normalized_area_sqm":"2023.43","gis_area_sqm":"2023.43","land_use_category":"MIXED_USE","land_use_raw":"Gair Mumkin Plotted Commercial","status":"DISPUTED","data_freshness_status":"STALE","scenario_index":"4660","use_case_description":"Subdivision or amalgamation history review","mutation_workflow_status":"REJECTED","revenue_record_id":"ROR-HR-2025-1008-0143","revenue_record_type":"Jamabandi Nakal (Haryana Jamabandi)","khata_khewat_no":"KHT-58","khatauni_no":"KHN-158","owner_name":"Satish Chand Mittal","owner_name_local":"सतीश चंद मित्तल","co_owners":"","tenure_type":"Waqf / Religious Trust","mutation_status":"DISPUTED","active_mutation_id":"MUT-HR-00000143","tax_demand_status":"PAID","annual_tax_inr":"185.5","deed_number":"DEED-HR-2024-408-0143","deed_type":"Sale Deed / Conveyance","sro_office":"Sub-Registrar Office, Wazirabad Tehsil","execution_date":"2024-05-10","registered_owner":"Sunita Sharma / Aditi Verma","seller_name":"Previous Landholder","consideration_amount_inr":"3500000.0","stamp_duty_inr":"210000.0","survey_sketch_id":"FMB-HR-08-0143","cadastral_sheet_no":"SHT-HR-08","surveyed_area_sqm":"2023.43","survey_status":"SURVEYED","urban_authority":"Wazirabad Tehsil Urban Development & Town Planning Authority","zone_name":"Commercial Core","permitted_land_use":"MIXED_USE","building_permission_status":"SANCTIONED","violations_reported":"False","is_encumbered":"True","encumbrance_certificate_number":"EC-HR-00000143-0143","encumbrance_type":"LEASE_CHARGE","financial_institution":"","mortgage_amount":"0.0","created_at":"2026-01-15T09:00:00Z","updated_at":"2026-09-24T11:30:00Z"}},{"type":"Feature","geometry":{"type":"Polygon","coordinates":[[[75.64542388882309,28.906247891093738],[75.71845271079897,28.906247891093738],[75.71888040943179,28.95841917880784],[75.64622869929065,28.952005708488947],[75.64542388882309,28.906247891093738]]]},"properties":{"ulpin":"06974967816047","parcel_id":"e7131d69-1193-4e07-a103-bc2a70ee3565","state":"Haryana","state_code":"HR","state_type":"STATE","state_lgd_code":"6","district_lgd_code":"80","district_name":"Gurugram","subdistrict_lgd_code":"620","subdistrict_name":"Wazirabad Tehsil","subdistrict_type":"Tehsil / Taluk","village_lgd_code":"61402","village_name":"Badshahpur","khasra_plot_no":"Murabba 45, Killa 12/2/D144","recorded_area":"4.0","recorded_area_unit":"Kanal-Marla","normalized_area_sqm":"2023.43","gis_area_sqm":"2023.43","land_use_category":"OTHER","land_use_raw":"Gair Mumkin Plotted Commercial","status":"ARCHIVED","data_freshness_status":"UNKNOWN","scenario_index":"4661","use_case_description":"Tribal non-alienation protection review","mutation_workflow_status":"SLA_BREACHED","revenue_record_id":"ROR-HR-2025-1008-0144","revenue_record_type":"Jamabandi Nakal (Haryana Jamabandi)","khata_khewat_no":"KHT-58","khatauni_no":"KHN-158","owner_name":"Satish Chand Mittal","owner_name_local":"सतीश चंद मित्तल","co_owners":"","tenure_type":"Tribal Community Tenure","mutation_status":"NONE","active_mutation_id":"MUT-HR-00000144","tax_demand_status":"PAID","annual_tax_inr":"185.5","deed_number":"DEED-HR-2024-408-0144","deed_type":"Sale Deed / Conveyance","sro_office":"Sub-Registrar Office, Wazirabad Tehsil","execution_date":"2024-05-10","registered_owner":"Sunita Sharma / Aditi Verma","seller_name":"Previous Landholder","consideration_amount_inr":"3500000.0","stamp_duty_inr":"210000.0","survey_sketch_id":"FMB-HR-08-0144","cadastral_sheet_no":"SHT-HR-08","surveyed_area_sqm":"2023.43","survey_status":"PENDING","urban_authority":"Wazirabad Tehsil Urban Development & Town Planning Authority","zone_name":"Commercial Core","permitted_land_use":"OTHER","building_permission_status":"PENDING","violations_reported":"False","is_encumbered":"False","encumbrance_certificate_number":"EC-HR-2024-108-0144","encumbrance_type":"NIL","financial_institution":"","mortgage_amount":"0.0","created_at":"2026-01-15T09:00:00Z","updated_at":"2026-09-24T11:30:00Z"}},{"type":"Feature","geometry":{"type":"Polygon","coordinates":[[[76.50178380501376,28.312604498066165],[76.55711619653664,28.304982606271153],[76.55711619653664,28.36166122218015],[76.5106866153569,28.360916291211737],[76.50178380501376,28.312604498066165]]]},"properties":{"ulpin":"06004903419227","parcel_id":"fc6b6194-6a1a-41d6-a9f1-ed9377b5d379","state":"Haryana","state_code":"HR","state_type":"STATE","state_lgd_code":"6","district_lgd_code":"80","district_name":"Gurugram","subdistrict_lgd_code":"620","subdistrict_name":"Wazirabad Tehsil","subdistrict_type":"Tehsil / Taluk","village_lgd_code":"61402","village_name":"Badshahpur","khasra_plot_no":"Murabba 45, Killa 12/2/D145","recorded_area":"4.0","recorded_area_unit":"Kanal-Marla","normalized_area_sqm":"2023.43","gis_area_sqm":"2023.43","land_use_category":"RESIDENTIAL","land_use_raw":"Gair Mumkin Plotted Commercial","status":"ACTIVE","data_freshness_status":"CURRENT","scenario_index":"4662","use_case_description":"Bank mortgage and active encumbrance","mutation_workflow_status":"SUBMITTED","revenue_record_id":"ROR-HR-2025-1008-0145","revenue_record_type":"Jamabandi Nakal (Haryana Jamabandi)","khata_khewat_no":"KHT-58","khatauni_no":"KHN-158","owner_name":"Satish Chand Mittal","owner_name_local":"सतीश चंद मित्तल","co_owners":"","tenure_type":"Bhumiswami / Raiyati with Transferable Rights","mutation_status":"MUTATED","active_mutation_id":"","tax_demand_status":"PAID","annual_tax_inr":"185.5","deed_number":"DEED-HR-2024-408-0145","deed_type":"Sale Deed / Conveyance","sro_office":"Sub-Registrar Office, Wazirabad Tehsil","execution_date":"2024-05-10","registered_owner":"Sunita Sharma / Aditi Verma","seller_name":"Previous Landholder","consideration_amount_inr":"3500000.0","stamp_duty_inr":"210000.0","survey_sketch_id":"FMB-HR-08-0145","cadastral_sheet_no":"SHT-HR-08","surveyed_area_sqm":"2023.43","survey_status":"DISPUTED","urban_authority":"Wazirabad Tehsil Urban Development & Town Planning Authority","zone_name":"Commercial Core","permitted_land_use":"RESIDENTIAL","building_permission_status":"REJECTED","violations_reported":"True","is_encumbered":"True","encumbrance_certificate_number":"EC-HR-00000145-0145","encumbrance_type":"BANK_MORTGAGE","financial_institution":"","mortgage_amount":"0.0","created_at":"2026-01-15T09:00:00Z","updated_at":"2026-09-24T11:30:00Z"}},{"type":"Feature","geometry":{"type":"Polygon","coordinates":[[[74.87891332746884,29.117800450607557],[74.93298439670835,29.108860319497577],[74.93343719882644,29.17393969137854],[74.87891332746884,29.16448558391984],[74.87891332746884,29.117800450607557]]]},"properties":{"ulpin":"06001544318935","parcel_id":"aebb113c-b668-4cd3-bffc-51a8ccd58e69","state":"Haryana","state_code":"HR","state_type":"STATE","state_lgd_code":"6","district_lgd_code":"80","district_name":"Gurugram","subdistrict_lgd_code":"620","subdistrict_name":"Wazirabad Tehsil","subdistrict_type":"Tehsil / Taluk","village_lgd_code":"61402","village_name":"Badshahpur","khasra_plot_no":"Murabba 45, Killa 12/2/D146","recorded_area":"4.0","recorded_area_unit":"Kanal-Marla","normalized_area_sqm":"2023.43","gis_area_sqm":"2023.43","land_use_category":"COMMERCIAL","land_use_raw":"Gair Mumkin Plotted Commercial","status":"PENDING_MUTATION","data_freshness_status":"STALE","scenario_index":"4663","use_case_description":"Government revenue lien and tax demand","mutation_workflow_status":"UNDER_VERIFICATION","revenue_record_id":"ROR-HR-2025-1008-0146","revenue_record_type":"Jamabandi Nakal (Haryana Jamabandi)","khata_khewat_no":"KHT-58","khatauni_no":"KHN-158","owner_name":"Satish Chand Mittal","owner_name_local":"सतीश चंद मित्तल","co_owners":"","tenure_type":"Bhumiswami / Freehold","mutation_status":"PENDING","active_mutation_id":"MUT-HR-00000146","tax_demand_status":"PAID","annual_tax_inr":"185.5","deed_number":"DEED-HR-2024-408-0146","deed_type":"Sale Deed / Conveyance","sro_office":"Sub-Registrar Office, Wazirabad Tehsil","execution_date":"2024-05-10","registered_owner":"Sunita Sharma / Aditi Verma","seller_name":"Previous Landholder","consideration_amount_inr":"3500000.0","stamp_duty_inr":"210000.0","survey_sketch_id":"FMB-HR-08-0146","cadastral_sheet_no":"SHT-HR-08","surveyed_area_sqm":"2023.43","survey_status":"RESURVEY_REQUIRED","urban_authority":"Wazirabad Tehsil Urban Development & Town Planning Authority","zone_name":"Commercial Core","permitted_land_use":"COMMERCIAL","building_permission_status":"NOT_APPLICABLE","violations_reported":"False","is_encumbered":"True","encumbrance_certificate_number":"EC-HR-00000146-0146","encumbrance_type":"GOVT_REVENUE_LIEN","financial_institution":"","mortgage_amount":"0.0","created_at":"2026-01-15T09:00:00Z","updated_at":"2026-09-24T11:30:00Z"}},{"type":"Feature","geometry":{"type":"Polygon","coordinates":[[[74.95575810439846,28.385875482481236],[75.00742502948061,28.387515374232827],[75.0029078575591,28.436474645600637],[74.94346629200238,28.435779281315718],[74.95575810439846,28.385875482481236]]]},"properties":{"ulpin":"06756145923497","parcel_id":"720762d9-0219-47be-b10d-ea35d1ad825d","state":"Haryana","state_code":"HR","state_type":"STATE","state_lgd_code":"6","district_lgd_code":"80","district_name":"Gurugram","subdistrict_lgd_code":"620","subdistrict_name":"Wazirabad Tehsil","subdistrict_type":"Tehsil / Taluk","village_lgd_code":"61402","village_name":"Badshahpur","khasra_plot_no":"Murabba 45, Killa 12/2/D147","recorded_area":"4.0","recorded_area_unit":"Kanal-Marla","normalized_area_sqm":"2023.43","gis_area_sqm":"2023.43","land_use_category":"INDUSTRIAL","land_use_raw":"Gair Mumkin Plotted Commercial","status":"SUBDIVIDED","data_freshness_status":"UNKNOWN","scenario_index":"4664","use_case_description":"Court attachment and disputed possession","mutation_workflow_status":"NOTICE_PERIOD","revenue_record_id":"ROR-HR-2025-1008-0147","revenue_record_type":"Jamabandi Nakal (Haryana Jamabandi)","khata_khewat_no":"KHT-58","khatauni_no":"KHN-158","owner_name":"Satish Chand Mittal","owner_name_local":"सतीश चंद मित्तल","co_owners":"","tenure_type":"Leasehold","mutation_status":"UNMUTATED_TRANSACTION","active_mutation_id":"MUT-HR-00000147","tax_demand_status":"PAID","annual_tax_inr":"185.5","deed_number":"DEED-HR-2024-408-0147","deed_type":"Sale Deed / Conveyance","sro_office":"Sub-Registrar Office, Wazirabad Tehsil","execution_date":"2024-05-10","registered_owner":"Registry Variance Owner 147","seller_name":"Previous Landholder","consideration_amount_inr":"3500000.0","stamp_duty_inr":"210000.0","survey_sketch_id":"FMB-HR-08-0147","cadastral_sheet_no":"SHT-HR-08","surveyed_area_sqm":"2023.43","survey_status":"SURVEYED","urban_authority":"Wazirabad Tehsil Urban Development & Town Planning Authority","zone_name":"Commercial Core","permitted_land_use":"INDUSTRIAL","building_permission_status":"SANCTIONED","violations_reported":"False","is_encumbered":"True","encumbrance_certificate_number":"EC-HR-00000147-0147","encumbrance_type":"COURT_ATTACHMENT","financial_institution":"","mortgage_amount":"0.0","created_at":"2026-01-15T09:00:00Z","updated_at":"2026-09-24T11:30:00Z"}},{"type":"Feature","geometry":{"type":"Polygon","coordinates":[[[75.2008836089917,28.433833637308883],[75.27732475399843,28.440360255952914],[75.2768400241562,28.490040080914653],[75.20048976159943,28.500477975537237],[75.2008836089917,28.433833637308883]]]},"properties":{"ulpin":"06385149530071","parcel_id":"d74b5271-48f5-4a98-96a8-f1b9156b03dd","state":"Haryana","state_code":"HR","state_type":"STATE","state_lgd_code":"6","district_lgd_code":"80","district_name":"Gurugram","subdistrict_lgd_code":"620","subdistrict_name":"Wazirabad Tehsil","subdistrict_type":"Tehsil / Taluk","village_lgd_code":"61402","village_name":"Badshahpur","khasra_plot_no":"Murabba 45, Killa 12/2/D148","recorded_area":"4.0","recorded_area_unit":"Kanal-Marla","normalized_area_sqm":"2023.43","gis_area_sqm":"2023.43","land_use_category":"AGRICULTURAL","land_use_raw":"Gair Mumkin Plotted Commercial","status":"AMALGAMATED","data_freshness_status":"CURRENT","scenario_index":"4665","use_case_description":"Tribal non-alienation protection review","mutation_workflow_status":"HEARING_SCHEDULED","revenue_record_id":"ROR-HR-2025-1008-0148","revenue_record_type":"Jamabandi Nakal (Haryana Jamabandi)","khata_khewat_no":"KHT-58","khatauni_no":"KHN-158","owner_name":"Satish Chand Mittal","owner_name_local":"सतीश चंद मित्तल","co_owners":"","tenure_type":"Government Grant","mutation_status":"REJECTED","active_mutation_id":"MUT-HR-00000148","tax_demand_status":"PAID","annual_tax_inr":"185.5","deed_number":"DEED-HR-2024-408-0148","deed_type":"Sale Deed / Conveyance","sro_office":"Sub-Registrar Office, Wazirabad Tehsil","execution_date":"2024-05-10","registered_owner":"Sunita Sharma / Aditi Verma","seller_name":"Previous Landholder","consideration_amount_inr":"3500000.0","stamp_duty_inr":"210000.0","survey_sketch_id":"FMB-HR-08-0148","cadastral_sheet_no":"SHT-HR-08","surveyed_area_sqm":"2023.43","survey_status":"PENDING","urban_authority":"Wazirabad Tehsil Urban Development & Town Planning Authority","zone_name":"Commercial Core","permitted_land_use":"AGRICULTURAL","building_permission_status":"PENDING","violations_reported":"False","is_encumbered":"True","encumbrance_certificate_number":"EC-HR-00000148-0148","encumbrance_type":"TRIBAL_NON_ALIENATION","financial_institution":"","mortgage_amount":"0.0","created_at":"2026-01-15T09:00:00Z","updated_at":"2026-09-24T11:30:00Z"}},{"type":"Feature","geometry":{"type":"Polygon","coordinates":[[[75.85297792980076,28.429568573855157],[75.92095423686489,28.428550466068636],[75.92095423686489,28.480873924165163],[75.85901329197554,28.488857473180122],[75.85297792980076,28.429568573855157]]]},"properties":{"ulpin":"06633361281926","parcel_id":"da472575-ec80-4035-811d-7457ada36917","state":"Haryana","state_code":"HR","state_type":"STATE","state_lgd_code":"6","district_lgd_code":"80","district_name":"Gurugram","subdistrict_lgd_code":"620","subdistrict_name":"Wazirabad Tehsil","subdistrict_type":"Tehsil / Taluk","village_lgd_code":"61402","village_name":"Badshahpur","khasra_plot_no":"Murabba 45, Killa 12/2/D149","recorded_area":"4.0","recorded_area_unit":"Kanal-Marla","normalized_area_sqm":"2023.43","gis_area_sqm":"2023.43","land_use_category":"INSTITUTIONAL","land_use_raw":"Gair Mumkin Plotted Commercial","status":"DISPUTED","data_freshness_status":"STALE","scenario_index":"4666","use_case_description":"Lease charge and institutional tenancy","mutation_workflow_status":"APPROVED","revenue_record_id":"ROR-HR-2025-1008-0149","revenue_record_type":"Jamabandi Nakal (Haryana Jamabandi)","khata_khewat_no":"KHT-58","khatauni_no":"KHN-158","owner_name":"Satish Chand Mittal","owner_name_local":"सतीश चंद मित्तल","co_owners":"","tenure_type":"Waqf / Religious Trust","mutation_status":"DISPUTED","active_mutation_id":"MUT-HR-00000149","tax_demand_status":"PAID","annual_tax_inr":"185.5","deed_number":"DEED-HR-2024-408-0149","deed_type":"Sale Deed / Conveyance","sro_office":"Sub-Registrar Office, Wazirabad Tehsil","execution_date":"2024-05-10","registered_owner":"Sunita Sharma / Aditi Verma","seller_name":"Previous Landholder","consideration_amount_inr":"3500000.0","stamp_duty_inr":"210000.0","survey_sketch_id":"FMB-HR-08-0149","cadastral_sheet_no":"SHT-HR-08","surveyed_area_sqm":"2023.43","survey_status":"DISPUTED","urban_authority":"Wazirabad Tehsil Urban Development & Town Planning Authority","zone_name":"Commercial Core","permitted_land_use":"INSTITUTIONAL","building_permission_status":"REJECTED","violations_reported":"False","is_encumbered":"True","encumbrance_certificate_number":"EC-HR-00000149-0149","encumbrance_type":"LEASE_CHARGE","financial_institution":"","mortgage_amount":"0.0","created_at":"2026-01-15T09:00:00Z","updated_at":"2026-09-24T11:30:00Z"}},{"type":"Feature","geometry":{"type":"Polygon","coordinates":[[[74.93298439670835,29.108860319497577],[74.99895694621458,29.107467326403416],[75.00119970080006,29.174154303104494],[74.93343719882644,29.17393969137854],[74.93298439670835,29.108860319497577]]]},"properties":{"ulpin":"06883628498545","parcel_id":"f76b0238-6f53-4503-88a7-fd6cfd1ea4b3","state":"Haryana","state_code":"HR","state_type":"STATE","state_lgd_code":"6","district_lgd_code":"80","district_name":"Gurugram","subdistrict_lgd_code":"620","subdistrict_name":"Wazirabad Tehsil","subdistrict_type":"Tehsil / Taluk","village_lgd_code":"61402","village_name":"Badshahpur","khasra_plot_no":"Murabba 45, Killa 12/2/D150","recorded_area":"4.0","recorded_area_unit":"Kanal-Marla","normalized_area_sqm":"2023.43","gis_area_sqm":"2023.43","land_use_category":"FOREST_GREEN_BELT","land_use_raw":"Gair Mumkin Plotted Commercial","status":"ARCHIVED","data_freshness_status":"UNKNOWN","scenario_index":"4667","use_case_description":"Pending sale mutation within statutory SLA","mutation_workflow_status":"REJECTED","revenue_record_id":"ROR-HR-2025-1008-0150","revenue_record_type":"Jamabandi Nakal (Haryana Jamabandi)","khata_khewat_no":"KHT-58","khatauni_no":"KHN-158","owner_name":"Satish Chand Mittal","owner_name_local":"सतीश चंद मित्तल","co_owners":"","tenure_type":"Tribal Community Tenure","mutation_status":"NONE","active_mutation_id":"MUT-HR-00000150","tax_demand_status":"PAID","annual_tax_inr":"185.5","deed_number":"DEED-HR-2024-408-0150","deed_type":"Sale Deed / Conveyance","sro_office":"Sub-Registrar Office, Wazirabad Tehsil","execution_date":"2024-05-10","registered_owner":"Sunita Sharma / Aditi Verma","seller_name":"Previous Landholder","consideration_amount_inr":"3500000.0","stamp_duty_inr":"210000.0","survey_sketch_id":"FMB-HR-08-0150","cadastral_sheet_no":"SHT-HR-08","surveyed_area_sqm":"2023.43","survey_status":"RESURVEY_REQUIRED","urban_authority":"Wazirabad Tehsil Urban Development & Town Planning Authority","zone_name":"Commercial Core","permitted_land_use":"FOREST_GREEN_BELT","building_permission_status":"NOT_APPLICABLE","violations_reported":"False","is_encumbered":"False","encumbrance_certificate_number":"EC-HR-2024-108-0150","encumbrance_type":"NIL","financial_institution":"","mortgage_amount":"0.0","created_at":"2026-01-15T09:00:00Z","updated_at":"2026-09-24T11:30:00Z"}},{"type":"Feature","geometry":{"type":"Polygon","coordinates":[[[75.08025263301656,28.163443158099717],[75.14894116993047,28.163443158099717],[75.13818578956318,28.225329845671766],[75.07370713518245,28.211649860688738],[75.08025263301656,28.163443158099717]]]},"properties":{"ulpin":"06672170321003","parcel_id":"62f885c1-d34a-4178-9b82-dc4a579ebcf1","state":"Haryana","state_code":"HR","state_type":"STATE","state_lgd_code":"6","district_lgd_code":"80","district_name":"Gurugram","subdistrict_lgd_code":"620","subdistrict_name":"Wazirabad Tehsil","subdistrict_type":"Tehsil / Taluk","village_lgd_code":"61402","village_name":"Badshahpur","khasra_plot_no":"Murabba 45, Killa 12/2/D151","recorded_area":"4.0","recorded_area_unit":"Kanal-Marla","normalized_area_sqm":"2023.43","gis_area_sqm":"2023.43","land_use_category":"WATER_BODY","land_use_raw":"Gair Mumkin Plotted Commercial","status":"ACTIVE","data_freshness_status":"CURRENT","scenario_index":"4668","use_case_description":"Archived historical record for audit retrieval","mutation_workflow_status":"SLA_BREACHED","revenue_record_id":"ROR-HR-2025-1008-0151","revenue_record_type":"Jamabandi Nakal (Haryana Jamabandi)","khata_khewat_no":"KHT-58","khatauni_no":"KHN-158","owner_name":"Satish Chand Mittal","owner_name_local":"सतीश चंद मित्तल","co_owners":"","tenure_type":"Bhumiswami / Raiyati with Transferable Rights","mutation_status":"MUTATED","active_mutation_id":"","tax_demand_status":"PAID","annual_tax_inr":"185.5","deed_number":"DEED-HR-2024-408-0151","deed_type":"Sale Deed / Conveyance","sro_office":"Sub-Registrar Office, Wazirabad Tehsil","execution_date":"2024-05-10","registered_owner":"Sunita Sharma / Aditi Verma","seller_name":"Previous Landholder","consideration_amount_inr":"3500000.0","stamp_duty_inr":"210000.0","survey_sketch_id":"FMB-HR-08-0151","cadastral_sheet_no":"SHT-HR-08","surveyed_area_sqm":"2023.43","survey_status":"SURVEYED","urban_authority":"Wazirabad Tehsil Urban Development & Town Planning Authority","zone_name":"Commercial Core","permitted_land_use":"WATER_BODY","building_permission_status":"SANCTIONED","violations_reported":"False","is_encumbered":"True","encumbrance_certificate_number":"EC-HR-00000151-0151","encumbrance_type":"BANK_MORTGAGE","financial_institution":"","mortgage_amount":"0.0","created_at":"2026-01-15T09:00:00Z","updated_at":"2026-09-24T11:30:00Z"}},{"type":"Feature","geometry":{"type":"Polygon","coordinates":[[[74.87891332746884,29.230043017584716],[74.93568791528818,29.22587867003276],[74.94079319096963,29.304200598352516],[74.87891332746884,29.289953204126753],[74.87891332746884,29.230043017584716]]]},"properties":{"ulpin":"06021891018766","parcel_id":"a31bc200-0ecb-4006-8b13-a01320cb6e09","state":"Haryana","state_code":"HR","state_type":"STATE","state_lgd_code":"6","district_lgd_code":"80","district_name":"Gurugram","subdistrict_lgd_code":"620","subdistrict_name":"Wazirabad Tehsil","subdistrict_type":"Tehsil / Taluk","village_lgd_code":"61402","village_name":"Badshahpur","khasra_plot_no":"Murabba 45, Killa 12/2/D152","recorded_area":"4.0","recorded_area_unit":"Kanal-Marla","normalized_area_sqm":"2023.43","gis_area_sqm":"2023.43","land_use_category":"MIXED_USE","land_use_raw":"Gair Mumkin Plotted Commercial","status":"PENDING_MUTATION","data_freshness_status":"STALE","scenario_index":"4669","use_case_description":"Bank mortgage and active encumbrance","mutation_workflow_status":"SUBMITTED","revenue_record_id":"ROR-HR-2025-1008-0152","revenue_record_type":"Jamabandi Nakal (Haryana Jamabandi)","khata_khewat_no":"KHT-58","khatauni_no":"KHN-158","owner_name":"Satish Chand Mittal","owner_name_local":"सतीश चंद मित्तल","co_owners":"","tenure_type":"Bhumiswami / Freehold","mutation_status":"PENDING","active_mutation_id":"MUT-HR-00000152","tax_demand_status":"PAID","annual_tax_inr":"185.5","deed_number":"DEED-HR-2024-408-0152","deed_type":"Sale Deed / Conveyance","sro_office":"Sub-Registrar Office, Wazirabad Tehsil","execution_date":"2024-05-10","registered_owner":"Registry Variance Owner 152","seller_name":"Previous Landholder","consideration_amount_inr":"3500000.0","stamp_duty_inr":"210000.0","survey_sketch_id":"FMB-HR-08-0152","cadastral_sheet_no":"SHT-HR-08","surveyed_area_sqm":"2023.43","survey_status":"PENDING","urban_authority":"Wazirabad Tehsil Urban Development & Town Planning Authority","zone_name":"Commercial Core","permitted_land_use":"MIXED_USE","building_permission_status":"PENDING","violations_reported":"True","is_encumbered":"True","encumbrance_certificate_number":"EC-HR-00000152-0152","encumbrance_type":"GOVT_REVENUE_LIEN","financial_institution":"","mortgage_amount":"0.0","created_at":"2026-01-15T09:00:00Z","updated_at":"2026-09-24T11:30:00Z"}},{"type":"Feature","geometry":{"type":"Polygon","coordinates":[[[76.15251739041298,28.07004856022299],[76.20629908697025,28.07116812606359],[76.19708974913102,28.1263004070025],[76.15251739041298,28.116788012073386],[76.15251739041298,28.07004856022299]]]},"properties":{"ulpin":"06470988492843","parcel_id":"9758b5c5-7dfc-4b99-9eac-ae930b47f2f8","state":"Haryana","state_code":"HR","state_type":"STATE","state_lgd_code":"6","district_lgd_code":"80","district_name":"Gurugram","subdistrict_lgd_code":"620","subdistrict_name":"Wazirabad Tehsil","subdistrict_type":"Tehsil / Taluk","village_lgd_code":"61402","village_name":"Badshahpur","khasra_plot_no":"Murabba 45, Killa 12/2/D153","recorded_area":"4.0","recorded_area_unit":"Kanal-Marla","normalized_area_sqm":"2023.43","gis_area_sqm":"2023.43","land_use_category":"OTHER","land_use_raw":"Gair Mumkin Plotted Commercial","status":"SUBDIVIDED","data_freshness_status":"UNKNOWN","scenario_index":"4670","use_case_description":"Government revenue lien and tax demand","mutation_workflow_status":"UNDER_VERIFICATION","revenue_record_id":"ROR-HR-2025-1008-0153","revenue_record_type":"Jamabandi Nakal (Haryana Jamabandi)","khata_khewat_no":"KHT-58","khatauni_no":"KHN-158","owner_name":"Satish Chand Mittal","owner_name_local":"सतीश चंद मित्तल","co_owners":"","tenure_type":"Leasehold","mutation_status":"UNMUTATED_TRANSACTION","active_mutation_id":"MUT-HR-00000153","tax_demand_status":"PAID","annual_tax_inr":"185.5","deed_number":"DEED-HR-2024-408-0153","deed_type":"Sale Deed / Conveyance","sro_office":"Sub-Registrar Office, Wazirabad Tehsil","execution_date":"2024-05-10","registered_owner":"Sunita Sharma / Aditi Verma","seller_name":"Previous Landholder","consideration_amount_inr":"3500000.0","stamp_duty_inr":"210000.0","survey_sketch_id":"FMB-HR-08-0153","cadastral_sheet_no":"SHT-HR-08","surveyed_area_sqm":"2023.43","survey_status":"DISPUTED","urban_authority":"Wazirabad Tehsil Urban Development & Town Planning Authority","zone_name":"Commercial Core","permitted_land_use":"OTHER","building_permission_status":"REJECTED","violations_reported":"False","is_encumbered":"True","encumbrance_certificate_number":"EC-HR-00000153-0153","encumbrance_type":"COURT_ATTACHMENT","financial_institution":"","mortgage_amount":"0.0","created_at":"2026-01-15T09:00:00Z","updated_at":"2026-09-24T11:30:00Z"}},{"type":"Feature","geometry":{"type":"Polygon","coordinates":[[[75.23439866708503,28.922315992285355],[75.29454918424733,28.922315992285355],[75.29538954214073,28.992948161885472],[75.23204235033455,28.979907474388426],[75.23439866708503,28.922315992285355]]]},"properties":{"ulpin":"06127115708104","parcel_id":"1c332cfb-5c2f-4307-9ed3-346f3035ed95","state":"Haryana","state_code":"HR","state_type":"STATE","state_lgd_code":"6","district_lgd_code":"80","district_name":"Gurugram","subdistrict_lgd_code":"620","subdistrict_name":"Wazirabad Tehsil","subdistrict_type":"Tehsil / Taluk","village_lgd_code":"61402","village_name":"Badshahpur","khasra_plot_no":"Murabba 45, Killa 12/2/D154","recorded_area":"4.0","recorded_area_unit":"Kanal-Marla","normalized_area_sqm":"2023.43","gis_area_sqm":"2023.43","land_use_category":"RESIDENTIAL","land_use_raw":"Gair Mumkin Plotted Commercial","status":"AMALGAMATED","data_freshness_status":"CURRENT","scenario_index":"4671","use_case_description":"Court attachment and disputed possession","mutation_workflow_status":"NOTICE_PERIOD","revenue_record_id":"ROR-HR-2025-1008-0154","revenue_record_type":"Jamabandi Nakal (Haryana Jamabandi)","khata_khewat_no":"KHT-58","khatauni_no":"KHN-158","owner_name":"Satish Chand Mittal","owner_name_local":"सतीश चंद मित्तल","co_owners":"","tenure_type":"Government Grant","mutation_status":"REJECTED","active_mutation_id":"MUT-HR-00000154","tax_demand_status":"PAID","annual_tax_inr":"185.5","deed_number":"DEED-HR-2024-408-0154","deed_type":"Sale Deed / Conveyance","sro_office":"Sub-Registrar Office, Wazirabad Tehsil","execution_date":"2024-05-10","registered_owner":"Sunita Sharma / Aditi Verma","seller_name":"Previous Landholder","consideration_amount_inr":"3500000.0","stamp_duty_inr":"210000.0","survey_sketch_id":"FMB-HR-08-0154","cadastral_sheet_no":"SHT-HR-08","surveyed_area_sqm":"2023.43","survey_status":"RESURVEY_REQUIRED","urban_authority":"Wazirabad Tehsil Urban Development & Town Planning Authority","zone_name":"Commercial Core","permitted_land_use":"RESIDENTIAL","building_permission_status":"NOT_APPLICABLE","violations_reported":"False","is_encumbered":"True","encumbrance_certificate_number":"EC-HR-00000154-0154","encumbrance_type":"TRIBAL_NON_ALIENATION","financial_institution":"","mortgage_amount":"0.0","created_at":"2026-01-15T09:00:00Z","updated_at":"2026-09-24T11:30:00Z"}},{"type":"Feature","geometry":{"type":"Polygon","coordinates":[[[75.29118132709364,29.23500205325555],[75.35431266561602,29.235507570837015],[75.35431266561602,29.289511682663484],[75.2854898084399,29.291495694804116],[75.29118132709364,29.23500205325555]]]},"properties":{"ulpin":"06003106891088","parcel_id":"86d9080d-a491-46d4-be85-819dfb9579ef","state":"Haryana","state_code":"HR","state_type":"STATE","state_lgd_code":"6","district_lgd_code":"80","district_name":"Gurugram","subdistrict_lgd_code":"620","subdistrict_name":"Wazirabad Tehsil","subdistrict_type":"Tehsil / Taluk","village_lgd_code":"61402","village_name":"Badshahpur","khasra_plot_no":"Murabba 45, Killa 12/2/D155","recorded_area":"4.0","recorded_area_unit":"Kanal-Marla","normalized_area_sqm":"2023.43","gis_area_sqm":"2023.43","land_use_category":"COMMERCIAL","land_use_raw":"Gair Mumkin Plotted Commercial","status":"DISPUTED","data_freshness_status":"STALE","scenario_index":"4672","use_case_description":"Tribal non-alienation protection review","mutation_workflow_status":"HEARING_SCHEDULED","revenue_record_id":"ROR-HR-2025-1008-0155","revenue_record_type":"Jamabandi Nakal (Haryana Jamabandi)","khata_khewat_no":"KHT-58","khatauni_no":"KHN-158","owner_name":"Satish Chand Mittal","owner_name_local":"सतीश चंद मित्तल","co_owners":"","tenure_type":"Waqf / Religious Trust","mutation_status":"DISPUTED","active_mutation_id":"MUT-HR-00000155","tax_demand_status":"PAID","annual_tax_inr":"185.5","deed_number":"DEED-HR-2024-408-0155","deed_type":"Sale Deed / Conveyance","sro_office":"Sub-Registrar Office, Wazirabad Tehsil","execution_date":"2024-05-10","registered_owner":"Sunita Sharma / Aditi Verma","seller_name":"Previous Landholder","consideration_amount_inr":"3500000.0","stamp_duty_inr":"210000.0","survey_sketch_id":"FMB-HR-08-0155","cadastral_sheet_no":"SHT-HR-08","surveyed_area_sqm":"2023.43","survey_status":"SURVEYED","urban_authority":"Wazirabad Tehsil Urban Development & Town Planning Authority","zone_name":"Commercial Core","permitted_land_use":"COMMERCIAL","building_permission_status":"SANCTIONED","violations_reported":"False","is_encumbered":"True","encumbrance_certificate_number":"EC-HR-00000155-0155","encumbrance_type":"LEASE_CHARGE","financial_institution":"","mortgage_amount":"0.0","created_at":"2026-01-15T09:00:00Z","updated_at":"2026-09-24T11:30:00Z"}},{"type":"Feature","geometry":{"type":"Polygon","coordinates":[[[76.51010235588883,28.22027492589933],[76.55711619653664,28.219383135028373],[76.55711619653664,28.25916552734357],[76.51191418172499,28.271319136408195],[76.51010235588883,28.22027492589933]]]},"properties":{"ulpin":"06343292063538","parcel_id":"48cef90a-becd-4524-af18-b2f6d22969dd","state":"Haryana","state_code":"HR","state_type":"STATE","state_lgd_code":"6","district_lgd_code":"80","district_name":"Gurugram","subdistrict_lgd_code":"620","subdistrict_name":"Wazirabad Tehsil","subdistrict_type":"Tehsil / Taluk","village_lgd_code":"61402","village_name":"Badshahpur","khasra_plot_no":"Murabba 45, Killa 12/2/D156","recorded_area":"4.0","recorded_area_unit":"Kanal-Marla","normalized_area_sqm":"2023.43","gis_area_sqm":"2023.43","land_use_category":"INDUSTRIAL","land_use_raw":"Gair Mumkin Plotted Commercial","status":"ARCHIVED","data_freshness_status":"UNKNOWN","scenario_index":"4673","use_case_description":"Bank mortgage and active encumbrance","mutation_workflow_status":"APPROVED","revenue_record_id":"ROR-HR-2025-1008-0156","revenue_record_type":"Jamabandi Nakal (Haryana Jamabandi)","khata_khewat_no":"KHT-58","khatauni_no":"KHN-158","owner_name":"Satish Chand Mittal","owner_name_local":"सतीश चंद मित्तल","co_owners":"","tenure_type":"Tribal Community Tenure","mutation_status":"NONE","active_mutation_id":"MUT-HR-00000156","tax_demand_status":"PAID","annual_tax_inr":"185.5","deed_number":"DEED-HR-2024-408-0156","deed_type":"Sale Deed / Conveyance","sro_office":"Sub-Registrar Office, Wazirabad Tehsil","execution_date":"2024-05-10","registered_owner":"Sunita Sharma / Aditi Verma","seller_name":"Previous Landholder","consideration_amount_inr":"3500000.0","stamp_duty_inr":"210000.0","survey_sketch_id":"FMB-HR-08-0156","cadastral_sheet_no":"SHT-HR-08","surveyed_area_sqm":"2023.43","survey_status":"PENDING","urban_authority":"Wazirabad Tehsil Urban Development & Town Planning Authority","zone_name":"Commercial Core","permitted_land_use":"INDUSTRIAL","building_permission_status":"PENDING","violations_reported":"False","is_encumbered":"False","encumbrance_certificate_number":"EC-HR-2024-108-0156","encumbrance_type":"NIL","financial_institution":"","mortgage_amount":"0.0","created_at":"2026-01-15T09:00:00Z","updated_at":"2026-09-24T11:30:00Z"}},{"type":"Feature","geometry":{"type":"Polygon","coordinates":[[[74.87891332746884,29.16448558391984],[74.93343719882644,29.17393969137854],[74.93568791528818,29.22587867003276],[74.87891332746884,29.230043017584716],[74.87891332746884,29.16448558391984]]]},"properties":{"ulpin":"06291158544728","parcel_id":"309c68f3-2cd1-4efb-836e-7dea547e9402","state":"Haryana","state_code":"HR","state_type":"STATE","state_lgd_code":"6","district_lgd_code":"80","district_name":"Gurugram","subdistrict_lgd_code":"620","subdistrict_name":"Wazirabad Tehsil","subdistrict_type":"Tehsil / Taluk","village_lgd_code":"61402","village_name":"Badshahpur","khasra_plot_no":"Murabba 45, Killa 12/2/D157","recorded_area":"4.0","recorded_area_unit":"Kanal-Marla","normalized_area_sqm":"2023.43","gis_area_sqm":"2023.43","land_use_category":"AGRICULTURAL","land_use_raw":"Gair Mumkin Plotted Commercial","status":"ACTIVE","data_freshness_status":"CURRENT","scenario_index":"4674","use_case_description":"Subdivision or amalgamation history review","mutation_workflow_status":"REJECTED","revenue_record_id":"ROR-HR-2025-1008-0157","revenue_record_type":"Jamabandi Nakal (Haryana Jamabandi)","khata_khewat_no":"KHT-58","khatauni_no":"KHN-158","owner_name":"Satish Chand Mittal","owner_name_local":"सतीश चंद मित्तल","co_owners":"","tenure_type":"Bhumiswami / Raiyati with Transferable Rights","mutation_status":"MUTATED","active_mutation_id":"","tax_demand_status":"PAID","annual_tax_inr":"185.5","deed_number":"DEED-HR-2024-408-0157","deed_type":"Sale Deed / Conveyance","sro_office":"Sub-Registrar Office, Wazirabad Tehsil","execution_date":"2024-05-10","registered_owner":"Registry Variance Owner 157","seller_name":"Previous Landholder","consideration_amount_inr":"3500000.0","stamp_duty_inr":"210000.0","survey_sketch_id":"FMB-HR-08-0157","cadastral_sheet_no":"SHT-HR-08","surveyed_area_sqm":"2023.43","survey_status":"DISPUTED","urban_authority":"Wazirabad Tehsil Urban Development & Town Planning Authority","zone_name":"Commercial Core","permitted_land_use":"AGRICULTURAL","building_permission_status":"REJECTED","violations_reported":"False","is_encumbered":"True","encumbrance_certificate_number":"EC-HR-00000157-0157","encumbrance_type":"BANK_MORTGAGE","financial_institution":"","mortgage_amount":"0.0","created_at":"2026-01-15T09:00:00Z","updated_at":"2026-09-24T11:30:00Z"}},{"type":"Feature","geometry":{"type":"Polygon","coordinates":[[[75.66034814447539,29.125000574661865],[75.71123876514932,29.122320151153545],[75.71564562330977,29.16503335372696],[75.64908547457127,29.168542243336425],[75.66034814447539,29.125000574661865]]]},"properties":{"ulpin":"06803020720197","parcel_id":"71650084-523c-478a-81d6-08b486222c2a","state":"Haryana","state_code":"HR","state_type":"STATE","state_lgd_code":"6","district_lgd_code":"80","district_name":"Gurugram","subdistrict_lgd_code":"620","subdistrict_name":"Wazirabad Tehsil","subdistrict_type":"Tehsil / Taluk","village_lgd_code":"61402","village_name":"Badshahpur","khasra_plot_no":"Murabba 45, Killa 12/2/D158","recorded_area":"4.0","recorded_area_unit":"Kanal-Marla","normalized_area_sqm":"2023.43","gis_area_sqm":"2023.43","land_use_category":"INSTITUTIONAL","land_use_raw":"Gair Mumkin Plotted Commercial","status":"PENDING_MUTATION","data_freshness_status":"STALE","scenario_index":"4675","use_case_description":"Archived historical record for audit retrieval","mutation_workflow_status":"SLA_BREACHED","revenue_record_id":"ROR-HR-2025-1008-0158","revenue_record_type":"Jamabandi Nakal (Haryana Jamabandi)","khata_khewat_no":"KHT-58","khatauni_no":"KHN-158","owner_name":"Satish Chand Mittal","owner_name_local":"सतीश चंद मित्तल","co_owners":"","tenure_type":"Bhumiswami / Freehold","mutation_status":"PENDING","active_mutation_id":"MUT-HR-00000158","tax_demand_status":"PAID","annual_tax_inr":"185.5","deed_number":"DEED-HR-2024-408-0158","deed_type":"Sale Deed / Conveyance","sro_office":"Sub-Registrar Office, Wazirabad Tehsil","execution_date":"2024-05-10","registered_owner":"Sunita Sharma / Aditi Verma","seller_name":"Previous Landholder","consideration_amount_inr":"3500000.0","stamp_duty_inr":"210000.0","survey_sketch_id":"FMB-HR-08-0158","cadastral_sheet_no":"SHT-HR-08","surveyed_area_sqm":"2023.43","survey_status":"RESURVEY_REQUIRED","urban_authority":"Wazirabad Tehsil Urban Development & Town Planning Authority","zone_name":"Commercial Core","permitted_land_use":"INSTITUTIONAL","building_permission_status":"NOT_APPLICABLE","violations_reported":"False","is_encumbered":"True","encumbrance_certificate_number":"EC-HR-00000158-0158","encumbrance_type":"GOVT_REVENUE_LIEN","financial_institution":"","mortgage_amount":"0.0","created_at":"2026-01-15T09:00:00Z","updated_at":"2026-09-24T11:30:00Z"}},{"type":"Feature","geometry":{"type":"Polygon","coordinates":[[[76.42041421116843,29.759470522133213],[76.4718094985949,29.754733651380885],[76.46439438022938,29.812912317243956],[76.42276874169438,29.817953586010283],[76.42041421116843,29.759470522133213]]]},"properties":{"ulpin":"06573125671996","parcel_id":"815656ce-35f7-4532-80a1-a260b7f7d924","state":"Haryana","state_code":"HR","state_type":"STATE","state_lgd_code":"6","district_lgd_code":"80","district_name":"Gurugram","subdistrict_lgd_code":"620","subdistrict_name":"Wazirabad Tehsil","subdistrict_type":"Tehsil / Taluk","village_lgd_code":"61402","village_name":"Badshahpur","khasra_plot_no":"Murabba 45, Killa 12/2/D159","recorded_area":"4.0","recorded_area_unit":"Kanal-Marla","normalized_area_sqm":"2023.43","gis_area_sqm":"2023.43","land_use_category":"FOREST_GREEN_BELT","land_use_raw":"Gair Mumkin Plotted Commercial","status":"SUBDIVIDED","data_freshness_status":"UNKNOWN","scenario_index":"4676","use_case_description":"Bank mortgage and active encumbrance","mutation_workflow_status":"SUBMITTED","revenue_record_id":"ROR-HR-2025-1008-0159","revenue_record_type":"Jamabandi Nakal (Haryana Jamabandi)","khata_khewat_no":"KHT-58","khatauni_no":"KHN-158","owner_name":"Satish Chand Mittal","owner_name_local":"सतीश चंद मित्तल","co_owners":"","tenure_type":"Leasehold","mutation_status":"UNMUTATED_TRANSACTION","active_mutation_id":"MUT-HR-00000159","tax_demand_status":"PAID","annual_tax_inr":"185.5","deed_number":"DEED-HR-2024-408-0159","deed_type":"Sale Deed / Conveyance","sro_office":"Sub-Registrar Office, Wazirabad Tehsil","execution_date":"2024-05-10","registered_owner":"Sunita Sharma / Aditi Verma","seller_name":"Previous Landholder","consideration_amount_inr":"3500000.0","stamp_duty_inr":"210000.0","survey_sketch_id":"FMB-HR-08-0159","cadastral_sheet_no":"SHT-HR-08","surveyed_area_sqm":"2023.43","survey_status":"SURVEYED","urban_authority":"Wazirabad Tehsil Urban Development & Town Planning Authority","zone_name":"Commercial Core","permitted_land_use":"FOREST_GREEN_BELT","building_permission_status":"SANCTIONED","violations_reported":"True","is_encumbered":"True","encumbrance_certificate_number":"EC-HR-00000159-0159","encumbrance_type":"COURT_ATTACHMENT","financial_institution":"","mortgage_amount":"0.0","created_at":"2026-01-15T09:00:00Z","updated_at":"2026-09-24T11:30:00Z"}},{"type":"Feature","geometry":{"type":"Polygon","coordinates":[[[76.472557979973,29.59544843435235],[76.52968346088677,29.59531358272219],[76.52968346088677,29.66298792240677],[76.46436067516373,29.663229408591985],[76.472557979973,29.59544843435235]]]},"properties":{"ulpin":"06328808181206","parcel_id":"fe464e12-71e7-4d17-bc20-2110b02d3061","state":"Haryana","state_code":"HR","state_type":"STATE","state_lgd_code":"6","district_lgd_code":"80","district_name":"Gurugram","subdistrict_lgd_code":"620","subdistrict_name":"Wazirabad Tehsil","subdistrict_type":"Tehsil / Taluk","village_lgd_code":"61402","village_name":"Badshahpur","khasra_plot_no":"Murabba 45, Killa 12/2/D160","recorded_area":"4.0","recorded_area_unit":"Kanal-Marla","normalized_area_sqm":"2023.43","gis_area_sqm":"2023.43","land_use_category":"WATER_BODY","land_use_raw":"Gair Mumkin Plotted Commercial","status":"AMALGAMATED","data_freshness_status":"CURRENT","scenario_index":"4677","use_case_description":"Government revenue lien and tax demand","mutation_workflow_status":"UNDER_VERIFICATION","revenue_record_id":"ROR-HR-2025-1008-0160","revenue_record_type":"Jamabandi Nakal (Haryana Jamabandi)","khata_khewat_no":"KHT-58","khatauni_no":"KHN-158","owner_name":"Satish Chand Mittal","owner_name_local":"सतीश चंद मित्तल","co_owners":"","tenure_type":"Government Grant","mutation_status":"REJECTED","active_mutation_id":"MUT-HR-00000160","tax_demand_status":"PAID","annual_tax_inr":"185.5","deed_number":"DEED-HR-2024-408-0160","deed_type":"Sale Deed / Conveyance","sro_office":"Sub-Registrar Office, Wazirabad Tehsil","execution_date":"2024-05-10","registered_owner":"Sunita Sharma / Aditi Verma","seller_name":"Previous Landholder","consideration_amount_inr":"3500000.0","stamp_duty_inr":"210000.0","survey_sketch_id":"FMB-HR-08-0160","cadastral_sheet_no":"SHT-HR-08","surveyed_area_sqm":"2023.43","survey_status":"PENDING","urban_authority":"Wazirabad Tehsil Urban Development & Town Planning Authority","zone_name":"Commercial Core","permitted_land_use":"WATER_BODY","building_permission_status":"PENDING","violations_reported":"False","is_encumbered":"True","encumbrance_certificate_number":"EC-HR-00000160-0160","encumbrance_type":"TRIBAL_NON_ALIENATION","financial_institution":"","mortgage_amount":"0.0","created_at":"2026-01-15T09:00:00Z","updated_at":"2026-09-24T11:30:00Z"}},{"type":"Feature","geometry":{"type":"Polygon","coordinates":[[[75.07370713518245,28.211649860688738],[75.13818578956318,28.225329845671766],[75.14734890380178,28.270843822034454],[75.07136703860895,28.27861095994106],[75.07370713518245,28.211649860688738]]]},"properties":{"ulpin":"06257437039032","parcel_id":"e516a053-3211-40b5-b8c3-b4312d6716eb","state":"Haryana","state_code":"HR","state_type":"STATE","state_lgd_code":"6","district_lgd_code":"80","district_name":"Gurugram","subdistrict_lgd_code":"620","subdistrict_name":"Wazirabad Tehsil","subdistrict_type":"Tehsil / Taluk","village_lgd_code":"61402","village_name":"Badshahpur","khasra_plot_no":"Murabba 45, Killa 12/2/D161","recorded_area":"4.0","recorded_area_unit":"Kanal-Marla","normalized_area_sqm":"2023.43","gis_area_sqm":"2023.43","land_use_category":"MIXED_USE","land_use_raw":"Gair Mumkin Plotted Commercial","status":"DISPUTED","data_freshness_status":"STALE","scenario_index":"4678","use_case_description":"Court attachment and disputed possession","mutation_workflow_status":"NOTICE_PERIOD","revenue_record_id":"ROR-HR-2025-1008-0161","revenue_record_type":"Jamabandi Nakal (Haryana Jamabandi)","khata_khewat_no":"KHT-58","khatauni_no":"KHN-158","owner_name":"Satish Chand Mittal","owner_name_local":"सतीश चंद मित्तल","co_owners":"","tenure_type":"Waqf / Religious Trust","mutation_status":"DISPUTED","active_mutation_id":"MUT-HR-00000161","tax_demand_status":"PAID","annual_tax_inr":"185.5","deed_number":"DEED-HR-2024-408-0161","deed_type":"Sale Deed / Conveyance","sro_office":"Sub-Registrar Office, Wazirabad Tehsil","execution_date":"2024-05-10","registered_owner":"Sunita Sharma / Aditi Verma","seller_name":"Previous Landholder","consideration_amount_inr":"3500000.0","stamp_duty_inr":"210000.0","survey_sketch_id":"FMB-HR-08-0161","cadastral_sheet_no":"SHT-HR-08","surveyed_area_sqm":"2023.43","survey_status":"DISPUTED","urban_authority":"Wazirabad Tehsil Urban Development & Town Planning Authority","zone_name":"Commercial Core","permitted_land_use":"MIXED_USE","building_permission_status":"REJECTED","violations_reported":"False","is_encumbered":"True","encumbrance_certificate_number":"EC-HR-00000161-0161","encumbrance_type":"LEASE_CHARGE","financial_institution":"","mortgage_amount":"0.0","created_at":"2026-01-15T09:00:00Z","updated_at":"2026-09-24T11:30:00Z"}},{"type":"Feature","geometry":{"type":"Polygon","coordinates":[[[76.20878399982763,28.357999165568025],[76.24870689981203,28.353018935099012],[76.25295800943012,28.40549310797486],[76.19968469286356,28.40549310797486],[76.20878399982763,28.357999165568025]]]},"properties":{"ulpin":"06081219267948","parcel_id":"b854c1cb-7d38-4f4e-86df-31f9fa6d1cb9","state":"Haryana","state_code":"HR","state_type":"STATE","state_lgd_code":"6","district_lgd_code":"80","district_name":"Gurugram","subdistrict_lgd_code":"620","subdistrict_name":"Wazirabad Tehsil","subdistrict_type":"Tehsil / Taluk","village_lgd_code":"61402","village_name":"Badshahpur","khasra_plot_no":"Murabba 45, Killa 12/2/D162","recorded_area":"4.0","recorded_area_unit":"Kanal-Marla","normalized_area_sqm":"2023.43","gis_area_sqm":"2023.43","land_use_category":"OTHER","land_use_raw":"Gair Mumkin Plotted Commercial","status":"ARCHIVED","data_freshness_status":"UNKNOWN","scenario_index":"4679","use_case_description":"Archived historical record for audit retrieval","mutation_workflow_status":"HEARING_SCHEDULED","revenue_record_id":"ROR-HR-2025-1008-0162","revenue_record_type":"Jamabandi Nakal (Haryana Jamabandi)","khata_khewat_no":"KHT-58","khatauni_no":"KHN-158","owner_name":"Satish Chand Mittal","owner_name_local":"सतीश चंद मित्तल","co_owners":"","tenure_type":"Tribal Community Tenure","mutation_status":"NONE","active_mutation_id":"MUT-HR-00000162","tax_demand_status":"PAID","annual_tax_inr":"185.5","deed_number":"DEED-HR-2024-408-0162","deed_type":"Sale Deed / Conveyance","sro_office":"Sub-Registrar Office, Wazirabad Tehsil","execution_date":"2024-05-10","registered_owner":"Registry Variance Owner 162","seller_name":"Previous Landholder","consideration_amount_inr":"3500000.0","stamp_duty_inr":"210000.0","survey_sketch_id":"FMB-HR-08-0162","cadastral_sheet_no":"SHT-HR-08","surveyed_area_sqm":"2023.43","survey_status":"RESURVEY_REQUIRED","urban_authority":"Wazirabad Tehsil Urban Development & Town Planning Authority","zone_name":"Commercial Core","permitted_land_use":"OTHER","building_permission_status":"NOT_APPLICABLE","violations_reported":"False","is_encumbered":"False","encumbrance_certificate_number":"EC-HR-2024-108-0162","encumbrance_type":"NIL","financial_institution":"","mortgage_amount":"0.0","created_at":"2026-01-15T09:00:00Z","updated_at":"2026-09-24T11:30:00Z"}},{"type":"Feature","geometry":{"type":"Polygon","coordinates":[[[76.12551600250279,29.598239835131313],[76.1842451037478,29.59887259171279],[76.18905397994195,29.65105467775682],[76.13596516483528,29.64964722996661],[76.12551600250279,29.598239835131313]]]},"properties":{"ulpin":"06989200126801","parcel_id":"04869ca2-8acf-42a3-83ad-03c643502c47","state":"Haryana","state_code":"HR","state_type":"STATE","state_lgd_code":"6","district_lgd_code":"80","district_name":"Gurugram","subdistrict_lgd_code":"620","subdistrict_name":"Wazirabad Tehsil","subdistrict_type":"Tehsil / Taluk","village_lgd_code":"61402","village_name":"Badshahpur","khasra_plot_no":"Murabba 45, Killa 12/2/D163","recorded_area":"4.0","recorded_area_unit":"Kanal-Marla","normalized_area_sqm":"2023.43","gis_area_sqm":"2023.43","land_use_category":"RESIDENTIAL","land_use_raw":"Gair Mumkin Plotted Commercial","status":"ACTIVE","data_freshness_status":"CURRENT","scenario_index":"4680","use_case_description":"Lease charge and institutional tenancy","mutation_workflow_status":"APPROVED","revenue_record_id":"ROR-HR-2025-1008-0163","revenue_record_type":"Jamabandi Nakal (Haryana Jamabandi)","khata_khewat_no":"KHT-58","khatauni_no":"KHN-158","owner_name":"Satish Chand Mittal","owner_name_local":"सतीश चंद मित्तल","co_owners":"","tenure_type":"Bhumiswami / Raiyati with Transferable Rights","mutation_status":"MUTATED","active_mutation_id":"","tax_demand_status":"PAID","annual_tax_inr":"185.5","deed_number":"DEED-HR-2024-408-0163","deed_type":"Sale Deed / Conveyance","sro_office":"Sub-Registrar Office, Wazirabad Tehsil","execution_date":"2024-05-10","registered_owner":"Sunita Sharma / Aditi Verma","seller_name":"Previous Landholder","consideration_amount_inr":"3500000.0","stamp_duty_inr":"210000.0","survey_sketch_id":"FMB-HR-08-0163","cadastral_sheet_no":"SHT-HR-08","surveyed_area_sqm":"2023.43","survey_status":"SURVEYED","urban_authority":"Wazirabad Tehsil Urban Development & Town Planning Authority","zone_name":"Commercial Core","permitted_land_use":"RESIDENTIAL","building_permission_status":"SANCTIONED","violations_reported":"False","is_encumbered":"True","encumbrance_certificate_number":"EC-HR-00000163-0163","encumbrance_type":"BANK_MORTGAGE","financial_institution":"","mortgage_amount":"0.0","created_at":"2026-01-15T09:00:00Z","updated_at":"2026-09-24T11:30:00Z"}},{"type":"Feature","geometry":{"type":"Polygon","coordinates":[[[75.65405159657784,29.285149991506636],[75.70490025427692,29.27550458637108],[75.70118799849625,29.331073542390474],[75.65828201096153,29.331073542390474],[75.65405159657784,29.285149991506636]]]},"properties":{"ulpin":"06306707113050","parcel_id":"d4f5eaec-7f2b-47ad-8188-28deee3fb456","state":"Haryana","state_code":"HR","state_type":"STATE","state_lgd_code":"6","district_lgd_code":"80","district_name":"Gurugram","subdistrict_lgd_code":"620","subdistrict_name":"Wazirabad Tehsil","subdistrict_type":"Tehsil / Taluk","village_lgd_code":"61402","village_name":"Badshahpur","khasra_plot_no":"Murabba 45, Killa 12/2/D164","recorded_area":"4.0","recorded_area_unit":"Kanal-Marla","normalized_area_sqm":"2023.43","gis_area_sqm":"2023.43","land_use_category":"COMMERCIAL","land_use_raw":"Gair Mumkin Plotted Commercial","status":"PENDING_MUTATION","data_freshness_status":"STALE","scenario_index":"4681","use_case_description":"Subdivision or amalgamation history review","mutation_workflow_status":"REJECTED","revenue_record_id":"ROR-HR-2025-1008-0164","revenue_record_type":"Jamabandi Nakal (Haryana Jamabandi)","khata_khewat_no":"KHT-58","khatauni_no":"KHN-158","owner_name":"Satish Chand Mittal","owner_name_local":"सतीश चंद मित्तल","co_owners":"","tenure_type":"Bhumiswami / Freehold","mutation_status":"PENDING","active_mutation_id":"MUT-HR-00000164","tax_demand_status":"PAID","annual_tax_inr":"185.5","deed_number":"DEED-HR-2024-408-0164","deed_type":"Sale Deed / Conveyance","sro_office":"Sub-Registrar Office, Wazirabad Tehsil","execution_date":"2024-05-10","registered_owner":"Sunita Sharma / Aditi Verma","seller_name":"Previous Landholder","consideration_amount_inr":"3500000.0","stamp_duty_inr":"210000.0","survey_sketch_id":"FMB-HR-08-0164","cadastral_sheet_no":"SHT-HR-08","surveyed_area_sqm":"2023.43","survey_status":"PENDING","urban_authority":"Wazirabad Tehsil Urban Development & Town Planning Authority","zone_name":"Commercial Core","permitted_land_use":"COMMERCIAL","building_permission_status":"PENDING","violations_reported":"False","is_encumbered":"True","encumbrance_certificate_number":"EC-HR-00000164-0164","encumbrance_type":"GOVT_REVENUE_LIEN","financial_institution":"","mortgage_amount":"0.0","created_at":"2026-01-15T09:00:00Z","updated_at":"2026-09-24T11:30:00Z"}},{"type":"Feature","geometry":{"type":"Polygon","coordinates":[[[76.3022284109438,29.553973839597514],[76.36121003879079,29.55283624303856],[76.36704932436437,29.611688471209845],[76.31213656416256,29.604288259464997],[76.3022284109438,29.553973839597514]]]},"properties":{"ulpin":"06548926726442","parcel_id":"46d2df2d-51a0-4891-9a68-233d35aa29d5","state":"Haryana","state_code":"HR","state_type":"STATE","state_lgd_code":"6","district_lgd_code":"80","district_name":"Gurugram","subdistrict_lgd_code":"620","subdistrict_name":"Wazirabad Tehsil","subdistrict_type":"Tehsil / Taluk","village_lgd_code":"61402","village_name":"Badshahpur","khasra_plot_no":"Murabba 45, Killa 12/2/D165","recorded_area":"4.0","recorded_area_unit":"Kanal-Marla","normalized_area_sqm":"2023.43","gis_area_sqm":"2023.43","land_use_category":"INDUSTRIAL","land_use_raw":"Gair Mumkin Plotted Commercial","status":"SUBDIVIDED","data_freshness_status":"UNKNOWN","scenario_index":"4682","use_case_description":"Archived historical record for audit retrieval","mutation_workflow_status":"SLA_BREACHED","revenue_record_id":"ROR-HR-2025-1008-0165","revenue_record_type":"Jamabandi Nakal (Haryana Jamabandi)","khata_khewat_no":"KHT-58","khatauni_no":"KHN-158","owner_name":"Satish Chand Mittal","owner_name_local":"सतीश चंद मित्तल","co_owners":"","tenure_type":"Leasehold","mutation_status":"UNMUTATED_TRANSACTION","active_mutation_id":"MUT-HR-00000165","tax_demand_status":"PAID","annual_tax_inr":"185.5","deed_number":"DEED-HR-2024-408-0165","deed_type":"Sale Deed / Conveyance","sro_office":"Sub-Registrar Office, Wazirabad Tehsil","execution_date":"2024-05-10","registered_owner":"Sunita Sharma / Aditi Verma","seller_name":"Previous Landholder","consideration_amount_inr":"3500000.0","stamp_duty_inr":"210000.0","survey_sketch_id":"FMB-HR-08-0165","cadastral_sheet_no":"SHT-HR-08","surveyed_area_sqm":"2023.43","survey_status":"DISPUTED","urban_authority":"Wazirabad Tehsil Urban Development & Town Planning Authority","zone_name":"Commercial Core","permitted_land_use":"INDUSTRIAL","building_permission_status":"REJECTED","violations_reported":"False","is_encumbered":"True","encumbrance_certificate_number":"EC-HR-00000165-0165","encumbrance_type":"COURT_ATTACHMENT","financial_institution":"","mortgage_amount":"0.0","created_at":"2026-01-15T09:00:00Z","updated_at":"2026-09-24T11:30:00Z"}},{"type":"Feature","geometry":{"type":"Polygon","coordinates":[[[76.1332086014094,29.71038511164069],[76.19419676367666,29.71738353198437],[76.19505630606965,29.76944495977389],[76.1272385552214,29.76506163273387],[76.1332086014094,29.71038511164069]]]},"properties":{"ulpin":"06505850537373","parcel_id":"753b9abe-e009-464f-acf3-bcd56a3d04d5","state":"Haryana","state_code":"HR","state_type":"STATE","state_lgd_code":"6","district_lgd_code":"80","district_name":"Gurugram","subdistrict_lgd_code":"620","subdistrict_name":"Wazirabad Tehsil","subdistrict_type":"Tehsil / Taluk","village_lgd_code":"61402","village_name":"Badshahpur","khasra_plot_no":"Murabba 45, Killa 12/2/D166","recorded_area":"4.0","recorded_area_unit":"Kanal-Marla","normalized_area_sqm":"2023.43","gis_area_sqm":"2023.43","land_use_category":"AGRICULTURAL","land_use_raw":"Gair Mumkin Plotted Commercial","status":"AMALGAMATED","data_freshness_status":"CURRENT","scenario_index":"4683","use_case_description":"Bank mortgage and active encumbrance","mutation_workflow_status":"SUBMITTED","revenue_record_id":"ROR-HR-2025-1008-0166","revenue_record_type":"Jamabandi Nakal (Haryana Jamabandi)","khata_khewat_no":"KHT-58","khatauni_no":"KHN-158","owner_name":"Satish Chand Mittal","owner_name_local":"सतीश चंद मित्तल","co_owners":"","tenure_type":"Government Grant","mutation_status":"REJECTED","active_mutation_id":"MUT-HR-00000166","tax_demand_status":"PAID","annual_tax_inr":"185.5","deed_number":"DEED-HR-2024-408-0166","deed_type":"Sale Deed / Conveyance","sro_office":"Sub-Registrar Office, Wazirabad Tehsil","execution_date":"2024-05-10","registered_owner":"Sunita Sharma / Aditi Verma","seller_name":"Previous Landholder","consideration_amount_inr":"3500000.0","stamp_duty_inr":"210000.0","survey_sketch_id":"FMB-HR-08-0166","cadastral_sheet_no":"SHT-HR-08","surveyed_area_sqm":"2023.43","survey_status":"RESURVEY_REQUIRED","urban_authority":"Wazirabad Tehsil Urban Development & Town Planning Authority","zone_name":"Commercial Core","permitted_land_use":"AGRICULTURAL","building_permission_status":"NOT_APPLICABLE","violations_reported":"True","is_encumbered":"True","encumbrance_certificate_number":"EC-HR-00000166-0166","encumbrance_type":"TRIBAL_NON_ALIENATION","financial_institution":"","mortgage_amount":"0.0","created_at":"2026-01-15T09:00:00Z","updated_at":"2026-09-24T11:30:00Z"}},{"type":"Feature","geometry":{"type":"Polygon","coordinates":[[[75.70586535381968,29.062848946729662],[75.76924579376553,29.061737430384632],[75.77058460948957,29.119385881263202],[75.71123876514932,29.122320151153545],[75.70586535381968,29.062848946729662]]]},"properties":{"ulpin":"06566629661058","parcel_id":"9827e491-67e6-4a59-a482-3323cb949f0a","state":"Haryana","state_code":"HR","state_type":"STATE","state_lgd_code":"6","district_lgd_code":"80","district_name":"Gurugram","subdistrict_lgd_code":"620","subdistrict_name":"Wazirabad Tehsil","subdistrict_type":"Tehsil / Taluk","village_lgd_code":"61402","village_name":"Badshahpur","khasra_plot_no":"Murabba 45, Killa 12/2/D167","recorded_area":"4.0","recorded_area_unit":"Kanal-Marla","normalized_area_sqm":"2023.43","gis_area_sqm":"2023.43","land_use_category":"INSTITUTIONAL","land_use_raw":"Gair Mumkin Plotted Commercial","status":"DISPUTED","data_freshness_status":"STALE","scenario_index":"4684","use_case_description":"Government revenue lien and tax demand","mutation_workflow_status":"UNDER_VERIFICATION","revenue_record_id":"ROR-HR-2025-1008-0167","revenue_record_type":"Jamabandi Nakal (Haryana Jamabandi)","khata_khewat_no":"KHT-58","khatauni_no":"KHN-158","owner_name":"Satish Chand Mittal","owner_name_local":"सतीश चंद मित्तल","co_owners":"","tenure_type":"Waqf / Religious Trust","mutation_status":"DISPUTED","active_mutation_id":"MUT-HR-00000167","tax_demand_status":"PAID","annual_tax_inr":"185.5","deed_number":"DEED-HR-2024-408-0167","deed_type":"Sale Deed / Conveyance","sro_office":"Sub-Registrar Office, Wazirabad Tehsil","execution_date":"2024-05-10","registered_owner":"Registry Variance Owner 167","seller_name":"Previous Landholder","consideration_amount_inr":"3500000.0","stamp_duty_inr":"210000.0","survey_sketch_id":"FMB-HR-08-0167","cadastral_sheet_no":"SHT-HR-08","surveyed_area_sqm":"2023.43","survey_status":"SURVEYED","urban_authority":"Wazirabad Tehsil Urban Development & Town Planning Authority","zone_name":"Commercial Core","permitted_land_use":"INSTITUTIONAL","building_permission_status":"SANCTIONED","violations_reported":"False","is_encumbered":"True","encumbrance_certificate_number":"EC-HR-00000167-0167","encumbrance_type":"LEASE_CHARGE","financial_institution":"","mortgage_amount":"0.0","created_at":"2026-01-15T09:00:00Z","updated_at":"2026-09-24T11:30:00Z"}},{"type":"Feature","geometry":{"type":"Polygon","coordinates":[[[76.13692653132325,29.808236342350252],[76.1859189383834,29.81425752155312],[76.19644209748415,29.867665332829265],[76.14236861761238,29.867665332829265],[76.13692653132325,29.808236342350252]]]},"properties":{"ulpin":"06570716801164","parcel_id":"4d9b0170-a20d-4d19-bd26-63b1ec22f6a2","state":"Haryana","state_code":"HR","state_type":"STATE","state_lgd_code":"6","district_lgd_code":"80","district_name":"Gurugram","subdistrict_lgd_code":"620","subdistrict_name":"Wazirabad Tehsil","subdistrict_type":"Tehsil / Taluk","village_lgd_code":"61402","village_name":"Badshahpur","khasra_plot_no":"Murabba 45, Killa 12/2/D168","recorded_area":"4.0","recorded_area_unit":"Kanal-Marla","normalized_area_sqm":"2023.43","gis_area_sqm":"2023.43","land_use_category":"FOREST_GREEN_BELT","land_use_raw":"Gair Mumkin Plotted Commercial","status":"ARCHIVED","data_freshness_status":"UNKNOWN","scenario_index":"4685","use_case_description":"Cadastral area discrepancy requiring resurvey","mutation_workflow_status":"NOTICE_PERIOD","revenue_record_id":"ROR-HR-2025-1008-0168","revenue_record_type":"Jamabandi Nakal (Haryana Jamabandi)","khata_khewat_no":"KHT-58","khatauni_no":"KHN-158","owner_name":"Satish Chand Mittal","owner_name_local":"सतीश चंद मित्तल","co_owners":"","tenure_type":"Tribal Community Tenure","mutation_status":"NONE","active_mutation_id":"MUT-HR-00000168","tax_demand_status":"PAID","annual_tax_inr":"185.5","deed_number":"DEED-HR-2024-408-0168","deed_type":"Sale Deed / Conveyance","sro_office":"Sub-Registrar Office, Wazirabad Tehsil","execution_date":"2024-05-10","registered_owner":"Sunita Sharma / Aditi Verma","seller_name":"Previous Landholder","consideration_amount_inr":"3500000.0","stamp_duty_inr":"210000.0","survey_sketch_id":"FMB-HR-08-0168","cadastral_sheet_no":"SHT-HR-08","surveyed_area_sqm":"2023.43","survey_status":"PENDING","urban_authority":"Wazirabad Tehsil Urban Development & Town Planning Authority","zone_name":"Commercial Core","permitted_land_use":"FOREST_GREEN_BELT","building_permission_status":"PENDING","violations_reported":"False","is_encumbered":"False","encumbrance_certificate_number":"EC-HR-2024-108-0168","encumbrance_type":"NIL","financial_institution":"","mortgage_amount":"0.0","created_at":"2026-01-15T09:00:00Z","updated_at":"2026-09-24T11:30:00Z"}},{"type":"Feature","geometry":{"type":"Polygon","coordinates":[[[75.79601205786395,28.431309341868666],[75.85297792980076,28.429568573855157],[75.85901329197554,28.488857473180122],[75.7871349639811,28.49324652535311],[75.79601205786395,28.431309341868666]]]},"properties":{"ulpin":"06079439048500","parcel_id":"f983fec2-31fb-4aeb-93c2-d06dad196d41","state":"Haryana","state_code":"HR","state_type":"STATE","state_lgd_code":"6","district_lgd_code":"80","district_name":"Gurugram","subdistrict_lgd_code":"620","subdistrict_name":"Wazirabad Tehsil","subdistrict_type":"Tehsil / Taluk","village_lgd_code":"61402","village_name":"Badshahpur","khasra_plot_no":"Murabba 45, Killa 12/2/D169","recorded_area":"4.0","recorded_area_unit":"Kanal-Marla","normalized_area_sqm":"2023.43","gis_area_sqm":"2023.43","land_use_category":"WATER_BODY","land_use_raw":"Gair Mumkin Plotted Commercial","status":"ACTIVE","data_freshness_status":"CURRENT","scenario_index":"4686","use_case_description":"Tribal non-alienation protection review","mutation_workflow_status":"HEARING_SCHEDULED","revenue_record_id":"ROR-HR-2025-1008-0169","revenue_record_type":"Jamabandi Nakal (Haryana Jamabandi)","khata_khewat_no":"KHT-58","khatauni_no":"KHN-158","owner_name":"Satish Chand Mittal","owner_name_local":"सतीश चंद मित्तल","co_owners":"","tenure_type":"Bhumiswami / Raiyati with Transferable Rights","mutation_status":"MUTATED","active_mutation_id":"","tax_demand_status":"PAID","annual_tax_inr":"185.5","deed_number":"DEED-HR-2024-408-0169","deed_type":"Sale Deed / Conveyance","sro_office":"Sub-Registrar Office, Wazirabad Tehsil","execution_date":"2024-05-10","registered_owner":"Sunita Sharma / Aditi Verma","seller_name":"Previous Landholder","consideration_amount_inr":"3500000.0","stamp_duty_inr":"210000.0","survey_sketch_id":"FMB-HR-08-0169","cadastral_sheet_no":"SHT-HR-08","surveyed_area_sqm":"2023.43","survey_status":"DISPUTED","urban_authority":"Wazirabad Tehsil Urban Development & Town Planning Authority","zone_name":"Commercial Core","permitted_land_use":"WATER_BODY","building_permission_status":"REJECTED","violations_reported":"False","is_encumbered":"True","encumbrance_certificate_number":"EC-HR-00000169-0169","encumbrance_type":"BANK_MORTGAGE","financial_institution":"","mortgage_amount":"0.0","created_at":"2026-01-15T09:00:00Z","updated_at":"2026-09-24T11:30:00Z"}},{"type":"Feature","geometry":{"type":"Polygon","coordinates":[[[76.29657938060349,29.664246501012315],[76.36131998252121,29.648314419369704],[76.3584875358553,29.717427779186288],[76.2992901659935,29.709482457035943],[76.29657938060349,29.664246501012315]]]},"properties":{"ulpin":"06321111104741","parcel_id":"61722cd6-c83e-4c34-a837-4126daa4a327","state":"Haryana","state_code":"HR","state_type":"STATE","state_lgd_code":"6","district_lgd_code":"80","district_name":"Gurugram","subdistrict_lgd_code":"620","subdistrict_name":"Wazirabad Tehsil","subdistrict_type":"Tehsil / Taluk","village_lgd_code":"61402","village_name":"Badshahpur","khasra_plot_no":"Murabba 45, Killa 12/2/D170","recorded_area":"4.0","recorded_area_unit":"Kanal-Marla","normalized_area_sqm":"2023.43","gis_area_sqm":"2023.43","land_use_category":"MIXED_USE","land_use_raw":"Gair Mumkin Plotted Commercial","status":"PENDING_MUTATION","data_freshness_status":"STALE","scenario_index":"4687","use_case_description":"Lease charge and institutional tenancy","mutation_workflow_status":"APPROVED","revenue_record_id":"ROR-HR-2025-1008-0170","revenue_record_type":"Jamabandi Nakal (Haryana Jamabandi)","khata_khewat_no":"KHT-58","khatauni_no":"KHN-158","owner_name":"Satish Chand Mittal","owner_name_local":"सतीश चंद मित्तल","co_owners":"","tenure_type":"Bhumiswami / Freehold","mutation_status":"PENDING","active_mutation_id":"MUT-HR-00000170","tax_demand_status":"PAID","annual_tax_inr":"185.5","deed_number":"DEED-HR-2024-408-0170","deed_type":"Sale Deed / Conveyance","sro_office":"Sub-Registrar Office, Wazirabad Tehsil","execution_date":"2024-05-10","registered_owner":"Sunita Sharma / Aditi Verma","seller_name":"Previous Landholder","consideration_amount_inr":"3500000.0","stamp_duty_inr":"210000.0","survey_sketch_id":"FMB-HR-08-0170","cadastral_sheet_no":"SHT-HR-08","surveyed_area_sqm":"2023.43","survey_status":"RESURVEY_REQUIRED","urban_authority":"Wazirabad Tehsil Urban Development & Town Planning Authority","zone_name":"Commercial Core","permitted_land_use":"MIXED_USE","building_permission_status":"NOT_APPLICABLE","violations_reported":"False","is_encumbered":"True","encumbrance_certificate_number":"EC-HR-00000170-0170","encumbrance_type":"GOVT_REVENUE_LIEN","financial_institution":"","mortgage_amount":"0.0","created_at":"2026-01-15T09:00:00Z","updated_at":"2026-09-24T11:30:00Z"}},{"type":"Feature","geometry":{"type":"Polygon","coordinates":[[[76.29653118542421,28.21202013235509],[76.36276095240974,28.2187884003907],[76.3504039560384,28.257958970674114],[76.31154023852321,28.269101901696555],[76.29653118542421,28.21202013235509]]]},"properties":{"ulpin":"06348700968537","parcel_id":"01713ac9-bdfc-435c-b772-9951876366e5","state":"Haryana","state_code":"HR","state_type":"STATE","state_lgd_code":"6","district_lgd_code":"80","district_name":"Gurugram","subdistrict_lgd_code":"620","subdistrict_name":"Wazirabad Tehsil","subdistrict_type":"Tehsil / Taluk","village_lgd_code":"61402","village_name":"Badshahpur","khasra_plot_no":"Murabba 45, Killa 12/2/D171","recorded_area":"4.0","recorded_area_unit":"Kanal-Marla","normalized_area_sqm":"2023.43","gis_area_sqm":"2023.43","land_use_category":"OTHER","land_use_raw":"Gair Mumkin Plotted Commercial","status":"SUBDIVIDED","data_freshness_status":"UNKNOWN","scenario_index":"4688","use_case_description":"Subdivision or amalgamation history review","mutation_workflow_status":"REJECTED","revenue_record_id":"ROR-HR-2025-1008-0171","revenue_record_type":"Jamabandi Nakal (Haryana Jamabandi)","khata_khewat_no":"KHT-58","khatauni_no":"KHN-158","owner_name":"Satish Chand Mittal","owner_name_local":"सतीश चंद मित्तल","co_owners":"","tenure_type":"Leasehold","mutation_status":"UNMUTATED_TRANSACTION","active_mutation_id":"MUT-HR-00000171","tax_demand_status":"PAID","annual_tax_inr":"185.5","deed_number":"DEED-HR-2024-408-0171","deed_type":"Sale Deed / Conveyance","sro_office":"Sub-Registrar Office, Wazirabad Tehsil","execution_date":"2024-05-10","registered_owner":"Sunita Sharma / Aditi Verma","seller_name":"Previous Landholder","consideration_amount_inr":"3500000.0","stamp_duty_inr":"210000.0","survey_sketch_id":"FMB-HR-08-0171","cadastral_sheet_no":"SHT-HR-08","surveyed_area_sqm":"2023.43","survey_status":"SURVEYED","urban_authority":"Wazirabad Tehsil Urban Development & Town Planning Authority","zone_name":"Commercial Core","permitted_land_use":"OTHER","building_permission_status":"SANCTIONED","violations_reported":"False","is_encumbered":"True","encumbrance_certificate_number":"EC-HR-00000171-0171","encumbrance_type":"COURT_ATTACHMENT","financial_institution":"","mortgage_amount":"0.0","created_at":"2026-01-15T09:00:00Z","updated_at":"2026-09-24T11:30:00Z"}},{"type":"Feature","geometry":{"type":"Polygon","coordinates":[[[76.4072614568041,28.023351078455132],[76.45527879836797,28.03033538894552],[76.45660340486579,28.07564528400296],[76.40837569567624,28.079421956670277],[76.4072614568041,28.023351078455132]]]},"properties":{"ulpin":"06854394934618","parcel_id":"a3b5fe11-0aa1-4c3e-a5b8-cca540c648c5","state":"Haryana","state_code":"HR","state_type":"STATE","state_lgd_code":"6","district_lgd_code":"80","district_name":"Gurugram","subdistrict_lgd_code":"620","subdistrict_name":"Wazirabad Tehsil","subdistrict_type":"Tehsil / Taluk","village_lgd_code":"61402","village_name":"Badshahpur","khasra_plot_no":"Murabba 45, Killa 12/2/D172","recorded_area":"4.0","recorded_area_unit":"Kanal-Marla","normalized_area_sqm":"2023.43","gis_area_sqm":"2023.43","land_use_category":"RESIDENTIAL","land_use_raw":"Gair Mumkin Plotted Commercial","status":"AMALGAMATED","data_freshness_status":"CURRENT","scenario_index":"4689","use_case_description":"Archived historical record for audit retrieval","mutation_workflow_status":"SLA_BREACHED","revenue_record_id":"ROR-HR-2025-1008-0172","revenue_record_type":"Jamabandi Nakal (Haryana Jamabandi)","khata_khewat_no":"KHT-58","khatauni_no":"KHN-158","owner_name":"Satish Chand Mittal","owner_name_local":"सतीश चंद मित्तल","co_owners":"","tenure_type":"Government Grant","mutation_status":"REJECTED","active_mutation_id":"MUT-HR-00000172","tax_demand_status":"PAID","annual_tax_inr":"185.5","deed_number":"DEED-HR-2024-408-0172","deed_type":"Sale Deed / Conveyance","sro_office":"Sub-Registrar Office, Wazirabad Tehsil","execution_date":"2024-05-10","registered_owner":"Registry Variance Owner 172","seller_name":"Previous Landholder","consideration_amount_inr":"3500000.0","stamp_duty_inr":"210000.0","survey_sketch_id":"FMB-HR-08-0172","cadastral_sheet_no":"SHT-HR-08","surveyed_area_sqm":"2023.43","survey_status":"PENDING","urban_authority":"Wazirabad Tehsil Urban Development & Town Planning Authority","zone_name":"Commercial Core","permitted_land_use":"RESIDENTIAL","building_permission_status":"PENDING","violations_reported":"False","is_encumbered":"True","encumbrance_certificate_number":"EC-HR-00000172-0172","encumbrance_type":"TRIBAL_NON_ALIENATION","financial_institution":"","mortgage_amount":"0.0","created_at":"2026-01-15T09:00:00Z","updated_at":"2026-09-24T11:30:00Z"}},{"type":"Feature","geometry":{"type":"Polygon","coordinates":[[[75.48389635334658,29.16819265987251],[75.54416561033398,29.17008452032393],[75.54196366436639,29.224344019523976],[75.47460143032603,29.218660493494294],[75.48389635334658,29.16819265987251]]]},"properties":{"ulpin":"06104587229387","parcel_id":"b5c5de8f-37f1-4d7a-8240-dfbb8ee447cd","state":"Haryana","state_code":"HR","state_type":"STATE","state_lgd_code":"6","district_lgd_code":"80","district_name":"Gurugram","subdistrict_lgd_code":"620","subdistrict_name":"Wazirabad Tehsil","subdistrict_type":"Tehsil / Taluk","village_lgd_code":"61402","village_name":"Badshahpur","khasra_plot_no":"Murabba 45, Killa 12/2/D173","recorded_area":"4.0","recorded_area_unit":"Kanal-Marla","normalized_area_sqm":"2023.43","gis_area_sqm":"2023.43","land_use_category":"COMMERCIAL","land_use_raw":"Gair Mumkin Plotted Commercial","status":"DISPUTED","data_freshness_status":"STALE","scenario_index":"4690","use_case_description":"Bank mortgage and active encumbrance","mutation_workflow_status":"SUBMITTED","revenue_record_id":"ROR-HR-2025-1008-0173","revenue_record_type":"Jamabandi Nakal (Haryana Jamabandi)","khata_khewat_no":"KHT-58","khatauni_no":"KHN-158","owner_name":"Satish Chand Mittal","owner_name_local":"सतीश चंद मित्तल","co_owners":"","tenure_type":"Waqf / Religious Trust","mutation_status":"DISPUTED","active_mutation_id":"MUT-HR-00000173","tax_demand_status":"PAID","annual_tax_inr":"185.5","deed_number":"DEED-HR-2024-408-0173","deed_type":"Sale Deed / Conveyance","sro_office":"Sub-Registrar Office, Wazirabad Tehsil","execution_date":"2024-05-10","registered_owner":"Sunita Sharma / Aditi Verma","seller_name":"Previous Landholder","consideration_amount_inr":"3500000.0","stamp_duty_inr":"210000.0","survey_sketch_id":"FMB-HR-08-0173","cadastral_sheet_no":"SHT-HR-08","surveyed_area_sqm":"2023.43","survey_status":"DISPUTED","urban_authority":"Wazirabad Tehsil Urban Development & Town Planning Authority","zone_name":"Commercial Core","permitted_land_use":"COMMERCIAL","building_permission_status":"REJECTED","violations_reported":"True","is_encumbered":"True","encumbrance_certificate_number":"EC-HR-00000173-0173","encumbrance_type":"LEASE_CHARGE","financial_institution":"","mortgage_amount":"0.0","created_at":"2026-01-15T09:00:00Z","updated_at":"2026-09-24T11:30:00Z"}},{"type":"Feature","geometry":{"type":"Polygon","coordinates":[[[75.06340925149152,29.166643689823115],[75.10802157716145,29.17840361761319],[75.10792784981396,29.239406997261568],[75.06212879073408,29.244786939725664],[75.06340925149152,29.166643689823115]]]},"properties":{"ulpin":"06764059384032","parcel_id":"d12d0509-dd7c-4ee3-bb2d-0f1c45a396ae","state":"Haryana","state_code":"HR","state_type":"STATE","state_lgd_code":"6","district_lgd_code":"80","district_name":"Gurugram","subdistrict_lgd_code":"620","subdistrict_name":"Wazirabad Tehsil","subdistrict_type":"Tehsil / Taluk","village_lgd_code":"61402","village_name":"Badshahpur","khasra_plot_no":"Murabba 45, Killa 12/2/D174","recorded_area":"4.0","recorded_area_unit":"Kanal-Marla","normalized_area_sqm":"2023.43","gis_area_sqm":"2023.43","land_use_category":"INDUSTRIAL","land_use_raw":"Gair Mumkin Plotted Commercial","status":"ARCHIVED","data_freshness_status":"UNKNOWN","scenario_index":"4691","use_case_description":"Tribal non-alienation protection review","mutation_workflow_status":"UNDER_VERIFICATION","revenue_record_id":"ROR-HR-2025-1008-0174","revenue_record_type":"Jamabandi Nakal (Haryana Jamabandi)","khata_khewat_no":"KHT-58","khatauni_no":"KHN-158","owner_name":"Satish Chand Mittal","owner_name_local":"सतीश चंद मित्तल","co_owners":"","tenure_type":"Tribal Community Tenure","mutation_status":"NONE","active_mutation_id":"MUT-HR-00000174","tax_demand_status":"PAID","annual_tax_inr":"185.5","deed_number":"DEED-HR-2024-408-0174","deed_type":"Sale Deed / Conveyance","sro_office":"Sub-Registrar Office, Wazirabad Tehsil","execution_date":"2024-05-10","registered_owner":"Sunita Sharma / Aditi Verma","seller_name":"Previous Landholder","consideration_amount_inr":"3500000.0","stamp_duty_inr":"210000.0","survey_sketch_id":"FMB-HR-08-0174","cadastral_sheet_no":"SHT-HR-08","surveyed_area_sqm":"2023.43","survey_status":"RESURVEY_REQUIRED","urban_authority":"Wazirabad Tehsil Urban Development & Town Planning Authority","zone_name":"Commercial Core","permitted_land_use":"INDUSTRIAL","building_permission_status":"NOT_APPLICABLE","violations_reported":"False","is_encumbered":"False","encumbrance_certificate_number":"EC-HR-2024-108-0174","encumbrance_type":"NIL","financial_institution":"","mortgage_amount":"0.0","created_at":"2026-01-15T09:00:00Z","updated_at":"2026-09-24T11:30:00Z"}},{"type":"Feature","geometry":{"type":"Polygon","coordinates":[[[76.29909926385729,28.07362891866576],[76.36208915612285,28.080608499009106],[76.35242586028572,28.12231486675877],[76.30199016600147,28.12710158351959],[76.29909926385729,28.07362891866576]]]},"properties":{"ulpin":"06616854262296","parcel_id":"8b34f3c1-351f-48c2-b4a2-2522659ddb05","state":"Haryana","state_code":"HR","state_type":"STATE","state_lgd_code":"6","district_lgd_code":"80","district_name":"Gurugram","subdistrict_lgd_code":"620","subdistrict_name":"Wazirabad Tehsil","subdistrict_type":"Tehsil / Taluk","village_lgd_code":"61402","village_name":"Badshahpur","khasra_plot_no":"Murabba 45, Killa 12/2/D175","recorded_area":"4.0","recorded_area_unit":"Kanal-Marla","normalized_area_sqm":"2023.43","gis_area_sqm":"2023.43","land_use_category":"AGRICULTURAL","land_use_raw":"Gair Mumkin Plotted Commercial","status":"ACTIVE","data_freshness_status":"CURRENT","scenario_index":"4692","use_case_description":"Court attachment and disputed possession","mutation_workflow_status":"NOTICE_PERIOD","revenue_record_id":"ROR-HR-2025-1008-0175","revenue_record_type":"Jamabandi Nakal (Haryana Jamabandi)","khata_khewat_no":"KHT-58","khatauni_no":"KHN-158","owner_name":"Satish Chand Mittal","owner_name_local":"सतीश चंद मित्तल","co_owners":"","tenure_type":"Bhumiswami / Raiyati with Transferable Rights","mutation_status":"MUTATED","active_mutation_id":"","tax_demand_status":"PAID","annual_tax_inr":"185.5","deed_number":"DEED-HR-2024-408-0175","deed_type":"Sale Deed / Conveyance","sro_office":"Sub-Registrar Office, Wazirabad Tehsil","execution_date":"2024-05-10","registered_owner":"Sunita Sharma / Aditi Verma","seller_name":"Previous Landholder","consideration_amount_inr":"3500000.0","stamp_duty_inr":"210000.0","survey_sketch_id":"FMB-HR-08-0175","cadastral_sheet_no":"SHT-HR-08","surveyed_area_sqm":"2023.43","survey_status":"SURVEYED","urban_authority":"Wazirabad Tehsil Urban Development & Town Planning Authority","zone_name":"Commercial Core","permitted_land_use":"AGRICULTURAL","building_permission_status":"SANCTIONED","violations_reported":"False","is_encumbered":"True","encumbrance_certificate_number":"EC-HR-00000175-0175","encumbrance_type":"BANK_MORTGAGE","financial_institution":"","mortgage_amount":"0.0","created_at":"2026-01-15T09:00:00Z","updated_at":"2026-09-24T11:30:00Z"}},{"type":"Feature","geometry":{"type":"Polygon","coordinates":[[[75.37032027630985,29.005206272412686],[75.43051187787805,29.01261144980244],[75.42677713311546,29.0576119231942],[75.37032027630985,29.07050778608982],[75.37032027630985,29.005206272412686]]]},"properties":{"ulpin":"06435578167162","parcel_id":"84a61dad-3060-4c75-8248-a0b17ed8eb29","state":"Haryana","state_code":"HR","state_type":"STATE","state_lgd_code":"6","district_lgd_code":"80","district_name":"Gurugram","subdistrict_lgd_code":"620","subdistrict_name":"Wazirabad Tehsil","subdistrict_type":"Tehsil / Taluk","village_lgd_code":"61402","village_name":"Badshahpur","khasra_plot_no":"Murabba 45, Killa 12/2/D176","recorded_area":"4.0","recorded_area_unit":"Kanal-Marla","normalized_area_sqm":"2023.43","gis_area_sqm":"2023.43","land_use_category":"INSTITUTIONAL","land_use_raw":"Gair Mumkin Plotted Commercial","status":"PENDING_MUTATION","data_freshness_status":"STALE","scenario_index":"4693","use_case_description":"Tribal non-alienation protection review","mutation_workflow_status":"HEARING_SCHEDULED","revenue_record_id":"ROR-HR-2025-1008-0176","revenue_record_type":"Jamabandi Nakal (Haryana Jamabandi)","khata_khewat_no":"KHT-58","khatauni_no":"KHN-158","owner_name":"Satish Chand Mittal","owner_name_local":"सतीश चंद मित्तल","co_owners":"","tenure_type":"Bhumiswami / Freehold","mutation_status":"PENDING","active_mutation_id":"MUT-HR-00000176","tax_demand_status":"PAID","annual_tax_inr":"185.5","deed_number":"DEED-HR-2024-408-0176","deed_type":"Sale Deed / Conveyance","sro_office":"Sub-Registrar Office, Wazirabad Tehsil","execution_date":"2024-05-10","registered_owner":"Sunita Sharma / Aditi Verma","seller_name":"Previous Landholder","consideration_amount_inr":"3500000.0","stamp_duty_inr":"210000.0","survey_sketch_id":"FMB-HR-08-0176","cadastral_sheet_no":"SHT-HR-08","surveyed_area_sqm":"2023.43","survey_status":"PENDING","urban_authority":"Wazirabad Tehsil Urban Development & Town Planning Authority","zone_name":"Commercial Core","permitted_land_use":"INSTITUTIONAL","building_permission_status":"PENDING","violations_reported":"False","is_encumbered":"True","encumbrance_certificate_number":"EC-HR-00000176-0176","encumbrance_type":"GOVT_REVENUE_LIEN","financial_institution":"","mortgage_amount":"0.0","created_at":"2026-01-15T09:00:00Z","updated_at":"2026-09-24T11:30:00Z"}},{"type":"Feature","geometry":{"type":"Polygon","coordinates":[[[74.87891332746884,28.990747630032413],[74.93714006458731,28.988231413077585],[74.94355999943753,29.05268528339894],[74.87891332746884,29.051998065596337],[74.87891332746884,28.990747630032413]]]},"properties":{"ulpin":"06352218062608","parcel_id":"9a246899-92a0-46a7-b2b9-1239dec2847a","state":"Haryana","state_code":"HR","state_type":"STATE","state_lgd_code":"6","district_lgd_code":"80","district_name":"Gurugram","subdistrict_lgd_code":"620","subdistrict_name":"Wazirabad Tehsil","subdistrict_type":"Tehsil / Taluk","village_lgd_code":"61402","village_name":"Badshahpur","khasra_plot_no":"Murabba 45, Killa 12/2/D177","recorded_area":"4.0","recorded_area_unit":"Kanal-Marla","normalized_area_sqm":"2023.43","gis_area_sqm":"2023.43","land_use_category":"FOREST_GREEN_BELT","land_use_raw":"Gair Mumkin Plotted Commercial","status":"SUBDIVIDED","data_freshness_status":"UNKNOWN","scenario_index":"4694","use_case_description":"Lease charge and institutional tenancy","mutation_workflow_status":"APPROVED","revenue_record_id":"ROR-HR-2025-1008-0177","revenue_record_type":"Jamabandi Nakal (Haryana Jamabandi)","khata_khewat_no":"KHT-58","khatauni_no":"KHN-158","owner_name":"Satish Chand Mittal","owner_name_local":"सतीश चंद मित्तल","co_owners":"","tenure_type":"Leasehold","mutation_status":"UNMUTATED_TRANSACTION","active_mutation_id":"MUT-HR-00000177","tax_demand_status":"PAID","annual_tax_inr":"185.5","deed_number":"DEED-HR-2024-408-0177","deed_type":"Sale Deed / Conveyance","sro_office":"Sub-Registrar Office, Wazirabad Tehsil","execution_date":"2024-05-10","registered_owner":"Registry Variance Owner 177","seller_name":"Previous Landholder","consideration_amount_inr":"3500000.0","stamp_duty_inr":"210000.0","survey_sketch_id":"FMB-HR-08-0177","cadastral_sheet_no":"SHT-HR-08","surveyed_area_sqm":"2023.43","survey_status":"DISPUTED","urban_authority":"Wazirabad Tehsil Urban Development & Town Planning Authority","zone_name":"Commercial Core","permitted_land_use":"FOREST_GREEN_BELT","building_permission_status":"REJECTED","violations_reported":"False","is_encumbered":"True","encumbrance_certificate_number":"EC-HR-00000177-0177","encumbrance_type":"COURT_ATTACHMENT","financial_institution":"","mortgage_amount":"0.0","created_at":"2026-01-15T09:00:00Z","updated_at":"2026-09-24T11:30:00Z"}},{"type":"Feature","geometry":{"type":"Polygon","coordinates":[[[75.66836738854224,28.326721312435552],[75.73910689842617,28.33181855588419],[75.73960509433275,28.381836032659294],[75.66883002557897,28.38629194275118],[75.66836738854224,28.326721312435552]]]},"properties":{"ulpin":"06369574138335","parcel_id":"86d7d681-ab71-48ab-b168-97254dcd6221","state":"Haryana","state_code":"HR","state_type":"STATE","state_lgd_code":"6","district_lgd_code":"80","district_name":"Gurugram","subdistrict_lgd_code":"620","subdistrict_name":"Wazirabad Tehsil","subdistrict_type":"Tehsil / Taluk","village_lgd_code":"61402","village_name":"Badshahpur","khasra_plot_no":"Murabba 45, Killa 12/2/D178","recorded_area":"4.0","recorded_area_unit":"Kanal-Marla","normalized_area_sqm":"2023.43","gis_area_sqm":"2023.43","land_use_category":"WATER_BODY","land_use_raw":"Gair Mumkin Plotted Commercial","status":"AMALGAMATED","data_freshness_status":"CURRENT","scenario_index":"4695","use_case_description":"Subdivision or amalgamation history review","mutation_workflow_status":"REJECTED","revenue_record_id":"ROR-HR-2025-1008-0178","revenue_record_type":"Jamabandi Nakal (Haryana Jamabandi)","khata_khewat_no":"KHT-58","khatauni_no":"KHN-158","owner_name":"Satish Chand Mittal","owner_name_local":"सतीश चंद मित्तल","co_owners":"","tenure_type":"Government Grant","mutation_status":"REJECTED","active_mutation_id":"MUT-HR-00000178","tax_demand_status":"PAID","annual_tax_inr":"185.5","deed_number":"DEED-HR-2024-408-0178","deed_type":"Sale Deed / Conveyance","sro_office":"Sub-Registrar Office, Wazirabad Tehsil","execution_date":"2024-05-10","registered_owner":"Sunita Sharma / Aditi Verma","seller_name":"Previous Landholder","consideration_amount_inr":"3500000.0","stamp_duty_inr":"210000.0","survey_sketch_id":"FMB-HR-08-0178","cadastral_sheet_no":"SHT-HR-08","surveyed_area_sqm":"2023.43","survey_status":"RESURVEY_REQUIRED","urban_authority":"Wazirabad Tehsil Urban Development & Town Planning Authority","zone_name":"Commercial Core","permitted_land_use":"WATER_BODY","building_permission_status":"NOT_APPLICABLE","violations_reported":"False","is_encumbered":"True","encumbrance_certificate_number":"EC-HR-00000178-0178","encumbrance_type":"TRIBAL_NON_ALIENATION","financial_institution":"","mortgage_amount":"0.0","created_at":"2026-01-15T09:00:00Z","updated_at":"2026-09-24T11:30:00Z"}},{"type":"Feature","geometry":{"type":"Polygon","coordinates":[[[74.88385652792108,28.50098783749423],[74.9574325767624,28.49726457015179],[74.95219035531653,28.556469701538727],[74.88385652792108,28.55437756115289],[74.88385652792108,28.50098783749423]]]},"properties":{"ulpin":"06670156074822","parcel_id":"00f5676f-c2fe-46a9-a7fe-b627ae5388fe","state":"Haryana","state_code":"HR","state_type":"STATE","state_lgd_code":"6","district_lgd_code":"80","district_name":"Gurugram","subdistrict_lgd_code":"620","subdistrict_name":"Wazirabad Tehsil","subdistrict_type":"Tehsil / Taluk","village_lgd_code":"61402","village_name":"Badshahpur","khasra_plot_no":"Murabba 45, Killa 12/2/D179","recorded_area":"4.0","recorded_area_unit":"Kanal-Marla","normalized_area_sqm":"2023.43","gis_area_sqm":"2023.43","land_use_category":"MIXED_USE","land_use_raw":"Gair Mumkin Plotted Commercial","status":"DISPUTED","data_freshness_status":"STALE","scenario_index":"4696","use_case_description":"Archived historical record for audit retrieval","mutation_workflow_status":"SLA_BREACHED","revenue_record_id":"ROR-HR-2025-1008-0179","revenue_record_type":"Jamabandi Nakal (Haryana Jamabandi)","khata_khewat_no":"KHT-58","khatauni_no":"KHN-158","owner_name":"Satish Chand Mittal","owner_name_local":"सतीश चंद मित्तल","co_owners":"","tenure_type":"Waqf / Religious Trust","mutation_status":"DISPUTED","active_mutation_id":"MUT-HR-00000179","tax_demand_status":"PAID","annual_tax_inr":"185.5","deed_number":"DEED-HR-2024-408-0179","deed_type":"Sale Deed / Conveyance","sro_office":"Sub-Registrar Office, Wazirabad Tehsil","execution_date":"2024-05-10","registered_owner":"Sunita Sharma / Aditi Verma","seller_name":"Previous Landholder","consideration_amount_inr":"3500000.0","stamp_duty_inr":"210000.0","survey_sketch_id":"FMB-HR-08-0179","cadastral_sheet_no":"SHT-HR-08","surveyed_area_sqm":"2023.43","survey_status":"SURVEYED","urban_authority":"Wazirabad Tehsil Urban Development & Town Planning Authority","zone_name":"Commercial Core","permitted_land_use":"MIXED_USE","building_permission_status":"SANCTIONED","violations_reported":"False","is_encumbered":"True","encumbrance_certificate_number":"EC-HR-00000179-0179","encumbrance_type":"LEASE_CHARGE","financial_institution":"","mortgage_amount":"0.0","created_at":"2026-01-15T09:00:00Z","updated_at":"2026-09-24T11:30:00Z"}},{"type":"Feature","geometry":{"type":"Polygon","coordinates":[[[76.40933894852843,28.118125077104462],[76.44842080211471,28.118418555578938],[76.45301976099783,28.16365150050241],[76.41250752797157,28.163067368277485],[76.40933894852843,28.118125077104462]]]},"properties":{"ulpin":"06547566314913","parcel_id":"f534ebf6-8230-473c-8ac1-d6517c035a2c","state":"Haryana","state_code":"HR","state_type":"STATE","state_lgd_code":"6","district_lgd_code":"80","district_name":"Gurugram","subdistrict_lgd_code":"620","subdistrict_name":"Wazirabad Tehsil","subdistrict_type":"Tehsil / Taluk","village_lgd_code":"61402","village_name":"Badshahpur","khasra_plot_no":"Murabba 45, Killa 12/2/D180","recorded_area":"4.0","recorded_area_unit":"Kanal-Marla","normalized_area_sqm":"2023.43","gis_area_sqm":"2023.43","land_use_category":"OTHER","land_use_raw":"Gair Mumkin Plotted Commercial","status":"ARCHIVED","data_freshness_status":"UNKNOWN","scenario_index":"4697","use_case_description":"Pending sale mutation within statutory SLA","mutation_workflow_status":"SUBMITTED","revenue_record_id":"ROR-HR-2025-1008-0180","revenue_record_type":"Jamabandi Nakal (Haryana Jamabandi)","khata_khewat_no":"KHT-58","khatauni_no":"KHN-158","owner_name":"Satish Chand Mittal","owner_name_local":"सतीश चंद मित्तल","co_owners":"","tenure_type":"Tribal Community Tenure","mutation_status":"NONE","active_mutation_id":"MUT-HR-00000180","tax_demand_status":"PAID","annual_tax_inr":"185.5","deed_number":"DEED-HR-2024-408-0180","deed_type":"Sale Deed / Conveyance","sro_office":"Sub-Registrar Office, Wazirabad Tehsil","execution_date":"2024-05-10","registered_owner":"Sunita Sharma / Aditi Verma","seller_name":"Previous Landholder","consideration_amount_inr":"3500000.0","stamp_duty_inr":"210000.0","survey_sketch_id":"FMB-HR-08-0180","cadastral_sheet_no":"SHT-HR-08","surveyed_area_sqm":"2023.43","survey_status":"PENDING","urban_authority":"Wazirabad Tehsil Urban Development & Town Planning Authority","zone_name":"Commercial Core","permitted_land_use":"OTHER","building_permission_status":"PENDING","violations_reported":"True","is_encumbered":"False","encumbrance_certificate_number":"EC-HR-2024-108-0180","encumbrance_type":"NIL","financial_institution":"","mortgage_amount":"0.0","created_at":"2026-01-15T09:00:00Z","updated_at":"2026-09-24T11:30:00Z"}},{"type":"Feature","geometry":{"type":"Polygon","coordinates":[[[75.00355179838323,29.47761233056661],[75.04417021170207,29.471564956010177],[75.05300542624416,29.526900703416263],[75.00042970542496,29.520496107147093],[75.00355179838323,29.47761233056661]]]},"properties":{"ulpin":"06153340168080","parcel_id":"dc8ba552-6ed0-44dd-82b9-c4f1e89e3efc","state":"Haryana","state_code":"HR","state_type":"STATE","state_lgd_code":"6","district_lgd_code":"80","district_name":"Gurugram","subdistrict_lgd_code":"620","subdistrict_name":"Wazirabad Tehsil","subdistrict_type":"Tehsil / Taluk","village_lgd_code":"61402","village_name":"Badshahpur","khasra_plot_no":"Murabba 45, Killa 12/2/D181","recorded_area":"4.0","recorded_area_unit":"Kanal-Marla","normalized_area_sqm":"2023.43","gis_area_sqm":"2023.43","land_use_category":"RESIDENTIAL","land_use_raw":"Gair Mumkin Plotted Commercial","status":"ACTIVE","data_freshness_status":"CURRENT","scenario_index":"4698","use_case_description":"Government revenue lien and tax demand","mutation_workflow_status":"UNDER_VERIFICATION","revenue_record_id":"ROR-HR-2025-1008-0181","revenue_record_type":"Jamabandi Nakal (Haryana Jamabandi)","khata_khewat_no":"KHT-58","khatauni_no":"KHN-158","owner_name":"Satish Chand Mittal","owner_name_local":"सतीश चंद मित्तल","co_owners":"","tenure_type":"Bhumiswami / Raiyati with Transferable Rights","mutation_status":"MUTATED","active_mutation_id":"","tax_demand_status":"PAID","annual_tax_inr":"185.5","deed_number":"DEED-HR-2024-408-0181","deed_type":"Sale Deed / Conveyance","sro_office":"Sub-Registrar Office, Wazirabad Tehsil","execution_date":"2024-05-10","registered_owner":"Sunita Sharma / Aditi Verma","seller_name":"Previous Landholder","consideration_amount_inr":"3500000.0","stamp_duty_inr":"210000.0","survey_sketch_id":"FMB-HR-08-0181","cadastral_sheet_no":"SHT-HR-08","surveyed_area_sqm":"2023.43","survey_status":"DISPUTED","urban_authority":"Wazirabad Tehsil Urban Development & Town Planning Authority","zone_name":"Commercial Core","permitted_land_use":"RESIDENTIAL","building_permission_status":"REJECTED","violations_reported":"False","is_encumbered":"True","encumbrance_certificate_number":"EC-HR-00000181-0181","encumbrance_type":"BANK_MORTGAGE","financial_institution":"","mortgage_amount":"0.0","created_at":"2026-01-15T09:00:00Z","updated_at":"2026-09-24T11:30:00Z"}},{"type":"Feature","geometry":{"type":"Polygon","coordinates":[[[75.26666662920243,28.55534405905451],[75.33602534833152,28.54830442916347],[75.33602534833152,28.606726439303934],[75.26972200270156,28.606726439303934],[75.26666662920243,28.55534405905451]]]},"properties":{"ulpin":"06689236695137","parcel_id":"e50ec8c3-da88-4e9c-a650-d0ed76eb6018","state":"Haryana","state_code":"HR","state_type":"STATE","state_lgd_code":"6","district_lgd_code":"80","district_name":"Gurugram","subdistrict_lgd_code":"620","subdistrict_name":"Wazirabad Tehsil","subdistrict_type":"Tehsil / Taluk","village_lgd_code":"61402","village_name":"Badshahpur","khasra_plot_no":"Murabba 45, Killa 12/2/D182","recorded_area":"4.0","recorded_area_unit":"Kanal-Marla","normalized_area_sqm":"2023.43","gis_area_sqm":"2023.43","land_use_category":"COMMERCIAL","land_use_raw":"Gair Mumkin Plotted Commercial","status":"PENDING_MUTATION","data_freshness_status":"STALE","scenario_index":"4699","use_case_description":"Court attachment and disputed possession","mutation_workflow_status":"NOTICE_PERIOD","revenue_record_id":"ROR-HR-2025-1008-0182","revenue_record_type":"Jamabandi Nakal (Haryana Jamabandi)","khata_khewat_no":"KHT-58","khatauni_no":"KHN-158","owner_name":"Satish Chand Mittal","owner_name_local":"सतीश चंद मित्तल","co_owners":"","tenure_type":"Bhumiswami / Freehold","mutation_status":"PENDING","active_mutation_id":"MUT-HR-00000182","tax_demand_status":"PAID","annual_tax_inr":"185.5","deed_number":"DEED-HR-2024-408-0182","deed_type":"Sale Deed / Conveyance","sro_office":"Sub-Registrar Office, Wazirabad Tehsil","execution_date":"2024-05-10","registered_owner":"Registry Variance Owner 182","seller_name":"Previous Landholder","consideration_amount_inr":"3500000.0","stamp_duty_inr":"210000.0","survey_sketch_id":"FMB-HR-08-0182","cadastral_sheet_no":"SHT-HR-08","surveyed_area_sqm":"2023.43","survey_status":"RESURVEY_REQUIRED","urban_authority":"Wazirabad Tehsil Urban Development & Town Planning Authority","zone_name":"Commercial Core","permitted_land_use":"COMMERCIAL","building_permission_status":"NOT_APPLICABLE","violations_reported":"False","is_encumbered":"True","encumbrance_certificate_number":"EC-HR-00000182-0182","encumbrance_type":"GOVT_REVENUE_LIEN","financial_institution":"","mortgage_amount":"0.0","created_at":"2026-01-15T09:00:00Z","updated_at":"2026-09-24T11:30:00Z"}},{"type":"Feature","geometry":{"type":"Polygon","coordinates":[[[75.66883002557897,28.38629194275118],[75.73960509433275,28.381836032659294],[75.7376892310035,28.423745211845528],[75.66835576116208,28.42966935236355],[75.66883002557897,28.38629194275118]]]},"properties":{"ulpin":"06442046431272","parcel_id":"48668c98-1d51-4160-aaae-9a38cc2ecffd","state":"Haryana","state_code":"HR","state_type":"STATE","state_lgd_code":"6","district_lgd_code":"80","district_name":"Gurugram","subdistrict_lgd_code":"620","subdistrict_name":"Wazirabad Tehsil","subdistrict_type":"Tehsil / Taluk","village_lgd_code":"61402","village_name":"Badshahpur","khasra_plot_no":"Murabba 45, Killa 12/2/D183","recorded_area":"4.0","recorded_area_unit":"Kanal-Marla","normalized_area_sqm":"2023.43","gis_area_sqm":"2023.43","land_use_category":"INDUSTRIAL","land_use_raw":"Gair Mumkin Plotted Commercial","status":"SUBDIVIDED","data_freshness_status":"UNKNOWN","scenario_index":"4700","use_case_description":"Tribal non-alienation protection review","mutation_workflow_status":"HEARING_SCHEDULED","revenue_record_id":"ROR-HR-2025-1008-0183","revenue_record_type":"Jamabandi Nakal (Haryana Jamabandi)","khata_khewat_no":"KHT-58","khatauni_no":"KHN-158","owner_name":"Satish Chand Mittal","owner_name_local":"सतीश चंद मित्तल","co_owners":"","tenure_type":"Leasehold","mutation_status":"UNMUTATED_TRANSACTION","active_mutation_id":"MUT-HR-00000183","tax_demand_status":"PAID","annual_tax_inr":"185.5","deed_number":"DEED-HR-2024-408-0183","deed_type":"Sale Deed / Conveyance","sro_office":"Sub-Registrar Office, Wazirabad Tehsil","execution_date":"2024-05-10","registered_owner":"Sunita Sharma / Aditi Verma","seller_name":"Previous Landholder","consideration_amount_inr":"3500000.0","stamp_duty_inr":"210000.0","survey_sketch_id":"FMB-HR-08-0183","cadastral_sheet_no":"SHT-HR-08","surveyed_area_sqm":"2023.43","survey_status":"SURVEYED","urban_authority":"Wazirabad Tehsil Urban Development & Town Planning Authority","zone_name":"Commercial Core","permitted_land_use":"INDUSTRIAL","building_permission_status":"SANCTIONED","violations_reported":"False","is_encumbered":"True","encumbrance_certificate_number":"EC-HR-00000183-0183","encumbrance_type":"COURT_ATTACHMENT","financial_institution":"","mortgage_amount":"0.0","created_at":"2026-01-15T09:00:00Z","updated_at":"2026-09-24T11:30:00Z"}},{"type":"Feature","geometry":{"type":"Polygon","coordinates":[[[75.73960509433275,28.381836032659294],[75.78680102768278,28.3721025077325],[75.79601205786395,28.431309341868666],[75.7376892310035,28.423745211845528],[75.73960509433275,28.381836032659294]]]},"properties":{"ulpin":"06508354982978","parcel_id":"ca9c41af-3547-4370-9115-80e3efaf5680","state":"Haryana","state_code":"HR","state_type":"STATE","state_lgd_code":"6","district_lgd_code":"80","district_name":"Gurugram","subdistrict_lgd_code":"620","subdistrict_name":"Wazirabad Tehsil","subdistrict_type":"Tehsil / Taluk","village_lgd_code":"61402","village_name":"Badshahpur","khasra_plot_no":"Murabba 45, Killa 12/2/D184","recorded_area":"4.0","recorded_area_unit":"Kanal-Marla","normalized_area_sqm":"2023.43","gis_area_sqm":"2023.43","land_use_category":"AGRICULTURAL","land_use_raw":"Gair Mumkin Plotted Commercial","status":"AMALGAMATED","data_freshness_status":"CURRENT","scenario_index":"4701","use_case_description":"Lease charge and institutional tenancy","mutation_workflow_status":"APPROVED","revenue_record_id":"ROR-HR-2025-1008-0184","revenue_record_type":"Jamabandi Nakal (Haryana Jamabandi)","khata_khewat_no":"KHT-58","khatauni_no":"KHN-158","owner_name":"Satish Chand Mittal","owner_name_local":"सतीश चंद मित्तल","co_owners":"","tenure_type":"Government Grant","mutation_status":"REJECTED","active_mutation_id":"MUT-HR-00000184","tax_demand_status":"PAID","annual_tax_inr":"185.5","deed_number":"DEED-HR-2024-408-0184","deed_type":"Sale Deed / Conveyance","sro_office":"Sub-Registrar Office, Wazirabad Tehsil","execution_date":"2024-05-10","registered_owner":"Sunita Sharma / Aditi Verma","seller_name":"Previous Landholder","consideration_amount_inr":"3500000.0","stamp_duty_inr":"210000.0","survey_sketch_id":"FMB-HR-08-0184","cadastral_sheet_no":"SHT-HR-08","surveyed_area_sqm":"2023.43","survey_status":"PENDING","urban_authority":"Wazirabad Tehsil Urban Development & Town Planning Authority","zone_name":"Commercial Core","permitted_land_use":"AGRICULTURAL","building_permission_status":"PENDING","violations_reported":"False","is_encumbered":"True","encumbrance_certificate_number":"EC-HR-00000184-0184","encumbrance_type":"TRIBAL_NON_ALIENATION","financial_institution":"","mortgage_amount":"0.0","created_at":"2026-01-15T09:00:00Z","updated_at":"2026-09-24T11:30:00Z"}},{"type":"Feature","geometry":{"type":"Polygon","coordinates":[[[75.23793573202828,29.299215739746643],[75.2854898084399,29.291495694804116],[75.30073935212519,29.36107477791787],[75.2407222011093,29.36107477791787],[75.23793573202828,29.299215739746643]]]},"properties":{"ulpin":"06773565681027","parcel_id":"8ad2d4f7-e55d-4e18-a186-a158597e9b38","state":"Haryana","state_code":"HR","state_type":"STATE","state_lgd_code":"6","district_lgd_code":"80","district_name":"Gurugram","subdistrict_lgd_code":"620","subdistrict_name":"Wazirabad Tehsil","subdistrict_type":"Tehsil / Taluk","village_lgd_code":"61402","village_name":"Badshahpur","khasra_plot_no":"Murabba 45, Killa 12/2/D185","recorded_area":"4.0","recorded_area_unit":"Kanal-Marla","normalized_area_sqm":"2023.43","gis_area_sqm":"2023.43","land_use_category":"INSTITUTIONAL","land_use_raw":"Gair Mumkin Plotted Commercial","status":"DISPUTED","data_freshness_status":"STALE","scenario_index":"4702","use_case_description":"Subdivision or amalgamation history review","mutation_workflow_status":"REJECTED","revenue_record_id":"ROR-HR-2025-1008-0185","revenue_record_type":"Jamabandi Nakal (Haryana Jamabandi)","khata_khewat_no":"KHT-58","khatauni_no":"KHN-158","owner_name":"Satish Chand Mittal","owner_name_local":"सतीश चंद मित्तल","co_owners":"","tenure_type":"Waqf / Religious Trust","mutation_status":"DISPUTED","active_mutation_id":"MUT-HR-00000185","tax_demand_status":"PAID","annual_tax_inr":"185.5","deed_number":"DEED-HR-2024-408-0185","deed_type":"Sale Deed / Conveyance","sro_office":"Sub-Registrar Office, Wazirabad Tehsil","execution_date":"2024-05-10","registered_owner":"Sunita Sharma / Aditi Verma","seller_name":"Previous Landholder","consideration_amount_inr":"3500000.0","stamp_duty_inr":"210000.0","survey_sketch_id":"FMB-HR-08-0185","cadastral_sheet_no":"SHT-HR-08","surveyed_area_sqm":"2023.43","survey_status":"DISPUTED","urban_authority":"Wazirabad Tehsil Urban Development & Town Planning Authority","zone_name":"Commercial Core","permitted_land_use":"INSTITUTIONAL","building_permission_status":"REJECTED","violations_reported":"False","is_encumbered":"True","encumbrance_certificate_number":"EC-HR-00000185-0185","encumbrance_type":"LEASE_CHARGE","financial_institution":"","mortgage_amount":"0.0","created_at":"2026-01-15T09:00:00Z","updated_at":"2026-09-24T11:30:00Z"}},{"type":"Feature","geometry":{"type":"Polygon","coordinates":[[[76.24870689981203,28.353018935099012],[76.31132924173515,28.35629764319549],[76.30765534589692,28.40549310797486],[76.25295800943012,28.40549310797486],[76.24870689981203,28.353018935099012]]]},"properties":{"ulpin":"06347476156616","parcel_id":"1e9b77a1-3c8f-46a3-952e-febfed327421","state":"Haryana","state_code":"HR","state_type":"STATE","state_lgd_code":"6","district_lgd_code":"80","district_name":"Gurugram","subdistrict_lgd_code":"620","subdistrict_name":"Wazirabad Tehsil","subdistrict_type":"Tehsil / Taluk","village_lgd_code":"61402","village_name":"Badshahpur","khasra_plot_no":"Murabba 45, Killa 12/2/D186","recorded_area":"4.0","recorded_area_unit":"Kanal-Marla","normalized_area_sqm":"2023.43","gis_area_sqm":"2023.43","land_use_category":"FOREST_GREEN_BELT","land_use_raw":"Gair Mumkin Plotted Commercial","status":"ARCHIVED","data_freshness_status":"UNKNOWN","scenario_index":"4703","use_case_description":"Bank mortgage and active encumbrance","mutation_workflow_status":"SLA_BREACHED","revenue_record_id":"ROR-HR-2025-1008-0186","revenue_record_type":"Jamabandi Nakal (Haryana Jamabandi)","khata_khewat_no":"KHT-58","khatauni_no":"KHN-158","owner_name":"Satish Chand Mittal","owner_name_local":"सतीश चंद मित्तल","co_owners":"","tenure_type":"Tribal Community Tenure","mutation_status":"NONE","active_mutation_id":"MUT-HR-00000186","tax_demand_status":"PAID","annual_tax_inr":"185.5","deed_number":"DEED-HR-2024-408-0186","deed_type":"Sale Deed / Conveyance","sro_office":"Sub-Registrar Office, Wazirabad Tehsil","execution_date":"2024-05-10","registered_owner":"Sunita Sharma / Aditi Verma","seller_name":"Previous Landholder","consideration_amount_inr":"3500000.0","stamp_duty_inr":"210000.0","survey_sketch_id":"FMB-HR-08-0186","cadastral_sheet_no":"SHT-HR-08","surveyed_area_sqm":"2023.43","survey_status":"RESURVEY_REQUIRED","urban_authority":"Wazirabad Tehsil Urban Development & Town Planning Authority","zone_name":"Commercial Core","permitted_land_use":"FOREST_GREEN_BELT","building_permission_status":"NOT_APPLICABLE","violations_reported":"False","is_encumbered":"False","encumbrance_certificate_number":"EC-HR-2024-108-0186","encumbrance_type":"NIL","financial_institution":"","mortgage_amount":"0.0","created_at":"2026-01-15T09:00:00Z","updated_at":"2026-09-24T11:30:00Z"}},{"type":"Feature","geometry":{"type":"Polygon","coordinates":[[[75.27486850067316,28.390959288231997],[75.33602534833152,28.38379272514012],[75.33602534833152,28.446221757091998],[75.27732475399843,28.440360255952914],[75.27486850067316,28.390959288231997]]]},"properties":{"ulpin":"06247283300827","parcel_id":"f6030025-6ded-496f-84a6-6fe659c35dcd","state":"Haryana","state_code":"HR","state_type":"STATE","state_lgd_code":"6","district_lgd_code":"80","district_name":"Gurugram","subdistrict_lgd_code":"620","subdistrict_name":"Wazirabad Tehsil","subdistrict_type":"Tehsil / Taluk","village_lgd_code":"61402","village_name":"Badshahpur","khasra_plot_no":"Murabba 45, Killa 12/2/D187","recorded_area":"4.0","recorded_area_unit":"Kanal-Marla","normalized_area_sqm":"2023.43","gis_area_sqm":"2023.43","land_use_category":"WATER_BODY","land_use_raw":"Gair Mumkin Plotted Commercial","status":"ACTIVE","data_freshness_status":"CURRENT","scenario_index":"4704","use_case_description":"Bank mortgage and active encumbrance","mutation_workflow_status":"SUBMITTED","revenue_record_id":"ROR-HR-2025-1008-0187","revenue_record_type":"Jamabandi Nakal (Haryana Jamabandi)","khata_khewat_no":"KHT-58","khatauni_no":"KHN-158","owner_name":"Satish Chand Mittal","owner_name_local":"सतीश चंद मित्तल","co_owners":"","tenure_type":"Bhumiswami / Raiyati with Transferable Rights","mutation_status":"MUTATED","active_mutation_id":"","tax_demand_status":"PAID","annual_tax_inr":"185.5","deed_number":"DEED-HR-2024-408-0187","deed_type":"Sale Deed / Conveyance","sro_office":"Sub-Registrar Office, Wazirabad Tehsil","execution_date":"2024-05-10","registered_owner":"Registry Variance Owner 187","seller_name":"Previous Landholder","consideration_amount_inr":"3500000.0","stamp_duty_inr":"210000.0","survey_sketch_id":"FMB-HR-08-0187","cadastral_sheet_no":"SHT-HR-08","surveyed_area_sqm":"2023.43","survey_status":"SURVEYED","urban_authority":"Wazirabad Tehsil Urban Development & Town Planning Authority","zone_name":"Commercial Core","permitted_land_use":"WATER_BODY","building_permission_status":"SANCTIONED","violations_reported":"True","is_encumbered":"True","encumbrance_certificate_number":"EC-HR-00000187-0187","encumbrance_type":"BANK_MORTGAGE","financial_institution":"","mortgage_amount":"0.0","created_at":"2026-01-15T09:00:00Z","updated_at":"2026-09-24T11:30:00Z"}},{"type":"Feature","geometry":{"type":"Polygon","coordinates":[[[76.19419676367666,29.71738353198437],[76.24394041355467,29.71107567371772],[76.24851335505593,29.75901793473544],[76.19505630606965,29.76944495977389],[76.19419676367666,29.71738353198437]]]},"properties":{"ulpin":"06457324417060","parcel_id":"27caebff-5a91-4036-a945-7673aad44bea","state":"Haryana","state_code":"HR","state_type":"STATE","state_lgd_code":"6","district_lgd_code":"80","district_name":"Gurugram","subdistrict_lgd_code":"620","subdistrict_name":"Wazirabad Tehsil","subdistrict_type":"Tehsil / Taluk","village_lgd_code":"61402","village_name":"Badshahpur","khasra_plot_no":"Murabba 45, Killa 12/2/D188","recorded_area":"4.0","recorded_area_unit":"Kanal-Marla","normalized_area_sqm":"2023.43","gis_area_sqm":"2023.43","land_use_category":"MIXED_USE","land_use_raw":"Gair Mumkin Plotted Commercial","status":"PENDING_MUTATION","data_freshness_status":"STALE","scenario_index":"4705","use_case_description":"Government revenue lien and tax demand","mutation_workflow_status":"UNDER_VERIFICATION","revenue_record_id":"ROR-HR-2025-1008-0188","revenue_record_type":"Jamabandi Nakal (Haryana Jamabandi)","khata_khewat_no":"KHT-58","khatauni_no":"KHN-158","owner_name":"Satish Chand Mittal","owner_name_local":"सतीश चंद मित्तल","co_owners":"","tenure_type":"Bhumiswami / Freehold","mutation_status":"PENDING","active_mutation_id":"MUT-HR-00000188","tax_demand_status":"PAID","annual_tax_inr":"185.5","deed_number":"DEED-HR-2024-408-0188","deed_type":"Sale Deed / Conveyance","sro_office":"Sub-Registrar Office, Wazirabad Tehsil","execution_date":"2024-05-10","registered_owner":"Sunita Sharma / Aditi Verma","seller_name":"Previous Landholder","consideration_amount_inr":"3500000.0","stamp_duty_inr":"210000.0","survey_sketch_id":"FMB-HR-08-0188","cadastral_sheet_no":"SHT-HR-08","surveyed_area_sqm":"2023.43","survey_status":"PENDING","urban_authority":"Wazirabad Tehsil Urban Development & Town Planning Authority","zone_name":"Commercial Core","permitted_land_use":"MIXED_USE","building_permission_status":"PENDING","violations_reported":"False","is_encumbered":"True","encumbrance_certificate_number":"EC-HR-00000188-0188","encumbrance_type":"GOVT_REVENUE_LIEN","financial_institution":"","mortgage_amount":"0.0","created_at":"2026-01-15T09:00:00Z","updated_at":"2026-09-24T11:30:00Z"}},{"type":"Feature","geometry":{"type":"Polygon","coordinates":[[[74.9574325767624,28.49726457015179],[75.01682270338462,28.502666119722587],[75.01078275557839,28.551643394454416],[74.95219035531653,28.556469701538727],[74.9574325767624,28.49726457015179]]]},"properties":{"ulpin":"06126644580029","parcel_id":"42e07365-36ab-4cba-874e-ce1004a0cebd","state":"Haryana","state_code":"HR","state_type":"STATE","state_lgd_code":"6","district_lgd_code":"80","district_name":"Gurugram","subdistrict_lgd_code":"620","subdistrict_name":"Wazirabad Tehsil","subdistrict_type":"Tehsil / Taluk","village_lgd_code":"61402","village_name":"Badshahpur","khasra_plot_no":"Murabba 45, Killa 12/2/D189","recorded_area":"4.0","recorded_area_unit":"Kanal-Marla","normalized_area_sqm":"2023.43","gis_area_sqm":"2023.43","land_use_category":"OTHER","land_use_raw":"Gair Mumkin Plotted Commercial","status":"SUBDIVIDED","data_freshness_status":"UNKNOWN","scenario_index":"4706","use_case_description":"Court attachment and disputed possession","mutation_workflow_status":"NOTICE_PERIOD","revenue_record_id":"ROR-HR-2025-1008-0189","revenue_record_type":"Jamabandi Nakal (Haryana Jamabandi)","khata_khewat_no":"KHT-58","khatauni_no":"KHN-158","owner_name":"Satish Chand Mittal","owner_name_local":"सतीश चंद मित्तल","co_owners":"","tenure_type":"Leasehold","mutation_status":"UNMUTATED_TRANSACTION","active_mutation_id":"MUT-HR-00000189","tax_demand_status":"PAID","annual_tax_inr":"185.5","deed_number":"DEED-HR-2024-408-0189","deed_type":"Sale Deed / Conveyance","sro_office":"Sub-Registrar Office, Wazirabad Tehsil","execution_date":"2024-05-10","registered_owner":"Sunita Sharma / Aditi Verma","seller_name":"Previous Landholder","consideration_amount_inr":"3500000.0","stamp_duty_inr":"210000.0","survey_sketch_id":"FMB-HR-08-0189","cadastral_sheet_no":"SHT-HR-08","surveyed_area_sqm":"2023.43","survey_status":"DISPUTED","urban_authority":"Wazirabad Tehsil Urban Development & Town Planning Authority","zone_name":"Commercial Core","permitted_land_use":"OTHER","building_permission_status":"REJECTED","violations_reported":"False","is_encumbered":"True","encumbrance_certificate_number":"EC-HR-00000189-0189","encumbrance_type":"COURT_ATTACHMENT","financial_institution":"","mortgage_amount":"0.0","created_at":"2026-01-15T09:00:00Z","updated_at":"2026-09-24T11:30:00Z"}},{"type":"Feature","geometry":{"type":"Polygon","coordinates":[[[74.81273428125327,29.48410592327892],[74.86103180190372,29.4797023521792],[74.86103420083994,29.515539597620812],[74.80785032164783,29.521651419829514],[74.81273428125327,29.48410592327892]]]},"properties":{"ulpin":"06512235368336","parcel_id":"5c12fec6-9bfb-42c2-88d0-00a088f76c0b","state":"Haryana","state_code":"HR","state_type":"STATE","state_lgd_code":"6","district_lgd_code":"80","district_name":"Gurugram","subdistrict_lgd_code":"620","subdistrict_name":"Wazirabad Tehsil","subdistrict_type":"Tehsil / Taluk","village_lgd_code":"61402","village_name":"Badshahpur","khasra_plot_no":"Murabba 45, Killa 12/2/D190","recorded_area":"4.0","recorded_area_unit":"Kanal-Marla","normalized_area_sqm":"2023.43","gis_area_sqm":"2023.43","land_use_category":"RESIDENTIAL","land_use_raw":"Gair Mumkin Plotted Commercial","status":"AMALGAMATED","data_freshness_status":"CURRENT","scenario_index":"4707","use_case_description":"Tribal non-alienation protection review","mutation_workflow_status":"HEARING_SCHEDULED","revenue_record_id":"ROR-HR-2025-1008-0190","revenue_record_type":"Jamabandi Nakal (Haryana Jamabandi)","khata_khewat_no":"KHT-58","khatauni_no":"KHN-158","owner_name":"Satish Chand Mittal","owner_name_local":"सतीश चंद मित्तल","co_owners":"","tenure_type":"Government Grant","mutation_status":"REJECTED","active_mutation_id":"MUT-HR-00000190","tax_demand_status":"PAID","annual_tax_inr":"185.5","deed_number":"DEED-HR-2024-408-0190","deed_type":"Sale Deed / Conveyance","sro_office":"Sub-Registrar Office, Wazirabad Tehsil","execution_date":"2024-05-10","registered_owner":"Sunita Sharma / Aditi Verma","seller_name":"Previous Landholder","consideration_amount_inr":"3500000.0","stamp_duty_inr":"210000.0","survey_sketch_id":"FMB-HR-08-0190","cadastral_sheet_no":"SHT-HR-08","surveyed_area_sqm":"2023.43","survey_status":"RESURVEY_REQUIRED","urban_authority":"Wazirabad Tehsil Urban Development & Town Planning Authority","zone_name":"Commercial Core","permitted_land_use":"RESIDENTIAL","building_permission_status":"NOT_APPLICABLE","violations_reported":"False","is_encumbered":"True","encumbrance_certificate_number":"EC-HR-00000190-0190","encumbrance_type":"TRIBAL_NON_ALIENATION","financial_institution":"","mortgage_amount":"0.0","created_at":"2026-01-15T09:00:00Z","updated_at":"2026-09-24T11:30:00Z"}},{"type":"Feature","geometry":{"type":"Polygon","coordinates":[[[75.1181670835009,29.117022668175355],[75.1759562504397,29.10722591234775],[75.18010176310064,29.170571955448825],[75.10802157716145,29.17840361761319],[75.1181670835009,29.117022668175355]]]},"properties":{"ulpin":"06794783401713","parcel_id":"30e6bffa-6134-4782-9050-19f63a320bc4","state":"Haryana","state_code":"HR","state_type":"STATE","state_lgd_code":"6","district_lgd_code":"80","district_name":"Gurugram","subdistrict_lgd_code":"620","subdistrict_name":"Wazirabad Tehsil","subdistrict_type":"Tehsil / Taluk","village_lgd_code":"61402","village_name":"Badshahpur","khasra_plot_no":"Murabba 45, Killa 12/2/D191","recorded_area":"4.0","recorded_area_unit":"Kanal-Marla","normalized_area_sqm":"2023.43","gis_area_sqm":"2023.43","land_use_category":"COMMERCIAL","land_use_raw":"Gair Mumkin Plotted Commercial","status":"DISPUTED","data_freshness_status":"STALE","scenario_index":"4708","use_case_description":"Lease charge and institutional tenancy","mutation_workflow_status":"APPROVED","revenue_record_id":"ROR-HR-2025-1008-0191","revenue_record_type":"Jamabandi Nakal (Haryana Jamabandi)","khata_khewat_no":"KHT-58","khatauni_no":"KHN-158","owner_name":"Satish Chand Mittal","owner_name_local":"सतीश चंद मित्तल","co_owners":"","tenure_type":"Waqf / Religious Trust","mutation_status":"DISPUTED","active_mutation_id":"MUT-HR-00000191","tax_demand_status":"PAID","annual_tax_inr":"185.5","deed_number":"DEED-HR-2024-408-0191","deed_type":"Sale Deed / Conveyance","sro_office":"Sub-Registrar Office, Wazirabad Tehsil","execution_date":"2024-05-10","registered_owner":"Sunita Sharma / Aditi Verma","seller_name":"Previous Landholder","consideration_amount_inr":"3500000.0","stamp_duty_inr":"210000.0","survey_sketch_id":"FMB-HR-08-0191","cadastral_sheet_no":"SHT-HR-08","surveyed_area_sqm":"2023.43","survey_status":"SURVEYED","urban_authority":"Wazirabad Tehsil Urban Development & Town Planning Authority","zone_name":"Commercial Core","permitted_land_use":"COMMERCIAL","building_permission_status":"SANCTIONED","violations_reported":"False","is_encumbered":"True","encumbrance_certificate_number":"EC-HR-00000191-0191","encumbrance_type":"LEASE_CHARGE","financial_institution":"","mortgage_amount":"0.0","created_at":"2026-01-15T09:00:00Z","updated_at":"2026-09-24T11:30:00Z"}},{"type":"Feature","geometry":{"type":"Polygon","coordinates":[[[75.59361528452105,28.163728072953973],[75.67124460671657,28.154451757765496],[75.66315011596306,28.216061640438838],[75.6109844980426,28.21583306090263],[75.59361528452105,28.163728072953973]]]},"properties":{"ulpin":"06427979621717","parcel_id":"7ec066a8-7403-4c51-9620-cbb98983fe15","state":"Haryana","state_code":"HR","state_type":"STATE","state_lgd_code":"6","district_lgd_code":"80","district_name":"Gurugram","subdistrict_lgd_code":"620","subdistrict_name":"Wazirabad Tehsil","subdistrict_type":"Tehsil / Taluk","village_lgd_code":"61402","village_name":"Badshahpur","khasra_plot_no":"Murabba 45, Killa 12/2/D192","recorded_area":"4.0","recorded_area_unit":"Kanal-Marla","normalized_area_sqm":"2023.43","gis_area_sqm":"2023.43","land_use_category":"INDUSTRIAL","land_use_raw":"Gair Mumkin Plotted Commercial","status":"ARCHIVED","data_freshness_status":"UNKNOWN","scenario_index":"4709","use_case_description":"Archived historical record for audit retrieval","mutation_workflow_status":"REJECTED","revenue_record_id":"ROR-HR-2025-1008-0192","revenue_record_type":"Jamabandi Nakal (Haryana Jamabandi)","khata_khewat_no":"KHT-58","khatauni_no":"KHN-158","owner_name":"Satish Chand Mittal","owner_name_local":"सतीश चंद मित्तल","co_owners":"","tenure_type":"Tribal Community Tenure","mutation_status":"NONE","active_mutation_id":"MUT-HR-00000192","tax_demand_status":"PAID","annual_tax_inr":"185.5","deed_number":"DEED-HR-2024-408-0192","deed_type":"Sale Deed / Conveyance","sro_office":"Sub-Registrar Office, Wazirabad Tehsil","execution_date":"2024-05-10","registered_owner":"Registry Variance Owner 192","seller_name":"Previous Landholder","consideration_amount_inr":"3500000.0","stamp_duty_inr":"210000.0","survey_sketch_id":"FMB-HR-08-0192","cadastral_sheet_no":"SHT-HR-08","surveyed_area_sqm":"2023.43","survey_status":"PENDING","urban_authority":"Wazirabad Tehsil Urban Development & Town Planning Authority","zone_name":"Commercial Core","permitted_land_use":"INDUSTRIAL","building_permission_status":"PENDING","violations_reported":"False","is_encumbered":"False","encumbrance_certificate_number":"EC-HR-2024-108-0192","encumbrance_type":"NIL","financial_institution":"","mortgage_amount":"0.0","created_at":"2026-01-15T09:00:00Z","updated_at":"2026-09-24T11:30:00Z"}},{"type":"Feature","geometry":{"type":"Polygon","coordinates":[[[76.44799167693678,28.30570797528961],[76.50178380501376,28.312604498066165],[76.5106866153569,28.360916291211737],[76.46349100345921,28.363299309372564],[76.44799167693678,28.30570797528961]]]},"properties":{"ulpin":"06450696192587","parcel_id":"4c170b4d-875f-4275-805b-fcfc055648cb","state":"Haryana","state_code":"HR","state_type":"STATE","state_lgd_code":"6","district_lgd_code":"80","district_name":"Gurugram","subdistrict_lgd_code":"620","subdistrict_name":"Wazirabad Tehsil","subdistrict_type":"Tehsil / Taluk","village_lgd_code":"61402","village_name":"Badshahpur","khasra_plot_no":"Murabba 45, Killa 12/2/D193","recorded_area":"4.0","recorded_area_unit":"Kanal-Marla","normalized_area_sqm":"2023.43","gis_area_sqm":"2023.43","land_use_category":"AGRICULTURAL","land_use_raw":"Gair Mumkin Plotted Commercial","status":"ACTIVE","data_freshness_status":"CURRENT","scenario_index":"4710","use_case_description":"Archived historical record for audit retrieval","mutation_workflow_status":"SLA_BREACHED","revenue_record_id":"ROR-HR-2025-1008-0193","revenue_record_type":"Jamabandi Nakal (Haryana Jamabandi)","khata_khewat_no":"KHT-58","khatauni_no":"KHN-158","owner_name":"Satish Chand Mittal","owner_name_local":"सतीश चंद मित्तल","co_owners":"","tenure_type":"Bhumiswami / Raiyati with Transferable Rights","mutation_status":"MUTATED","active_mutation_id":"","tax_demand_status":"PAID","annual_tax_inr":"185.5","deed_number":"DEED-HR-2024-408-0193","deed_type":"Sale Deed / Conveyance","sro_office":"Sub-Registrar Office, Wazirabad Tehsil","execution_date":"2024-05-10","registered_owner":"Sunita Sharma / Aditi Verma","seller_name":"Previous Landholder","consideration_amount_inr":"3500000.0","stamp_duty_inr":"210000.0","survey_sketch_id":"FMB-HR-08-0193","cadastral_sheet_no":"SHT-HR-08","surveyed_area_sqm":"2023.43","survey_status":"DISPUTED","urban_authority":"Wazirabad Tehsil Urban Development & Town Planning Authority","zone_name":"Commercial Core","permitted_land_use":"AGRICULTURAL","building_permission_status":"REJECTED","violations_reported":"False","is_encumbered":"True","encumbrance_certificate_number":"EC-HR-00000193-0193","encumbrance_type":"BANK_MORTGAGE","financial_institution":"","mortgage_amount":"0.0","created_at":"2026-01-15T09:00:00Z","updated_at":"2026-09-24T11:30:00Z"}},{"type":"Feature","geometry":{"type":"Polygon","coordinates":[[[75.54531768012403,28.32030437692708],[75.61160382200114,28.323099929299616],[75.60045781502163,28.375894356173003],[75.53075865233811,28.37799795724668],[75.54531768012403,28.32030437692708]]]},"properties":{"ulpin":"06850506871043","parcel_id":"8f2a70b1-19f8-4165-b5e8-ddd1eb084115","state":"Haryana","state_code":"HR","state_type":"STATE","state_lgd_code":"6","district_lgd_code":"80","district_name":"Gurugram","subdistrict_lgd_code":"620","subdistrict_name":"Wazirabad Tehsil","subdistrict_type":"Tehsil / Taluk","village_lgd_code":"61402","village_name":"Badshahpur","khasra_plot_no":"Murabba 45, Killa 12/2/D194","recorded_area":"4.0","recorded_area_unit":"Kanal-Marla","normalized_area_sqm":"2023.43","gis_area_sqm":"2023.43","land_use_category":"INSTITUTIONAL","land_use_raw":"Gair Mumkin Plotted Commercial","status":"PENDING_MUTATION","data_freshness_status":"STALE","scenario_index":"4711","use_case_description":"Bank mortgage and active encumbrance","mutation_workflow_status":"SUBMITTED","revenue_record_id":"ROR-HR-2025-1008-0194","revenue_record_type":"Jamabandi Nakal (Haryana Jamabandi)","khata_khewat_no":"KHT-58","khatauni_no":"KHN-158","owner_name":"Satish Chand Mittal","owner_name_local":"सतीश चंद मित्तल","co_owners":"","tenure_type":"Bhumiswami / Freehold","mutation_status":"PENDING","active_mutation_id":"MUT-HR-00000194","tax_demand_status":"PAID","annual_tax_inr":"185.5","deed_number":"DEED-HR-2024-408-0194","deed_type":"Sale Deed / Conveyance","sro_office":"Sub-Registrar Office, Wazirabad Tehsil","execution_date":"2024-05-10","registered_owner":"Sunita Sharma / Aditi Verma","seller_name":"Previous Landholder","consideration_amount_inr":"3500000.0","stamp_duty_inr":"210000.0","survey_sketch_id":"FMB-HR-08-0194","cadastral_sheet_no":"SHT-HR-08","surveyed_area_sqm":"2023.43","survey_status":"RESURVEY_REQUIRED","urban_authority":"Wazirabad Tehsil Urban Development & Town Planning Authority","zone_name":"Commercial Core","permitted_land_use":"INSTITUTIONAL","building_permission_status":"NOT_APPLICABLE","violations_reported":"True","is_encumbered":"True","encumbrance_certificate_number":"EC-HR-00000194-0194","encumbrance_type":"GOVT_REVENUE_LIEN","financial_institution":"","mortgage_amount":"0.0","created_at":"2026-01-15T09:00:00Z","updated_at":"2026-09-24T11:30:00Z"}},{"type":"Feature","geometry":{"type":"Polygon","coordinates":[[[74.95250801190613,28.274743486290337],[75.01941165635549,28.26770389525795],[75.01673615500017,28.326505871938263],[74.9489864619867,28.330501440871046],[74.95250801190613,28.274743486290337]]]},"properties":{"ulpin":"06261549868655","parcel_id":"1774a20c-d7d6-4ad5-9a4b-264cdc484cbe","state":"Haryana","state_code":"HR","state_type":"STATE","state_lgd_code":"6","district_lgd_code":"80","district_name":"Gurugram","subdistrict_lgd_code":"620","subdistrict_name":"Wazirabad Tehsil","subdistrict_type":"Tehsil / Taluk","village_lgd_code":"61402","village_name":"Badshahpur","khasra_plot_no":"Murabba 45, Killa 12/2/D195","recorded_area":"4.0","recorded_area_unit":"Kanal-Marla","normalized_area_sqm":"2023.43","gis_area_sqm":"2023.43","land_use_category":"FOREST_GREEN_BELT","land_use_raw":"Gair Mumkin Plotted Commercial","status":"SUBDIVIDED","data_freshness_status":"UNKNOWN","scenario_index":"4712","use_case_description":"Government revenue lien and tax demand","mutation_workflow_status":"UNDER_VERIFICATION","revenue_record_id":"ROR-HR-2025-1008-0195","revenue_record_type":"Jamabandi Nakal (Haryana Jamabandi)","khata_khewat_no":"KHT-58","khatauni_no":"KHN-158","owner_name":"Satish Chand Mittal","owner_name_local":"सतीश चंद मित्तल","co_owners":"","tenure_type":"Leasehold","mutation_status":"UNMUTATED_TRANSACTION","active_mutation_id":"MUT-HR-00000195","tax_demand_status":"PAID","annual_tax_inr":"185.5","deed_number":"DEED-HR-2024-408-0195","deed_type":"Sale Deed / Conveyance","sro_office":"Sub-Registrar Office, Wazirabad Tehsil","execution_date":"2024-05-10","registered_owner":"Sunita Sharma / Aditi Verma","seller_name":"Previous Landholder","consideration_amount_inr":"3500000.0","stamp_duty_inr":"210000.0","survey_sketch_id":"FMB-HR-08-0195","cadastral_sheet_no":"SHT-HR-08","surveyed_area_sqm":"2023.43","survey_status":"SURVEYED","urban_authority":"Wazirabad Tehsil Urban Development & Town Planning Authority","zone_name":"Commercial Core","permitted_land_use":"FOREST_GREEN_BELT","building_permission_status":"SANCTIONED","violations_reported":"False","is_encumbered":"True","encumbrance_certificate_number":"EC-HR-00000195-0195","encumbrance_type":"COURT_ATTACHMENT","financial_institution":"","mortgage_amount":"0.0","created_at":"2026-01-15T09:00:00Z","updated_at":"2026-09-24T11:30:00Z"}},{"type":"Feature","geometry":{"type":"Polygon","coordinates":[[[76.31213656416256,29.604288259464997],[76.36704932436437,29.611688471209845],[76.36131998252121,29.648314419369704],[76.29657938060349,29.664246501012315],[76.31213656416256,29.604288259464997]]]},"properties":{"ulpin":"06249983264926","parcel_id":"d3caa1e6-1543-4cf8-8c87-927ee5021eeb","state":"Haryana","state_code":"HR","state_type":"STATE","state_lgd_code":"6","district_lgd_code":"80","district_name":"Gurugram","subdistrict_lgd_code":"620","subdistrict_name":"Wazirabad Tehsil","subdistrict_type":"Tehsil / Taluk","village_lgd_code":"61402","village_name":"Badshahpur","khasra_plot_no":"Murabba 45, Killa 12/2/D196","recorded_area":"4.0","recorded_area_unit":"Kanal-Marla","normalized_area_sqm":"2023.43","gis_area_sqm":"2023.43","land_use_category":"WATER_BODY","land_use_raw":"Gair Mumkin Plotted Commercial","status":"AMALGAMATED","data_freshness_status":"CURRENT","scenario_index":"4713","use_case_description":"Court attachment and disputed possession","mutation_workflow_status":"NOTICE_PERIOD","revenue_record_id":"ROR-HR-2025-1008-0196","revenue_record_type":"Jamabandi Nakal (Haryana Jamabandi)","khata_khewat_no":"KHT-58","khatauni_no":"KHN-158","owner_name":"Satish Chand Mittal","owner_name_local":"सतीश चंद मित्तल","co_owners":"","tenure_type":"Government Grant","mutation_status":"REJECTED","active_mutation_id":"MUT-HR-00000196","tax_demand_status":"PAID","annual_tax_inr":"185.5","deed_number":"DEED-HR-2024-408-0196","deed_type":"Sale Deed / Conveyance","sro_office":"Sub-Registrar Office, Wazirabad Tehsil","execution_date":"2024-05-10","registered_owner":"Sunita Sharma / Aditi Verma","seller_name":"Previous Landholder","consideration_amount_inr":"3500000.0","stamp_duty_inr":"210000.0","survey_sketch_id":"FMB-HR-08-0196","cadastral_sheet_no":"SHT-HR-08","surveyed_area_sqm":"2023.43","survey_status":"PENDING","urban_authority":"Wazirabad Tehsil Urban Development & Town Planning Authority","zone_name":"Commercial Core","permitted_land_use":"WATER_BODY","building_permission_status":"PENDING","violations_reported":"False","is_encumbered":"True","encumbrance_certificate_number":"EC-HR-00000196-0196","encumbrance_type":"TRIBAL_NON_ALIENATION","financial_institution":"","mortgage_amount":"0.0","created_at":"2026-01-15T09:00:00Z","updated_at":"2026-09-24T11:30:00Z"}},{"type":"Feature","geometry":{"type":"Polygon","coordinates":[[[75.65760443070802,28.539850183279654],[75.7226713690206,28.54653611664549],[75.73105061470693,28.59311364551788],[75.66859716962544,28.59311364551788],[75.65760443070802,28.539850183279654]]]},"properties":{"ulpin":"06912799792680","parcel_id":"0253e581-32ef-44a5-9a63-724bcbd902cb","state":"Haryana","state_code":"HR","state_type":"STATE","state_lgd_code":"6","district_lgd_code":"80","district_name":"Gurugram","subdistrict_lgd_code":"620","subdistrict_name":"Wazirabad Tehsil","subdistrict_type":"Tehsil / Taluk","village_lgd_code":"61402","village_name":"Badshahpur","khasra_plot_no":"Murabba 45, Killa 12/2/D197","recorded_area":"4.0","recorded_area_unit":"Kanal-Marla","normalized_area_sqm":"2023.43","gis_area_sqm":"2023.43","land_use_category":"MIXED_USE","land_use_raw":"Gair Mumkin Plotted Commercial","status":"DISPUTED","data_freshness_status":"STALE","scenario_index":"4714","use_case_description":"Tribal non-alienation protection review","mutation_workflow_status":"HEARING_SCHEDULED","revenue_record_id":"ROR-HR-2025-1008-0197","revenue_record_type":"Jamabandi Nakal (Haryana Jamabandi)","khata_khewat_no":"KHT-58","khatauni_no":"KHN-158","owner_name":"Satish Chand Mittal","owner_name_local":"सतीश चंद मित्तल","co_owners":"","tenure_type":"Waqf / Religious Trust","mutation_status":"DISPUTED","active_mutation_id":"MUT-HR-00000197","tax_demand_status":"PAID","annual_tax_inr":"185.5","deed_number":"DEED-HR-2024-408-0197","deed_type":"Sale Deed / Conveyance","sro_office":"Sub-Registrar Office, Wazirabad Tehsil","execution_date":"2024-05-10","registered_owner":"Registry Variance Owner 197","seller_name":"Previous Landholder","consideration_amount_inr":"3500000.0","stamp_duty_inr":"210000.0","survey_sketch_id":"FMB-HR-08-0197","cadastral_sheet_no":"SHT-HR-08","surveyed_area_sqm":"2023.43","survey_status":"DISPUTED","urban_authority":"Wazirabad Tehsil Urban Development & Town Planning Authority","zone_name":"Commercial Core","permitted_land_use":"MIXED_USE","building_permission_status":"REJECTED","violations_reported":"False","is_encumbered":"True","encumbrance_certificate_number":"EC-HR-00000197-0197","encumbrance_type":"LEASE_CHARGE","financial_institution":"","mortgage_amount":"0.0","created_at":"2026-01-15T09:00:00Z","updated_at":"2026-09-24T11:30:00Z"}},{"type":"Feature","geometry":{"type":"Polygon","coordinates":[[[76.30722280190014,28.1746228068517],[76.34852954900576,28.177356957597834],[76.36276095240974,28.2187884003907],[76.29653118542421,28.21202013235509],[76.30722280190014,28.1746228068517]]]},"properties":{"ulpin":"06713461465889","parcel_id":"bc1f359e-f16f-43a2-9ab0-828e10d835c7","state":"Haryana","state_code":"HR","state_type":"STATE","state_lgd_code":"6","district_lgd_code":"80","district_name":"Gurugram","subdistrict_lgd_code":"620","subdistrict_name":"Wazirabad Tehsil","subdistrict_type":"Tehsil / Taluk","village_lgd_code":"61402","village_name":"Badshahpur","khasra_plot_no":"Murabba 45, Killa 12/2/D198","recorded_area":"4.0","recorded_area_unit":"Kanal-Marla","normalized_area_sqm":"2023.43","gis_area_sqm":"2023.43","land_use_category":"OTHER","land_use_raw":"Gair Mumkin Plotted Commercial","status":"ARCHIVED","data_freshness_status":"UNKNOWN","scenario_index":"4715","use_case_description":"Cadastral area discrepancy requiring resurvey","mutation_workflow_status":"APPROVED","revenue_record_id":"ROR-HR-2025-1008-0198","revenue_record_type":"Jamabandi Nakal (Haryana Jamabandi)","khata_khewat_no":"KHT-58","khatauni_no":"KHN-158","owner_name":"Satish Chand Mittal","owner_name_local":"सतीश चंद मित्तल","co_owners":"","tenure_type":"Tribal Community Tenure","mutation_status":"NONE","active_mutation_id":"MUT-HR-00000198","tax_demand_status":"PAID","annual_tax_inr":"185.5","deed_number":"DEED-HR-2024-408-0198","deed_type":"Sale Deed / Conveyance","sro_office":"Sub-Registrar Office, Wazirabad Tehsil","execution_date":"2024-05-10","registered_owner":"Sunita Sharma / Aditi Verma","seller_name":"Previous Landholder","consideration_amount_inr":"3500000.0","stamp_duty_inr":"210000.0","survey_sketch_id":"FMB-HR-08-0198","cadastral_sheet_no":"SHT-HR-08","surveyed_area_sqm":"2023.43","survey_status":"RESURVEY_REQUIRED","urban_authority":"Wazirabad Tehsil Urban Development & Town Planning Authority","zone_name":"Commercial Core","permitted_land_use":"OTHER","building_permission_status":"NOT_APPLICABLE","violations_reported":"False","is_encumbered":"False","encumbrance_certificate_number":"EC-HR-2024-108-0198","encumbrance_type":"NIL","financial_institution":"","mortgage_amount":"0.0","created_at":"2026-01-15T09:00:00Z","updated_at":"2026-09-24T11:30:00Z"}},{"type":"Feature","geometry":{"type":"Polygon","coordinates":[[[76.41250752797157,28.163067368277485],[76.45301976099783,28.16365150050241],[76.45179855272929,28.221211536556797],[76.40935786892607,28.20998166553179],[76.41250752797157,28.163067368277485]]]},"properties":{"ulpin":"06818696273527","parcel_id":"d987fa2f-299a-4b5a-91ef-41e575b509ff","state":"Haryana","state_code":"HR","state_type":"STATE","state_lgd_code":"6","district_lgd_code":"80","district_name":"Gurugram","subdistrict_lgd_code":"620","subdistrict_name":"Wazirabad Tehsil","subdistrict_type":"Tehsil / Taluk","village_lgd_code":"61402","village_name":"Badshahpur","khasra_plot_no":"Murabba 45, Killa 12/2/D199","recorded_area":"4.0","recorded_area_unit":"Kanal-Marla","normalized_area_sqm":"2023.43","gis_area_sqm":"2023.43","land_use_category":"RESIDENTIAL","land_use_raw":"Gair Mumkin Plotted Commercial","status":"ACTIVE","data_freshness_status":"CURRENT","scenario_index":"4716","use_case_description":"Subdivision or amalgamation history review","mutation_workflow_status":"REJECTED","revenue_record_id":"ROR-HR-2025-1008-0199","revenue_record_type":"Jamabandi Nakal (Haryana Jamabandi)","khata_khewat_no":"KHT-58","khatauni_no":"KHN-158","owner_name":"Satish Chand Mittal","owner_name_local":"सतीश चंद मित्तल","co_owners":"","tenure_type":"Bhumiswami / Raiyati with Transferable Rights","mutation_status":"MUTATED","active_mutation_id":"","tax_demand_status":"PAID","annual_tax_inr":"185.5","deed_number":"DEED-HR-2024-408-0199","deed_type":"Sale Deed / Conveyance","sro_office":"Sub-Registrar Office, Wazirabad Tehsil","execution_date":"2024-05-10","registered_owner":"Sunita Sharma / Aditi Verma","seller_name":"Previous Landholder","consideration_amount_inr":"3500000.0","stamp_duty_inr":"210000.0","survey_sketch_id":"FMB-HR-08-0199","cadastral_sheet_no":"SHT-HR-08","surveyed_area_sqm":"2023.43","survey_status":"SURVEYED","urban_authority":"Wazirabad Tehsil Urban Development & Town Planning Authority","zone_name":"Commercial Core","permitted_land_use":"RESIDENTIAL","building_permission_status":"SANCTIONED","violations_reported":"False","is_encumbered":"True","encumbrance_certificate_number":"EC-HR-00000199-0199","encumbrance_type":"BANK_MORTGAGE","financial_institution":"","mortgage_amount":"0.0","created_at":"2026-01-15T09:00:00Z","updated_at":"2026-09-24T11:30:00Z"}},{"type":"Feature","geometry":{"type":"Polygon","coordinates":[[[76.24080200950468,29.659941006366317],[76.29657938060349,29.664246501012315],[76.2992901659935,29.709482457035943],[76.24394041355467,29.71107567371772],[76.24080200950468,29.659941006366317]]]},"properties":{"ulpin":"06603164219383","parcel_id":"945ac6ca-311d-4a6b-8bab-8cef0013bef9","state":"Haryana","state_code":"HR","state_type":"STATE","state_lgd_code":"6","district_lgd_code":"80","district_name":"Gurugram","subdistrict_lgd_code":"620","subdistrict_name":"Wazirabad Tehsil","subdistrict_type":"Tehsil / Taluk","village_lgd_code":"61402","village_name":"Badshahpur","khasra_plot_no":"Murabba 45, Killa 12/2/D200","recorded_area":"4.0","recorded_area_unit":"Kanal-Marla","normalized_area_sqm":"2023.43","gis_area_sqm":"2023.43","land_use_category":"COMMERCIAL","land_use_raw":"Gair Mumkin Plotted Commercial","status":"PENDING_MUTATION","data_freshness_status":"STALE","scenario_index":"4717","use_case_description":"Archived historical record for audit retrieval","mutation_workflow_status":"SLA_BREACHED","revenue_record_id":"ROR-HR-2025-1008-0200","revenue_record_type":"Jamabandi Nakal (Haryana Jamabandi)","khata_khewat_no":"KHT-58","khatauni_no":"KHN-158","owner_name":"Satish Chand Mittal","owner_name_local":"सतीश चंद मित्तल","co_owners":"","tenure_type":"Bhumiswami / Freehold","mutation_status":"PENDING","active_mutation_id":"MUT-HR-00000200","tax_demand_status":"PAID","annual_tax_inr":"185.5","deed_number":"DEED-HR-2024-408-0200","deed_type":"Sale Deed / Conveyance","sro_office":"Sub-Registrar Office, Wazirabad Tehsil","execution_date":"2024-05-10","registered_owner":"Sunita Sharma / Aditi Verma","seller_name":"Previous Landholder","consideration_amount_inr":"3500000.0","stamp_duty_inr":"210000.0","survey_sketch_id":"FMB-HR-08-0200","cadastral_sheet_no":"SHT-HR-08","surveyed_area_sqm":"2023.43","survey_status":"PENDING","urban_authority":"Wazirabad Tehsil Urban Development & Town Planning Authority","zone_name":"Commercial Core","permitted_land_use":"COMMERCIAL","building_permission_status":"PENDING","violations_reported":"False","is_encumbered":"True","encumbrance_certificate_number":"EC-HR-00000200-0200","encumbrance_type":"GOVT_REVENUE_LIEN","financial_institution":"","mortgage_amount":"0.0","created_at":"2026-01-15T09:00:00Z","updated_at":"2026-09-24T11:30:00Z"}},{"type":"Feature","geometry":{"type":"Polygon","coordinates":[[[76.36121003879079,29.55283624303856],[76.41539192104351,29.551466942306867],[76.4080418878038,29.61149102644253],[76.36704932436437,29.611688471209845],[76.36121003879079,29.55283624303856]]]},"properties":{"ulpin":"06053427587522","parcel_id":"8c115919-be63-4942-b134-3f8c7af74114","state":"Haryana","state_code":"HR","state_type":"STATE","state_lgd_code":"6","district_lgd_code":"80","district_name":"Gurugram","subdistrict_lgd_code":"620","subdistrict_name":"Wazirabad Tehsil","subdistrict_type":"Tehsil / Taluk","village_lgd_code":"61402","village_name":"Badshahpur","khasra_plot_no":"Murabba 45, Killa 12/2/D201","recorded_area":"4.0","recorded_area_unit":"Kanal-Marla","normalized_area_sqm":"2023.43","gis_area_sqm":"2023.43","land_use_category":"INDUSTRIAL","land_use_raw":"Gair Mumkin Plotted Commercial","status":"SUBDIVIDED","data_freshness_status":"UNKNOWN","scenario_index":"4718","use_case_description":"Bank mortgage and active encumbrance","mutation_workflow_status":"SUBMITTED","revenue_record_id":"ROR-HR-2025-1008-0201","revenue_record_type":"Jamabandi Nakal (Haryana Jamabandi)","khata_khewat_no":"KHT-58","khatauni_no":"KHN-158","owner_name":"Satish Chand Mittal","owner_name_local":"सतीश चंद मित्तल","co_owners":"","tenure_type":"Leasehold","mutation_status":"UNMUTATED_TRANSACTION","active_mutation_id":"MUT-HR-00000201","tax_demand_status":"PAID","annual_tax_inr":"185.5","deed_number":"DEED-HR-2024-408-0201","deed_type":"Sale Deed / Conveyance","sro_office":"Sub-Registrar Office, Wazirabad Tehsil","execution_date":"2024-05-10","registered_owner":"Sunita Sharma / Aditi Verma","seller_name":"Previous Landholder","consideration_amount_inr":"3500000.0","stamp_duty_inr":"210000.0","survey_sketch_id":"FMB-HR-08-0201","cadastral_sheet_no":"SHT-HR-08","surveyed_area_sqm":"2023.43","survey_status":"DISPUTED","urban_authority":"Wazirabad Tehsil Urban Development & Town Planning Authority","zone_name":"Commercial Core","permitted_land_use":"INDUSTRIAL","building_permission_status":"REJECTED","violations_reported":"True","is_encumbered":"True","encumbrance_certificate_number":"EC-HR-00000201-0201","encumbrance_type":"COURT_ATTACHMENT","financial_institution":"","mortgage_amount":"0.0","created_at":"2026-01-15T09:00:00Z","updated_at":"2026-09-24T11:30:00Z"}},{"type":"Feature","geometry":{"type":"Polygon","coordinates":[[[75.8490207941995,28.385660422350355],[75.92095423686489,28.385937650799846],[75.92095423686489,28.428550466068636],[75.85297792980076,28.429568573855157],[75.8490207941995,28.385660422350355]]]},"properties":{"ulpin":"06751889780621","parcel_id":"81b76ee4-e76c-4f38-9611-d5a1d673df73","state":"Haryana","state_code":"HR","state_type":"STATE","state_lgd_code":"6","district_lgd_code":"80","district_name":"Gurugram","subdistrict_lgd_code":"620","subdistrict_name":"Wazirabad Tehsil","subdistrict_type":"Tehsil / Taluk","village_lgd_code":"61402","village_name":"Badshahpur","khasra_plot_no":"Murabba 45, Killa 12/2/D202","recorded_area":"4.0","recorded_area_unit":"Kanal-Marla","normalized_area_sqm":"2023.43","gis_area_sqm":"2023.43","land_use_category":"AGRICULTURAL","land_use_raw":"Gair Mumkin Plotted Commercial","status":"AMALGAMATED","data_freshness_status":"CURRENT","scenario_index":"4719","use_case_description":"Government revenue lien and tax demand","mutation_workflow_status":"UNDER_VERIFICATION","revenue_record_id":"ROR-HR-2025-1008-0202","revenue_record_type":"Jamabandi Nakal (Haryana Jamabandi)","khata_khewat_no":"KHT-58","khatauni_no":"KHN-158","owner_name":"Satish Chand Mittal","owner_name_local":"सतीश चंद मित्तल","co_owners":"","tenure_type":"Government Grant","mutation_status":"REJECTED","active_mutation_id":"MUT-HR-00000202","tax_demand_status":"PAID","annual_tax_inr":"185.5","deed_number":"DEED-HR-2024-408-0202","deed_type":"Sale Deed / Conveyance","sro_office":"Sub-Registrar Office, Wazirabad Tehsil","execution_date":"2024-05-10","registered_owner":"Registry Variance Owner 202","seller_name":"Previous Landholder","consideration_amount_inr":"3500000.0","stamp_duty_inr":"210000.0","survey_sketch_id":"FMB-HR-08-0202","cadastral_sheet_no":"SHT-HR-08","surveyed_area_sqm":"2023.43","survey_status":"RESURVEY_REQUIRED","urban_authority":"Wazirabad Tehsil Urban Development & Town Planning Authority","zone_name":"Commercial Core","permitted_land_use":"AGRICULTURAL","building_permission_status":"NOT_APPLICABLE","violations_reported":"False","is_encumbered":"True","encumbrance_certificate_number":"EC-HR-00000202-0202","encumbrance_type":"TRIBAL_NON_ALIENATION","financial_institution":"","mortgage_amount":"0.0","created_at":"2026-01-15T09:00:00Z","updated_at":"2026-09-24T11:30:00Z"}},{"type":"Feature","geometry":{"type":"Polygon","coordinates":[[[75.20361176741037,28.266278892221052],[75.26665693547093,28.275441203888832],[75.26273314409579,28.336967478020572],[75.21321591957492,28.328335664516768],[75.20361176741037,28.266278892221052]]]},"properties":{"ulpin":"06891579567637","parcel_id":"bfc5bf13-eb88-4b18-bb9d-5ac901287580","state":"Haryana","state_code":"HR","state_type":"STATE","state_lgd_code":"6","district_lgd_code":"80","district_name":"Gurugram","subdistrict_lgd_code":"620","subdistrict_name":"Wazirabad Tehsil","subdistrict_type":"Tehsil / Taluk","village_lgd_code":"61402","village_name":"Badshahpur","khasra_plot_no":"Murabba 45, Killa 12/2/D203","recorded_area":"4.0","recorded_area_unit":"Kanal-Marla","normalized_area_sqm":"2023.43","gis_area_sqm":"2023.43","land_use_category":"INSTITUTIONAL","land_use_raw":"Gair Mumkin Plotted Commercial","status":"DISPUTED","data_freshness_status":"STALE","scenario_index":"4720","use_case_description":"Court attachment and disputed possession","mutation_workflow_status":"NOTICE_PERIOD","revenue_record_id":"ROR-HR-2025-1008-0203","revenue_record_type":"Jamabandi Nakal (Haryana Jamabandi)","khata_khewat_no":"KHT-58","khatauni_no":"KHN-158","owner_name":"Satish Chand Mittal","owner_name_local":"सतीश चंद मित्तल","co_owners":"","tenure_type":"Waqf / Religious Trust","mutation_status":"DISPUTED","active_mutation_id":"MUT-HR-00000203","tax_demand_status":"PAID","annual_tax_inr":"185.5","deed_number":"DEED-HR-2024-408-0203","deed_type":"Sale Deed / Conveyance","sro_office":"Sub-Registrar Office, Wazirabad Tehsil","execution_date":"2024-05-10","registered_owner":"Sunita Sharma / Aditi Verma","seller_name":"Previous Landholder","consideration_amount_inr":"3500000.0","stamp_duty_inr":"210000.0","survey_sketch_id":"FMB-HR-08-0203","cadastral_sheet_no":"SHT-HR-08","surveyed_area_sqm":"2023.43","survey_status":"SURVEYED","urban_authority":"Wazirabad Tehsil Urban Development & Town Planning Authority","zone_name":"Commercial Core","permitted_land_use":"INSTITUTIONAL","building_permission_status":"SANCTIONED","violations_reported":"False","is_encumbered":"True","encumbrance_certificate_number":"EC-HR-00000203-0203","encumbrance_type":"LEASE_CHARGE","financial_institution":"","mortgage_amount":"0.0","created_at":"2026-01-15T09:00:00Z","updated_at":"2026-09-24T11:30:00Z"}},{"type":"Feature","geometry":{"type":"Polygon","coordinates":[[[75.14734890380178,28.270843822034454],[75.20361176741037,28.266278892221052],[75.21321591957492,28.328335664516768],[75.13746822661577,28.335625132449362],[75.14734890380178,28.270843822034454]]]},"properties":{"ulpin":"06982963534257","parcel_id":"e915bc81-2537-4806-836c-89349ae52c29","state":"Haryana","state_code":"HR","state_type":"STATE","state_lgd_code":"6","district_lgd_code":"80","district_name":"Gurugram","subdistrict_lgd_code":"620","subdistrict_name":"Wazirabad Tehsil","subdistrict_type":"Tehsil / Taluk","village_lgd_code":"61402","village_name":"Badshahpur","khasra_plot_no":"Murabba 45, Killa 12/2/D204","recorded_area":"4.0","recorded_area_unit":"Kanal-Marla","normalized_area_sqm":"2023.43","gis_area_sqm":"2023.43","land_use_category":"FOREST_GREEN_BELT","land_use_raw":"Gair Mumkin Plotted Commercial","status":"ARCHIVED","data_freshness_status":"UNKNOWN","scenario_index":"4721","use_case_description":"Tribal non-alienation protection review","mutation_workflow_status":"HEARING_SCHEDULED","revenue_record_id":"ROR-HR-2025-1008-0204","revenue_record_type":"Jamabandi Nakal (Haryana Jamabandi)","khata_khewat_no":"KHT-58","khatauni_no":"KHN-158","owner_name":"Satish Chand Mittal","owner_name_local":"सतीश चंद मित्तल","co_owners":"","tenure_type":"Tribal Community Tenure","mutation_status":"NONE","active_mutation_id":"MUT-HR-00000204","tax_demand_status":"PAID","annual_tax_inr":"185.5","deed_number":"DEED-HR-2024-408-0204","deed_type":"Sale Deed / Conveyance","sro_office":"Sub-Registrar Office, Wazirabad Tehsil","execution_date":"2024-05-10","registered_owner":"Sunita Sharma / Aditi Verma","seller_name":"Previous Landholder","consideration_amount_inr":"3500000.0","stamp_duty_inr":"210000.0","survey_sketch_id":"FMB-HR-08-0204","cadastral_sheet_no":"SHT-HR-08","surveyed_area_sqm":"2023.43","survey_status":"PENDING","urban_authority":"Wazirabad Tehsil Urban Development & Town Planning Authority","zone_name":"Commercial Core","permitted_land_use":"FOREST_GREEN_BELT","building_permission_status":"PENDING","violations_reported":"False","is_encumbered":"False","encumbrance_certificate_number":"EC-HR-2024-108-0204","encumbrance_type":"NIL","financial_institution":"","mortgage_amount":"0.0","created_at":"2026-01-15T09:00:00Z","updated_at":"2026-09-24T11:30:00Z"}},{"type":"Feature","geometry":{"type":"Polygon","coordinates":[[[76.3504039560384,28.257958970674114],[76.40578007786463,28.259189781691617],[76.40080329384512,28.31691662799491],[76.3479786144259,28.311339161398898],[76.3504039560384,28.257958970674114]]]},"properties":{"ulpin":"06385528896534","parcel_id":"4c81a7f4-fe8d-4049-9cdd-b7ecbdcf64b2","state":"Haryana","state_code":"HR","state_type":"STATE","state_lgd_code":"6","district_lgd_code":"80","district_name":"Gurugram","subdistrict_lgd_code":"620","subdistrict_name":"Wazirabad Tehsil","subdistrict_type":"Tehsil / Taluk","village_lgd_code":"61402","village_name":"Badshahpur","khasra_plot_no":"Murabba 45, Killa 12/2/D205","recorded_area":"4.0","recorded_area_unit":"Kanal-Marla","normalized_area_sqm":"2023.43","gis_area_sqm":"2023.43","land_use_category":"WATER_BODY","land_use_raw":"Gair Mumkin Plotted Commercial","status":"ACTIVE","data_freshness_status":"CURRENT","scenario_index":"4722","use_case_description":"Lease charge and institutional tenancy","mutation_workflow_status":"APPROVED","revenue_record_id":"ROR-HR-2025-1008-0205","revenue_record_type":"Jamabandi Nakal (Haryana Jamabandi)","khata_khewat_no":"KHT-58","khatauni_no":"KHN-158","owner_name":"Satish Chand Mittal","owner_name_local":"सतीश चंद मित्तल","co_owners":"","tenure_type":"Bhumiswami / Raiyati with Transferable Rights","mutation_status":"MUTATED","active_mutation_id":"","tax_demand_status":"PAID","annual_tax_inr":"185.5","deed_number":"DEED-HR-2024-408-0205","deed_type":"Sale Deed / Conveyance","sro_office":"Sub-Registrar Office, Wazirabad Tehsil","execution_date":"2024-05-10","registered_owner":"Sunita Sharma / Aditi Verma","seller_name":"Previous Landholder","consideration_amount_inr":"3500000.0","stamp_duty_inr":"210000.0","survey_sketch_id":"FMB-HR-08-0205","cadastral_sheet_no":"SHT-HR-08","surveyed_area_sqm":"2023.43","survey_status":"DISPUTED","urban_authority":"Wazirabad Tehsil Urban Development & Town Planning Authority","zone_name":"Commercial Core","permitted_land_use":"WATER_BODY","building_permission_status":"REJECTED","violations_reported":"False","is_encumbered":"True","encumbrance_certificate_number":"EC-HR-00000205-0205","encumbrance_type":"BANK_MORTGAGE","financial_institution":"","mortgage_amount":"0.0","created_at":"2026-01-15T09:00:00Z","updated_at":"2026-09-24T11:30:00Z"}},{"type":"Feature","geometry":{"type":"Polygon","coordinates":[[[76.15251739041298,28.27027660687644],[76.19625557354462,28.260120704612053],[76.20317014661234,28.307796646461693],[76.15251739041298,28.30610353173173],[76.15251739041298,28.27027660687644]]]},"properties":{"ulpin":"06036640631707","parcel_id":"823e391e-e6d9-4c0a-85cc-f666c0b2501b","state":"Haryana","state_code":"HR","state_type":"STATE","state_lgd_code":"6","district_lgd_code":"80","district_name":"Gurugram","subdistrict_lgd_code":"620","subdistrict_name":"Wazirabad Tehsil","subdistrict_type":"Tehsil / Taluk","village_lgd_code":"61402","village_name":"Badshahpur","khasra_plot_no":"Murabba 45, Killa 12/2/D206","recorded_area":"4.0","recorded_area_unit":"Kanal-Marla","normalized_area_sqm":"2023.43","gis_area_sqm":"2023.43","land_use_category":"MIXED_USE","land_use_raw":"Gair Mumkin Plotted Commercial","status":"PENDING_MUTATION","data_freshness_status":"STALE","scenario_index":"4723","use_case_description":"Subdivision or amalgamation history review","mutation_workflow_status":"REJECTED","revenue_record_id":"ROR-HR-2025-1008-0206","revenue_record_type":"Jamabandi Nakal (Haryana Jamabandi)","khata_khewat_no":"KHT-58","khatauni_no":"KHN-158","owner_name":"Satish Chand Mittal","owner_name_local":"सतीश चंद मित्तल","co_owners":"","tenure_type":"Bhumiswami / Freehold","mutation_status":"PENDING","active_mutation_id":"MUT-HR-00000206","tax_demand_status":"PAID","annual_tax_inr":"185.5","deed_number":"DEED-HR-2024-408-0206","deed_type":"Sale Deed / Conveyance","sro_office":"Sub-Registrar Office, Wazirabad Tehsil","execution_date":"2024-05-10","registered_owner":"Sunita Sharma / Aditi Verma","seller_name":"Previous Landholder","consideration_amount_inr":"3500000.0","stamp_duty_inr":"210000.0","survey_sketch_id":"FMB-HR-08-0206","cadastral_sheet_no":"SHT-HR-08","surveyed_area_sqm":"2023.43","survey_status":"RESURVEY_REQUIRED","urban_authority":"Wazirabad Tehsil Urban Development & Town Planning Authority","zone_name":"Commercial Core","permitted_land_use":"MIXED_USE","building_permission_status":"NOT_APPLICABLE","violations_reported":"False","is_encumbered":"True","encumbrance_certificate_number":"EC-HR-00000206-0206","encumbrance_type":"GOVT_REVENUE_LIEN","financial_institution":"","mortgage_amount":"0.0","created_at":"2026-01-15T09:00:00Z","updated_at":"2026-09-24T11:30:00Z"}},{"type":"Feature","geometry":{"type":"Polygon","coordinates":[[[75.5382749583577,29.11705283989845],[75.59054315048473,29.12204739296072],[75.60353503131381,29.167901434319493],[75.54416561033398,29.17008452032393],[75.5382749583577,29.11705283989845]]]},"properties":{"ulpin":"06530362905545","parcel_id":"9d058aa5-630a-463a-b58b-767b448ac40e","state":"Haryana","state_code":"HR","state_type":"STATE","state_lgd_code":"6","district_lgd_code":"80","district_name":"Gurugram","subdistrict_lgd_code":"620","subdistrict_name":"Wazirabad Tehsil","subdistrict_type":"Tehsil / Taluk","village_lgd_code":"61402","village_name":"Badshahpur","khasra_plot_no":"Murabba 45, Killa 12/2/D207","recorded_area":"4.0","recorded_area_unit":"Kanal-Marla","normalized_area_sqm":"2023.43","gis_area_sqm":"2023.43","land_use_category":"OTHER","land_use_raw":"Gair Mumkin Plotted Commercial","status":"SUBDIVIDED","data_freshness_status":"UNKNOWN","scenario_index":"4724","use_case_description":"Archived historical record for audit retrieval","mutation_workflow_status":"SLA_BREACHED","revenue_record_id":"ROR-HR-2025-1008-0207","revenue_record_type":"Jamabandi Nakal (Haryana Jamabandi)","khata_khewat_no":"KHT-58","khatauni_no":"KHN-158","owner_name":"Satish Chand Mittal","owner_name_local":"सतीश चंद मित्तल","co_owners":"","tenure_type":"Leasehold","mutation_status":"UNMUTATED_TRANSACTION","active_mutation_id":"MUT-HR-00000207","tax_demand_status":"PAID","annual_tax_inr":"185.5","deed_number":"DEED-HR-2024-408-0207","deed_type":"Sale Deed / Conveyance","sro_office":"Sub-Registrar Office, Wazirabad Tehsil","execution_date":"2024-05-10","registered_owner":"Registry Variance Owner 207","seller_name":"Previous Landholder","consideration_amount_inr":"3500000.0","stamp_duty_inr":"210000.0","survey_sketch_id":"FMB-HR-08-0207","cadastral_sheet_no":"SHT-HR-08","surveyed_area_sqm":"2023.43","survey_status":"SURVEYED","urban_authority":"Wazirabad Tehsil Urban Development & Town Planning Authority","zone_name":"Commercial Core","permitted_land_use":"OTHER","building_permission_status":"SANCTIONED","violations_reported":"False","is_encumbered":"True","encumbrance_certificate_number":"EC-HR-00000207-0207","encumbrance_type":"COURT_ATTACHMENT","financial_institution":"","mortgage_amount":"0.0","created_at":"2026-01-15T09:00:00Z","updated_at":"2026-09-24T11:30:00Z"}},{"type":"Feature","geometry":{"type":"Polygon","coordinates":[[[74.95055149522503,29.654240355148588],[75.00351088406387,29.649435812800903],[75.009516954869,29.691175762760007],[74.95255343153168,29.69245981421238],[74.95055149522503,29.654240355148588]]]},"properties":{"ulpin":"06826746257215","parcel_id":"be3f356c-0414-4036-a81e-a9881e831655","state":"Haryana","state_code":"HR","state_type":"STATE","state_lgd_code":"6","district_lgd_code":"80","district_name":"Gurugram","subdistrict_lgd_code":"620","subdistrict_name":"Wazirabad Tehsil","subdistrict_type":"Tehsil / Taluk","village_lgd_code":"61402","village_name":"Badshahpur","khasra_plot_no":"Murabba 45, Killa 12/2/D208","recorded_area":"4.0","recorded_area_unit":"Kanal-Marla","normalized_area_sqm":"2023.43","gis_area_sqm":"2023.43","land_use_category":"RESIDENTIAL","land_use_raw":"Gair Mumkin Plotted Commercial","status":"AMALGAMATED","data_freshness_status":"CURRENT","scenario_index":"4725","use_case_description":"Bank mortgage and active encumbrance","mutation_workflow_status":"SUBMITTED","revenue_record_id":"ROR-HR-2025-1008-0208","revenue_record_type":"Jamabandi Nakal (Haryana Jamabandi)","khata_khewat_no":"KHT-58","khatauni_no":"KHN-158","owner_name":"Satish Chand Mittal","owner_name_local":"सतीश चंद मित्तल","co_owners":"","tenure_type":"Government Grant","mutation_status":"REJECTED","active_mutation_id":"MUT-HR-00000208","tax_demand_status":"PAID","annual_tax_inr":"185.5","deed_number":"DEED-HR-2024-408-0208","deed_type":"Sale Deed / Conveyance","sro_office":"Sub-Registrar Office, Wazirabad Tehsil","execution_date":"2024-05-10","registered_owner":"Sunita Sharma / Aditi Verma","seller_name":"Previous Landholder","consideration_amount_inr":"3500000.0","stamp_duty_inr":"210000.0","survey_sketch_id":"FMB-HR-08-0208","cadastral_sheet_no":"SHT-HR-08","surveyed_area_sqm":"2023.43","survey_status":"PENDING","urban_authority":"Wazirabad Tehsil Urban Development & Town Planning Authority","zone_name":"Commercial Core","permitted_land_use":"RESIDENTIAL","building_permission_status":"PENDING","violations_reported":"True","is_encumbered":"True","encumbrance_certificate_number":"EC-HR-00000208-0208","encumbrance_type":"TRIBAL_NON_ALIENATION","financial_institution":"","mortgage_amount":"0.0","created_at":"2026-01-15T09:00:00Z","updated_at":"2026-09-24T11:30:00Z"}},{"type":"Feature","geometry":{"type":"Polygon","coordinates":[[[75.66835576116208,28.42966935236355],[75.7376892310035,28.423745211845528],[75.73683719623168,28.486832200694113],[75.6735453518928,28.486642508602323],[75.66835576116208,28.42966935236355]]]},"properties":{"ulpin":"06425490178145","parcel_id":"8b3319b0-b786-4e09-8efc-4d74e5c81e60","state":"Haryana","state_code":"HR","state_type":"STATE","state_lgd_code":"6","district_lgd_code":"80","district_name":"Gurugram","subdistrict_lgd_code":"620","subdistrict_name":"Wazirabad Tehsil","subdistrict_type":"Tehsil / Taluk","village_lgd_code":"61402","village_name":"Badshahpur","khasra_plot_no":"Murabba 45, Killa 12/2/D209","recorded_area":"4.0","recorded_area_unit":"Kanal-Marla","normalized_area_sqm":"2023.43","gis_area_sqm":"2023.43","land_use_category":"COMMERCIAL","land_use_raw":"Gair Mumkin Plotted Commercial","status":"DISPUTED","data_freshness_status":"STALE","scenario_index":"4726","use_case_description":"Government revenue lien and tax demand","mutation_workflow_status":"UNDER_VERIFICATION","revenue_record_id":"ROR-HR-2025-1008-0209","revenue_record_type":"Jamabandi Nakal (Haryana Jamabandi)","khata_khewat_no":"KHT-58","khatauni_no":"KHN-158","owner_name":"Satish Chand Mittal","owner_name_local":"सतीश चंद मित्तल","co_owners":"","tenure_type":"Waqf / Religious Trust","mutation_status":"DISPUTED","active_mutation_id":"MUT-HR-00000209","tax_demand_status":"PAID","annual_tax_inr":"185.5","deed_number":"DEED-HR-2024-408-0209","deed_type":"Sale Deed / Conveyance","sro_office":"Sub-Registrar Office, Wazirabad Tehsil","execution_date":"2024-05-10","registered_owner":"Sunita Sharma / Aditi Verma","seller_name":"Previous Landholder","consideration_amount_inr":"3500000.0","stamp_duty_inr":"210000.0","survey_sketch_id":"FMB-HR-08-0209","cadastral_sheet_no":"SHT-HR-08","surveyed_area_sqm":"2023.43","survey_status":"DISPUTED","urban_authority":"Wazirabad Tehsil Urban Development & Town Planning Authority","zone_name":"Commercial Core","permitted_land_use":"COMMERCIAL","building_permission_status":"REJECTED","violations_reported":"False","is_encumbered":"True","encumbrance_certificate_number":"EC-HR-00000209-0209","encumbrance_type":"LEASE_CHARGE","financial_institution":"","mortgage_amount":"0.0","created_at":"2026-01-15T09:00:00Z","updated_at":"2026-09-24T11:30:00Z"}},{"type":"Feature","geometry":{"type":"Polygon","coordinates":[[[74.99175478596473,29.238632144594348],[75.06212879073408,29.244786939725664],[75.04785301336835,29.29954395931945],[74.99049650942807,29.28911845878747],[74.99175478596473,29.238632144594348]]]},"properties":{"ulpin":"06673130652304","parcel_id":"ded82701-5625-47ec-b809-c880224025cf","state":"Haryana","state_code":"HR","state_type":"STATE","state_lgd_code":"6","district_lgd_code":"80","district_name":"Gurugram","subdistrict_lgd_code":"620","subdistrict_name":"Wazirabad Tehsil","subdistrict_type":"Tehsil / Taluk","village_lgd_code":"61402","village_name":"Badshahpur","khasra_plot_no":"Murabba 45, Killa 12/2/D210","recorded_area":"4.0","recorded_area_unit":"Kanal-Marla","normalized_area_sqm":"2023.43","gis_area_sqm":"2023.43","land_use_category":"INDUSTRIAL","land_use_raw":"Gair Mumkin Plotted Commercial","status":"ARCHIVED","data_freshness_status":"UNKNOWN","scenario_index":"4727","use_case_description":"Pending sale mutation within statutory SLA","mutation_workflow_status":"NOTICE_PERIOD","revenue_record_id":"ROR-HR-2025-1008-0210","revenue_record_type":"Jamabandi Nakal (Haryana Jamabandi)","khata_khewat_no":"KHT-58","khatauni_no":"KHN-158","owner_name":"Satish Chand Mittal","owner_name_local":"सतीश चंद मित्तल","co_owners":"","tenure_type":"Tribal Community Tenure","mutation_status":"NONE","active_mutation_id":"MUT-HR-00000210","tax_demand_status":"PAID","annual_tax_inr":"185.5","deed_number":"DEED-HR-2024-408-0210","deed_type":"Sale Deed / Conveyance","sro_office":"Sub-Registrar Office, Wazirabad Tehsil","execution_date":"2024-05-10","registered_owner":"Sunita Sharma / Aditi Verma","seller_name":"Previous Landholder","consideration_amount_inr":"3500000.0","stamp_duty_inr":"210000.0","survey_sketch_id":"FMB-HR-08-0210","cadastral_sheet_no":"SHT-HR-08","surveyed_area_sqm":"2023.43","survey_status":"RESURVEY_REQUIRED","urban_authority":"Wazirabad Tehsil Urban Development & Town Planning Authority","zone_name":"Commercial Core","permitted_land_use":"INDUSTRIAL","building_permission_status":"NOT_APPLICABLE","violations_reported":"False","is_encumbered":"False","encumbrance_certificate_number":"EC-HR-2024-108-0210","encumbrance_type":"NIL","financial_institution":"","mortgage_amount":"0.0","created_at":"2026-01-15T09:00:00Z","updated_at":"2026-09-24T11:30:00Z"}},{"type":"Feature","geometry":{"type":"Polygon","coordinates":[[[75.60455683523217,29.231848135485308],[75.65620762678645,29.225629842189473],[75.65405159657784,29.285149991506636],[75.59178907676436,29.272108150399365],[75.60455683523217,29.231848135485308]]]},"properties":{"ulpin":"06390661620380","parcel_id":"855444d2-0a79-456d-a364-93317f21aa4e","state":"Haryana","state_code":"HR","state_type":"STATE","state_lgd_code":"6","district_lgd_code":"80","district_name":"Gurugram","subdistrict_lgd_code":"620","subdistrict_name":"Wazirabad Tehsil","subdistrict_type":"Tehsil / Taluk","village_lgd_code":"61402","village_name":"Badshahpur","khasra_plot_no":"Murabba 45, Killa 12/2/D211","recorded_area":"4.0","recorded_area_unit":"Kanal-Marla","normalized_area_sqm":"2023.43","gis_area_sqm":"2023.43","land_use_category":"AGRICULTURAL","land_use_raw":"Gair Mumkin Plotted Commercial","status":"ACTIVE","data_freshness_status":"CURRENT","scenario_index":"4728","use_case_description":"Tribal non-alienation protection review","mutation_workflow_status":"HEARING_SCHEDULED","revenue_record_id":"ROR-HR-2025-1008-0211","revenue_record_type":"Jamabandi Nakal (Haryana Jamabandi)","khata_khewat_no":"KHT-58","khatauni_no":"KHN-158","owner_name":"Satish Chand Mittal","owner_name_local":"सतीश चंद मित्तल","co_owners":"","tenure_type":"Bhumiswami / Raiyati with Transferable Rights","mutation_status":"MUTATED","active_mutation_id":"","tax_demand_status":"PAID","annual_tax_inr":"185.5","deed_number":"DEED-HR-2024-408-0211","deed_type":"Sale Deed / Conveyance","sro_office":"Sub-Registrar Office, Wazirabad Tehsil","execution_date":"2024-05-10","registered_owner":"Sunita Sharma / Aditi Verma","seller_name":"Previous Landholder","consideration_amount_inr":"3500000.0","stamp_duty_inr":"210000.0","survey_sketch_id":"FMB-HR-08-0211","cadastral_sheet_no":"SHT-HR-08","surveyed_area_sqm":"2023.43","survey_status":"SURVEYED","urban_authority":"Wazirabad Tehsil Urban Development & Town Planning Authority","zone_name":"Commercial Core","permitted_land_use":"AGRICULTURAL","building_permission_status":"SANCTIONED","violations_reported":"False","is_encumbered":"True","encumbrance_certificate_number":"EC-HR-00000211-0211","encumbrance_type":"BANK_MORTGAGE","financial_institution":"","mortgage_amount":"0.0","created_at":"2026-01-15T09:00:00Z","updated_at":"2026-09-24T11:30:00Z"}},{"type":"Feature","geometry":{"type":"Polygon","coordinates":[[[75.54138209759128,28.534379000608833],[75.6080463634811,28.54556970595317],[75.6099365134898,28.59311364551788],[75.53984274122243,28.59311364551788],[75.54138209759128,28.534379000608833]]]},"properties":{"ulpin":"06283128116015","parcel_id":"829eb775-b5e3-40a5-b3b7-804b8493501c","state":"Haryana","state_code":"HR","state_type":"STATE","state_lgd_code":"6","district_lgd_code":"80","district_name":"Gurugram","subdistrict_lgd_code":"620","subdistrict_name":"Wazirabad Tehsil","subdistrict_type":"Tehsil / Taluk","village_lgd_code":"61402","village_name":"Badshahpur","khasra_plot_no":"Murabba 45, Killa 12/2/D212","recorded_area":"4.0","recorded_area_unit":"Kanal-Marla","normalized_area_sqm":"2023.43","gis_area_sqm":"2023.43","land_use_category":"INSTITUTIONAL","land_use_raw":"Gair Mumkin Plotted Commercial","status":"PENDING_MUTATION","data_freshness_status":"STALE","scenario_index":"4729","use_case_description":"Lease charge and institutional tenancy","mutation_workflow_status":"APPROVED","revenue_record_id":"ROR-HR-2025-1008-0212","revenue_record_type":"Jamabandi Nakal (Haryana Jamabandi)","khata_khewat_no":"KHT-58","khatauni_no":"KHN-158","owner_name":"Satish Chand Mittal","owner_name_local":"सतीश चंद मित्तल","co_owners":"","tenure_type":"Bhumiswami / Freehold","mutation_status":"PENDING","active_mutation_id":"MUT-HR-00000212","tax_demand_status":"PAID","annual_tax_inr":"185.5","deed_number":"DEED-HR-2024-408-0212","deed_type":"Sale Deed / Conveyance","sro_office":"Sub-Registrar Office, Wazirabad Tehsil","execution_date":"2024-05-10","registered_owner":"Registry Variance Owner 212","seller_name":"Previous Landholder","consideration_amount_inr":"3500000.0","stamp_duty_inr":"210000.0","survey_sketch_id":"FMB-HR-08-0212","cadastral_sheet_no":"SHT-HR-08","surveyed_area_sqm":"2023.43","survey_status":"PENDING","urban_authority":"Wazirabad Tehsil Urban Development & Town Planning Authority","zone_name":"Commercial Core","permitted_land_use":"INSTITUTIONAL","building_permission_status":"PENDING","violations_reported":"False","is_encumbered":"True","encumbrance_certificate_number":"EC-HR-00000212-0212","encumbrance_type":"GOVT_REVENUE_LIEN","financial_institution":"","mortgage_amount":"0.0","created_at":"2026-01-15T09:00:00Z","updated_at":"2026-09-24T11:30:00Z"}},{"type":"Feature","geometry":{"type":"Polygon","coordinates":[[[74.85292696457321,29.650184537188633],[74.90868617107643,29.650267803012856],[74.90960976679725,29.690090227374455],[74.86164818455013,29.698697763078307],[74.85292696457321,29.650184537188633]]]},"properties":{"ulpin":"06502023222766","parcel_id":"89c5351d-973a-4ee8-a10b-548cb235e51b","state":"Haryana","state_code":"HR","state_type":"STATE","state_lgd_code":"6","district_lgd_code":"80","district_name":"Gurugram","subdistrict_lgd_code":"620","subdistrict_name":"Wazirabad Tehsil","subdistrict_type":"Tehsil / Taluk","village_lgd_code":"61402","village_name":"Badshahpur","khasra_plot_no":"Murabba 45, Killa 12/2/D213","recorded_area":"4.0","recorded_area_unit":"Kanal-Marla","normalized_area_sqm":"2023.43","gis_area_sqm":"2023.43","land_use_category":"FOREST_GREEN_BELT","land_use_raw":"Gair Mumkin Plotted Commercial","status":"SUBDIVIDED","data_freshness_status":"UNKNOWN","scenario_index":"4730","use_case_description":"Subdivision or amalgamation history review","mutation_workflow_status":"REJECTED","revenue_record_id":"ROR-HR-2025-1008-0213","revenue_record_type":"Jamabandi Nakal (Haryana Jamabandi)","khata_khewat_no":"KHT-58","khatauni_no":"KHN-158","owner_name":"Satish Chand Mittal","owner_name_local":"सतीश चंद मित्तल","co_owners":"","tenure_type":"Leasehold","mutation_status":"UNMUTATED_TRANSACTION","active_mutation_id":"MUT-HR-00000213","tax_demand_status":"PAID","annual_tax_inr":"185.5","deed_number":"DEED-HR-2024-408-0213","deed_type":"Sale Deed / Conveyance","sro_office":"Sub-Registrar Office, Wazirabad Tehsil","execution_date":"2024-05-10","registered_owner":"Sunita Sharma / Aditi Verma","seller_name":"Previous Landholder","consideration_amount_inr":"3500000.0","stamp_duty_inr":"210000.0","survey_sketch_id":"FMB-HR-08-0213","cadastral_sheet_no":"SHT-HR-08","surveyed_area_sqm":"2023.43","survey_status":"DISPUTED","urban_authority":"Wazirabad Tehsil Urban Development & Town Planning Authority","zone_name":"Commercial Core","permitted_land_use":"FOREST_GREEN_BELT","building_permission_status":"REJECTED","violations_reported":"False","is_encumbered":"True","encumbrance_certificate_number":"EC-HR-00000213-0213","encumbrance_type":"COURT_ATTACHMENT","financial_institution":"","mortgage_amount":"0.0","created_at":"2026-01-15T09:00:00Z","updated_at":"2026-09-24T11:30:00Z"}},{"type":"Feature","geometry":{"type":"Polygon","coordinates":[[[74.94633967457834,28.163443158099717],[75.01134566964625,28.163443158099717],[75.02230156772049,28.212457388050584],[74.94126017537754,28.221187994823214],[74.94633967457834,28.163443158099717]]]},"properties":{"ulpin":"06368371933704","parcel_id":"5c4c158e-2eed-4235-99c2-c325ac4cc026","state":"Haryana","state_code":"HR","state_type":"STATE","state_lgd_code":"6","district_lgd_code":"80","district_name":"Gurugram","subdistrict_lgd_code":"620","subdistrict_name":"Wazirabad Tehsil","subdistrict_type":"Tehsil / Taluk","village_lgd_code":"61402","village_name":"Badshahpur","khasra_plot_no":"Murabba 45, Killa 12/2/D214","recorded_area":"4.0","recorded_area_unit":"Kanal-Marla","normalized_area_sqm":"2023.43","gis_area_sqm":"2023.43","land_use_category":"WATER_BODY","land_use_raw":"Gair Mumkin Plotted Commercial","status":"AMALGAMATED","data_freshness_status":"CURRENT","scenario_index":"4731","use_case_description":"Archived historical record for audit retrieval","mutation_workflow_status":"SLA_BREACHED","revenue_record_id":"ROR-HR-2025-1008-0214","revenue_record_type":"Jamabandi Nakal (Haryana Jamabandi)","khata_khewat_no":"KHT-58","khatauni_no":"KHN-158","owner_name":"Satish Chand Mittal","owner_name_local":"सतीश चंद मित्तल","co_owners":"","tenure_type":"Government Grant","mutation_status":"REJECTED","active_mutation_id":"MUT-HR-00000214","tax_demand_status":"PAID","annual_tax_inr":"185.5","deed_number":"DEED-HR-2024-408-0214","deed_type":"Sale Deed / Conveyance","sro_office":"Sub-Registrar Office, Wazirabad Tehsil","execution_date":"2024-05-10","registered_owner":"Sunita Sharma / Aditi Verma","seller_name":"Previous Landholder","consideration_amount_inr":"3500000.0","stamp_duty_inr":"210000.0","survey_sketch_id":"FMB-HR-08-0214","cadastral_sheet_no":"SHT-HR-08","surveyed_area_sqm":"2023.43","survey_status":"RESURVEY_REQUIRED","urban_authority":"Wazirabad Tehsil Urban Development & Town Planning Authority","zone_name":"Commercial Core","permitted_land_use":"WATER_BODY","building_permission_status":"NOT_APPLICABLE","violations_reported":"False","is_encumbered":"True","encumbrance_certificate_number":"EC-HR-00000214-0214","encumbrance_type":"TRIBAL_NON_ALIENATION","financial_institution":"","mortgage_amount":"0.0","created_at":"2026-01-15T09:00:00Z","updated_at":"2026-09-24T11:30:00Z"}},{"type":"Feature","geometry":{"type":"Polygon","coordinates":[[[76.19708974913102,28.1263004070025],[76.24667906162973,28.127035912209447],[76.25432011790464,28.173160232091373],[76.19531577725478,28.17284135399806],[76.19708974913102,28.1263004070025]]]},"properties":{"ulpin":"06669058895231","parcel_id":"5ee16656-6927-4d62-ba80-52cf957b7925","state":"Haryana","state_code":"HR","state_type":"STATE","state_lgd_code":"6","district_lgd_code":"80","district_name":"Gurugram","subdistrict_lgd_code":"620","subdistrict_name":"Wazirabad Tehsil","subdistrict_type":"Tehsil / Taluk","village_lgd_code":"61402","village_name":"Badshahpur","khasra_plot_no":"Murabba 45, Killa 12/2/D215","recorded_area":"4.0","recorded_area_unit":"Kanal-Marla","normalized_area_sqm":"2023.43","gis_area_sqm":"2023.43","land_use_category":"MIXED_USE","land_use_raw":"Gair Mumkin Plotted Commercial","status":"DISPUTED","data_freshness_status":"STALE","scenario_index":"4732","use_case_description":"Bank mortgage and active encumbrance","mutation_workflow_status":"SUBMITTED","revenue_record_id":"ROR-HR-2025-1008-0215","revenue_record_type":"Jamabandi Nakal (Haryana Jamabandi)","khata_khewat_no":"KHT-58","khatauni_no":"KHN-158","owner_name":"Satish Chand Mittal","owner_name_local":"सतीश चंद मित्तल","co_owners":"","tenure_type":"Waqf / Religious Trust","mutation_status":"DISPUTED","active_mutation_id":"MUT-HR-00000215","tax_demand_status":"PAID","annual_tax_inr":"185.5","deed_number":"DEED-HR-2024-408-0215","deed_type":"Sale Deed / Conveyance","sro_office":"Sub-Registrar Office, Wazirabad Tehsil","execution_date":"2024-05-10","registered_owner":"Sunita Sharma / Aditi Verma","seller_name":"Previous Landholder","consideration_amount_inr":"3500000.0","stamp_duty_inr":"210000.0","survey_sketch_id":"FMB-HR-08-0215","cadastral_sheet_no":"SHT-HR-08","surveyed_area_sqm":"2023.43","survey_status":"SURVEYED","urban_authority":"Wazirabad Tehsil Urban Development & Town Planning Authority","zone_name":"Commercial Core","permitted_land_use":"MIXED_USE","building_permission_status":"SANCTIONED","violations_reported":"True","is_encumbered":"True","encumbrance_certificate_number":"EC-HR-00000215-0215","encumbrance_type":"LEASE_CHARGE","financial_institution":"","mortgage_amount":"0.0","created_at":"2026-01-15T09:00:00Z","updated_at":"2026-09-24T11:30:00Z"}},{"type":"Feature","geometry":{"type":"Polygon","coordinates":[[[75.78680102768278,28.3721025077325],[75.8490207941995,28.385660422350355],[75.85297792980076,28.429568573855157],[75.79601205786395,28.431309341868666],[75.78680102768278,28.3721025077325]]]},"properties":{"ulpin":"06888365167633","parcel_id":"98fe38fd-ee0d-4c00-a9f6-5d4c81f1a383","state":"Haryana","state_code":"HR","state_type":"STATE","state_lgd_code":"6","district_lgd_code":"80","district_name":"Gurugram","subdistrict_lgd_code":"620","subdistrict_name":"Wazirabad Tehsil","subdistrict_type":"Tehsil / Taluk","village_lgd_code":"61402","village_name":"Badshahpur","khasra_plot_no":"Murabba 45, Killa 12/2/D216","recorded_area":"4.0","recorded_area_unit":"Kanal-Marla","normalized_area_sqm":"2023.43","gis_area_sqm":"2023.43","land_use_category":"OTHER","land_use_raw":"Gair Mumkin Plotted Commercial","status":"ARCHIVED","data_freshness_status":"UNKNOWN","scenario_index":"4733","use_case_description":"Bank mortgage and active encumbrance","mutation_workflow_status":"UNDER_VERIFICATION","revenue_record_id":"ROR-HR-2025-1008-0216","revenue_record_type":"Jamabandi Nakal (Haryana Jamabandi)","khata_khewat_no":"KHT-58","khatauni_no":"KHN-158","owner_name":"Satish Chand Mittal","owner_name_local":"सतीश चंद मित्तल","co_owners":"","tenure_type":"Tribal Community Tenure","mutation_status":"NONE","active_mutation_id":"MUT-HR-00000216","tax_demand_status":"PAID","annual_tax_inr":"185.5","deed_number":"DEED-HR-2024-408-0216","deed_type":"Sale Deed / Conveyance","sro_office":"Sub-Registrar Office, Wazirabad Tehsil","execution_date":"2024-05-10","registered_owner":"Sunita Sharma / Aditi Verma","seller_name":"Previous Landholder","consideration_amount_inr":"3500000.0","stamp_duty_inr":"210000.0","survey_sketch_id":"FMB-HR-08-0216","cadastral_sheet_no":"SHT-HR-08","surveyed_area_sqm":"2023.43","survey_status":"PENDING","urban_authority":"Wazirabad Tehsil Urban Development & Town Planning Authority","zone_name":"Commercial Core","permitted_land_use":"OTHER","building_permission_status":"PENDING","violations_reported":"False","is_encumbered":"False","encumbrance_certificate_number":"EC-HR-2024-108-0216","encumbrance_type":"NIL","financial_institution":"","mortgage_amount":"0.0","created_at":"2026-01-15T09:00:00Z","updated_at":"2026-09-24T11:30:00Z"}},{"type":"Feature","geometry":{"type":"Polygon","coordinates":[[[75.48287424257128,28.95620670900666],[75.54034077872566,28.955744431412956],[75.5341160074863,29.015834655562664],[75.48956168068324,29.015707881396594],[75.48287424257128,28.95620670900666]]]},"properties":{"ulpin":"06667748768699","parcel_id":"e5aa3a62-5439-4dd4-8ebb-ddc55c40bd75","state":"Haryana","state_code":"HR","state_type":"STATE","state_lgd_code":"6","district_lgd_code":"80","district_name":"Gurugram","subdistrict_lgd_code":"620","subdistrict_name":"Wazirabad Tehsil","subdistrict_type":"Tehsil / Taluk","village_lgd_code":"61402","village_name":"Badshahpur","khasra_plot_no":"Murabba 45, Killa 12/2/D217","recorded_area":"4.0","recorded_area_unit":"Kanal-Marla","normalized_area_sqm":"2023.43","gis_area_sqm":"2023.43","land_use_category":"RESIDENTIAL","land_use_raw":"Gair Mumkin Plotted Commercial","status":"ACTIVE","data_freshness_status":"CURRENT","scenario_index":"4734","use_case_description":"Court attachment and disputed possession","mutation_workflow_status":"NOTICE_PERIOD","revenue_record_id":"ROR-HR-2025-1008-0217","revenue_record_type":"Jamabandi Nakal (Haryana Jamabandi)","khata_khewat_no":"KHT-58","khatauni_no":"KHN-158","owner_name":"Satish Chand Mittal","owner_name_local":"सतीश चंद मित्तल","co_owners":"","tenure_type":"Bhumiswami / Raiyati with Transferable Rights","mutation_status":"MUTATED","active_mutation_id":"","tax_demand_status":"PAID","annual_tax_inr":"185.5","deed_number":"DEED-HR-2024-408-0217","deed_type":"Sale Deed / Conveyance","sro_office":"Sub-Registrar Office, Wazirabad Tehsil","execution_date":"2024-05-10","registered_owner":"Registry Variance Owner 217","seller_name":"Previous Landholder","consideration_amount_inr":"3500000.0","stamp_duty_inr":"210000.0","survey_sketch_id":"FMB-HR-08-0217","cadastral_sheet_no":"SHT-HR-08","surveyed_area_sqm":"2023.43","survey_status":"DISPUTED","urban_authority":"Wazirabad Tehsil Urban Development & Town Planning Authority","zone_name":"Commercial Core","permitted_land_use":"RESIDENTIAL","building_permission_status":"REJECTED","violations_reported":"False","is_encumbered":"True","encumbrance_certificate_number":"EC-HR-00000217-0217","encumbrance_type":"BANK_MORTGAGE","financial_institution":"","mortgage_amount":"0.0","created_at":"2026-01-15T09:00:00Z","updated_at":"2026-09-24T11:30:00Z"}},{"type":"Feature","geometry":{"type":"Polygon","coordinates":[[[76.1272385552214,29.76506163273387],[76.19505630606965,29.76944495977389],[76.1859189383834,29.81425752155312],[76.13692653132325,29.808236342350252],[76.1272385552214,29.76506163273387]]]},"properties":{"ulpin":"06276046240363","parcel_id":"0bd1b495-161f-4c12-9d65-f0a6d1a676c6","state":"Haryana","state_code":"HR","state_type":"STATE","state_lgd_code":"6","district_lgd_code":"80","district_name":"Gurugram","subdistrict_lgd_code":"620","subdistrict_name":"Wazirabad Tehsil","subdistrict_type":"Tehsil / Taluk","village_lgd_code":"61402","village_name":"Badshahpur","khasra_plot_no":"Murabba 45, Killa 12/2/D218","recorded_area":"4.0","recorded_area_unit":"Kanal-Marla","normalized_area_sqm":"2023.43","gis_area_sqm":"2023.43","land_use_category":"COMMERCIAL","land_use_raw":"Gair Mumkin Plotted Commercial","status":"PENDING_MUTATION","data_freshness_status":"STALE","scenario_index":"4735","use_case_description":"Tribal non-alienation protection review","mutation_workflow_status":"HEARING_SCHEDULED","revenue_record_id":"ROR-HR-2025-1008-0218","revenue_record_type":"Jamabandi Nakal (Haryana Jamabandi)","khata_khewat_no":"KHT-58","khatauni_no":"KHN-158","owner_name":"Satish Chand Mittal","owner_name_local":"सतीश चंद मित्तल","co_owners":"","tenure_type":"Bhumiswami / Freehold","mutation_status":"PENDING","active_mutation_id":"MUT-HR-00000218","tax_demand_status":"PAID","annual_tax_inr":"185.5","deed_number":"DEED-HR-2024-408-0218","deed_type":"Sale Deed / Conveyance","sro_office":"Sub-Registrar Office, Wazirabad Tehsil","execution_date":"2024-05-10","registered_owner":"Sunita Sharma / Aditi Verma","seller_name":"Previous Landholder","consideration_amount_inr":"3500000.0","stamp_duty_inr":"210000.0","survey_sketch_id":"FMB-HR-08-0218","cadastral_sheet_no":"SHT-HR-08","surveyed_area_sqm":"2023.43","survey_status":"RESURVEY_REQUIRED","urban_authority":"Wazirabad Tehsil Urban Development & Town Planning Authority","zone_name":"Commercial Core","permitted_land_use":"COMMERCIAL","building_permission_status":"NOT_APPLICABLE","violations_reported":"False","is_encumbered":"True","encumbrance_certificate_number":"EC-HR-00000218-0218","encumbrance_type":"GOVT_REVENUE_LIEN","financial_institution":"","mortgage_amount":"0.0","created_at":"2026-01-15T09:00:00Z","updated_at":"2026-09-24T11:30:00Z"}},{"type":"Feature","geometry":{"type":"Polygon","coordinates":[[[75.2045146815096,28.163443158099717],[75.27316298004001,28.163443158099717],[75.26766578232163,28.216428947498812],[75.2093306569612,28.21967304323171],[75.2045146815096,28.163443158099717]]]},"properties":{"ulpin":"06486765024951","parcel_id":"57b8a8e2-5957-424e-aa9b-d4d057d2581d","state":"Haryana","state_code":"HR","state_type":"STATE","state_lgd_code":"6","district_lgd_code":"80","district_name":"Gurugram","subdistrict_lgd_code":"620","subdistrict_name":"Wazirabad Tehsil","subdistrict_type":"Tehsil / Taluk","village_lgd_code":"61402","village_name":"Badshahpur","khasra_plot_no":"Murabba 45, Killa 12/2/D219","recorded_area":"4.0","recorded_area_unit":"Kanal-Marla","normalized_area_sqm":"2023.43","gis_area_sqm":"2023.43","land_use_category":"INDUSTRIAL","land_use_raw":"Gair Mumkin Plotted Commercial","status":"SUBDIVIDED","data_freshness_status":"UNKNOWN","scenario_index":"4736","use_case_description":"Lease charge and institutional tenancy","mutation_workflow_status":"APPROVED","revenue_record_id":"ROR-HR-2025-1008-0219","revenue_record_type":"Jamabandi Nakal (Haryana Jamabandi)","khata_khewat_no":"KHT-58","khatauni_no":"KHN-158","owner_name":"Satish Chand Mittal","owner_name_local":"सतीश चंद मित्तल","co_owners":"","tenure_type":"Leasehold","mutation_status":"UNMUTATED_TRANSACTION","active_mutation_id":"MUT-HR-00000219","tax_demand_status":"PAID","annual_tax_inr":"185.5","deed_number":"DEED-HR-2024-408-0219","deed_type":"Sale Deed / Conveyance","sro_office":"Sub-Registrar Office, Wazirabad Tehsil","execution_date":"2024-05-10","registered_owner":"Sunita Sharma / Aditi Verma","seller_name":"Previous Landholder","consideration_amount_inr":"3500000.0","stamp_duty_inr":"210000.0","survey_sketch_id":"FMB-HR-08-0219","cadastral_sheet_no":"SHT-HR-08","surveyed_area_sqm":"2023.43","survey_status":"SURVEYED","urban_authority":"Wazirabad Tehsil Urban Development & Town Planning Authority","zone_name":"Commercial Core","permitted_land_use":"INDUSTRIAL","building_permission_status":"SANCTIONED","violations_reported":"False","is_encumbered":"True","encumbrance_certificate_number":"EC-HR-00000219-0219","encumbrance_type":"COURT_ATTACHMENT","financial_institution":"","mortgage_amount":"0.0","created_at":"2026-01-15T09:00:00Z","updated_at":"2026-09-24T11:30:00Z"}},{"type":"Feature","geometry":{"type":"Polygon","coordinates":[[[74.75894355835246,29.48027652430739],[74.81273428125327,29.48410592327892],[74.80785032164783,29.521651419829514],[74.75894355835246,29.521841429852948],[74.75894355835246,29.48027652430739]]]},"properties":{"ulpin":"06618910866843","parcel_id":"f1c6b2cc-6fdf-4c92-a2a3-6f5541062723","state":"Haryana","state_code":"HR","state_type":"STATE","state_lgd_code":"6","district_lgd_code":"80","district_name":"Gurugram","subdistrict_lgd_code":"620","subdistrict_name":"Wazirabad Tehsil","subdistrict_type":"Tehsil / Taluk","village_lgd_code":"61402","village_name":"Badshahpur","khasra_plot_no":"Murabba 45, Killa 12/2/D220","recorded_area":"4.0","recorded_area_unit":"Kanal-Marla","normalized_area_sqm":"2023.43","gis_area_sqm":"2023.43","land_use_category":"AGRICULTURAL","land_use_raw":"Gair Mumkin Plotted Commercial","status":"AMALGAMATED","data_freshness_status":"CURRENT","scenario_index":"4737","use_case_description":"Subdivision or amalgamation history review","mutation_workflow_status":"REJECTED","revenue_record_id":"ROR-HR-2025-1008-0220","revenue_record_type":"Jamabandi Nakal (Haryana Jamabandi)","khata_khewat_no":"KHT-58","khatauni_no":"KHN-158","owner_name":"Satish Chand Mittal","owner_name_local":"सतीश चंद मित्तल","co_owners":"","tenure_type":"Government Grant","mutation_status":"REJECTED","active_mutation_id":"MUT-HR-00000220","tax_demand_status":"PAID","annual_tax_inr":"185.5","deed_number":"DEED-HR-2024-408-0220","deed_type":"Sale Deed / Conveyance","sro_office":"Sub-Registrar Office, Wazirabad Tehsil","execution_date":"2024-05-10","registered_owner":"Sunita Sharma / Aditi Verma","seller_name":"Previous Landholder","consideration_amount_inr":"3500000.0","stamp_duty_inr":"210000.0","survey_sketch_id":"FMB-HR-08-0220","cadastral_sheet_no":"SHT-HR-08","surveyed_area_sqm":"2023.43","survey_status":"PENDING","urban_authority":"Wazirabad Tehsil Urban Development & Town Planning Authority","zone_name":"Commercial Core","permitted_land_use":"AGRICULTURAL","building_permission_status":"PENDING","violations_reported":"False","is_encumbered":"True","encumbrance_certificate_number":"EC-HR-00000220-0220","encumbrance_type":"TRIBAL_NON_ALIENATION","financial_institution":"","mortgage_amount":"0.0","created_at":"2026-01-15T09:00:00Z","updated_at":"2026-09-24T11:30:00Z"}},{"type":"Feature","geometry":{"type":"Polygon","coordinates":[[[75.43580148154706,28.954429022283268],[75.48287424257128,28.95620670900666],[75.48956168068324,29.015707881396594],[75.43051187787805,29.01261144980244],[75.43580148154706,28.954429022283268]]]},"properties":{"ulpin":"06629484150219","parcel_id":"5ce4f58d-5ef9-42dd-a85e-f78121647d44","state":"Haryana","state_code":"HR","state_type":"STATE","state_lgd_code":"6","district_lgd_code":"80","district_name":"Gurugram","subdistrict_lgd_code":"620","subdistrict_name":"Wazirabad Tehsil","subdistrict_type":"Tehsil / Taluk","village_lgd_code":"61402","village_name":"Badshahpur","khasra_plot_no":"Murabba 45, Killa 12/2/D221","recorded_area":"4.0","recorded_area_unit":"Kanal-Marla","normalized_area_sqm":"2023.43","gis_area_sqm":"2023.43","land_use_category":"INSTITUTIONAL","land_use_raw":"Gair Mumkin Plotted Commercial","status":"DISPUTED","data_freshness_status":"STALE","scenario_index":"4738","use_case_description":"Archived historical record for audit retrieval","mutation_workflow_status":"SLA_BREACHED","revenue_record_id":"ROR-HR-2025-1008-0221","revenue_record_type":"Jamabandi Nakal (Haryana Jamabandi)","khata_khewat_no":"KHT-58","khatauni_no":"KHN-158","owner_name":"Satish Chand Mittal","owner_name_local":"सतीश चंद मित्तल","co_owners":"","tenure_type":"Waqf / Religious Trust","mutation_status":"DISPUTED","active_mutation_id":"MUT-HR-00000221","tax_demand_status":"PAID","annual_tax_inr":"185.5","deed_number":"DEED-HR-2024-408-0221","deed_type":"Sale Deed / Conveyance","sro_office":"Sub-Registrar Office, Wazirabad Tehsil","execution_date":"2024-05-10","registered_owner":"Sunita Sharma / Aditi Verma","seller_name":"Previous Landholder","consideration_amount_inr":"3500000.0","stamp_duty_inr":"210000.0","survey_sketch_id":"FMB-HR-08-0221","cadastral_sheet_no":"SHT-HR-08","surveyed_area_sqm":"2023.43","survey_status":"DISPUTED","urban_authority":"Wazirabad Tehsil Urban Development & Town Planning Authority","zone_name":"Commercial Core","permitted_land_use":"INSTITUTIONAL","building_permission_status":"REJECTED","violations_reported":"False","is_encumbered":"True","encumbrance_certificate_number":"EC-HR-00000221-0221","encumbrance_type":"LEASE_CHARGE","financial_institution":"","mortgage_amount":"0.0","created_at":"2026-01-15T09:00:00Z","updated_at":"2026-09-24T11:30:00Z"}},{"type":"Feature","geometry":{"type":"Polygon","coordinates":[[[75.14894116993047,28.163443158099717],[75.2045146815096,28.163443158099717],[75.2093306569612,28.21967304323171],[75.13818578956318,28.225329845671766],[75.14894116993047,28.163443158099717]]]},"properties":{"ulpin":"06416685774248","parcel_id":"6333c582-90de-44b5-a573-dc27c11c03cb","state":"Haryana","state_code":"HR","state_type":"STATE","state_lgd_code":"6","district_lgd_code":"80","district_name":"Gurugram","subdistrict_lgd_code":"620","subdistrict_name":"Wazirabad Tehsil","subdistrict_type":"Tehsil / Taluk","village_lgd_code":"61402","village_name":"Badshahpur","khasra_plot_no":"Murabba 45, Killa 12/2/D222","recorded_area":"4.0","recorded_area_unit":"Kanal-Marla","normalized_area_sqm":"2023.43","gis_area_sqm":"2023.43","land_use_category":"FOREST_GREEN_BELT","land_use_raw":"Gair Mumkin Plotted Commercial","status":"ARCHIVED","data_freshness_status":"UNKNOWN","scenario_index":"4739","use_case_description":"Archived historical record for audit retrieval","mutation_workflow_status":"SUBMITTED","revenue_record_id":"ROR-HR-2025-1008-0222","revenue_record_type":"Jamabandi Nakal (Haryana Jamabandi)","khata_khewat_no":"KHT-58","khatauni_no":"KHN-158","owner_name":"Satish Chand Mittal","owner_name_local":"सतीश चंद मित्तल","co_owners":"","tenure_type":"Tribal Community Tenure","mutation_status":"NONE","active_mutation_id":"MUT-HR-00000222","tax_demand_status":"PAID","annual_tax_inr":"185.5","deed_number":"DEED-HR-2024-408-0222","deed_type":"Sale Deed / Conveyance","sro_office":"Sub-Registrar Office, Wazirabad Tehsil","execution_date":"2024-05-10","registered_owner":"Registry Variance Owner 222","seller_name":"Previous Landholder","consideration_amount_inr":"3500000.0","stamp_duty_inr":"210000.0","survey_sketch_id":"FMB-HR-08-0222","cadastral_sheet_no":"SHT-HR-08","surveyed_area_sqm":"2023.43","survey_status":"RESURVEY_REQUIRED","urban_authority":"Wazirabad Tehsil Urban Development & Town Planning Authority","zone_name":"Commercial Core","permitted_land_use":"FOREST_GREEN_BELT","building_permission_status":"NOT_APPLICABLE","violations_reported":"True","is_encumbered":"False","encumbrance_certificate_number":"EC-HR-2024-108-0222","encumbrance_type":"NIL","financial_institution":"","mortgage_amount":"0.0","created_at":"2026-01-15T09:00:00Z","updated_at":"2026-09-24T11:30:00Z"}},{"type":"Feature","geometry":{"type":"Polygon","coordinates":[[[75.64622869929065,28.952005708488947],[75.71888040943179,28.95841917880784],[75.70945366450627,29.01776058211027],[75.65353061583937,29.01925287983046],[75.64622869929065,28.952005708488947]]]},"properties":{"ulpin":"06047851370679","parcel_id":"9360ff03-1a81-4b30-bc44-bfe1cd4e5019","state":"Haryana","state_code":"HR","state_type":"STATE","state_lgd_code":"6","district_lgd_code":"80","district_name":"Gurugram","subdistrict_lgd_code":"620","subdistrict_name":"Wazirabad Tehsil","subdistrict_type":"Tehsil / Taluk","village_lgd_code":"61402","village_name":"Badshahpur","khasra_plot_no":"Murabba 45, Killa 12/2/D223","recorded_area":"4.0","recorded_area_unit":"Kanal-Marla","normalized_area_sqm":"2023.43","gis_area_sqm":"2023.43","land_use_category":"WATER_BODY","land_use_raw":"Gair Mumkin Plotted Commercial","status":"ACTIVE","data_freshness_status":"CURRENT","scenario_index":"4740","use_case_description":"Government revenue lien and tax demand","mutation_workflow_status":"UNDER_VERIFICATION","revenue_record_id":"ROR-HR-2025-1008-0223","revenue_record_type":"Jamabandi Nakal (Haryana Jamabandi)","khata_khewat_no":"KHT-58","khatauni_no":"KHN-158","owner_name":"Satish Chand Mittal","owner_name_local":"सतीश चंद मित्तल","co_owners":"","tenure_type":"Bhumiswami / Raiyati with Transferable Rights","mutation_status":"MUTATED","active_mutation_id":"","tax_demand_status":"PAID","annual_tax_inr":"185.5","deed_number":"DEED-HR-2024-408-0223","deed_type":"Sale Deed / Conveyance","sro_office":"Sub-Registrar Office, Wazirabad Tehsil","execution_date":"2024-05-10","registered_owner":"Sunita Sharma / Aditi Verma","seller_name":"Previous Landholder","consideration_amount_inr":"3500000.0","stamp_duty_inr":"210000.0","survey_sketch_id":"FMB-HR-08-0223","cadastral_sheet_no":"SHT-HR-08","surveyed_area_sqm":"2023.43","survey_status":"SURVEYED","urban_authority":"Wazirabad Tehsil Urban Development & Town Planning Authority","zone_name":"Commercial Core","permitted_land_use":"WATER_BODY","building_permission_status":"SANCTIONED","violations_reported":"False","is_encumbered":"True","encumbrance_certificate_number":"EC-HR-00000223-0223","encumbrance_type":"BANK_MORTGAGE","financial_institution":"","mortgage_amount":"0.0","created_at":"2026-01-15T09:00:00Z","updated_at":"2026-09-24T11:30:00Z"}},{"type":"Feature","geometry":{"type":"Polygon","coordinates":[[[76.35200359608959,28.031320391977577],[76.4072614568041,28.023351078455132],[76.40837569567624,28.079421956670277],[76.36208915612285,28.080608499009106],[76.35200359608959,28.031320391977577]]]},"properties":{"ulpin":"06228223110300","parcel_id":"3f7c5b29-e25b-4680-8e00-b7c631eda1ab","state":"Haryana","state_code":"HR","state_type":"STATE","state_lgd_code":"6","district_lgd_code":"80","district_name":"Gurugram","subdistrict_lgd_code":"620","subdistrict_name":"Wazirabad Tehsil","subdistrict_type":"Tehsil / Taluk","village_lgd_code":"61402","village_name":"Badshahpur","khasra_plot_no":"Murabba 45, Killa 12/2/D224","recorded_area":"4.0","recorded_area_unit":"Kanal-Marla","normalized_area_sqm":"2023.43","gis_area_sqm":"2023.43","land_use_category":"MIXED_USE","land_use_raw":"Gair Mumkin Plotted Commercial","status":"PENDING_MUTATION","data_freshness_status":"STALE","scenario_index":"4741","use_case_description":"Court attachment and disputed possession","mutation_workflow_status":"NOTICE_PERIOD","revenue_record_id":"ROR-HR-2025-1008-0224","revenue_record_type":"Jamabandi Nakal (Haryana Jamabandi)","khata_khewat_no":"KHT-58","khatauni_no":"KHN-158","owner_name":"Satish Chand Mittal","owner_name_local":"सतीश चंद मित्तल","co_owners":"","tenure_type":"Bhumiswami / Freehold","mutation_status":"PENDING","active_mutation_id":"MUT-HR-00000224","tax_demand_status":"PAID","annual_tax_inr":"185.5","deed_number":"DEED-HR-2024-408-0224","deed_type":"Sale Deed / Conveyance","sro_office":"Sub-Registrar Office, Wazirabad Tehsil","execution_date":"2024-05-10","registered_owner":"Sunita Sharma / Aditi Verma","seller_name":"Previous Landholder","consideration_amount_inr":"3500000.0","stamp_duty_inr":"210000.0","survey_sketch_id":"FMB-HR-08-0224","cadastral_sheet_no":"SHT-HR-08","surveyed_area_sqm":"2023.43","survey_status":"PENDING","urban_authority":"Wazirabad Tehsil Urban Development & Town Planning Authority","zone_name":"Commercial Core","permitted_land_use":"MIXED_USE","building_permission_status":"PENDING","violations_reported":"False","is_encumbered":"True","encumbrance_certificate_number":"EC-HR-00000224-0224","encumbrance_type":"GOVT_REVENUE_LIEN","financial_institution":"","mortgage_amount":"0.0","created_at":"2026-01-15T09:00:00Z","updated_at":"2026-09-24T11:30:00Z"}},{"type":"Feature","geometry":{"type":"Polygon","coordinates":[[[75.29454918424733,28.922315992285355],[75.35431266561602,28.922315992285355],[75.35431266561602,28.98588916474637],[75.29538954214073,28.992948161885472],[75.29454918424733,28.922315992285355]]]},"properties":{"ulpin":"06509073132984","parcel_id":"e6e3e670-bf59-477c-a0ed-f39232d79c4e","state":"Haryana","state_code":"HR","state_type":"STATE","state_lgd_code":"6","district_lgd_code":"80","district_name":"Gurugram","subdistrict_lgd_code":"620","subdistrict_name":"Wazirabad Tehsil","subdistrict_type":"Tehsil / Taluk","village_lgd_code":"61402","village_name":"Badshahpur","khasra_plot_no":"Murabba 45, Killa 12/2/D225","recorded_area":"4.0","recorded_area_unit":"Kanal-Marla","normalized_area_sqm":"2023.43","gis_area_sqm":"2023.43","land_use_category":"OTHER","land_use_raw":"Gair Mumkin Plotted Commercial","status":"SUBDIVIDED","data_freshness_status":"UNKNOWN","scenario_index":"4742","use_case_description":"Tribal non-alienation protection review","mutation_workflow_status":"HEARING_SCHEDULED","revenue_record_id":"ROR-HR-2025-1008-0225","revenue_record_type":"Jamabandi Nakal (Haryana Jamabandi)","khata_khewat_no":"KHT-58","khatauni_no":"KHN-158","owner_name":"Satish Chand Mittal","owner_name_local":"सतीश चंद मित्तल","co_owners":"","tenure_type":"Leasehold","mutation_status":"UNMUTATED_TRANSACTION","active_mutation_id":"MUT-HR-00000225","tax_demand_status":"PAID","annual_tax_inr":"185.5","deed_number":"DEED-HR-2024-408-0225","deed_type":"Sale Deed / Conveyance","sro_office":"Sub-Registrar Office, Wazirabad Tehsil","execution_date":"2024-05-10","registered_owner":"Sunita Sharma / Aditi Verma","seller_name":"Previous Landholder","consideration_amount_inr":"3500000.0","stamp_duty_inr":"210000.0","survey_sketch_id":"FMB-HR-08-0225","cadastral_sheet_no":"SHT-HR-08","surveyed_area_sqm":"2023.43","survey_status":"DISPUTED","urban_authority":"Wazirabad Tehsil Urban Development & Town Planning Authority","zone_name":"Commercial Core","permitted_land_use":"OTHER","building_permission_status":"REJECTED","violations_reported":"False","is_encumbered":"True","encumbrance_certificate_number":"EC-HR-00000225-0225","encumbrance_type":"COURT_ATTACHMENT","financial_institution":"","mortgage_amount":"0.0","created_at":"2026-01-15T09:00:00Z","updated_at":"2026-09-24T11:30:00Z"}},{"type":"Feature","geometry":{"type":"Polygon","coordinates":[[[74.80788329944596,29.736345671989483],[74.85241884462934,29.745204583133532],[74.85551599806797,29.789052382661676],[74.80253822226138,29.78962529022193],[74.80788329944596,29.736345671989483]]]},"properties":{"ulpin":"06256414801306","parcel_id":"93edbc5d-7bc7-47c3-91e4-f0799e757231","state":"Haryana","state_code":"HR","state_type":"STATE","state_lgd_code":"6","district_lgd_code":"80","district_name":"Gurugram","subdistrict_lgd_code":"620","subdistrict_name":"Wazirabad Tehsil","subdistrict_type":"Tehsil / Taluk","village_lgd_code":"61402","village_name":"Badshahpur","khasra_plot_no":"Murabba 45, Killa 12/2/D226","recorded_area":"4.0","recorded_area_unit":"Kanal-Marla","normalized_area_sqm":"2023.43","gis_area_sqm":"2023.43","land_use_category":"RESIDENTIAL","land_use_raw":"Gair Mumkin Plotted Commercial","status":"AMALGAMATED","data_freshness_status":"CURRENT","scenario_index":"4743","use_case_description":"Lease charge and institutional tenancy","mutation_workflow_status":"APPROVED","revenue_record_id":"ROR-HR-2025-1008-0226","revenue_record_type":"Jamabandi Nakal (Haryana Jamabandi)","khata_khewat_no":"KHT-58","khatauni_no":"KHN-158","owner_name":"Satish Chand Mittal","owner_name_local":"सतीश चंद मित्तल","co_owners":"","tenure_type":"Government Grant","mutation_status":"REJECTED","active_mutation_id":"MUT-HR-00000226","tax_demand_status":"PAID","annual_tax_inr":"185.5","deed_number":"DEED-HR-2024-408-0226","deed_type":"Sale Deed / Conveyance","sro_office":"Sub-Registrar Office, Wazirabad Tehsil","execution_date":"2024-05-10","registered_owner":"Sunita Sharma / Aditi Verma","seller_name":"Previous Landholder","consideration_amount_inr":"3500000.0","stamp_duty_inr":"210000.0","survey_sketch_id":"FMB-HR-08-0226","cadastral_sheet_no":"SHT-HR-08","surveyed_area_sqm":"2023.43","survey_status":"RESURVEY_REQUIRED","urban_authority":"Wazirabad Tehsil Urban Development & Town Planning Authority","zone_name":"Commercial Core","permitted_land_use":"RESIDENTIAL","building_permission_status":"NOT_APPLICABLE","violations_reported":"False","is_encumbered":"True","encumbrance_certificate_number":"EC-HR-00000226-0226","encumbrance_type":"TRIBAL_NON_ALIENATION","financial_institution":"","mortgage_amount":"0.0","created_at":"2026-01-15T09:00:00Z","updated_at":"2026-09-24T11:30:00Z"}},{"type":"Feature","geometry":{"type":"Polygon","coordinates":[[[76.19235782476746,29.501366465760096],[76.24098168838657,29.503219012207836],[76.24895130934802,29.54804334754147],[76.18850679038735,29.55435042793567],[76.19235782476746,29.501366465760096]]]},"properties":{"ulpin":"06044740079671","parcel_id":"4cad6426-d4c2-490f-974c-8e726c0351d1","state":"Haryana","state_code":"HR","state_type":"STATE","state_lgd_code":"6","district_lgd_code":"80","district_name":"Gurugram","subdistrict_lgd_code":"620","subdistrict_name":"Wazirabad Tehsil","subdistrict_type":"Tehsil / Taluk","village_lgd_code":"61402","village_name":"Badshahpur","khasra_plot_no":"Murabba 45, Killa 12/2/D227","recorded_area":"4.0","recorded_area_unit":"Kanal-Marla","normalized_area_sqm":"2023.43","gis_area_sqm":"2023.43","land_use_category":"COMMERCIAL","land_use_raw":"Gair Mumkin Plotted Commercial","status":"DISPUTED","data_freshness_status":"STALE","scenario_index":"4744","use_case_description":"Subdivision or amalgamation history review","mutation_workflow_status":"REJECTED","revenue_record_id":"ROR-HR-2025-1008-0227","revenue_record_type":"Jamabandi Nakal (Haryana Jamabandi)","khata_khewat_no":"KHT-58","khatauni_no":"KHN-158","owner_name":"Satish Chand Mittal","owner_name_local":"सतीश चंद मित्तल","co_owners":"","tenure_type":"Waqf / Religious Trust","mutation_status":"DISPUTED","active_mutation_id":"MUT-HR-00000227","tax_demand_status":"PAID","annual_tax_inr":"185.5","deed_number":"DEED-HR-2024-408-0227","deed_type":"Sale Deed / Conveyance","sro_office":"Sub-Registrar Office, Wazirabad Tehsil","execution_date":"2024-05-10","registered_owner":"Registry Variance Owner 227","seller_name":"Previous Landholder","consideration_amount_inr":"3500000.0","stamp_duty_inr":"210000.0","survey_sketch_id":"FMB-HR-08-0227","cadastral_sheet_no":"SHT-HR-08","surveyed_area_sqm":"2023.43","survey_status":"SURVEYED","urban_authority":"Wazirabad Tehsil Urban Development & Town Planning Authority","zone_name":"Commercial Core","permitted_land_use":"COMMERCIAL","building_permission_status":"SANCTIONED","violations_reported":"False","is_encumbered":"True","encumbrance_certificate_number":"EC-HR-00000227-0227","encumbrance_type":"LEASE_CHARGE","financial_institution":"","mortgage_amount":"0.0","created_at":"2026-01-15T09:00:00Z","updated_at":"2026-09-24T11:30:00Z"}},{"type":"Feature","geometry":{"type":"Polygon","coordinates":[[[75.54576169787839,28.906247891093738],[75.60306922793126,28.906247891093738],[75.58835510594244,28.954987725282823],[75.54034077872566,28.955744431412956],[75.54576169787839,28.906247891093738]]]},"properties":{"ulpin":"06946413821029","parcel_id":"431c0f25-a551-4694-8841-a7ee2424c88f","state":"Haryana","state_code":"HR","state_type":"STATE","state_lgd_code":"6","district_lgd_code":"80","district_name":"Gurugram","subdistrict_lgd_code":"620","subdistrict_name":"Wazirabad Tehsil","subdistrict_type":"Tehsil / Taluk","village_lgd_code":"61402","village_name":"Badshahpur","khasra_plot_no":"Murabba 45, Killa 12/2/D228","recorded_area":"4.0","recorded_area_unit":"Kanal-Marla","normalized_area_sqm":"2023.43","gis_area_sqm":"2023.43","land_use_category":"INDUSTRIAL","land_use_raw":"Gair Mumkin Plotted Commercial","status":"ARCHIVED","data_freshness_status":"UNKNOWN","scenario_index":"4745","use_case_description":"Cadastral area discrepancy requiring resurvey","mutation_workflow_status":"SLA_BREACHED","revenue_record_id":"ROR-HR-2025-1008-0228","revenue_record_type":"Jamabandi Nakal (Haryana Jamabandi)","khata_khewat_no":"KHT-58","khatauni_no":"KHN-158","owner_name":"Satish Chand Mittal","owner_name_local":"सतीश चंद मित्तल","co_owners":"","tenure_type":"Tribal Community Tenure","mutation_status":"NONE","active_mutation_id":"MUT-HR-00000228","tax_demand_status":"PAID","annual_tax_inr":"185.5","deed_number":"DEED-HR-2024-408-0228","deed_type":"Sale Deed / Conveyance","sro_office":"Sub-Registrar Office, Wazirabad Tehsil","execution_date":"2024-05-10","registered_owner":"Sunita Sharma / Aditi Verma","seller_name":"Previous Landholder","consideration_amount_inr":"3500000.0","stamp_duty_inr":"210000.0","survey_sketch_id":"FMB-HR-08-0228","cadastral_sheet_no":"SHT-HR-08","surveyed_area_sqm":"2023.43","survey_status":"PENDING","urban_authority":"Wazirabad Tehsil Urban Development & Town Planning Authority","zone_name":"Commercial Core","permitted_land_use":"INDUSTRIAL","building_permission_status":"PENDING","violations_reported":"False","is_encumbered":"False","encumbrance_certificate_number":"EC-HR-2024-108-0228","encumbrance_type":"NIL","financial_institution":"","mortgage_amount":"0.0","created_at":"2026-01-15T09:00:00Z","updated_at":"2026-09-24T11:30:00Z"}},{"type":"Feature","geometry":{"type":"Polygon","coordinates":[[[75.009516954869,29.691175762760007],[75.04894577076539,29.696223041119577],[75.04923178603863,29.745677121884103],[74.99775216185397,29.74449720606508],[75.009516954869,29.691175762760007]]]},"properties":{"ulpin":"06175828188427","parcel_id":"7439dd21-be14-4609-a323-c120c29f461a","state":"Haryana","state_code":"HR","state_type":"STATE","state_lgd_code":"6","district_lgd_code":"80","district_name":"Gurugram","subdistrict_lgd_code":"620","subdistrict_name":"Wazirabad Tehsil","subdistrict_type":"Tehsil / Taluk","village_lgd_code":"61402","village_name":"Badshahpur","khasra_plot_no":"Murabba 45, Killa 12/2/D229","recorded_area":"4.0","recorded_area_unit":"Kanal-Marla","normalized_area_sqm":"2023.43","gis_area_sqm":"2023.43","land_use_category":"AGRICULTURAL","land_use_raw":"Gair Mumkin Plotted Commercial","status":"ACTIVE","data_freshness_status":"CURRENT","scenario_index":"4746","use_case_description":"Bank mortgage and active encumbrance","mutation_workflow_status":"SUBMITTED","revenue_record_id":"ROR-HR-2025-1008-0229","revenue_record_type":"Jamabandi Nakal (Haryana Jamabandi)","khata_khewat_no":"KHT-58","khatauni_no":"KHN-158","owner_name":"Satish Chand Mittal","owner_name_local":"सतीश चंद मित्तल","co_owners":"","tenure_type":"Bhumiswami / Raiyati with Transferable Rights","mutation_status":"MUTATED","active_mutation_id":"","tax_demand_status":"PAID","annual_tax_inr":"185.5","deed_number":"DEED-HR-2024-408-0229","deed_type":"Sale Deed / Conveyance","sro_office":"Sub-Registrar Office, Wazirabad Tehsil","execution_date":"2024-05-10","registered_owner":"Sunita Sharma / Aditi Verma","seller_name":"Previous Landholder","consideration_amount_inr":"3500000.0","stamp_duty_inr":"210000.0","survey_sketch_id":"FMB-HR-08-0229","cadastral_sheet_no":"SHT-HR-08","surveyed_area_sqm":"2023.43","survey_status":"DISPUTED","urban_authority":"Wazirabad Tehsil Urban Development & Town Planning Authority","zone_name":"Commercial Core","permitted_land_use":"AGRICULTURAL","building_permission_status":"REJECTED","violations_reported":"True","is_encumbered":"True","encumbrance_certificate_number":"EC-HR-00000229-0229","encumbrance_type":"BANK_MORTGAGE","financial_institution":"","mortgage_amount":"0.0","created_at":"2026-01-15T09:00:00Z","updated_at":"2026-09-24T11:30:00Z"}},{"type":"Feature","geometry":{"type":"Polygon","coordinates":[[[74.86103420083994,29.515539597620812],[74.90977817402835,29.51651386181498],[74.90583912681555,29.56796410161629],[74.8580254821372,29.57181030040616],[74.86103420083994,29.515539597620812]]]},"properties":{"ulpin":"06916889413517","parcel_id":"a8e7e2d7-434e-47b3-b00f-d8ee3b1e8a74","state":"Haryana","state_code":"HR","state_type":"STATE","state_lgd_code":"6","district_lgd_code":"80","district_name":"Gurugram","subdistrict_lgd_code":"620","subdistrict_name":"Wazirabad Tehsil","subdistrict_type":"Tehsil / Taluk","village_lgd_code":"61402","village_name":"Badshahpur","khasra_plot_no":"Murabba 45, Killa 12/2/D230","recorded_area":"4.0","recorded_area_unit":"Kanal-Marla","normalized_area_sqm":"2023.43","gis_area_sqm":"2023.43","land_use_category":"INSTITUTIONAL","land_use_raw":"Gair Mumkin Plotted Commercial","status":"PENDING_MUTATION","data_freshness_status":"STALE","scenario_index":"4747","use_case_description":"Government revenue lien and tax demand","mutation_workflow_status":"UNDER_VERIFICATION","revenue_record_id":"ROR-HR-2025-1008-0230","revenue_record_type":"Jamabandi Nakal (Haryana Jamabandi)","khata_khewat_no":"KHT-58","khatauni_no":"KHN-158","owner_name":"Satish Chand Mittal","owner_name_local":"सतीश चंद मित्तल","co_owners":"","tenure_type":"Bhumiswami / Freehold","mutation_status":"PENDING","active_mutation_id":"MUT-HR-00000230","tax_demand_status":"PAID","annual_tax_inr":"185.5","deed_number":"DEED-HR-2024-408-0230","deed_type":"Sale Deed / Conveyance","sro_office":"Sub-Registrar Office, Wazirabad Tehsil","execution_date":"2024-05-10","registered_owner":"Sunita Sharma / Aditi Verma","seller_name":"Previous Landholder","consideration_amount_inr":"3500000.0","stamp_duty_inr":"210000.0","survey_sketch_id":"FMB-HR-08-0230","cadastral_sheet_no":"SHT-HR-08","surveyed_area_sqm":"2023.43","survey_status":"RESURVEY_REQUIRED","urban_authority":"Wazirabad Tehsil Urban Development & Town Planning Authority","zone_name":"Commercial Core","permitted_land_use":"INSTITUTIONAL","building_permission_status":"NOT_APPLICABLE","violations_reported":"False","is_encumbered":"True","encumbrance_certificate_number":"EC-HR-00000230-0230","encumbrance_type":"GOVT_REVENUE_LIEN","financial_institution":"","mortgage_amount":"0.0","created_at":"2026-01-15T09:00:00Z","updated_at":"2026-09-24T11:30:00Z"}},{"type":"Feature","geometry":{"type":"Polygon","coordinates":[[[76.40935786892607,28.20998166553179],[76.45179855272929,28.221211536556797],[76.45317045080218,28.270205908922502],[76.40578007786463,28.259189781691617],[76.40935786892607,28.20998166553179]]]},"properties":{"ulpin":"06412209435826","parcel_id":"7d408b03-ddac-43b2-8acc-af582d986762","state":"Haryana","state_code":"HR","state_type":"STATE","state_lgd_code":"6","district_lgd_code":"80","district_name":"Gurugram","subdistrict_lgd_code":"620","subdistrict_name":"Wazirabad Tehsil","subdistrict_type":"Tehsil / Taluk","village_lgd_code":"61402","village_name":"Badshahpur","khasra_plot_no":"Murabba 45, Killa 12/2/D231","recorded_area":"4.0","recorded_area_unit":"Kanal-Marla","normalized_area_sqm":"2023.43","gis_area_sqm":"2023.43","land_use_category":"FOREST_GREEN_BELT","land_use_raw":"Gair Mumkin Plotted Commercial","status":"SUBDIVIDED","data_freshness_status":"UNKNOWN","scenario_index":"4748","use_case_description":"Court attachment and disputed possession","mutation_workflow_status":"NOTICE_PERIOD","revenue_record_id":"ROR-HR-2025-1008-0231","revenue_record_type":"Jamabandi Nakal (Haryana Jamabandi)","khata_khewat_no":"KHT-58","khatauni_no":"KHN-158","owner_name":"Satish Chand Mittal","owner_name_local":"सतीश चंद मित्तल","co_owners":"","tenure_type":"Leasehold","mutation_status":"UNMUTATED_TRANSACTION","active_mutation_id":"MUT-HR-00000231","tax_demand_status":"PAID","annual_tax_inr":"185.5","deed_number":"DEED-HR-2024-408-0231","deed_type":"Sale Deed / Conveyance","sro_office":"Sub-Registrar Office, Wazirabad Tehsil","execution_date":"2024-05-10","registered_owner":"Sunita Sharma / Aditi Verma","seller_name":"Previous Landholder","consideration_amount_inr":"3500000.0","stamp_duty_inr":"210000.0","survey_sketch_id":"FMB-HR-08-0231","cadastral_sheet_no":"SHT-HR-08","surveyed_area_sqm":"2023.43","survey_status":"SURVEYED","urban_authority":"Wazirabad Tehsil Urban Development & Town Planning Authority","zone_name":"Commercial Core","permitted_land_use":"FOREST_GREEN_BELT","building_permission_status":"SANCTIONED","violations_reported":"False","is_encumbered":"True","encumbrance_certificate_number":"EC-HR-00000231-0231","encumbrance_type":"COURT_ATTACHMENT","financial_institution":"","mortgage_amount":"0.0","created_at":"2026-01-15T09:00:00Z","updated_at":"2026-09-24T11:30:00Z"}},{"type":"Feature","geometry":{"type":"Polygon","coordinates":[[[74.93343719882644,29.17393969137854],[75.00119970080006,29.174154303104494],[74.99175478596473,29.238632144594348],[74.93568791528818,29.22587867003276],[74.93343719882644,29.17393969137854]]]},"properties":{"ulpin":"06721749614458","parcel_id":"79859007-7921-44d7-8c0a-94a71e403153","state":"Haryana","state_code":"HR","state_type":"STATE","state_lgd_code":"6","district_lgd_code":"80","district_name":"Gurugram","subdistrict_lgd_code":"620","subdistrict_name":"Wazirabad Tehsil","subdistrict_type":"Tehsil / Taluk","village_lgd_code":"61402","village_name":"Badshahpur","khasra_plot_no":"Murabba 45, Killa 12/2/D232","recorded_area":"4.0","recorded_area_unit":"Kanal-Marla","normalized_area_sqm":"2023.43","gis_area_sqm":"2023.43","land_use_category":"WATER_BODY","land_use_raw":"Gair Mumkin Plotted Commercial","status":"AMALGAMATED","data_freshness_status":"CURRENT","scenario_index":"4749","use_case_description":"Tribal non-alienation protection review","mutation_workflow_status":"HEARING_SCHEDULED","revenue_record_id":"ROR-HR-2025-1008-0232","revenue_record_type":"Jamabandi Nakal (Haryana Jamabandi)","khata_khewat_no":"KHT-58","khatauni_no":"KHN-158","owner_name":"Satish Chand Mittal","owner_name_local":"सतीश चंद मित्तल","co_owners":"","tenure_type":"Government Grant","mutation_status":"REJECTED","active_mutation_id":"MUT-HR-00000232","tax_demand_status":"PAID","annual_tax_inr":"185.5","deed_number":"DEED-HR-2024-408-0232","deed_type":"Sale Deed / Conveyance","sro_office":"Sub-Registrar Office, Wazirabad Tehsil","execution_date":"2024-05-10","registered_owner":"Registry Variance Owner 232","seller_name":"Previous Landholder","consideration_amount_inr":"3500000.0","stamp_duty_inr":"210000.0","survey_sketch_id":"FMB-HR-08-0232","cadastral_sheet_no":"SHT-HR-08","surveyed_area_sqm":"2023.43","survey_status":"PENDING","urban_authority":"Wazirabad Tehsil Urban Development & Town Planning Authority","zone_name":"Commercial Core","permitted_land_use":"WATER_BODY","building_permission_status":"PENDING","violations_reported":"False","is_encumbered":"True","encumbrance_certificate_number":"EC-HR-00000232-0232","encumbrance_type":"TRIBAL_NON_ALIENATION","financial_institution":"","mortgage_amount":"0.0","created_at":"2026-01-15T09:00:00Z","updated_at":"2026-09-24T11:30:00Z"}},{"type":"Feature","geometry":{"type":"Polygon","coordinates":[[[76.3022086588034,28.02922797170558],[76.35200359608959,28.031320391977577],[76.36208915612285,28.080608499009106],[76.29909926385729,28.07362891866576],[76.3022086588034,28.02922797170558]]]},"properties":{"ulpin":"06106057864574","parcel_id":"ed9e943e-036f-497a-9233-404f9471da91","state":"Haryana","state_code":"HR","state_type":"STATE","state_lgd_code":"6","district_lgd_code":"80","district_name":"Gurugram","subdistrict_lgd_code":"620","subdistrict_name":"Wazirabad Tehsil","subdistrict_type":"Tehsil / Taluk","village_lgd_code":"61402","village_name":"Badshahpur","khasra_plot_no":"Murabba 45, Killa 12/2/D233","recorded_area":"4.0","recorded_area_unit":"Kanal-Marla","normalized_area_sqm":"2023.43","gis_area_sqm":"2023.43","land_use_category":"MIXED_USE","land_use_raw":"Gair Mumkin Plotted Commercial","status":"DISPUTED","data_freshness_status":"STALE","scenario_index":"4750","use_case_description":"Lease charge and institutional tenancy","mutation_workflow_status":"APPROVED","revenue_record_id":"ROR-HR-2025-1008-0233","revenue_record_type":"Jamabandi Nakal (Haryana Jamabandi)","khata_khewat_no":"KHT-58","khatauni_no":"KHN-158","owner_name":"Satish Chand Mittal","owner_name_local":"सतीश चंद मित्तल","co_owners":"","tenure_type":"Waqf / Religious Trust","mutation_status":"DISPUTED","active_mutation_id":"MUT-HR-00000233","tax_demand_status":"PAID","annual_tax_inr":"185.5","deed_number":"DEED-HR-2024-408-0233","deed_type":"Sale Deed / Conveyance","sro_office":"Sub-Registrar Office, Wazirabad Tehsil","execution_date":"2024-05-10","registered_owner":"Sunita Sharma / Aditi Verma","seller_name":"Previous Landholder","consideration_amount_inr":"3500000.0","stamp_duty_inr":"210000.0","survey_sketch_id":"FMB-HR-08-0233","cadastral_sheet_no":"SHT-HR-08","surveyed_area_sqm":"2023.43","survey_status":"DISPUTED","urban_authority":"Wazirabad Tehsil Urban Development & Town Planning Authority","zone_name":"Commercial Core","permitted_land_use":"MIXED_USE","building_permission_status":"REJECTED","violations_reported":"False","is_encumbered":"True","encumbrance_certificate_number":"EC-HR-00000233-0233","encumbrance_type":"LEASE_CHARGE","financial_institution":"","mortgage_amount":"0.0","created_at":"2026-01-15T09:00:00Z","updated_at":"2026-09-24T11:30:00Z"}},{"type":"Feature","geometry":{"type":"Polygon","coordinates":[[[75.53707105098022,28.112178204315942],[75.60613501341317,28.101662633334275],[75.59361528452105,28.163728072953973],[75.53679557789447,28.154692806365293],[75.53707105098022,28.112178204315942]]]},"properties":{"ulpin":"06381052902902","parcel_id":"7cdcc94d-33b8-40cd-91c7-6b7447173e13","state":"Haryana","state_code":"HR","state_type":"STATE","state_lgd_code":"6","district_lgd_code":"80","district_name":"Gurugram","subdistrict_lgd_code":"620","subdistrict_name":"Wazirabad Tehsil","subdistrict_type":"Tehsil / Taluk","village_lgd_code":"61402","village_name":"Badshahpur","khasra_plot_no":"Murabba 45, Killa 12/2/D234","recorded_area":"4.0","recorded_area_unit":"Kanal-Marla","normalized_area_sqm":"2023.43","gis_area_sqm":"2023.43","land_use_category":"OTHER","land_use_raw":"Gair Mumkin Plotted Commercial","status":"ARCHIVED","data_freshness_status":"UNKNOWN","scenario_index":"4751","use_case_description":"Tribal non-alienation protection review","mutation_workflow_status":"REJECTED","revenue_record_id":"ROR-HR-2025-1008-0234","revenue_record_type":"Jamabandi Nakal (Haryana Jamabandi)","khata_khewat_no":"KHT-58","khatauni_no":"KHN-158","owner_name":"Satish Chand Mittal","owner_name_local":"सतीश चंद मित्तल","co_owners":"","tenure_type":"Tribal Community Tenure","mutation_status":"NONE","active_mutation_id":"MUT-HR-00000234","tax_demand_status":"PAID","annual_tax_inr":"185.5","deed_number":"DEED-HR-2024-408-0234","deed_type":"Sale Deed / Conveyance","sro_office":"Sub-Registrar Office, Wazirabad Tehsil","execution_date":"2024-05-10","registered_owner":"Sunita Sharma / Aditi Verma","seller_name":"Previous Landholder","consideration_amount_inr":"3500000.0","stamp_duty_inr":"210000.0","survey_sketch_id":"FMB-HR-08-0234","cadastral_sheet_no":"SHT-HR-08","surveyed_area_sqm":"2023.43","survey_status":"RESURVEY_REQUIRED","urban_authority":"Wazirabad Tehsil Urban Development & Town Planning Authority","zone_name":"Commercial Core","permitted_land_use":"OTHER","building_permission_status":"NOT_APPLICABLE","violations_reported":"False","is_encumbered":"False","encumbrance_certificate_number":"EC-HR-2024-108-0234","encumbrance_type":"NIL","financial_institution":"","mortgage_amount":"0.0","created_at":"2026-01-15T09:00:00Z","updated_at":"2026-09-24T11:30:00Z"}},{"type":"Feature","geometry":{"type":"Polygon","coordinates":[[[76.24667906162973,28.127035912209447],[76.30199016600147,28.12710158351959],[76.30722280190014,28.1746228068517],[76.25432011790464,28.173160232091373],[76.24667906162973,28.127035912209447]]]},"properties":{"ulpin":"06667951370387","parcel_id":"c13674e7-b93e-4d41-ac37-7273596344e3","state":"Haryana","state_code":"HR","state_type":"STATE","state_lgd_code":"6","district_lgd_code":"80","district_name":"Gurugram","subdistrict_lgd_code":"620","subdistrict_name":"Wazirabad Tehsil","subdistrict_type":"Tehsil / Taluk","village_lgd_code":"61402","village_name":"Badshahpur","khasra_plot_no":"Murabba 45, Killa 12/2/D235","recorded_area":"4.0","recorded_area_unit":"Kanal-Marla","normalized_area_sqm":"2023.43","gis_area_sqm":"2023.43","land_use_category":"RESIDENTIAL","land_use_raw":"Gair Mumkin Plotted Commercial","status":"ACTIVE","data_freshness_status":"CURRENT","scenario_index":"4752","use_case_description":"Archived historical record for audit retrieval","mutation_workflow_status":"SLA_BREACHED","revenue_record_id":"ROR-HR-2025-1008-0235","revenue_record_type":"Jamabandi Nakal (Haryana Jamabandi)","khata_khewat_no":"KHT-58","khatauni_no":"KHN-158","owner_name":"Satish Chand Mittal","owner_name_local":"सतीश चंद मित्तल","co_owners":"","tenure_type":"Bhumiswami / Raiyati with Transferable Rights","mutation_status":"MUTATED","active_mutation_id":"","tax_demand_status":"PAID","annual_tax_inr":"185.5","deed_number":"DEED-HR-2024-408-0235","deed_type":"Sale Deed / Conveyance","sro_office":"Sub-Registrar Office, Wazirabad Tehsil","execution_date":"2024-05-10","registered_owner":"Sunita Sharma / Aditi Verma","seller_name":"Previous Landholder","consideration_amount_inr":"3500000.0","stamp_duty_inr":"210000.0","survey_sketch_id":"FMB-HR-08-0235","cadastral_sheet_no":"SHT-HR-08","surveyed_area_sqm":"2023.43","survey_status":"SURVEYED","urban_authority":"Wazirabad Tehsil Urban Development & Town Planning Authority","zone_name":"Commercial Core","permitted_land_use":"RESIDENTIAL","building_permission_status":"SANCTIONED","violations_reported":"False","is_encumbered":"True","encumbrance_certificate_number":"EC-HR-00000235-0235","encumbrance_type":"BANK_MORTGAGE","financial_institution":"","mortgage_amount":"0.0","created_at":"2026-01-15T09:00:00Z","updated_at":"2026-09-24T11:30:00Z"}},{"type":"Feature","geometry":{"type":"Polygon","coordinates":[[[75.73910689842617,28.33181855588419],[75.78577124861172,28.318591898031944],[75.78680102768278,28.3721025077325],[75.73960509433275,28.381836032659294],[75.73910689842617,28.33181855588419]]]},"properties":{"ulpin":"06512497511472","parcel_id":"3f18169e-f4f8-49da-804c-62e80e0fceb1","state":"Haryana","state_code":"HR","state_type":"STATE","state_lgd_code":"6","district_lgd_code":"80","district_name":"Gurugram","subdistrict_lgd_code":"620","subdistrict_name":"Wazirabad Tehsil","subdistrict_type":"Tehsil / Taluk","village_lgd_code":"61402","village_name":"Badshahpur","khasra_plot_no":"Murabba 45, Killa 12/2/D236","recorded_area":"4.0","recorded_area_unit":"Kanal-Marla","normalized_area_sqm":"2023.43","gis_area_sqm":"2023.43","land_use_category":"COMMERCIAL","land_use_raw":"Gair Mumkin Plotted Commercial","status":"PENDING_MUTATION","data_freshness_status":"STALE","scenario_index":"4753","use_case_description":"Bank mortgage and active encumbrance","mutation_workflow_status":"SUBMITTED","revenue_record_id":"ROR-HR-2025-1008-0236","revenue_record_type":"Jamabandi Nakal (Haryana Jamabandi)","khata_khewat_no":"KHT-58","khatauni_no":"KHN-158","owner_name":"Satish Chand Mittal","owner_name_local":"सतीश चंद मित्तल","co_owners":"","tenure_type":"Bhumiswami / Freehold","mutation_status":"PENDING","active_mutation_id":"MUT-HR-00000236","tax_demand_status":"PAID","annual_tax_inr":"185.5","deed_number":"DEED-HR-2024-408-0236","deed_type":"Sale Deed / Conveyance","sro_office":"Sub-Registrar Office, Wazirabad Tehsil","execution_date":"2024-05-10","registered_owner":"Sunita Sharma / Aditi Verma","seller_name":"Previous Landholder","consideration_amount_inr":"3500000.0","stamp_duty_inr":"210000.0","survey_sketch_id":"FMB-HR-08-0236","cadastral_sheet_no":"SHT-HR-08","surveyed_area_sqm":"2023.43","survey_status":"PENDING","urban_authority":"Wazirabad Tehsil Urban Development & Town Planning Authority","zone_name":"Commercial Core","permitted_land_use":"COMMERCIAL","building_permission_status":"PENDING","violations_reported":"True","is_encumbered":"True","encumbrance_certificate_number":"EC-HR-00000236-0236","encumbrance_type":"GOVT_REVENUE_LIEN","financial_institution":"","mortgage_amount":"0.0","created_at":"2026-01-15T09:00:00Z","updated_at":"2026-09-24T11:30:00Z"}},{"type":"Feature","geometry":{"type":"Polygon","coordinates":[[[75.01941165635549,28.26770389525795],[75.07136703860895,28.27861095994106],[75.07028522148943,28.323471365581028],[75.01673615500017,28.326505871938263],[75.01941165635549,28.26770389525795]]]},"properties":{"ulpin":"06991736956084","parcel_id":"f68b5045-810a-417b-ac67-875f70b66cc0","state":"Haryana","state_code":"HR","state_type":"STATE","state_lgd_code":"6","district_lgd_code":"80","district_name":"Gurugram","subdistrict_lgd_code":"620","subdistrict_name":"Wazirabad Tehsil","subdistrict_type":"Tehsil / Taluk","village_lgd_code":"61402","village_name":"Badshahpur","khasra_plot_no":"Murabba 45, Killa 12/2/D237","recorded_area":"4.0","recorded_area_unit":"Kanal-Marla","normalized_area_sqm":"2023.43","gis_area_sqm":"2023.43","land_use_category":"INDUSTRIAL","land_use_raw":"Gair Mumkin Plotted Commercial","status":"SUBDIVIDED","data_freshness_status":"UNKNOWN","scenario_index":"4754","use_case_description":"Government revenue lien and tax demand","mutation_workflow_status":"UNDER_VERIFICATION","revenue_record_id":"ROR-HR-2025-1008-0237","revenue_record_type":"Jamabandi Nakal (Haryana Jamabandi)","khata_khewat_no":"KHT-58","khatauni_no":"KHN-158","owner_name":"Satish Chand Mittal","owner_name_local":"सतीश चंद मित्तल","co_owners":"","tenure_type":"Leasehold","mutation_status":"UNMUTATED_TRANSACTION","active_mutation_id":"MUT-HR-00000237","tax_demand_status":"PAID","annual_tax_inr":"185.5","deed_number":"DEED-HR-2024-408-0237","deed_type":"Sale Deed / Conveyance","sro_office":"Sub-Registrar Office, Wazirabad Tehsil","execution_date":"2024-05-10","registered_owner":"Registry Variance Owner 237","seller_name":"Previous Landholder","consideration_amount_inr":"3500000.0","stamp_duty_inr":"210000.0","survey_sketch_id":"FMB-HR-08-0237","cadastral_sheet_no":"SHT-HR-08","surveyed_area_sqm":"2023.43","survey_status":"DISPUTED","urban_authority":"Wazirabad Tehsil Urban Development & Town Planning Authority","zone_name":"Commercial Core","permitted_land_use":"INDUSTRIAL","building_permission_status":"REJECTED","violations_reported":"False","is_encumbered":"True","encumbrance_certificate_number":"EC-HR-00000237-0237","encumbrance_type":"COURT_ATTACHMENT","financial_institution":"","mortgage_amount":"0.0","created_at":"2026-01-15T09:00:00Z","updated_at":"2026-09-24T11:30:00Z"}},{"type":"Feature","geometry":{"type":"Polygon","coordinates":[[[76.24098168838657,29.503219012207836],[76.3090641243192,29.498503069931232],[76.3022284109438,29.553973839597514],[76.24895130934802,29.54804334754147],[76.24098168838657,29.503219012207836]]]},"properties":{"ulpin":"06295319161808","parcel_id":"aba6eedd-b54a-4735-a77a-bbe40f7e2f3e","state":"Haryana","state_code":"HR","state_type":"STATE","state_lgd_code":"6","district_lgd_code":"80","district_name":"Gurugram","subdistrict_lgd_code":"620","subdistrict_name":"Wazirabad Tehsil","subdistrict_type":"Tehsil / Taluk","village_lgd_code":"61402","village_name":"Badshahpur","khasra_plot_no":"Murabba 45, Killa 12/2/D238","recorded_area":"4.0","recorded_area_unit":"Kanal-Marla","normalized_area_sqm":"2023.43","gis_area_sqm":"2023.43","land_use_category":"AGRICULTURAL","land_use_raw":"Gair Mumkin Plotted Commercial","status":"AMALGAMATED","data_freshness_status":"CURRENT","scenario_index":"4755","use_case_description":"Court attachment and disputed possession","mutation_workflow_status":"NOTICE_PERIOD","revenue_record_id":"ROR-HR-2025-1008-0238","revenue_record_type":"Jamabandi Nakal (Haryana Jamabandi)","khata_khewat_no":"KHT-58","khatauni_no":"KHN-158","owner_name":"Satish Chand Mittal","owner_name_local":"सतीश चंद मित्तल","co_owners":"","tenure_type":"Government Grant","mutation_status":"REJECTED","active_mutation_id":"MUT-HR-00000238","tax_demand_status":"PAID","annual_tax_inr":"185.5","deed_number":"DEED-HR-2024-408-0238","deed_type":"Sale Deed / Conveyance","sro_office":"Sub-Registrar Office, Wazirabad Tehsil","execution_date":"2024-05-10","registered_owner":"Sunita Sharma / Aditi Verma","seller_name":"Previous Landholder","consideration_amount_inr":"3500000.0","stamp_duty_inr":"210000.0","survey_sketch_id":"FMB-HR-08-0238","cadastral_sheet_no":"SHT-HR-08","surveyed_area_sqm":"2023.43","survey_status":"RESURVEY_REQUIRED","urban_authority":"Wazirabad Tehsil Urban Development & Town Planning Authority","zone_name":"Commercial Core","permitted_land_use":"AGRICULTURAL","building_permission_status":"NOT_APPLICABLE","violations_reported":"False","is_encumbered":"True","encumbrance_certificate_number":"EC-HR-00000238-0238","encumbrance_type":"TRIBAL_NON_ALIENATION","financial_institution":"","mortgage_amount":"0.0","created_at":"2026-01-15T09:00:00Z","updated_at":"2026-09-24T11:30:00Z"}},{"type":"Feature","geometry":{"type":"Polygon","coordinates":[[[75.60232678870419,28.487176996740256],[75.6735453518928,28.486642508602323],[75.65760443070802,28.539850183279654],[75.6080463634811,28.54556970595317],[75.60232678870419,28.487176996740256]]]},"properties":{"ulpin":"06420593679162","parcel_id":"5ade99d7-c56f-43dc-95b2-963c481c92a3","state":"Haryana","state_code":"HR","state_type":"STATE","state_lgd_code":"6","district_lgd_code":"80","district_name":"Gurugram","subdistrict_lgd_code":"620","subdistrict_name":"Wazirabad Tehsil","subdistrict_type":"Tehsil / Taluk","village_lgd_code":"61402","village_name":"Badshahpur","khasra_plot_no":"Murabba 45, Killa 12/2/D239","recorded_area":"4.0","recorded_area_unit":"Kanal-Marla","normalized_area_sqm":"2023.43","gis_area_sqm":"2023.43","land_use_category":"INSTITUTIONAL","land_use_raw":"Gair Mumkin Plotted Commercial","status":"DISPUTED","data_freshness_status":"STALE","scenario_index":"4756","use_case_description":"Tribal non-alienation protection review","mutation_workflow_status":"HEARING_SCHEDULED","revenue_record_id":"ROR-HR-2025-1008-0239","revenue_record_type":"Jamabandi Nakal (Haryana Jamabandi)","khata_khewat_no":"KHT-58","khatauni_no":"KHN-158","owner_name":"Satish Chand Mittal","owner_name_local":"सतीश चंद मित्तल","co_owners":"","tenure_type":"Waqf / Religious Trust","mutation_status":"DISPUTED","active_mutation_id":"MUT-HR-00000239","tax_demand_status":"PAID","annual_tax_inr":"185.5","deed_number":"DEED-HR-2024-408-0239","deed_type":"Sale Deed / Conveyance","sro_office":"Sub-Registrar Office, Wazirabad Tehsil","execution_date":"2024-05-10","registered_owner":"Sunita Sharma / Aditi Verma","seller_name":"Previous Landholder","consideration_amount_inr":"3500000.0","stamp_duty_inr":"210000.0","survey_sketch_id":"FMB-HR-08-0239","cadastral_sheet_no":"SHT-HR-08","surveyed_area_sqm":"2023.43","survey_status":"SURVEYED","urban_authority":"Wazirabad Tehsil Urban Development & Town Planning Authority","zone_name":"Commercial Core","permitted_land_use":"INSTITUTIONAL","building_permission_status":"SANCTIONED","violations_reported":"False","is_encumbered":"True","encumbrance_certificate_number":"EC-HR-00000239-0239","encumbrance_type":"LEASE_CHARGE","financial_institution":"","mortgage_amount":"0.0","created_at":"2026-01-15T09:00:00Z","updated_at":"2026-09-24T11:30:00Z"}},{"type":"Feature","geometry":{"type":"Polygon","coordinates":[[[75.70920610563739,29.228476256789936],[75.76239583885487,29.228707604497725],[75.76569124069309,29.27660229880291],[75.70490025427692,29.27550458637108],[75.70920610563739,29.228476256789936]]]},"properties":{"ulpin":"06135224815122","parcel_id":"4d52a627-f380-4d68-b49f-d587b8549479","state":"Haryana","state_code":"HR","state_type":"STATE","state_lgd_code":"6","district_lgd_code":"80","district_name":"Gurugram","subdistrict_lgd_code":"620","subdistrict_name":"Wazirabad Tehsil","subdistrict_type":"Tehsil / Taluk","village_lgd_code":"61402","village_name":"Badshahpur","khasra_plot_no":"Murabba 45, Killa 12/2/D240","recorded_area":"4.0","recorded_area_unit":"Kanal-Marla","normalized_area_sqm":"2023.43","gis_area_sqm":"2023.43","land_use_category":"FOREST_GREEN_BELT","land_use_raw":"Gair Mumkin Plotted Commercial","status":"ARCHIVED","data_freshness_status":"UNKNOWN","scenario_index":"4757","use_case_description":"Pending sale mutation within statutory SLA","mutation_workflow_status":"APPROVED","revenue_record_id":"ROR-HR-2025-1008-0240","revenue_record_type":"Jamabandi Nakal (Haryana Jamabandi)","khata_khewat_no":"KHT-58","khatauni_no":"KHN-158","owner_name":"Satish Chand Mittal","owner_name_local":"सतीश चंद मित्तल","co_owners":"","tenure_type":"Tribal Community Tenure","mutation_status":"NONE","active_mutation_id":"MUT-HR-00000240","tax_demand_status":"PAID","annual_tax_inr":"185.5","deed_number":"DEED-HR-2024-408-0240","deed_type":"Sale Deed / Conveyance","sro_office":"Sub-Registrar Office, Wazirabad Tehsil","execution_date":"2024-05-10","registered_owner":"Sunita Sharma / Aditi Verma","seller_name":"Previous Landholder","consideration_amount_inr":"3500000.0","stamp_duty_inr":"210000.0","survey_sketch_id":"FMB-HR-08-0240","cadastral_sheet_no":"SHT-HR-08","surveyed_area_sqm":"2023.43","survey_status":"PENDING","urban_authority":"Wazirabad Tehsil Urban Development & Town Planning Authority","zone_name":"Commercial Core","permitted_land_use":"FOREST_GREEN_BELT","building_permission_status":"PENDING","violations_reported":"False","is_encumbered":"False","encumbrance_certificate_number":"EC-HR-2024-108-0240","encumbrance_type":"NIL","financial_institution":"","mortgage_amount":"0.0","created_at":"2026-01-15T09:00:00Z","updated_at":"2026-09-24T11:30:00Z"}},{"type":"Feature","geometry":{"type":"Polygon","coordinates":[[[75.54416561033398,29.17008452032393],[75.60353503131381,29.167901434319493],[75.60455683523217,29.231848135485308],[75.54196366436639,29.224344019523976],[75.54416561033398,29.17008452032393]]]},"properties":{"ulpin":"06096858287198","parcel_id":"613d56d4-6d5f-4104-9fa6-a0ae6d0ace25","state":"Haryana","state_code":"HR","state_type":"STATE","state_lgd_code":"6","district_lgd_code":"80","district_name":"Gurugram","subdistrict_lgd_code":"620","subdistrict_name":"Wazirabad Tehsil","subdistrict_type":"Tehsil / Taluk","village_lgd_code":"61402","village_name":"Badshahpur","khasra_plot_no":"Murabba 45, Killa 12/2/D241","recorded_area":"4.0","recorded_area_unit":"Kanal-Marla","normalized_area_sqm":"2023.43","gis_area_sqm":"2023.43","land_use_category":"WATER_BODY","land_use_raw":"Gair Mumkin Plotted Commercial","status":"ACTIVE","data_freshness_status":"CURRENT","scenario_index":"4758","use_case_description":"Subdivision or amalgamation history review","mutation_workflow_status":"REJECTED","revenue_record_id":"ROR-HR-2025-1008-0241","revenue_record_type":"Jamabandi Nakal (Haryana Jamabandi)","khata_khewat_no":"KHT-58","khatauni_no":"KHN-158","owner_name":"Satish Chand Mittal","owner_name_local":"सतीश चंद मित्तल","co_owners":"","tenure_type":"Bhumiswami / Raiyati with Transferable Rights","mutation_status":"MUTATED","active_mutation_id":"","tax_demand_status":"PAID","annual_tax_inr":"185.5","deed_number":"DEED-HR-2024-408-0241","deed_type":"Sale Deed / Conveyance","sro_office":"Sub-Registrar Office, Wazirabad Tehsil","execution_date":"2024-05-10","registered_owner":"Sunita Sharma / Aditi Verma","seller_name":"Previous Landholder","consideration_amount_inr":"3500000.0","stamp_duty_inr":"210000.0","survey_sketch_id":"FMB-HR-08-0241","cadastral_sheet_no":"SHT-HR-08","surveyed_area_sqm":"2023.43","survey_status":"DISPUTED","urban_authority":"Wazirabad Tehsil Urban Development & Town Planning Authority","zone_name":"Commercial Core","permitted_land_use":"WATER_BODY","building_permission_status":"REJECTED","violations_reported":"False","is_encumbered":"True","encumbrance_certificate_number":"EC-HR-00000241-0241","encumbrance_type":"BANK_MORTGAGE","financial_institution":"","mortgage_amount":"0.0","created_at":"2026-01-15T09:00:00Z","updated_at":"2026-09-24T11:30:00Z"}},{"type":"Feature","geometry":{"type":"Polygon","coordinates":[[[75.54034077872566,28.955744431412956],[75.58835510594244,28.954987725282823],[75.58859203526694,29.01440923623514],[75.5341160074863,29.015834655562664],[75.54034077872566,28.955744431412956]]]},"properties":{"ulpin":"06187765561371","parcel_id":"1f9a2cfa-ee62-4b2e-9d78-d242c366172b","state":"Haryana","state_code":"HR","state_type":"STATE","state_lgd_code":"6","district_lgd_code":"80","district_name":"Gurugram","subdistrict_lgd_code":"620","subdistrict_name":"Wazirabad Tehsil","subdistrict_type":"Tehsil / Taluk","village_lgd_code":"61402","village_name":"Badshahpur","khasra_plot_no":"Murabba 45, Killa 12/2/D242","recorded_area":"4.0","recorded_area_unit":"Kanal-Marla","normalized_area_sqm":"2023.43","gis_area_sqm":"2023.43","land_use_category":"MIXED_USE","land_use_raw":"Gair Mumkin Plotted Commercial","status":"PENDING_MUTATION","data_freshness_status":"STALE","scenario_index":"4759","use_case_description":"Archived historical record for audit retrieval","mutation_workflow_status":"SLA_BREACHED","revenue_record_id":"ROR-HR-2025-1008-0242","revenue_record_type":"Jamabandi Nakal (Haryana Jamabandi)","khata_khewat_no":"KHT-58","khatauni_no":"KHN-158","owner_name":"Satish Chand Mittal","owner_name_local":"सतीश चंद मित्तल","co_owners":"","tenure_type":"Bhumiswami / Freehold","mutation_status":"PENDING","active_mutation_id":"MUT-HR-00000242","tax_demand_status":"PAID","annual_tax_inr":"185.5","deed_number":"DEED-HR-2024-408-0242","deed_type":"Sale Deed / Conveyance","sro_office":"Sub-Registrar Office, Wazirabad Tehsil","execution_date":"2024-05-10","registered_owner":"Registry Variance Owner 242","seller_name":"Previous Landholder","consideration_amount_inr":"3500000.0","stamp_duty_inr":"210000.0","survey_sketch_id":"FMB-HR-08-0242","cadastral_sheet_no":"SHT-HR-08","surveyed_area_sqm":"2023.43","survey_status":"RESURVEY_REQUIRED","urban_authority":"Wazirabad Tehsil Urban Development & Town Planning Authority","zone_name":"Commercial Core","permitted_land_use":"MIXED_USE","building_permission_status":"NOT_APPLICABLE","violations_reported":"False","is_encumbered":"True","encumbrance_certificate_number":"EC-HR-00000242-0242","encumbrance_type":"GOVT_REVENUE_LIEN","financial_institution":"","mortgage_amount":"0.0","created_at":"2026-01-15T09:00:00Z","updated_at":"2026-09-24T11:30:00Z"}},{"type":"Feature","geometry":{"type":"Polygon","coordinates":[[[74.86228964055576,29.60837474203494],[74.91299616735783,29.602046800517428],[74.90868617107643,29.650267803012856],[74.85292696457321,29.650184537188633],[74.86228964055576,29.60837474203494]]]},"properties":{"ulpin":"06184522914226","parcel_id":"a9cd4c2f-b9c5-40b4-9ed5-df2c5efd5087","state":"Haryana","state_code":"HR","state_type":"STATE","state_lgd_code":"6","district_lgd_code":"80","district_name":"Gurugram","subdistrict_lgd_code":"620","subdistrict_name":"Wazirabad Tehsil","subdistrict_type":"Tehsil / Taluk","village_lgd_code":"61402","village_name":"Badshahpur","khasra_plot_no":"Murabba 45, Killa 12/2/D243","recorded_area":"4.0","recorded_area_unit":"Kanal-Marla","normalized_area_sqm":"2023.43","gis_area_sqm":"2023.43","land_use_category":"OTHER","land_use_raw":"Gair Mumkin Plotted Commercial","status":"SUBDIVIDED","data_freshness_status":"UNKNOWN","scenario_index":"4760","use_case_description":"Bank mortgage and active encumbrance","mutation_workflow_status":"SUBMITTED","revenue_record_id":"ROR-HR-2025-1008-0243","revenue_record_type":"Jamabandi Nakal (Haryana Jamabandi)","khata_khewat_no":"KHT-58","khatauni_no":"KHN-158","owner_name":"Satish Chand Mittal","owner_name_local":"सतीश चंद मित्तल","co_owners":"","tenure_type":"Leasehold","mutation_status":"UNMUTATED_TRANSACTION","active_mutation_id":"MUT-HR-00000243","tax_demand_status":"PAID","annual_tax_inr":"185.5","deed_number":"DEED-HR-2024-408-0243","deed_type":"Sale Deed / Conveyance","sro_office":"Sub-Registrar Office, Wazirabad Tehsil","execution_date":"2024-05-10","registered_owner":"Sunita Sharma / Aditi Verma","seller_name":"Previous Landholder","consideration_amount_inr":"3500000.0","stamp_duty_inr":"210000.0","survey_sketch_id":"FMB-HR-08-0243","cadastral_sheet_no":"SHT-HR-08","surveyed_area_sqm":"2023.43","survey_status":"SURVEYED","urban_authority":"Wazirabad Tehsil Urban Development & Town Planning Authority","zone_name":"Commercial Core","permitted_land_use":"OTHER","building_permission_status":"SANCTIONED","violations_reported":"True","is_encumbered":"True","encumbrance_certificate_number":"EC-HR-00000243-0243","encumbrance_type":"COURT_ATTACHMENT","financial_institution":"","mortgage_amount":"0.0","created_at":"2026-01-15T09:00:00Z","updated_at":"2026-09-24T11:30:00Z"}},{"type":"Feature","geometry":{"type":"Polygon","coordinates":[[[76.46851203371432,29.54638308883503],[76.52968346088677,29.547398222957582],[76.52968346088677,29.59531358272219],[76.472557979973,29.59544843435235],[76.46851203371432,29.54638308883503]]]},"properties":{"ulpin":"06121147624016","parcel_id":"c5b9f54e-9aa2-4eef-b6b8-d6c201728a1e","state":"Haryana","state_code":"HR","state_type":"STATE","state_lgd_code":"6","district_lgd_code":"80","district_name":"Gurugram","subdistrict_lgd_code":"620","subdistrict_name":"Wazirabad Tehsil","subdistrict_type":"Tehsil / Taluk","village_lgd_code":"61402","village_name":"Badshahpur","khasra_plot_no":"Murabba 45, Killa 12/2/D244","recorded_area":"4.0","recorded_area_unit":"Kanal-Marla","normalized_area_sqm":"2023.43","gis_area_sqm":"2023.43","land_use_category":"RESIDENTIAL","land_use_raw":"Gair Mumkin Plotted Commercial","status":"AMALGAMATED","data_freshness_status":"CURRENT","scenario_index":"4761","use_case_description":"Government revenue lien and tax demand","mutation_workflow_status":"UNDER_VERIFICATION","revenue_record_id":"ROR-HR-2025-1008-0244","revenue_record_type":"Jamabandi Nakal (Haryana Jamabandi)","khata_khewat_no":"KHT-58","khatauni_no":"KHN-158","owner_name":"Satish Chand Mittal","owner_name_local":"सतीश चंद मित्तल","co_owners":"","tenure_type":"Government Grant","mutation_status":"REJECTED","active_mutation_id":"MUT-HR-00000244","tax_demand_status":"PAID","annual_tax_inr":"185.5","deed_number":"DEED-HR-2024-408-0244","deed_type":"Sale Deed / Conveyance","sro_office":"Sub-Registrar Office, Wazirabad Tehsil","execution_date":"2024-05-10","registered_owner":"Sunita Sharma / Aditi Verma","seller_name":"Previous Landholder","consideration_amount_inr":"3500000.0","stamp_duty_inr":"210000.0","survey_sketch_id":"FMB-HR-08-0244","cadastral_sheet_no":"SHT-HR-08","surveyed_area_sqm":"2023.43","survey_status":"PENDING","urban_authority":"Wazirabad Tehsil Urban Development & Town Planning Authority","zone_name":"Commercial Core","permitted_land_use":"RESIDENTIAL","building_permission_status":"PENDING","violations_reported":"False","is_encumbered":"True","encumbrance_certificate_number":"EC-HR-00000244-0244","encumbrance_type":"TRIBAL_NON_ALIENATION","financial_institution":"","mortgage_amount":"0.0","created_at":"2026-01-15T09:00:00Z","updated_at":"2026-09-24T11:30:00Z"}},{"type":"Feature","geometry":{"type":"Polygon","coordinates":[[[75.53679557789447,28.154692806365293],[75.59361528452105,28.163728072953973],[75.6109844980426,28.21583306090263],[75.53918133926014,28.211090643052753],[75.53679557789447,28.154692806365293]]]},"properties":{"ulpin":"06999107390118","parcel_id":"57fd47ed-4589-4727-8013-4e2181fed8f4","state":"Haryana","state_code":"HR","state_type":"STATE","state_lgd_code":"6","district_lgd_code":"80","district_name":"Gurugram","subdistrict_lgd_code":"620","subdistrict_name":"Wazirabad Tehsil","subdistrict_type":"Tehsil / Taluk","village_lgd_code":"61402","village_name":"Badshahpur","khasra_plot_no":"Murabba 45, Killa 12/2/D245","recorded_area":"4.0","recorded_area_unit":"Kanal-Marla","normalized_area_sqm":"2023.43","gis_area_sqm":"2023.43","land_use_category":"COMMERCIAL","land_use_raw":"Gair Mumkin Plotted Commercial","status":"DISPUTED","data_freshness_status":"STALE","scenario_index":"4762","use_case_description":"Court attachment and disputed possession","mutation_workflow_status":"NOTICE_PERIOD","revenue_record_id":"ROR-HR-2025-1008-0245","revenue_record_type":"Jamabandi Nakal (Haryana Jamabandi)","khata_khewat_no":"KHT-58","khatauni_no":"KHN-158","owner_name":"Satish Chand Mittal","owner_name_local":"सतीश चंद मित्तल","co_owners":"","tenure_type":"Waqf / Religious Trust","mutation_status":"DISPUTED","active_mutation_id":"MUT-HR-00000245","tax_demand_status":"PAID","annual_tax_inr":"185.5","deed_number":"DEED-HR-2024-408-0245","deed_type":"Sale Deed / Conveyance","sro_office":"Sub-Registrar Office, Wazirabad Tehsil","execution_date":"2024-05-10","registered_owner":"Sunita Sharma / Aditi Verma","seller_name":"Previous Landholder","consideration_amount_inr":"3500000.0","stamp_duty_inr":"210000.0","survey_sketch_id":"FMB-HR-08-0245","cadastral_sheet_no":"SHT-HR-08","surveyed_area_sqm":"2023.43","survey_status":"DISPUTED","urban_authority":"Wazirabad Tehsil Urban Development & Town Planning Authority","zone_name":"Commercial Core","permitted_land_use":"COMMERCIAL","building_permission_status":"REJECTED","violations_reported":"False","is_encumbered":"True","encumbrance_certificate_number":"EC-HR-00000245-0245","encumbrance_type":"LEASE_CHARGE","financial_institution":"","mortgage_amount":"0.0","created_at":"2026-01-15T09:00:00Z","updated_at":"2026-09-24T11:30:00Z"}},{"type":"Feature","geometry":{"type":"Polygon","coordinates":[[[75.79487724598589,28.209343910379395],[75.86597393270695,28.211802363879613],[75.85983494514527,28.269205830942145],[75.78900328056676,28.273739618783132],[75.79487724598589,28.209343910379395]]]},"properties":{"ulpin":"06116083789226","parcel_id":"17476817-0efd-49ed-a3f0-80e7336eedae","state":"Haryana","state_code":"HR","state_type":"STATE","state_lgd_code":"6","district_lgd_code":"80","district_name":"Gurugram","subdistrict_lgd_code":"620","subdistrict_name":"Wazirabad Tehsil","subdistrict_type":"Tehsil / Taluk","village_lgd_code":"61402","village_name":"Badshahpur","khasra_plot_no":"Murabba 45, Killa 12/2/D246","recorded_area":"4.0","recorded_area_unit":"Kanal-Marla","normalized_area_sqm":"2023.43","gis_area_sqm":"2023.43","land_use_category":"INDUSTRIAL","land_use_raw":"Gair Mumkin Plotted Commercial","status":"ARCHIVED","data_freshness_status":"UNKNOWN","scenario_index":"4763","use_case_description":"Bank mortgage and active encumbrance","mutation_workflow_status":"HEARING_SCHEDULED","revenue_record_id":"ROR-HR-2025-1008-0246","revenue_record_type":"Jamabandi Nakal (Haryana Jamabandi)","khata_khewat_no":"KHT-58","khatauni_no":"KHN-158","owner_name":"Satish Chand Mittal","owner_name_local":"सतीश चंद मित्तल","co_owners":"","tenure_type":"Tribal Community Tenure","mutation_status":"NONE","active_mutation_id":"MUT-HR-00000246","tax_demand_status":"PAID","annual_tax_inr":"185.5","deed_number":"DEED-HR-2024-408-0246","deed_type":"Sale Deed / Conveyance","sro_office":"Sub-Registrar Office, Wazirabad Tehsil","execution_date":"2024-05-10","registered_owner":"Sunita Sharma / Aditi Verma","seller_name":"Previous Landholder","consideration_amount_inr":"3500000.0","stamp_duty_inr":"210000.0","survey_sketch_id":"FMB-HR-08-0246","cadastral_sheet_no":"SHT-HR-08","surveyed_area_sqm":"2023.43","survey_status":"RESURVEY_REQUIRED","urban_authority":"Wazirabad Tehsil Urban Development & Town Planning Authority","zone_name":"Commercial Core","permitted_land_use":"INDUSTRIAL","building_permission_status":"NOT_APPLICABLE","violations_reported":"False","is_encumbered":"False","encumbrance_certificate_number":"EC-HR-2024-108-0246","encumbrance_type":"NIL","financial_institution":"","mortgage_amount":"0.0","created_at":"2026-01-15T09:00:00Z","updated_at":"2026-09-24T11:30:00Z"}},{"type":"Feature","geometry":{"type":"Polygon","coordinates":[[[76.07786065747403,29.602911683908566],[76.12551600250279,29.598239835131313],[76.13596516483528,29.64964722996661],[76.07786065747403,29.650518214862025],[76.07786065747403,29.602911683908566]]]},"properties":{"ulpin":"06915075968936","parcel_id":"36893942-81ab-4532-bc82-770d9182be09","state":"Haryana","state_code":"HR","state_type":"STATE","state_lgd_code":"6","district_lgd_code":"80","district_name":"Gurugram","subdistrict_lgd_code":"620","subdistrict_name":"Wazirabad Tehsil","subdistrict_type":"Tehsil / Taluk","village_lgd_code":"61402","village_name":"Badshahpur","khasra_plot_no":"Murabba 45, Killa 12/2/D247","recorded_area":"4.0","recorded_area_unit":"Kanal-Marla","normalized_area_sqm":"2023.43","gis_area_sqm":"2023.43","land_use_category":"AGRICULTURAL","land_use_raw":"Gair Mumkin Plotted Commercial","status":"ACTIVE","data_freshness_status":"CURRENT","scenario_index":"4764","use_case_description":"Lease charge and institutional tenancy","mutation_workflow_status":"APPROVED","revenue_record_id":"ROR-HR-2025-1008-0247","revenue_record_type":"Jamabandi Nakal (Haryana Jamabandi)","khata_khewat_no":"KHT-58","khatauni_no":"KHN-158","owner_name":"Satish Chand Mittal","owner_name_local":"सतीश चंद मित्तल","co_owners":"","tenure_type":"Bhumiswami / Raiyati with Transferable Rights","mutation_status":"MUTATED","active_mutation_id":"","tax_demand_status":"PAID","annual_tax_inr":"185.5","deed_number":"DEED-HR-2024-408-0247","deed_type":"Sale Deed / Conveyance","sro_office":"Sub-Registrar Office, Wazirabad Tehsil","execution_date":"2024-05-10","registered_owner":"Registry Variance Owner 247","seller_name":"Previous Landholder","consideration_amount_inr":"3500000.0","stamp_duty_inr":"210000.0","survey_sketch_id":"FMB-HR-08-0247","cadastral_sheet_no":"SHT-HR-08","surveyed_area_sqm":"2023.43","survey_status":"SURVEYED","urban_authority":"Wazirabad Tehsil Urban Development & Town Planning Authority","zone_name":"Commercial Core","permitted_land_use":"AGRICULTURAL","building_permission_status":"SANCTIONED","violations_reported":"False","is_encumbered":"True","encumbrance_certificate_number":"EC-HR-00000247-0247","encumbrance_type":"BANK_MORTGAGE","financial_institution":"","mortgage_amount":"0.0","created_at":"2026-01-15T09:00:00Z","updated_at":"2026-09-24T11:30:00Z"}},{"type":"Feature","geometry":{"type":"Polygon","coordinates":[[[76.15251739041298,28.116788012073386],[76.19708974913102,28.1263004070025],[76.19531577725478,28.17284135399806],[76.15251739041298,28.16597473403782],[76.15251739041298,28.116788012073386]]]},"properties":{"ulpin":"06841821050884","parcel_id":"d3df66d2-892a-4312-8a91-aa9cd526cdec","state":"Haryana","state_code":"HR","state_type":"STATE","state_lgd_code":"6","district_lgd_code":"80","district_name":"Gurugram","subdistrict_lgd_code":"620","subdistrict_name":"Wazirabad Tehsil","subdistrict_type":"Tehsil / Taluk","village_lgd_code":"61402","village_name":"Badshahpur","khasra_plot_no":"Murabba 45, Killa 12/2/D248","recorded_area":"4.0","recorded_area_unit":"Kanal-Marla","normalized_area_sqm":"2023.43","gis_area_sqm":"2023.43","land_use_category":"INSTITUTIONAL","land_use_raw":"Gair Mumkin Plotted Commercial","status":"PENDING_MUTATION","data_freshness_status":"STALE","scenario_index":"4765","use_case_description":"Subdivision or amalgamation history review","mutation_workflow_status":"REJECTED","revenue_record_id":"ROR-HR-2025-1008-0248","revenue_record_type":"Jamabandi Nakal (Haryana Jamabandi)","khata_khewat_no":"KHT-58","khatauni_no":"KHN-158","owner_name":"Satish Chand Mittal","owner_name_local":"सतीश चंद मित्तल","co_owners":"","tenure_type":"Bhumiswami / Freehold","mutation_status":"PENDING","active_mutation_id":"MUT-HR-00000248","tax_demand_status":"PAID","annual_tax_inr":"185.5","deed_number":"DEED-HR-2024-408-0248","deed_type":"Sale Deed / Conveyance","sro_office":"Sub-Registrar Office, Wazirabad Tehsil","execution_date":"2024-05-10","registered_owner":"Sunita Sharma / Aditi Verma","seller_name":"Previous Landholder","consideration_amount_inr":"3500000.0","stamp_duty_inr":"210000.0","survey_sketch_id":"FMB-HR-08-0248","cadastral_sheet_no":"SHT-HR-08","surveyed_area_sqm":"2023.43","survey_status":"PENDING","urban_authority":"Wazirabad Tehsil Urban Development & Town Planning Authority","zone_name":"Commercial Core","permitted_land_use":"INSTITUTIONAL","building_permission_status":"PENDING","violations_reported":"False","is_encumbered":"True","encumbrance_certificate_number":"EC-HR-00000248-0248","encumbrance_type":"GOVT_REVENUE_LIEN","financial_institution":"","mortgage_amount":"0.0","created_at":"2026-01-15T09:00:00Z","updated_at":"2026-09-24T11:30:00Z"}},{"type":"Feature","geometry":{"type":"Polygon","coordinates":[[[75.54340290762289,28.054589986335067],[75.60401138634457,28.054589986335067],[75.60613501341317,28.101662633334275],[75.53707105098022,28.112178204315942],[75.54340290762289,28.054589986335067]]]},"properties":{"ulpin":"06710281549670","parcel_id":"4d79830b-20dc-4bb3-b9b7-2ad854994746","state":"Haryana","state_code":"HR","state_type":"STATE","state_lgd_code":"6","district_lgd_code":"80","district_name":"Gurugram","subdistrict_lgd_code":"620","subdistrict_name":"Wazirabad Tehsil","subdistrict_type":"Tehsil / Taluk","village_lgd_code":"61402","village_name":"Badshahpur","khasra_plot_no":"Murabba 45, Killa 12/2/D249","recorded_area":"4.0","recorded_area_unit":"Kanal-Marla","normalized_area_sqm":"2023.43","gis_area_sqm":"2023.43","land_use_category":"FOREST_GREEN_BELT","land_use_raw":"Gair Mumkin Plotted Commercial","status":"SUBDIVIDED","data_freshness_status":"UNKNOWN","scenario_index":"4766","use_case_description":"Archived historical record for audit retrieval","mutation_workflow_status":"SLA_BREACHED","revenue_record_id":"ROR-HR-2025-1008-0249","revenue_record_type":"Jamabandi Nakal (Haryana Jamabandi)","khata_khewat_no":"KHT-58","khatauni_no":"KHN-158","owner_name":"Satish Chand Mittal","owner_name_local":"सतीश चंद मित्तल","co_owners":"","tenure_type":"Leasehold","mutation_status":"UNMUTATED_TRANSACTION","active_mutation_id":"MUT-HR-00000249","tax_demand_status":"PAID","annual_tax_inr":"185.5","deed_number":"DEED-HR-2024-408-0249","deed_type":"Sale Deed / Conveyance","sro_office":"Sub-Registrar Office, Wazirabad Tehsil","execution_date":"2024-05-10","registered_owner":"Sunita Sharma / Aditi Verma","seller_name":"Previous Landholder","consideration_amount_inr":"3500000.0","stamp_duty_inr":"210000.0","survey_sketch_id":"FMB-HR-08-0249","cadastral_sheet_no":"SHT-HR-08","surveyed_area_sqm":"2023.43","survey_status":"DISPUTED","urban_authority":"Wazirabad Tehsil Urban Development & Town Planning Authority","zone_name":"Commercial Core","permitted_land_use":"FOREST_GREEN_BELT","building_permission_status":"REJECTED","violations_reported":"False","is_encumbered":"True","encumbrance_certificate_number":"EC-HR-00000249-0249","encumbrance_type":"COURT_ATTACHMENT","financial_institution":"","mortgage_amount":"0.0","created_at":"2026-01-15T09:00:00Z","updated_at":"2026-09-24T11:30:00Z"}},{"type":"Feature","geometry":{"type":"Polygon","coordinates":[[[76.31107625605814,29.444610088351855],[76.36191078508436,29.444610088351855],[76.36254202998533,29.50325709690893],[76.3090641243192,29.498503069931232],[76.31107625605814,29.444610088351855]]]},"properties":{"ulpin":"06656361480361","parcel_id":"a7605cd1-4a8f-4e2c-9613-e89841483e48","state":"Haryana","state_code":"HR","state_type":"STATE","state_lgd_code":"6","district_lgd_code":"80","district_name":"Gurugram","subdistrict_lgd_code":"620","subdistrict_name":"Wazirabad Tehsil","subdistrict_type":"Tehsil / Taluk","village_lgd_code":"61402","village_name":"Badshahpur","khasra_plot_no":"Murabba 45, Killa 12/2/D250","recorded_area":"4.0","recorded_area_unit":"Kanal-Marla","normalized_area_sqm":"2023.43","gis_area_sqm":"2023.43","land_use_category":"WATER_BODY","land_use_raw":"Gair Mumkin Plotted Commercial","status":"AMALGAMATED","data_freshness_status":"CURRENT","scenario_index":"4767","use_case_description":"Bank mortgage and active encumbrance","mutation_workflow_status":"SUBMITTED","revenue_record_id":"ROR-HR-2025-1008-0250","revenue_record_type":"Jamabandi Nakal (Haryana Jamabandi)","khata_khewat_no":"KHT-58","khatauni_no":"KHN-158","owner_name":"Satish Chand Mittal","owner_name_local":"सतीश चंद मित्तल","co_owners":"","tenure_type":"Government Grant","mutation_status":"REJECTED","active_mutation_id":"MUT-HR-00000250","tax_demand_status":"PAID","annual_tax_inr":"185.5","deed_number":"DEED-HR-2024-408-0250","deed_type":"Sale Deed / Conveyance","sro_office":"Sub-Registrar Office, Wazirabad Tehsil","execution_date":"2024-05-10","registered_owner":"Sunita Sharma / Aditi Verma","seller_name":"Previous Landholder","consideration_amount_inr":"3500000.0","stamp_duty_inr":"210000.0","survey_sketch_id":"FMB-HR-08-0250","cadastral_sheet_no":"SHT-HR-08","surveyed_area_sqm":"2023.43","survey_status":"RESURVEY_REQUIRED","urban_authority":"Wazirabad Tehsil Urban Development & Town Planning Authority","zone_name":"Commercial Core","permitted_land_use":"WATER_BODY","building_permission_status":"NOT_APPLICABLE","violations_reported":"True","is_encumbered":"True","encumbrance_certificate_number":"EC-HR-00000250-0250","encumbrance_type":"TRIBAL_NON_ALIENATION","financial_institution":"","mortgage_amount":"0.0","created_at":"2026-01-15T09:00:00Z","updated_at":"2026-09-24T11:30:00Z"}},{"type":"Feature","geometry":{"type":"Polygon","coordinates":[[[76.30618475074621,29.810111182086082],[76.365155167648,29.81256829277028],[76.36478301005911,29.867665332829265],[76.29620803766416,29.867665332829265],[76.30618475074621,29.810111182086082]]]},"properties":{"ulpin":"06916603812221","parcel_id":"187afaa2-747d-401c-b901-3c493fb2fe1c","state":"Haryana","state_code":"HR","state_type":"STATE","state_lgd_code":"6","district_lgd_code":"80","district_name":"Gurugram","subdistrict_lgd_code":"620","subdistrict_name":"Wazirabad Tehsil","subdistrict_type":"Tehsil / Taluk","village_lgd_code":"61402","village_name":"Badshahpur","khasra_plot_no":"Murabba 45, Killa 12/2/D251","recorded_area":"4.0","recorded_area_unit":"Kanal-Marla","normalized_area_sqm":"2023.43","gis_area_sqm":"2023.43","land_use_category":"MIXED_USE","land_use_raw":"Gair Mumkin Plotted Commercial","status":"DISPUTED","data_freshness_status":"STALE","scenario_index":"4768","use_case_description":"Government revenue lien and tax demand","mutation_workflow_status":"UNDER_VERIFICATION","revenue_record_id":"ROR-HR-2025-1008-0251","revenue_record_type":"Jamabandi Nakal (Haryana Jamabandi)","khata_khewat_no":"KHT-58","khatauni_no":"KHN-158","owner_name":"Satish Chand Mittal","owner_name_local":"सतीश चंद मित्तल","co_owners":"","tenure_type":"Waqf / Religious Trust","mutation_status":"DISPUTED","active_mutation_id":"MUT-HR-00000251","tax_demand_status":"PAID","annual_tax_inr":"185.5","deed_number":"DEED-HR-2024-408-0251","deed_type":"Sale Deed / Conveyance","sro_office":"Sub-Registrar Office, Wazirabad Tehsil","execution_date":"2024-05-10","registered_owner":"Sunita Sharma / Aditi Verma","seller_name":"Previous Landholder","consideration_amount_inr":"3500000.0","stamp_duty_inr":"210000.0","survey_sketch_id":"FMB-HR-08-0251","cadastral_sheet_no":"SHT-HR-08","surveyed_area_sqm":"2023.43","survey_status":"SURVEYED","urban_authority":"Wazirabad Tehsil Urban Development & Town Planning Authority","zone_name":"Commercial Core","permitted_land_use":"MIXED_USE","building_permission_status":"SANCTIONED","violations_reported":"False","is_encumbered":"True","encumbrance_certificate_number":"EC-HR-00000251-0251","encumbrance_type":"LEASE_CHARGE","financial_institution":"","mortgage_amount":"0.0","created_at":"2026-01-15T09:00:00Z","updated_at":"2026-09-24T11:30:00Z"}},{"type":"Feature","geometry":{"type":"Polygon","coordinates":[[[75.53918133926014,28.211090643052753],[75.6109844980426,28.21583306090263],[75.61014281915632,28.273138346467583],[75.54730161861255,28.26820722537565],[75.53918133926014,28.211090643052753]]]},"properties":{"ulpin":"06737749169109","parcel_id":"9ead5838-94a9-4c5a-a242-b8fc41df3e59","state":"Haryana","state_code":"HR","state_type":"STATE","state_lgd_code":"6","district_lgd_code":"80","district_name":"Gurugram","subdistrict_lgd_code":"620","subdistrict_name":"Wazirabad Tehsil","subdistrict_type":"Tehsil / Taluk","village_lgd_code":"61402","village_name":"Badshahpur","khasra_plot_no":"Murabba 45, Killa 12/2/D252","recorded_area":"4.0","recorded_area_unit":"Kanal-Marla","normalized_area_sqm":"2023.43","gis_area_sqm":"2023.43","land_use_category":"OTHER","land_use_raw":"Gair Mumkin Plotted Commercial","status":"ARCHIVED","data_freshness_status":"UNKNOWN","scenario_index":"4769","use_case_description":"Archived historical record for audit retrieval","mutation_workflow_status":"NOTICE_PERIOD","revenue_record_id":"ROR-HR-2025-1008-0252","revenue_record_type":"Jamabandi Nakal (Haryana Jamabandi)","khata_khewat_no":"KHT-58","khatauni_no":"KHN-158","owner_name":"Satish Chand Mittal","owner_name_local":"सतीश चंद मित्तल","co_owners":"","tenure_type":"Tribal Community Tenure","mutation_status":"NONE","active_mutation_id":"MUT-HR-00000252","tax_demand_status":"PAID","annual_tax_inr":"185.5","deed_number":"DEED-HR-2024-408-0252","deed_type":"Sale Deed / Conveyance","sro_office":"Sub-Registrar Office, Wazirabad Tehsil","execution_date":"2024-05-10","registered_owner":"Registry Variance Owner 252","seller_name":"Previous Landholder","consideration_amount_inr":"3500000.0","stamp_duty_inr":"210000.0","survey_sketch_id":"FMB-HR-08-0252","cadastral_sheet_no":"SHT-HR-08","surveyed_area_sqm":"2023.43","survey_status":"PENDING","urban_authority":"Wazirabad Tehsil Urban Development & Town Planning Authority","zone_name":"Commercial Core","permitted_land_use":"OTHER","building_permission_status":"PENDING","violations_reported":"False","is_encumbered":"False","encumbrance_certificate_number":"EC-HR-2024-108-0252","encumbrance_type":"NIL","financial_institution":"","mortgage_amount":"0.0","created_at":"2026-01-15T09:00:00Z","updated_at":"2026-09-24T11:30:00Z"}},{"type":"Feature","geometry":{"type":"Polygon","coordinates":[[[76.45527879836797,28.03033538894552],[76.5115990405113,28.02510409344403],[76.50120074414446,28.072536929612095],[76.45660340486579,28.07564528400296],[76.45527879836797,28.03033538894552]]]},"properties":{"ulpin":"06796390499404","parcel_id":"c2b04d1b-32b1-4a7b-b9e8-9a53ebf98cb5","state":"Haryana","state_code":"HR","state_type":"STATE","state_lgd_code":"6","district_lgd_code":"80","district_name":"Gurugram","subdistrict_lgd_code":"620","subdistrict_name":"Wazirabad Tehsil","subdistrict_type":"Tehsil / Taluk","village_lgd_code":"61402","village_name":"Badshahpur","khasra_plot_no":"Murabba 45, Killa 12/2/D253","recorded_area":"4.0","recorded_area_unit":"Kanal-Marla","normalized_area_sqm":"2023.43","gis_area_sqm":"2023.43","land_use_category":"RESIDENTIAL","land_use_raw":"Gair Mumkin Plotted Commercial","status":"ACTIVE","data_freshness_status":"CURRENT","scenario_index":"4770","use_case_description":"Tribal non-alienation protection review","mutation_workflow_status":"HEARING_SCHEDULED","revenue_record_id":"ROR-HR-2025-1008-0253","revenue_record_type":"Jamabandi Nakal (Haryana Jamabandi)","khata_khewat_no":"KHT-58","khatauni_no":"KHN-158","owner_name":"Satish Chand Mittal","owner_name_local":"सतीश चंद मित्तल","co_owners":"","tenure_type":"Bhumiswami / Raiyati with Transferable Rights","mutation_status":"MUTATED","active_mutation_id":"","tax_demand_status":"PAID","annual_tax_inr":"185.5","deed_number":"DEED-HR-2024-408-0253","deed_type":"Sale Deed / Conveyance","sro_office":"Sub-Registrar Office, Wazirabad Tehsil","execution_date":"2024-05-10","registered_owner":"Sunita Sharma / Aditi Verma","seller_name":"Previous Landholder","consideration_amount_inr":"3500000.0","stamp_duty_inr":"210000.0","survey_sketch_id":"FMB-HR-08-0253","cadastral_sheet_no":"SHT-HR-08","surveyed_area_sqm":"2023.43","survey_status":"DISPUTED","urban_authority":"Wazirabad Tehsil Urban Development & Town Planning Authority","zone_name":"Commercial Core","permitted_land_use":"RESIDENTIAL","building_permission_status":"REJECTED","violations_reported":"False","is_encumbered":"True","encumbrance_certificate_number":"EC-HR-00000253-0253","encumbrance_type":"BANK_MORTGAGE","financial_institution":"","mortgage_amount":"0.0","created_at":"2026-01-15T09:00:00Z","updated_at":"2026-09-24T11:30:00Z"}},{"type":"Feature","geometry":{"type":"Polygon","coordinates":[[[76.19625557354462,28.260120704612053],[76.25136062745781,28.262845612797147],[76.25104460544114,28.31515113762077],[76.20317014661234,28.307796646461693],[76.19625557354462,28.260120704612053]]]},"properties":{"ulpin":"06681163302555","parcel_id":"5c938d9b-7d93-473a-ada2-0cc87468d6df","state":"Haryana","state_code":"HR","state_type":"STATE","state_lgd_code":"6","district_lgd_code":"80","district_name":"Gurugram","subdistrict_lgd_code":"620","subdistrict_name":"Wazirabad Tehsil","subdistrict_type":"Tehsil / Taluk","village_lgd_code":"61402","village_name":"Badshahpur","khasra_plot_no":"Murabba 45, Killa 12/2/D254","recorded_area":"4.0","recorded_area_unit":"Kanal-Marla","normalized_area_sqm":"2023.43","gis_area_sqm":"2023.43","land_use_category":"COMMERCIAL","land_use_raw":"Gair Mumkin Plotted Commercial","status":"PENDING_MUTATION","data_freshness_status":"STALE","scenario_index":"4771","use_case_description":"Lease charge and institutional tenancy","mutation_workflow_status":"APPROVED","revenue_record_id":"ROR-HR-2025-1008-0254","revenue_record_type":"Jamabandi Nakal (Haryana Jamabandi)","khata_khewat_no":"KHT-58","khatauni_no":"KHN-158","owner_name":"Satish Chand Mittal","owner_name_local":"सतीश चंद मित्तल","co_owners":"","tenure_type":"Bhumiswami / Freehold","mutation_status":"PENDING","active_mutation_id":"MUT-HR-00000254","tax_demand_status":"PAID","annual_tax_inr":"185.5","deed_number":"DEED-HR-2024-408-0254","deed_type":"Sale Deed / Conveyance","sro_office":"Sub-Registrar Office, Wazirabad Tehsil","execution_date":"2024-05-10","registered_owner":"Sunita Sharma / Aditi Verma","seller_name":"Previous Landholder","consideration_amount_inr":"3500000.0","stamp_duty_inr":"210000.0","survey_sketch_id":"FMB-HR-08-0254","cadastral_sheet_no":"SHT-HR-08","surveyed_area_sqm":"2023.43","survey_status":"RESURVEY_REQUIRED","urban_authority":"Wazirabad Tehsil Urban Development & Town Planning Authority","zone_name":"Commercial Core","permitted_land_use":"COMMERCIAL","building_permission_status":"NOT_APPLICABLE","violations_reported":"False","is_encumbered":"True","encumbrance_certificate_number":"EC-HR-00000254-0254","encumbrance_type":"GOVT_REVENUE_LIEN","financial_institution":"","mortgage_amount":"0.0","created_at":"2026-01-15T09:00:00Z","updated_at":"2026-09-24T11:30:00Z"}},{"type":"Feature","geometry":{"type":"Polygon","coordinates":[[[75.18305040807643,28.98668585433474],[75.23204235033455,28.979907474388426],[75.23402381262105,29.05382327368745],[75.17003050474891,29.054540619276953],[75.18305040807643,28.98668585433474]]]},"properties":{"ulpin":"06866881431413","parcel_id":"ad8e5bcd-ecab-45ae-921f-1e279bd69ffe","state":"Haryana","state_code":"HR","state_type":"STATE","state_lgd_code":"6","district_lgd_code":"80","district_name":"Gurugram","subdistrict_lgd_code":"620","subdistrict_name":"Wazirabad Tehsil","subdistrict_type":"Tehsil / Taluk","village_lgd_code":"61402","village_name":"Badshahpur","khasra_plot_no":"Murabba 45, Killa 12/2/D255","recorded_area":"4.0","recorded_area_unit":"Kanal-Marla","normalized_area_sqm":"2023.43","gis_area_sqm":"2023.43","land_use_category":"INDUSTRIAL","land_use_raw":"Gair Mumkin Plotted Commercial","status":"SUBDIVIDED","data_freshness_status":"UNKNOWN","scenario_index":"4772","use_case_description":"Subdivision or amalgamation history review","mutation_workflow_status":"REJECTED","revenue_record_id":"ROR-HR-2025-1008-0255","revenue_record_type":"Jamabandi Nakal (Haryana Jamabandi)","khata_khewat_no":"KHT-58","khatauni_no":"KHN-158","owner_name":"Satish Chand Mittal","owner_name_local":"सतीश चंद मित्तल","co_owners":"","tenure_type":"Leasehold","mutation_status":"UNMUTATED_TRANSACTION","active_mutation_id":"MUT-HR-00000255","tax_demand_status":"PAID","annual_tax_inr":"185.5","deed_number":"DEED-HR-2024-408-0255","deed_type":"Sale Deed / Conveyance","sro_office":"Sub-Registrar Office, Wazirabad Tehsil","execution_date":"2024-05-10","registered_owner":"Sunita Sharma / Aditi Verma","seller_name":"Previous Landholder","consideration_amount_inr":"3500000.0","stamp_duty_inr":"210000.0","survey_sketch_id":"FMB-HR-08-0255","cadastral_sheet_no":"SHT-HR-08","surveyed_area_sqm":"2023.43","survey_status":"SURVEYED","urban_authority":"Wazirabad Tehsil Urban Development & Town Planning Authority","zone_name":"Commercial Core","permitted_land_use":"INDUSTRIAL","building_permission_status":"SANCTIONED","violations_reported":"False","is_encumbered":"True","encumbrance_certificate_number":"EC-HR-00000255-0255","encumbrance_type":"COURT_ATTACHMENT","financial_institution":"","mortgage_amount":"0.0","created_at":"2026-01-15T09:00:00Z","updated_at":"2026-09-24T11:30:00Z"}},{"type":"Feature","geometry":{"type":"Polygon","coordinates":[[[76.4080418878038,29.61149102644253],[76.472557979973,29.59544843435235],[76.46436067516373,29.663229408591985],[76.40955698440777,29.647993553145685],[76.4080418878038,29.61149102644253]]]},"properties":{"ulpin":"06946267703703","parcel_id":"638a3282-4275-47b6-bc70-7b4d127a8eb4","state":"Haryana","state_code":"HR","state_type":"STATE","state_lgd_code":"6","district_lgd_code":"80","district_name":"Gurugram","subdistrict_lgd_code":"620","subdistrict_name":"Wazirabad Tehsil","subdistrict_type":"Tehsil / Taluk","village_lgd_code":"61402","village_name":"Badshahpur","khasra_plot_no":"Murabba 45, Killa 12/2/D256","recorded_area":"4.0","recorded_area_unit":"Kanal-Marla","normalized_area_sqm":"2023.43","gis_area_sqm":"2023.43","land_use_category":"AGRICULTURAL","land_use_raw":"Gair Mumkin Plotted Commercial","status":"AMALGAMATED","data_freshness_status":"CURRENT","scenario_index":"4773","use_case_description":"Archived historical record for audit retrieval","mutation_workflow_status":"SLA_BREACHED","revenue_record_id":"ROR-HR-2025-1008-0256","revenue_record_type":"Jamabandi Nakal (Haryana Jamabandi)","khata_khewat_no":"KHT-58","khatauni_no":"KHN-158","owner_name":"Satish Chand Mittal","owner_name_local":"सतीश चंद मित्तल","co_owners":"","tenure_type":"Government Grant","mutation_status":"REJECTED","active_mutation_id":"MUT-HR-00000256","tax_demand_status":"PAID","annual_tax_inr":"185.5","deed_number":"DEED-HR-2024-408-0256","deed_type":"Sale Deed / Conveyance","sro_office":"Sub-Registrar Office, Wazirabad Tehsil","execution_date":"2024-05-10","registered_owner":"Sunita Sharma / Aditi Verma","seller_name":"Previous Landholder","consideration_amount_inr":"3500000.0","stamp_duty_inr":"210000.0","survey_sketch_id":"FMB-HR-08-0256","cadastral_sheet_no":"SHT-HR-08","surveyed_area_sqm":"2023.43","survey_status":"PENDING","urban_authority":"Wazirabad Tehsil Urban Development & Town Planning Authority","zone_name":"Commercial Core","permitted_land_use":"AGRICULTURAL","building_permission_status":"PENDING","violations_reported":"False","is_encumbered":"True","encumbrance_certificate_number":"EC-HR-00000256-0256","encumbrance_type":"TRIBAL_NON_ALIENATION","financial_institution":"","mortgage_amount":"0.0","created_at":"2026-01-15T09:00:00Z","updated_at":"2026-09-24T11:30:00Z"}},{"type":"Feature","geometry":{"type":"Polygon","coordinates":[[[76.30069830966367,27.982296658942136],[76.35561248931575,27.982296658942136],[76.35200359608959,28.031320391977577],[76.3022086588034,28.02922797170558],[76.30069830966367,27.982296658942136]]]},"properties":{"ulpin":"06853868373811","parcel_id":"9659c22f-748a-4fb2-971c-890ebe06cb83","state":"Haryana","state_code":"HR","state_type":"STATE","state_lgd_code":"6","district_lgd_code":"80","district_name":"Gurugram","subdistrict_lgd_code":"620","subdistrict_name":"Wazirabad Tehsil","subdistrict_type":"Tehsil / Taluk","village_lgd_code":"61402","village_name":"Badshahpur","khasra_plot_no":"Murabba 45, Killa 12/2/D257","recorded_area":"4.0","recorded_area_unit":"Kanal-Marla","normalized_area_sqm":"2023.43","gis_area_sqm":"2023.43","land_use_category":"INSTITUTIONAL","land_use_raw":"Gair Mumkin Plotted Commercial","status":"DISPUTED","data_freshness_status":"STALE","scenario_index":"4774","use_case_description":"Bank mortgage and active encumbrance","mutation_workflow_status":"SUBMITTED","revenue_record_id":"ROR-HR-2025-1008-0257","revenue_record_type":"Jamabandi Nakal (Haryana Jamabandi)","khata_khewat_no":"KHT-58","khatauni_no":"KHN-158","owner_name":"Satish Chand Mittal","owner_name_local":"सतीश चंद मित्तल","co_owners":"","tenure_type":"Waqf / Religious Trust","mutation_status":"DISPUTED","active_mutation_id":"MUT-HR-00000257","tax_demand_status":"PAID","annual_tax_inr":"185.5","deed_number":"DEED-HR-2024-408-0257","deed_type":"Sale Deed / Conveyance","sro_office":"Sub-Registrar Office, Wazirabad Tehsil","execution_date":"2024-05-10","registered_owner":"Registry Variance Owner 257","seller_name":"Previous Landholder","consideration_amount_inr":"3500000.0","stamp_duty_inr":"210000.0","survey_sketch_id":"FMB-HR-08-0257","cadastral_sheet_no":"SHT-HR-08","surveyed_area_sqm":"2023.43","survey_status":"DISPUTED","urban_authority":"Wazirabad Tehsil Urban Development & Town Planning Authority","zone_name":"Commercial Core","permitted_land_use":"INSTITUTIONAL","building_permission_status":"REJECTED","violations_reported":"True","is_encumbered":"True","encumbrance_certificate_number":"EC-HR-00000257-0257","encumbrance_type":"LEASE_CHARGE","financial_institution":"","mortgage_amount":"0.0","created_at":"2026-01-15T09:00:00Z","updated_at":"2026-09-24T11:30:00Z"}},{"type":"Feature","geometry":{"type":"Polygon","coordinates":[[[75.61014281915632,28.273138346467583],[75.66659361542918,28.274224979881975],[75.66836738854224,28.326721312435552],[75.61160382200114,28.323099929299616],[75.61014281915632,28.273138346467583]]]},"properties":{"ulpin":"06605257572506","parcel_id":"f6434e37-0138-43c4-98a3-a73245a5c593","state":"Haryana","state_code":"HR","state_type":"STATE","state_lgd_code":"6","district_lgd_code":"80","district_name":"Gurugram","subdistrict_lgd_code":"620","subdistrict_name":"Wazirabad Tehsil","subdistrict_type":"Tehsil / Taluk","village_lgd_code":"61402","village_name":"Badshahpur","khasra_plot_no":"Murabba 45, Killa 12/2/D258","recorded_area":"4.0","recorded_area_unit":"Kanal-Marla","normalized_area_sqm":"2023.43","gis_area_sqm":"2023.43","land_use_category":"FOREST_GREEN_BELT","land_use_raw":"Gair Mumkin Plotted Commercial","status":"ARCHIVED","data_freshness_status":"UNKNOWN","scenario_index":"4775","use_case_description":"Cadastral area discrepancy requiring resurvey","mutation_workflow_status":"UNDER_VERIFICATION","revenue_record_id":"ROR-HR-2025-1008-0258","revenue_record_type":"Jamabandi Nakal (Haryana Jamabandi)","khata_khewat_no":"KHT-58","khatauni_no":"KHN-158","owner_name":"Satish Chand Mittal","owner_name_local":"सतीश चंद मित्तल","co_owners":"","tenure_type":"Tribal Community Tenure","mutation_status":"NONE","active_mutation_id":"MUT-HR-00000258","tax_demand_status":"PAID","annual_tax_inr":"185.5","deed_number":"DEED-HR-2024-408-0258","deed_type":"Sale Deed / Conveyance","sro_office":"Sub-Registrar Office, Wazirabad Tehsil","execution_date":"2024-05-10","registered_owner":"Sunita Sharma / Aditi Verma","seller_name":"Previous Landholder","consideration_amount_inr":"3500000.0","stamp_duty_inr":"210000.0","survey_sketch_id":"FMB-HR-08-0258","cadastral_sheet_no":"SHT-HR-08","surveyed_area_sqm":"2023.43","survey_status":"RESURVEY_REQUIRED","urban_authority":"Wazirabad Tehsil Urban Development & Town Planning Authority","zone_name":"Commercial Core","permitted_land_use":"FOREST_GREEN_BELT","building_permission_status":"NOT_APPLICABLE","violations_reported":"False","is_encumbered":"False","encumbrance_certificate_number":"EC-HR-2024-108-0258","encumbrance_type":"NIL","financial_institution":"","mortgage_amount":"0.0","created_at":"2026-01-15T09:00:00Z","updated_at":"2026-09-24T11:30:00Z"}},{"type":"Feature","geometry":{"type":"Polygon","coordinates":[[[75.20839687727131,28.55358918762873],[75.26666662920243,28.55534405905451],[75.26972200270156,28.606726439303934],[75.19902462571162,28.606726439303934],[75.20839687727131,28.55358918762873]]]},"properties":{"ulpin":"06044487227454","parcel_id":"e30ae302-0614-49bb-8251-ce20bfaa6722","state":"Haryana","state_code":"HR","state_type":"STATE","state_lgd_code":"6","district_lgd_code":"80","district_name":"Gurugram","subdistrict_lgd_code":"620","subdistrict_name":"Wazirabad Tehsil","subdistrict_type":"Tehsil / Taluk","village_lgd_code":"61402","village_name":"Badshahpur","khasra_plot_no":"Murabba 45, Killa 12/2/D259","recorded_area":"4.0","recorded_area_unit":"Kanal-Marla","normalized_area_sqm":"2023.43","gis_area_sqm":"2023.43","land_use_category":"WATER_BODY","land_use_raw":"Gair Mumkin Plotted Commercial","status":"ACTIVE","data_freshness_status":"CURRENT","scenario_index":"4776","use_case_description":"Court attachment and disputed possession","mutation_workflow_status":"NOTICE_PERIOD","revenue_record_id":"ROR-HR-2025-1008-0259","revenue_record_type":"Jamabandi Nakal (Haryana Jamabandi)","khata_khewat_no":"KHT-58","khatauni_no":"KHN-158","owner_name":"Satish Chand Mittal","owner_name_local":"सतीश चंद मित्तल","co_owners":"","tenure_type":"Bhumiswami / Raiyati with Transferable Rights","mutation_status":"MUTATED","active_mutation_id":"","tax_demand_status":"PAID","annual_tax_inr":"185.5","deed_number":"DEED-HR-2024-408-0259","deed_type":"Sale Deed / Conveyance","sro_office":"Sub-Registrar Office, Wazirabad Tehsil","execution_date":"2024-05-10","registered_owner":"Sunita Sharma / Aditi Verma","seller_name":"Previous Landholder","consideration_amount_inr":"3500000.0","stamp_duty_inr":"210000.0","survey_sketch_id":"FMB-HR-08-0259","cadastral_sheet_no":"SHT-HR-08","surveyed_area_sqm":"2023.43","survey_status":"SURVEYED","urban_authority":"Wazirabad Tehsil Urban Development & Town Planning Authority","zone_name":"Commercial Core","permitted_land_use":"WATER_BODY","building_permission_status":"SANCTIONED","violations_reported":"False","is_encumbered":"True","encumbrance_certificate_number":"EC-HR-00000259-0259","encumbrance_type":"BANK_MORTGAGE","financial_institution":"","mortgage_amount":"0.0","created_at":"2026-01-15T09:00:00Z","updated_at":"2026-09-24T11:30:00Z"}},{"type":"Feature","geometry":{"type":"Polygon","coordinates":[[[76.25104460544114,28.31515113762077],[76.30217006530563,28.31231946489265],[76.31132924173515,28.35629764319549],[76.24870689981203,28.353018935099012],[76.25104460544114,28.31515113762077]]]},"properties":{"ulpin":"06654803669488","parcel_id":"19b907ea-7125-4d24-b922-bf3ec53073b2","state":"Haryana","state_code":"HR","state_type":"STATE","state_lgd_code":"6","district_lgd_code":"80","district_name":"Gurugram","subdistrict_lgd_code":"620","subdistrict_name":"Wazirabad Tehsil","subdistrict_type":"Tehsil / Taluk","village_lgd_code":"61402","village_name":"Badshahpur","khasra_plot_no":"Murabba 45, Killa 12/2/D260","recorded_area":"4.0","recorded_area_unit":"Kanal-Marla","normalized_area_sqm":"2023.43","gis_area_sqm":"2023.43","land_use_category":"MIXED_USE","land_use_raw":"Gair Mumkin Plotted Commercial","status":"PENDING_MUTATION","data_freshness_status":"STALE","scenario_index":"4777","use_case_description":"Tribal non-alienation protection review","mutation_workflow_status":"HEARING_SCHEDULED","revenue_record_id":"ROR-HR-2025-1008-0260","revenue_record_type":"Jamabandi Nakal (Haryana Jamabandi)","khata_khewat_no":"KHT-58","khatauni_no":"KHN-158","owner_name":"Satish Chand Mittal","owner_name_local":"सतीश चंद मित्तल","co_owners":"","tenure_type":"Bhumiswami / Freehold","mutation_status":"PENDING","active_mutation_id":"MUT-HR-00000260","tax_demand_status":"PAID","annual_tax_inr":"185.5","deed_number":"DEED-HR-2024-408-0260","deed_type":"Sale Deed / Conveyance","sro_office":"Sub-Registrar Office, Wazirabad Tehsil","execution_date":"2024-05-10","registered_owner":"Sunita Sharma / Aditi Verma","seller_name":"Previous Landholder","consideration_amount_inr":"3500000.0","stamp_duty_inr":"210000.0","survey_sketch_id":"FMB-HR-08-0260","cadastral_sheet_no":"SHT-HR-08","surveyed_area_sqm":"2023.43","survey_status":"PENDING","urban_authority":"Wazirabad Tehsil Urban Development & Town Planning Authority","zone_name":"Commercial Core","permitted_land_use":"MIXED_USE","building_permission_status":"PENDING","violations_reported":"False","is_encumbered":"True","encumbrance_certificate_number":"EC-HR-00000260-0260","encumbrance_type":"GOVT_REVENUE_LIEN","financial_institution":"","mortgage_amount":"0.0","created_at":"2026-01-15T09:00:00Z","updated_at":"2026-09-24T11:30:00Z"}},{"type":"Feature","geometry":{"type":"Polygon","coordinates":[[[76.36191078508436,29.444610088351855],[76.41185754949473,29.444610088351855],[76.41325992016053,29.498906584528594],[76.36254202998533,29.50325709690893],[76.36191078508436,29.444610088351855]]]},"properties":{"ulpin":"06278202171428","parcel_id":"c5ed475f-52cd-4f97-8ceb-072e33bc3ea0","state":"Haryana","state_code":"HR","state_type":"STATE","state_lgd_code":"6","district_lgd_code":"80","district_name":"Gurugram","subdistrict_lgd_code":"620","subdistrict_name":"Wazirabad Tehsil","subdistrict_type":"Tehsil / Taluk","village_lgd_code":"61402","village_name":"Badshahpur","khasra_plot_no":"Murabba 45, Killa 12/2/D261","recorded_area":"4.0","recorded_area_unit":"Kanal-Marla","normalized_area_sqm":"2023.43","gis_area_sqm":"2023.43","land_use_category":"OTHER","land_use_raw":"Gair Mumkin Plotted Commercial","status":"SUBDIVIDED","data_freshness_status":"UNKNOWN","scenario_index":"4778","use_case_description":"Lease charge and institutional tenancy","mutation_workflow_status":"APPROVED","revenue_record_id":"ROR-HR-2025-1008-0261","revenue_record_type":"Jamabandi Nakal (Haryana Jamabandi)","khata_khewat_no":"KHT-58","khatauni_no":"KHN-158","owner_name":"Satish Chand Mittal","owner_name_local":"सतीश चंद मित्तल","co_owners":"","tenure_type":"Leasehold","mutation_status":"UNMUTATED_TRANSACTION","active_mutation_id":"MUT-HR-00000261","tax_demand_status":"PAID","annual_tax_inr":"185.5","deed_number":"DEED-HR-2024-408-0261","deed_type":"Sale Deed / Conveyance","sro_office":"Sub-Registrar Office, Wazirabad Tehsil","execution_date":"2024-05-10","registered_owner":"Sunita Sharma / Aditi Verma","seller_name":"Previous Landholder","consideration_amount_inr":"3500000.0","stamp_duty_inr":"210000.0","survey_sketch_id":"FMB-HR-08-0261","cadastral_sheet_no":"SHT-HR-08","surveyed_area_sqm":"2023.43","survey_status":"DISPUTED","urban_authority":"Wazirabad Tehsil Urban Development & Town Planning Authority","zone_name":"Commercial Core","permitted_land_use":"OTHER","building_permission_status":"REJECTED","violations_reported":"False","is_encumbered":"True","encumbrance_certificate_number":"EC-HR-00000261-0261","encumbrance_type":"COURT_ATTACHMENT","financial_institution":"","mortgage_amount":"0.0","created_at":"2026-01-15T09:00:00Z","updated_at":"2026-09-24T11:30:00Z"}},{"type":"Feature","geometry":{"type":"Polygon","coordinates":[[[75.7376892310035,28.423745211845528],[75.79601205786395,28.431309341868666],[75.7871349639811,28.49324652535311],[75.73683719623168,28.486832200694113],[75.7376892310035,28.423745211845528]]]},"properties":{"ulpin":"06071208771177","parcel_id":"aa89a4c5-8212-4f90-a43d-ddb789ca7abb","state":"Haryana","state_code":"HR","state_type":"STATE","state_lgd_code":"6","district_lgd_code":"80","district_name":"Gurugram","subdistrict_lgd_code":"620","subdistrict_name":"Wazirabad Tehsil","subdistrict_type":"Tehsil / Taluk","village_lgd_code":"61402","village_name":"Badshahpur","khasra_plot_no":"Murabba 45, Killa 12/2/D262","recorded_area":"4.0","recorded_area_unit":"Kanal-Marla","normalized_area_sqm":"2023.43","gis_area_sqm":"2023.43","land_use_category":"RESIDENTIAL","land_use_raw":"Gair Mumkin Plotted Commercial","status":"AMALGAMATED","data_freshness_status":"CURRENT","scenario_index":"4779","use_case_description":"Subdivision or amalgamation history review","mutation_workflow_status":"REJECTED","revenue_record_id":"ROR-HR-2025-1008-0262","revenue_record_type":"Jamabandi Nakal (Haryana Jamabandi)","khata_khewat_no":"KHT-58","khatauni_no":"KHN-158","owner_name":"Satish Chand Mittal","owner_name_local":"सतीश चंद मित्तल","co_owners":"","tenure_type":"Government Grant","mutation_status":"REJECTED","active_mutation_id":"MUT-HR-00000262","tax_demand_status":"PAID","annual_tax_inr":"185.5","deed_number":"DEED-HR-2024-408-0262","deed_type":"Sale Deed / Conveyance","sro_office":"Sub-Registrar Office, Wazirabad Tehsil","execution_date":"2024-05-10","registered_owner":"Registry Variance Owner 262","seller_name":"Previous Landholder","consideration_amount_inr":"3500000.0","stamp_duty_inr":"210000.0","survey_sketch_id":"FMB-HR-08-0262","cadastral_sheet_no":"SHT-HR-08","surveyed_area_sqm":"2023.43","survey_status":"RESURVEY_REQUIRED","urban_authority":"Wazirabad Tehsil Urban Development & Town Planning Authority","zone_name":"Commercial Core","permitted_land_use":"RESIDENTIAL","building_permission_status":"NOT_APPLICABLE","violations_reported":"False","is_encumbered":"True","encumbrance_certificate_number":"EC-HR-00000262-0262","encumbrance_type":"TRIBAL_NON_ALIENATION","financial_institution":"","mortgage_amount":"0.0","created_at":"2026-01-15T09:00:00Z","updated_at":"2026-09-24T11:30:00Z"}},{"type":"Feature","geometry":{"type":"Polygon","coordinates":[[[75.78900328056676,28.273739618783132],[75.85983494514527,28.269205830942145],[75.85640722607627,28.32980402370377],[75.78577124861172,28.318591898031944],[75.78900328056676,28.273739618783132]]]},"properties":{"ulpin":"06061254784906","parcel_id":"162571af-73dd-4233-b31e-4ca9d4e8fd7c","state":"Haryana","state_code":"HR","state_type":"STATE","state_lgd_code":"6","district_lgd_code":"80","district_name":"Gurugram","subdistrict_lgd_code":"620","subdistrict_name":"Wazirabad Tehsil","subdistrict_type":"Tehsil / Taluk","village_lgd_code":"61402","village_name":"Badshahpur","khasra_plot_no":"Murabba 45, Killa 12/2/D263","recorded_area":"4.0","recorded_area_unit":"Kanal-Marla","normalized_area_sqm":"2023.43","gis_area_sqm":"2023.43","land_use_category":"COMMERCIAL","land_use_raw":"Gair Mumkin Plotted Commercial","status":"DISPUTED","data_freshness_status":"STALE","scenario_index":"4780","use_case_description":"Archived historical record for audit retrieval","mutation_workflow_status":"SLA_BREACHED","revenue_record_id":"ROR-HR-2025-1008-0263","revenue_record_type":"Jamabandi Nakal (Haryana Jamabandi)","khata_khewat_no":"KHT-58","khatauni_no":"KHN-158","owner_name":"Satish Chand Mittal","owner_name_local":"सतीश चंद मित्तल","co_owners":"","tenure_type":"Waqf / Religious Trust","mutation_status":"DISPUTED","active_mutation_id":"MUT-HR-00000263","tax_demand_status":"PAID","annual_tax_inr":"185.5","deed_number":"DEED-HR-2024-408-0263","deed_type":"Sale Deed / Conveyance","sro_office":"Sub-Registrar Office, Wazirabad Tehsil","execution_date":"2024-05-10","registered_owner":"Sunita Sharma / Aditi Verma","seller_name":"Previous Landholder","consideration_amount_inr":"3500000.0","stamp_duty_inr":"210000.0","survey_sketch_id":"FMB-HR-08-0263","cadastral_sheet_no":"SHT-HR-08","surveyed_area_sqm":"2023.43","survey_status":"SURVEYED","urban_authority":"Wazirabad Tehsil Urban Development & Town Planning Authority","zone_name":"Commercial Core","permitted_land_use":"COMMERCIAL","building_permission_status":"SANCTIONED","violations_reported":"False","is_encumbered":"True","encumbrance_certificate_number":"EC-HR-00000263-0263","encumbrance_type":"LEASE_CHARGE","financial_institution":"","mortgage_amount":"0.0","created_at":"2026-01-15T09:00:00Z","updated_at":"2026-09-24T11:30:00Z"}},{"type":"Feature","geometry":{"type":"Polygon","coordinates":[[[75.7871349639811,28.49324652535311],[75.85901329197554,28.488857473180122],[75.85512180553316,28.539103652471812],[75.7939893107588,28.532717090366635],[75.7871349639811,28.49324652535311]]]},"properties":{"ulpin":"06853496759782","parcel_id":"04d1d0d1-64ae-4afc-8995-628c559396df","state":"Haryana","state_code":"HR","state_type":"STATE","state_lgd_code":"6","district_lgd_code":"80","district_name":"Gurugram","subdistrict_lgd_code":"620","subdistrict_name":"Wazirabad Tehsil","subdistrict_type":"Tehsil / Taluk","village_lgd_code":"61402","village_name":"Badshahpur","khasra_plot_no":"Murabba 45, Killa 12/2/D264","recorded_area":"4.0","recorded_area_unit":"Kanal-Marla","normalized_area_sqm":"2023.43","gis_area_sqm":"2023.43","land_use_category":"INDUSTRIAL","land_use_raw":"Gair Mumkin Plotted Commercial","status":"ARCHIVED","data_freshness_status":"UNKNOWN","scenario_index":"4781","use_case_description":"Tribal non-alienation protection review","mutation_workflow_status":"SUBMITTED","revenue_record_id":"ROR-HR-2025-1008-0264","revenue_record_type":"Jamabandi Nakal (Haryana Jamabandi)","khata_khewat_no":"KHT-58","khatauni_no":"KHN-158","owner_name":"Satish Chand Mittal","owner_name_local":"सतीश चंद मित्तल","co_owners":"","tenure_type":"Tribal Community Tenure","mutation_status":"NONE","active_mutation_id":"MUT-HR-00000264","tax_demand_status":"PAID","annual_tax_inr":"185.5","deed_number":"DEED-HR-2024-408-0264","deed_type":"Sale Deed / Conveyance","sro_office":"Sub-Registrar Office, Wazirabad Tehsil","execution_date":"2024-05-10","registered_owner":"Sunita Sharma / Aditi Verma","seller_name":"Previous Landholder","consideration_amount_inr":"3500000.0","stamp_duty_inr":"210000.0","survey_sketch_id":"FMB-HR-08-0264","cadastral_sheet_no":"SHT-HR-08","surveyed_area_sqm":"2023.43","survey_status":"PENDING","urban_authority":"Wazirabad Tehsil Urban Development & Town Planning Authority","zone_name":"Commercial Core","permitted_land_use":"INDUSTRIAL","building_permission_status":"PENDING","violations_reported":"True","is_encumbered":"False","encumbrance_certificate_number":"EC-HR-2024-108-0264","encumbrance_type":"NIL","financial_institution":"","mortgage_amount":"0.0","created_at":"2026-01-15T09:00:00Z","updated_at":"2026-09-24T11:30:00Z"}},{"type":"Feature","geometry":{"type":"Polygon","coordinates":[[[75.47660863489487,28.167192992837364],[75.53679557789447,28.154692806365293],[75.53918133926014,28.211090643052753],[75.47660863489487,28.207706790343597],[75.47660863489487,28.167192992837364]]]},"properties":{"ulpin":"06083117069990","parcel_id":"ba59ecb3-e64f-44d3-b771-106502eabc72","state":"Haryana","state_code":"HR","state_type":"STATE","state_lgd_code":"6","district_lgd_code":"80","district_name":"Gurugram","subdistrict_lgd_code":"620","subdistrict_name":"Wazirabad Tehsil","subdistrict_type":"Tehsil / Taluk","village_lgd_code":"61402","village_name":"Badshahpur","khasra_plot_no":"Murabba 45, Killa 12/2/D265","recorded_area":"4.0","recorded_area_unit":"Kanal-Marla","normalized_area_sqm":"2023.43","gis_area_sqm":"2023.43","land_use_category":"AGRICULTURAL","land_use_raw":"Gair Mumkin Plotted Commercial","status":"ACTIVE","data_freshness_status":"CURRENT","scenario_index":"4782","use_case_description":"Government revenue lien and tax demand","mutation_workflow_status":"UNDER_VERIFICATION","revenue_record_id":"ROR-HR-2025-1008-0265","revenue_record_type":"Jamabandi Nakal (Haryana Jamabandi)","khata_khewat_no":"KHT-58","khatauni_no":"KHN-158","owner_name":"Satish Chand Mittal","owner_name_local":"सतीश चंद मित्तल","co_owners":"","tenure_type":"Bhumiswami / Raiyati with Transferable Rights","mutation_status":"MUTATED","active_mutation_id":"","tax_demand_status":"PAID","annual_tax_inr":"185.5","deed_number":"DEED-HR-2024-408-0265","deed_type":"Sale Deed / Conveyance","sro_office":"Sub-Registrar Office, Wazirabad Tehsil","execution_date":"2024-05-10","registered_owner":"Sunita Sharma / Aditi Verma","seller_name":"Previous Landholder","consideration_amount_inr":"3500000.0","stamp_duty_inr":"210000.0","survey_sketch_id":"FMB-HR-08-0265","cadastral_sheet_no":"SHT-HR-08","surveyed_area_sqm":"2023.43","survey_status":"DISPUTED","urban_authority":"Wazirabad Tehsil Urban Development & Town Planning Authority","zone_name":"Commercial Core","permitted_land_use":"AGRICULTURAL","building_permission_status":"REJECTED","violations_reported":"False","is_encumbered":"True","encumbrance_certificate_number":"EC-HR-00000265-0265","encumbrance_type":"BANK_MORTGAGE","financial_institution":"","mortgage_amount":"0.0","created_at":"2026-01-15T09:00:00Z","updated_at":"2026-09-24T11:30:00Z"}},{"type":"Feature","geometry":{"type":"Polygon","coordinates":[[[75.10792784981396,29.239406997261568],[75.16859708613359,29.244087300383473],[75.17684363662126,29.299212690007913],[75.12310240265793,29.289619929108646],[75.10792784981396,29.239406997261568]]]},"properties":{"ulpin":"06130164366429","parcel_id":"e210b461-71fa-438d-9bd8-1097d7cf022c","state":"Haryana","state_code":"HR","state_type":"STATE","state_lgd_code":"6","district_lgd_code":"80","district_name":"Gurugram","subdistrict_lgd_code":"620","subdistrict_name":"Wazirabad Tehsil","subdistrict_type":"Tehsil / Taluk","village_lgd_code":"61402","village_name":"Badshahpur","khasra_plot_no":"Murabba 45, Killa 12/2/D266","recorded_area":"4.0","recorded_area_unit":"Kanal-Marla","normalized_area_sqm":"2023.43","gis_area_sqm":"2023.43","land_use_category":"INSTITUTIONAL","land_use_raw":"Gair Mumkin Plotted Commercial","status":"PENDING_MUTATION","data_freshness_status":"STALE","scenario_index":"4783","use_case_description":"Court attachment and disputed possession","mutation_workflow_status":"NOTICE_PERIOD","revenue_record_id":"ROR-HR-2025-1008-0266","revenue_record_type":"Jamabandi Nakal (Haryana Jamabandi)","khata_khewat_no":"KHT-58","khatauni_no":"KHN-158","owner_name":"Satish Chand Mittal","owner_name_local":"सतीश चंद मित्तल","co_owners":"","tenure_type":"Bhumiswami / Freehold","mutation_status":"PENDING","active_mutation_id":"MUT-HR-00000266","tax_demand_status":"PAID","annual_tax_inr":"185.5","deed_number":"DEED-HR-2024-408-0266","deed_type":"Sale Deed / Conveyance","sro_office":"Sub-Registrar Office, Wazirabad Tehsil","execution_date":"2024-05-10","registered_owner":"Sunita Sharma / Aditi Verma","seller_name":"Previous Landholder","consideration_amount_inr":"3500000.0","stamp_duty_inr":"210000.0","survey_sketch_id":"FMB-HR-08-0266","cadastral_sheet_no":"SHT-HR-08","surveyed_area_sqm":"2023.43","survey_status":"RESURVEY_REQUIRED","urban_authority":"Wazirabad Tehsil Urban Development & Town Planning Authority","zone_name":"Commercial Core","permitted_land_use":"INSTITUTIONAL","building_permission_status":"NOT_APPLICABLE","violations_reported":"False","is_encumbered":"True","encumbrance_certificate_number":"EC-HR-00000266-0266","encumbrance_type":"GOVT_REVENUE_LIEN","financial_institution":"","mortgage_amount":"0.0","created_at":"2026-01-15T09:00:00Z","updated_at":"2026-09-24T11:30:00Z"}},{"type":"Feature","geometry":{"type":"Polygon","coordinates":[[[75.17684363662126,29.299212690007913],[75.23793573202828,29.299215739746643],[75.2407222011093,29.36107477791787],[75.18057569977502,29.36107477791787],[75.17684363662126,29.299212690007913]]]},"properties":{"ulpin":"06086875101077","parcel_id":"4733b12f-a1db-4cab-a457-db3845a9b2bc","state":"Haryana","state_code":"HR","state_type":"STATE","state_lgd_code":"6","district_lgd_code":"80","district_name":"Gurugram","subdistrict_lgd_code":"620","subdistrict_name":"Wazirabad Tehsil","subdistrict_type":"Tehsil / Taluk","village_lgd_code":"61402","village_name":"Badshahpur","khasra_plot_no":"Murabba 45, Killa 12/2/D267","recorded_area":"4.0","recorded_area_unit":"Kanal-Marla","normalized_area_sqm":"2023.43","gis_area_sqm":"2023.43","land_use_category":"FOREST_GREEN_BELT","land_use_raw":"Gair Mumkin Plotted Commercial","status":"SUBDIVIDED","data_freshness_status":"UNKNOWN","scenario_index":"4784","use_case_description":"Tribal non-alienation protection review","mutation_workflow_status":"HEARING_SCHEDULED","revenue_record_id":"ROR-HR-2025-1008-0267","revenue_record_type":"Jamabandi Nakal (Haryana Jamabandi)","khata_khewat_no":"KHT-58","khatauni_no":"KHN-158","owner_name":"Satish Chand Mittal","owner_name_local":"सतीश चंद मित्तल","co_owners":"","tenure_type":"Leasehold","mutation_status":"UNMUTATED_TRANSACTION","active_mutation_id":"MUT-HR-00000267","tax_demand_status":"PAID","annual_tax_inr":"185.5","deed_number":"DEED-HR-2024-408-0267","deed_type":"Sale Deed / Conveyance","sro_office":"Sub-Registrar Office, Wazirabad Tehsil","execution_date":"2024-05-10","registered_owner":"Registry Variance Owner 267","seller_name":"Previous Landholder","consideration_amount_inr":"3500000.0","stamp_duty_inr":"210000.0","survey_sketch_id":"FMB-HR-08-0267","cadastral_sheet_no":"SHT-HR-08","surveyed_area_sqm":"2023.43","survey_status":"SURVEYED","urban_authority":"Wazirabad Tehsil Urban Development & Town Planning Authority","zone_name":"Commercial Core","permitted_land_use":"FOREST_GREEN_BELT","building_permission_status":"SANCTIONED","violations_reported":"False","is_encumbered":"True","encumbrance_certificate_number":"EC-HR-00000267-0267","encumbrance_type":"COURT_ATTACHMENT","financial_institution":"","mortgage_amount":"0.0","created_at":"2026-01-15T09:00:00Z","updated_at":"2026-09-24T11:30:00Z"}},{"type":"Feature","geometry":{"type":"Polygon","coordinates":[[[75.66224834996783,29.06291085084873],[75.70586535381968,29.062848946729662],[75.71123876514932,29.122320151153545],[75.66034814447539,29.125000574661865],[75.66224834996783,29.06291085084873]]]},"properties":{"ulpin":"06623363338283","parcel_id":"5209dd5a-ded1-4e87-93ec-c65a7e1990ed","state":"Haryana","state_code":"HR","state_type":"STATE","state_lgd_code":"6","district_lgd_code":"80","district_name":"Gurugram","subdistrict_lgd_code":"620","subdistrict_name":"Wazirabad Tehsil","subdistrict_type":"Tehsil / Taluk","village_lgd_code":"61402","village_name":"Badshahpur","khasra_plot_no":"Murabba 45, Killa 12/2/D268","recorded_area":"4.0","recorded_area_unit":"Kanal-Marla","normalized_area_sqm":"2023.43","gis_area_sqm":"2023.43","land_use_category":"WATER_BODY","land_use_raw":"Gair Mumkin Plotted Commercial","status":"AMALGAMATED","data_freshness_status":"CURRENT","scenario_index":"4785","use_case_description":"Lease charge and institutional tenancy","mutation_workflow_status":"APPROVED","revenue_record_id":"ROR-HR-2025-1008-0268","revenue_record_type":"Jamabandi Nakal (Haryana Jamabandi)","khata_khewat_no":"KHT-58","khatauni_no":"KHN-158","owner_name":"Satish Chand Mittal","owner_name_local":"सतीश चंद मित्तल","co_owners":"","tenure_type":"Government Grant","mutation_status":"REJECTED","active_mutation_id":"MUT-HR-00000268","tax_demand_status":"PAID","annual_tax_inr":"185.5","deed_number":"DEED-HR-2024-408-0268","deed_type":"Sale Deed / Conveyance","sro_office":"Sub-Registrar Office, Wazirabad Tehsil","execution_date":"2024-05-10","registered_owner":"Sunita Sharma / Aditi Verma","seller_name":"Previous Landholder","consideration_amount_inr":"3500000.0","stamp_duty_inr":"210000.0","survey_sketch_id":"FMB-HR-08-0268","cadastral_sheet_no":"SHT-HR-08","surveyed_area_sqm":"2023.43","survey_status":"PENDING","urban_authority":"Wazirabad Tehsil Urban Development & Town Planning Authority","zone_name":"Commercial Core","permitted_land_use":"WATER_BODY","building_permission_status":"PENDING","violations_reported":"False","is_encumbered":"True","encumbrance_certificate_number":"EC-HR-00000268-0268","encumbrance_type":"TRIBAL_NON_ALIENATION","financial_institution":"","mortgage_amount":"0.0","created_at":"2026-01-15T09:00:00Z","updated_at":"2026-09-24T11:30:00Z"}},{"type":"Feature","geometry":{"type":"Polygon","coordinates":[[[75.07448534767568,28.55991811743725],[75.1333968248957,28.55353044913861],[75.14315883216324,28.606726439303934],[75.07937684499277,28.606726439303934],[75.07448534767568,28.55991811743725]]]},"properties":{"ulpin":"06464732733466","parcel_id":"ae89aff1-2f8a-4f50-8349-ce310df7fe36","state":"Haryana","state_code":"HR","state_type":"STATE","state_lgd_code":"6","district_lgd_code":"80","district_name":"Gurugram","subdistrict_lgd_code":"620","subdistrict_name":"Wazirabad Tehsil","subdistrict_type":"Tehsil / Taluk","village_lgd_code":"61402","village_name":"Badshahpur","khasra_plot_no":"Murabba 45, Killa 12/2/D269","recorded_area":"4.0","recorded_area_unit":"Kanal-Marla","normalized_area_sqm":"2023.43","gis_area_sqm":"2023.43","land_use_category":"MIXED_USE","land_use_raw":"Gair Mumkin Plotted Commercial","status":"DISPUTED","data_freshness_status":"STALE","scenario_index":"4786","use_case_description":"Subdivision or amalgamation history review","mutation_workflow_status":"REJECTED","revenue_record_id":"ROR-HR-2025-1008-0269","revenue_record_type":"Jamabandi Nakal (Haryana Jamabandi)","khata_khewat_no":"KHT-58","khatauni_no":"KHN-158","owner_name":"Satish Chand Mittal","owner_name_local":"सतीश चंद मित्तल","co_owners":"","tenure_type":"Waqf / Religious Trust","mutation_status":"DISPUTED","active_mutation_id":"MUT-HR-00000269","tax_demand_status":"PAID","annual_tax_inr":"185.5","deed_number":"DEED-HR-2024-408-0269","deed_type":"Sale Deed / Conveyance","sro_office":"Sub-Registrar Office, Wazirabad Tehsil","execution_date":"2024-05-10","registered_owner":"Sunita Sharma / Aditi Verma","seller_name":"Previous Landholder","consideration_amount_inr":"3500000.0","stamp_duty_inr":"210000.0","survey_sketch_id":"FMB-HR-08-0269","cadastral_sheet_no":"SHT-HR-08","surveyed_area_sqm":"2023.43","survey_status":"DISPUTED","urban_authority":"Wazirabad Tehsil Urban Development & Town Planning Authority","zone_name":"Commercial Core","permitted_land_use":"MIXED_USE","building_permission_status":"REJECTED","violations_reported":"False","is_encumbered":"True","encumbrance_certificate_number":"EC-HR-00000269-0269","encumbrance_type":"LEASE_CHARGE","financial_institution":"","mortgage_amount":"0.0","created_at":"2026-01-15T09:00:00Z","updated_at":"2026-09-24T11:30:00Z"}},{"type":"Feature","geometry":{"type":"Polygon","coordinates":[[[75.13581557540316,28.447054065471168],[75.2008836089917,28.433833637308883],[75.20048976159943,28.500477975537237],[75.13815532189979,28.49716142715593],[75.13581557540316,28.447054065471168]]]},"properties":{"ulpin":"06050272440046","parcel_id":"0b727486-00f8-4d69-913d-813606c6401d","state":"Haryana","state_code":"HR","state_type":"STATE","state_lgd_code":"6","district_lgd_code":"80","district_name":"Gurugram","subdistrict_lgd_code":"620","subdistrict_name":"Wazirabad Tehsil","subdistrict_type":"Tehsil / Taluk","village_lgd_code":"61402","village_name":"Badshahpur","khasra_plot_no":"Murabba 45, Killa 12/2/D270","recorded_area":"4.0","recorded_area_unit":"Kanal-Marla","normalized_area_sqm":"2023.43","gis_area_sqm":"2023.43","land_use_category":"OTHER","land_use_raw":"Gair Mumkin Plotted Commercial","status":"ARCHIVED","data_freshness_status":"UNKNOWN","scenario_index":"4787","use_case_description":"Pending sale mutation within statutory SLA","mutation_workflow_status":"SLA_BREACHED","revenue_record_id":"ROR-HR-2025-1008-0270","revenue_record_type":"Jamabandi Nakal (Haryana Jamabandi)","khata_khewat_no":"KHT-58","khatauni_no":"KHN-158","owner_name":"Satish Chand Mittal","owner_name_local":"सतीश चंद मित्तल","co_owners":"","tenure_type":"Tribal Community Tenure","mutation_status":"NONE","active_mutation_id":"MUT-HR-00000270","tax_demand_status":"PAID","annual_tax_inr":"185.5","deed_number":"DEED-HR-2024-408-0270","deed_type":"Sale Deed / Conveyance","sro_office":"Sub-Registrar Office, Wazirabad Tehsil","execution_date":"2024-05-10","registered_owner":"Sunita Sharma / Aditi Verma","seller_name":"Previous Landholder","consideration_amount_inr":"3500000.0","stamp_duty_inr":"210000.0","survey_sketch_id":"FMB-HR-08-0270","cadastral_sheet_no":"SHT-HR-08","surveyed_area_sqm":"2023.43","survey_status":"RESURVEY_REQUIRED","urban_authority":"Wazirabad Tehsil Urban Development & Town Planning Authority","zone_name":"Commercial Core","permitted_land_use":"OTHER","building_permission_status":"NOT_APPLICABLE","violations_reported":"False","is_encumbered":"False","encumbrance_certificate_number":"EC-HR-2024-108-0270","encumbrance_type":"NIL","financial_institution":"","mortgage_amount":"0.0","created_at":"2026-01-15T09:00:00Z","updated_at":"2026-09-24T11:30:00Z"}},{"type":"Feature","geometry":{"type":"Polygon","coordinates":[[[76.2569086522786,28.073711106654958],[76.29909926385729,28.07362891866576],[76.30199016600147,28.12710158351959],[76.24667906162973,28.127035912209447],[76.2569086522786,28.073711106654958]]]},"properties":{"ulpin":"06260841378622","parcel_id":"32652702-e68e-4103-9018-b88bda745075","state":"Haryana","state_code":"HR","state_type":"STATE","state_lgd_code":"6","district_lgd_code":"80","district_name":"Gurugram","subdistrict_lgd_code":"620","subdistrict_name":"Wazirabad Tehsil","subdistrict_type":"Tehsil / Taluk","village_lgd_code":"61402","village_name":"Badshahpur","khasra_plot_no":"Murabba 45, Killa 12/2/D271","recorded_area":"4.0","recorded_area_unit":"Kanal-Marla","normalized_area_sqm":"2023.43","gis_area_sqm":"2023.43","land_use_category":"RESIDENTIAL","land_use_raw":"Gair Mumkin Plotted Commercial","status":"ACTIVE","data_freshness_status":"CURRENT","scenario_index":"4788","use_case_description":"Bank mortgage and active encumbrance","mutation_workflow_status":"SUBMITTED","revenue_record_id":"ROR-HR-2025-1008-0271","revenue_record_type":"Jamabandi Nakal (Haryana Jamabandi)","khata_khewat_no":"KHT-58","khatauni_no":"KHN-158","owner_name":"Satish Chand Mittal","owner_name_local":"सतीश चंद मित्तल","co_owners":"","tenure_type":"Bhumiswami / Raiyati with Transferable Rights","mutation_status":"MUTATED","active_mutation_id":"","tax_demand_status":"PAID","annual_tax_inr":"185.5","deed_number":"DEED-HR-2024-408-0271","deed_type":"Sale Deed / Conveyance","sro_office":"Sub-Registrar Office, Wazirabad Tehsil","execution_date":"2024-05-10","registered_owner":"Sunita Sharma / Aditi Verma","seller_name":"Previous Landholder","consideration_amount_inr":"3500000.0","stamp_duty_inr":"210000.0","survey_sketch_id":"FMB-HR-08-0271","cadastral_sheet_no":"SHT-HR-08","surveyed_area_sqm":"2023.43","survey_status":"SURVEYED","urban_authority":"Wazirabad Tehsil Urban Development & Town Planning Authority","zone_name":"Commercial Core","permitted_land_use":"RESIDENTIAL","building_permission_status":"SANCTIONED","violations_reported":"True","is_encumbered":"True","encumbrance_certificate_number":"EC-HR-00000271-0271","encumbrance_type":"BANK_MORTGAGE","financial_institution":"","mortgage_amount":"0.0","created_at":"2026-01-15T09:00:00Z","updated_at":"2026-09-24T11:30:00Z"}},{"type":"Feature","geometry":{"type":"Polygon","coordinates":[[[76.36704932436437,29.611688471209845],[76.4080418878038,29.61149102644253],[76.40955698440777,29.647993553145685],[76.36131998252121,29.648314419369704],[76.36704932436437,29.611688471209845]]]},"properties":{"ulpin":"06432780811330","parcel_id":"3c356620-82b4-4971-a8ab-ff55456e43ae","state":"Haryana","state_code":"HR","state_type":"STATE","state_lgd_code":"6","district_lgd_code":"80","district_name":"Gurugram","subdistrict_lgd_code":"620","subdistrict_name":"Wazirabad Tehsil","subdistrict_type":"Tehsil / Taluk","village_lgd_code":"61402","village_name":"Badshahpur","khasra_plot_no":"Murabba 45, Killa 12/2/D272","recorded_area":"4.0","recorded_area_unit":"Kanal-Marla","normalized_area_sqm":"2023.43","gis_area_sqm":"2023.43","land_use_category":"COMMERCIAL","land_use_raw":"Gair Mumkin Plotted Commercial","status":"PENDING_MUTATION","data_freshness_status":"STALE","scenario_index":"4789","use_case_description":"Government revenue lien and tax demand","mutation_workflow_status":"UNDER_VERIFICATION","revenue_record_id":"ROR-HR-2025-1008-0272","revenue_record_type":"Jamabandi Nakal (Haryana Jamabandi)","khata_khewat_no":"KHT-58","khatauni_no":"KHN-158","owner_name":"Satish Chand Mittal","owner_name_local":"सतीश चंद मित्तल","co_owners":"","tenure_type":"Bhumiswami / Freehold","mutation_status":"PENDING","active_mutation_id":"MUT-HR-00000272","tax_demand_status":"PAID","annual_tax_inr":"185.5","deed_number":"DEED-HR-2024-408-0272","deed_type":"Sale Deed / Conveyance","sro_office":"Sub-Registrar Office, Wazirabad Tehsil","execution_date":"2024-05-10","registered_owner":"Registry Variance Owner 272","seller_name":"Previous Landholder","consideration_amount_inr":"3500000.0","stamp_duty_inr":"210000.0","survey_sketch_id":"FMB-HR-08-0272","cadastral_sheet_no":"SHT-HR-08","surveyed_area_sqm":"2023.43","survey_status":"PENDING","urban_authority":"Wazirabad Tehsil Urban Development & Town Planning Authority","zone_name":"Commercial Core","permitted_land_use":"COMMERCIAL","building_permission_status":"PENDING","violations_reported":"False","is_encumbered":"True","encumbrance_certificate_number":"EC-HR-00000272-0272","encumbrance_type":"GOVT_REVENUE_LIEN","financial_institution":"","mortgage_amount":"0.0","created_at":"2026-01-15T09:00:00Z","updated_at":"2026-09-24T11:30:00Z"}},{"type":"Feature","geometry":{"type":"Polygon","coordinates":[[[74.90960976679725,29.690090227374455],[74.95255343153168,29.69245981421238],[74.95667262126621,29.73276851451977],[74.89924776228733,29.745069208435098],[74.90960976679725,29.690090227374455]]]},"properties":{"ulpin":"06245519024834","parcel_id":"eb7049ae-83c1-40ef-be2c-776c97c691ae","state":"Haryana","state_code":"HR","state_type":"STATE","state_lgd_code":"6","district_lgd_code":"80","district_name":"Gurugram","subdistrict_lgd_code":"620","subdistrict_name":"Wazirabad Tehsil","subdistrict_type":"Tehsil / Taluk","village_lgd_code":"61402","village_name":"Badshahpur","khasra_plot_no":"Murabba 45, Killa 12/2/D273","recorded_area":"4.0","recorded_area_unit":"Kanal-Marla","normalized_area_sqm":"2023.43","gis_area_sqm":"2023.43","land_use_category":"INDUSTRIAL","land_use_raw":"Gair Mumkin Plotted Commercial","status":"SUBDIVIDED","data_freshness_status":"UNKNOWN","scenario_index":"4790","use_case_description":"Court attachment and disputed possession","mutation_workflow_status":"NOTICE_PERIOD","revenue_record_id":"ROR-HR-2025-1008-0273","revenue_record_type":"Jamabandi Nakal (Haryana Jamabandi)","khata_khewat_no":"KHT-58","khatauni_no":"KHN-158","owner_name":"Satish Chand Mittal","owner_name_local":"सतीश चंद मित्तल","co_owners":"","tenure_type":"Leasehold","mutation_status":"UNMUTATED_TRANSACTION","active_mutation_id":"MUT-HR-00000273","tax_demand_status":"PAID","annual_tax_inr":"185.5","deed_number":"DEED-HR-2024-408-0273","deed_type":"Sale Deed / Conveyance","sro_office":"Sub-Registrar Office, Wazirabad Tehsil","execution_date":"2024-05-10","registered_owner":"Sunita Sharma / Aditi Verma","seller_name":"Previous Landholder","consideration_amount_inr":"3500000.0","stamp_duty_inr":"210000.0","survey_sketch_id":"FMB-HR-08-0273","cadastral_sheet_no":"SHT-HR-08","surveyed_area_sqm":"2023.43","survey_status":"DISPUTED","urban_authority":"Wazirabad Tehsil Urban Development & Town Planning Authority","zone_name":"Commercial Core","permitted_land_use":"INDUSTRIAL","building_permission_status":"REJECTED","violations_reported":"False","is_encumbered":"True","encumbrance_certificate_number":"EC-HR-00000273-0273","encumbrance_type":"COURT_ATTACHMENT","financial_institution":"","mortgage_amount":"0.0","created_at":"2026-01-15T09:00:00Z","updated_at":"2026-09-24T11:30:00Z"}},{"type":"Feature","geometry":{"type":"Polygon","coordinates":[[[75.01078275557839,28.551643394454416],[75.07448534767568,28.55991811743725],[75.07937684499277,28.606726439303934],[75.00599134889598,28.606726439303934],[75.01078275557839,28.551643394454416]]]},"properties":{"ulpin":"06064726844377","parcel_id":"b66d7547-9c1b-44a3-9d3d-4052128cdd4c","state":"Haryana","state_code":"HR","state_type":"STATE","state_lgd_code":"6","district_lgd_code":"80","district_name":"Gurugram","subdistrict_lgd_code":"620","subdistrict_name":"Wazirabad Tehsil","subdistrict_type":"Tehsil / Taluk","village_lgd_code":"61402","village_name":"Badshahpur","khasra_plot_no":"Murabba 45, Killa 12/2/D274","recorded_area":"4.0","recorded_area_unit":"Kanal-Marla","normalized_area_sqm":"2023.43","gis_area_sqm":"2023.43","land_use_category":"AGRICULTURAL","land_use_raw":"Gair Mumkin Plotted Commercial","status":"AMALGAMATED","data_freshness_status":"CURRENT","scenario_index":"4791","use_case_description":"Tribal non-alienation protection review","mutation_workflow_status":"HEARING_SCHEDULED","revenue_record_id":"ROR-HR-2025-1008-0274","revenue_record_type":"Jamabandi Nakal (Haryana Jamabandi)","khata_khewat_no":"KHT-58","khatauni_no":"KHN-158","owner_name":"Satish Chand Mittal","owner_name_local":"सतीश चंद मित्तल","co_owners":"","tenure_type":"Government Grant","mutation_status":"REJECTED","active_mutation_id":"MUT-HR-00000274","tax_demand_status":"PAID","annual_tax_inr":"185.5","deed_number":"DEED-HR-2024-408-0274","deed_type":"Sale Deed / Conveyance","sro_office":"Sub-Registrar Office, Wazirabad Tehsil","execution_date":"2024-05-10","registered_owner":"Sunita Sharma / Aditi Verma","seller_name":"Previous Landholder","consideration_amount_inr":"3500000.0","stamp_duty_inr":"210000.0","survey_sketch_id":"FMB-HR-08-0274","cadastral_sheet_no":"SHT-HR-08","surveyed_area_sqm":"2023.43","survey_status":"RESURVEY_REQUIRED","urban_authority":"Wazirabad Tehsil Urban Development & Town Planning Authority","zone_name":"Commercial Core","permitted_land_use":"AGRICULTURAL","building_permission_status":"NOT_APPLICABLE","violations_reported":"False","is_encumbered":"True","encumbrance_certificate_number":"EC-HR-00000274-0274","encumbrance_type":"TRIBAL_NON_ALIENATION","financial_institution":"","mortgage_amount":"0.0","created_at":"2026-01-15T09:00:00Z","updated_at":"2026-09-24T11:30:00Z"}},{"type":"Feature","geometry":{"type":"Polygon","coordinates":[[[75.72640823535191,28.10089560318433],[75.7971633103315,28.107814260401877],[75.80198725899115,28.168505865499174],[75.7300863479975,28.16721944173994],[75.72640823535191,28.10089560318433]]]},"properties":{"ulpin":"06480926411984","parcel_id":"596f5ebd-6a3f-4007-809b-4e69413b857d","state":"Haryana","state_code":"HR","state_type":"STATE","state_lgd_code":"6","district_lgd_code":"80","district_name":"Gurugram","subdistrict_lgd_code":"620","subdistrict_name":"Wazirabad Tehsil","subdistrict_type":"Tehsil / Taluk","village_lgd_code":"61402","village_name":"Badshahpur","khasra_plot_no":"Murabba 45, Killa 12/2/D275","recorded_area":"4.0","recorded_area_unit":"Kanal-Marla","normalized_area_sqm":"2023.43","gis_area_sqm":"2023.43","land_use_category":"INSTITUTIONAL","land_use_raw":"Gair Mumkin Plotted Commercial","status":"DISPUTED","data_freshness_status":"STALE","scenario_index":"4792","use_case_description":"Lease charge and institutional tenancy","mutation_workflow_status":"APPROVED","revenue_record_id":"ROR-HR-2025-1008-0275","revenue_record_type":"Jamabandi Nakal (Haryana Jamabandi)","khata_khewat_no":"KHT-58","khatauni_no":"KHN-158","owner_name":"Satish Chand Mittal","owner_name_local":"सतीश चंद मित्तल","co_owners":"","tenure_type":"Waqf / Religious Trust","mutation_status":"DISPUTED","active_mutation_id":"MUT-HR-00000275","tax_demand_status":"PAID","annual_tax_inr":"185.5","deed_number":"DEED-HR-2024-408-0275","deed_type":"Sale Deed / Conveyance","sro_office":"Sub-Registrar Office, Wazirabad Tehsil","execution_date":"2024-05-10","registered_owner":"Sunita Sharma / Aditi Verma","seller_name":"Previous Landholder","consideration_amount_inr":"3500000.0","stamp_duty_inr":"210000.0","survey_sketch_id":"FMB-HR-08-0275","cadastral_sheet_no":"SHT-HR-08","surveyed_area_sqm":"2023.43","survey_status":"SURVEYED","urban_authority":"Wazirabad Tehsil Urban Development & Town Planning Authority","zone_name":"Commercial Core","permitted_land_use":"INSTITUTIONAL","building_permission_status":"SANCTIONED","violations_reported":"False","is_encumbered":"True","encumbrance_certificate_number":"EC-HR-00000275-0275","encumbrance_type":"LEASE_CHARGE","financial_institution":"","mortgage_amount":"0.0","created_at":"2026-01-15T09:00:00Z","updated_at":"2026-09-24T11:30:00Z"}},{"type":"Feature","geometry":{"type":"Polygon","coordinates":[[[76.15251739041298,28.30610353173173],[76.20317014661234,28.307796646461693],[76.20878399982763,28.357999165568025],[76.15251739041298,28.354479112227196],[76.15251739041298,28.30610353173173]]]},"properties":{"ulpin":"06386568828410","parcel_id":"936c1315-65b4-4bd6-a211-52281b242b31","state":"Haryana","state_code":"HR","state_type":"STATE","state_lgd_code":"6","district_lgd_code":"80","district_name":"Gurugram","subdistrict_lgd_code":"620","subdistrict_name":"Wazirabad Tehsil","subdistrict_type":"Tehsil / Taluk","village_lgd_code":"61402","village_name":"Badshahpur","khasra_plot_no":"Murabba 45, Killa 12/2/D276","recorded_area":"4.0","recorded_area_unit":"Kanal-Marla","normalized_area_sqm":"2023.43","gis_area_sqm":"2023.43","land_use_category":"FOREST_GREEN_BELT","land_use_raw":"Gair Mumkin Plotted Commercial","status":"ARCHIVED","data_freshness_status":"UNKNOWN","scenario_index":"4793","use_case_description":"Bank mortgage and active encumbrance","mutation_workflow_status":"REJECTED","revenue_record_id":"ROR-HR-2025-1008-0276","revenue_record_type":"Jamabandi Nakal (Haryana Jamabandi)","khata_khewat_no":"KHT-58","khatauni_no":"KHN-158","owner_name":"Satish Chand Mittal","owner_name_local":"सतीश चंद मित्तल","co_owners":"","tenure_type":"Tribal Community Tenure","mutation_status":"NONE","active_mutation_id":"MUT-HR-00000276","tax_demand_status":"PAID","annual_tax_inr":"185.5","deed_number":"DEED-HR-2024-408-0276","deed_type":"Sale Deed / Conveyance","sro_office":"Sub-Registrar Office, Wazirabad Tehsil","execution_date":"2024-05-10","registered_owner":"Sunita Sharma / Aditi Verma","seller_name":"Previous Landholder","consideration_amount_inr":"3500000.0","stamp_duty_inr":"210000.0","survey_sketch_id":"FMB-HR-08-0276","cadastral_sheet_no":"SHT-HR-08","surveyed_area_sqm":"2023.43","survey_status":"PENDING","urban_authority":"Wazirabad Tehsil Urban Development & Town Planning Authority","zone_name":"Commercial Core","permitted_land_use":"FOREST_GREEN_BELT","building_permission_status":"PENDING","violations_reported":"False","is_encumbered":"False","encumbrance_certificate_number":"EC-HR-2024-108-0276","encumbrance_type":"NIL","financial_institution":"","mortgage_amount":"0.0","created_at":"2026-01-15T09:00:00Z","updated_at":"2026-09-24T11:30:00Z"}},{"type":"Feature","geometry":{"type":"Polygon","coordinates":[[[75.06212879073408,29.244786939725664],[75.10792784981396,29.239406997261568],[75.12310240265793,29.289619929108646],[75.04785301336835,29.29954395931945],[75.06212879073408,29.244786939725664]]]},"properties":{"ulpin":"06328415885294","parcel_id":"f9559447-0c47-48c0-980f-f5abcad9f219","state":"Haryana","state_code":"HR","state_type":"STATE","state_lgd_code":"6","district_lgd_code":"80","district_name":"Gurugram","subdistrict_lgd_code":"620","subdistrict_name":"Wazirabad Tehsil","subdistrict_type":"Tehsil / Taluk","village_lgd_code":"61402","village_name":"Badshahpur","khasra_plot_no":"Murabba 45, Killa 12/2/D277","recorded_area":"4.0","recorded_area_unit":"Kanal-Marla","normalized_area_sqm":"2023.43","gis_area_sqm":"2023.43","land_use_category":"WATER_BODY","land_use_raw":"Gair Mumkin Plotted Commercial","status":"ACTIVE","data_freshness_status":"CURRENT","scenario_index":"4794","use_case_description":"Archived historical record for audit retrieval","mutation_workflow_status":"SLA_BREACHED","revenue_record_id":"ROR-HR-2025-1008-0277","revenue_record_type":"Jamabandi Nakal (Haryana Jamabandi)","khata_khewat_no":"KHT-58","khatauni_no":"KHN-158","owner_name":"Satish Chand Mittal","owner_name_local":"सतीश चंद मित्तल","co_owners":"","tenure_type":"Bhumiswami / Raiyati with Transferable Rights","mutation_status":"MUTATED","active_mutation_id":"","tax_demand_status":"PAID","annual_tax_inr":"185.5","deed_number":"DEED-HR-2024-408-0277","deed_type":"Sale Deed / Conveyance","sro_office":"Sub-Registrar Office, Wazirabad Tehsil","execution_date":"2024-05-10","registered_owner":"Registry Variance Owner 277","seller_name":"Previous Landholder","consideration_amount_inr":"3500000.0","stamp_duty_inr":"210000.0","survey_sketch_id":"FMB-HR-08-0277","cadastral_sheet_no":"SHT-HR-08","surveyed_area_sqm":"2023.43","survey_status":"DISPUTED","urban_authority":"Wazirabad Tehsil Urban Development & Town Planning Authority","zone_name":"Commercial Core","permitted_land_use":"WATER_BODY","building_permission_status":"REJECTED","violations_reported":"False","is_encumbered":"True","encumbrance_certificate_number":"EC-HR-00000277-0277","encumbrance_type":"BANK_MORTGAGE","financial_institution":"","mortgage_amount":"0.0","created_at":"2026-01-15T09:00:00Z","updated_at":"2026-09-24T11:30:00Z"}},{"type":"Feature","geometry":{"type":"Polygon","coordinates":[[[74.88385652792108,28.27462993593578],[74.95250801190613,28.274743486290337],[74.9489864619867,28.330501440871046],[74.88385652792108,28.32481513129194],[74.88385652792108,28.27462993593578]]]},"properties":{"ulpin":"06690400495717","parcel_id":"d8e8a689-22c6-481d-8364-695d7786ff8e","state":"Haryana","state_code":"HR","state_type":"STATE","state_lgd_code":"6","district_lgd_code":"80","district_name":"Gurugram","subdistrict_lgd_code":"620","subdistrict_name":"Wazirabad Tehsil","subdistrict_type":"Tehsil / Taluk","village_lgd_code":"61402","village_name":"Badshahpur","khasra_plot_no":"Murabba 45, Killa 12/2/D278","recorded_area":"4.0","recorded_area_unit":"Kanal-Marla","normalized_area_sqm":"2023.43","gis_area_sqm":"2023.43","land_use_category":"MIXED_USE","land_use_raw":"Gair Mumkin Plotted Commercial","status":"PENDING_MUTATION","data_freshness_status":"STALE","scenario_index":"4795","use_case_description":"Bank mortgage and active encumbrance","mutation_workflow_status":"SUBMITTED","revenue_record_id":"ROR-HR-2025-1008-0278","revenue_record_type":"Jamabandi Nakal (Haryana Jamabandi)","khata_khewat_no":"KHT-58","khatauni_no":"KHN-158","owner_name":"Satish Chand Mittal","owner_name_local":"सतीश चंद मित्तल","co_owners":"","tenure_type":"Bhumiswami / Freehold","mutation_status":"PENDING","active_mutation_id":"MUT-HR-00000278","tax_demand_status":"PAID","annual_tax_inr":"185.5","deed_number":"DEED-HR-2024-408-0278","deed_type":"Sale Deed / Conveyance","sro_office":"Sub-Registrar Office, Wazirabad Tehsil","execution_date":"2024-05-10","registered_owner":"Sunita Sharma / Aditi Verma","seller_name":"Previous Landholder","consideration_amount_inr":"3500000.0","stamp_duty_inr":"210000.0","survey_sketch_id":"FMB-HR-08-0278","cadastral_sheet_no":"SHT-HR-08","surveyed_area_sqm":"2023.43","survey_status":"RESURVEY_REQUIRED","urban_authority":"Wazirabad Tehsil Urban Development & Town Planning Authority","zone_name":"Commercial Core","permitted_land_use":"MIXED_USE","building_permission_status":"NOT_APPLICABLE","violations_reported":"True","is_encumbered":"True","encumbrance_certificate_number":"EC-HR-00000278-0278","encumbrance_type":"GOVT_REVENUE_LIEN","financial_institution":"","mortgage_amount":"0.0","created_at":"2026-01-15T09:00:00Z","updated_at":"2026-09-24T11:30:00Z"}},{"type":"Feature","geometry":{"type":"Polygon","coordinates":[[[75.47660863489487,28.328003374934678],[75.54531768012403,28.32030437692708],[75.53075865233811,28.37799795724668],[75.47660863489487,28.37958189904989],[75.47660863489487,28.328003374934678]]]},"properties":{"ulpin":"06982719437237","parcel_id":"7a675fdd-3786-4fd8-b799-6ece848df9b6","state":"Haryana","state_code":"HR","state_type":"STATE","state_lgd_code":"6","district_lgd_code":"80","district_name":"Gurugram","subdistrict_lgd_code":"620","subdistrict_name":"Wazirabad Tehsil","subdistrict_type":"Tehsil / Taluk","village_lgd_code":"61402","village_name":"Badshahpur","khasra_plot_no":"Murabba 45, Killa 12/2/D279","recorded_area":"4.0","recorded_area_unit":"Kanal-Marla","normalized_area_sqm":"2023.43","gis_area_sqm":"2023.43","land_use_category":"OTHER","land_use_raw":"Gair Mumkin Plotted Commercial","status":"SUBDIVIDED","data_freshness_status":"UNKNOWN","scenario_index":"4796","use_case_description":"Government revenue lien and tax demand","mutation_workflow_status":"UNDER_VERIFICATION","revenue_record_id":"ROR-HR-2025-1008-0279","revenue_record_type":"Jamabandi Nakal (Haryana Jamabandi)","khata_khewat_no":"KHT-58","khatauni_no":"KHN-158","owner_name":"Satish Chand Mittal","owner_name_local":"सतीश चंद मित्तल","co_owners":"","tenure_type":"Leasehold","mutation_status":"UNMUTATED_TRANSACTION","active_mutation_id":"MUT-HR-00000279","tax_demand_status":"PAID","annual_tax_inr":"185.5","deed_number":"DEED-HR-2024-408-0279","deed_type":"Sale Deed / Conveyance","sro_office":"Sub-Registrar Office, Wazirabad Tehsil","execution_date":"2024-05-10","registered_owner":"Sunita Sharma / Aditi Verma","seller_name":"Previous Landholder","consideration_amount_inr":"3500000.0","stamp_duty_inr":"210000.0","survey_sketch_id":"FMB-HR-08-0279","cadastral_sheet_no":"SHT-HR-08","surveyed_area_sqm":"2023.43","survey_status":"SURVEYED","urban_authority":"Wazirabad Tehsil Urban Development & Town Planning Authority","zone_name":"Commercial Core","permitted_land_use":"OTHER","building_permission_status":"SANCTIONED","violations_reported":"False","is_encumbered":"True","encumbrance_certificate_number":"EC-HR-00000279-0279","encumbrance_type":"COURT_ATTACHMENT","financial_institution":"","mortgage_amount":"0.0","created_at":"2026-01-15T09:00:00Z","updated_at":"2026-09-24T11:30:00Z"}},{"type":"Feature","geometry":{"type":"Polygon","coordinates":[[[75.54196366436639,29.224344019523976],[75.60455683523217,29.231848135485308],[75.59178907676436,29.272108150399365],[75.53574310518822,29.270016755951232],[75.54196366436639,29.224344019523976]]]},"properties":{"ulpin":"06854036615936","parcel_id":"028e827d-e52d-455c-a2d1-20a26533464b","state":"Haryana","state_code":"HR","state_type":"STATE","state_lgd_code":"6","district_lgd_code":"80","district_name":"Gurugram","subdistrict_lgd_code":"620","subdistrict_name":"Wazirabad Tehsil","subdistrict_type":"Tehsil / Taluk","village_lgd_code":"61402","village_name":"Badshahpur","khasra_plot_no":"Murabba 45, Killa 12/2/D280","recorded_area":"4.0","recorded_area_unit":"Kanal-Marla","normalized_area_sqm":"2023.43","gis_area_sqm":"2023.43","land_use_category":"RESIDENTIAL","land_use_raw":"Gair Mumkin Plotted Commercial","status":"AMALGAMATED","data_freshness_status":"CURRENT","scenario_index":"4797","use_case_description":"Court attachment and disputed possession","mutation_workflow_status":"NOTICE_PERIOD","revenue_record_id":"ROR-HR-2025-1008-0280","revenue_record_type":"Jamabandi Nakal (Haryana Jamabandi)","khata_khewat_no":"KHT-58","khatauni_no":"KHN-158","owner_name":"Satish Chand Mittal","owner_name_local":"सतीश चंद मित्तल","co_owners":"","tenure_type":"Government Grant","mutation_status":"REJECTED","active_mutation_id":"MUT-HR-00000280","tax_demand_status":"PAID","annual_tax_inr":"185.5","deed_number":"DEED-HR-2024-408-0280","deed_type":"Sale Deed / Conveyance","sro_office":"Sub-Registrar Office, Wazirabad Tehsil","execution_date":"2024-05-10","registered_owner":"Sunita Sharma / Aditi Verma","seller_name":"Previous Landholder","consideration_amount_inr":"3500000.0","stamp_duty_inr":"210000.0","survey_sketch_id":"FMB-HR-08-0280","cadastral_sheet_no":"SHT-HR-08","surveyed_area_sqm":"2023.43","survey_status":"PENDING","urban_authority":"Wazirabad Tehsil Urban Development & Town Planning Authority","zone_name":"Commercial Core","permitted_land_use":"RESIDENTIAL","building_permission_status":"PENDING","violations_reported":"False","is_encumbered":"True","encumbrance_certificate_number":"EC-HR-00000280-0280","encumbrance_type":"TRIBAL_NON_ALIENATION","financial_institution":"","mortgage_amount":"0.0","created_at":"2026-01-15T09:00:00Z","updated_at":"2026-09-24T11:30:00Z"}},{"type":"Feature","geometry":{"type":"Polygon","coordinates":[[[75.67124460671657,28.154451757765496],[75.7300863479975,28.16721944173994],[75.73518462204248,28.215600792050065],[75.66315011596306,28.216061640438838],[75.67124460671657,28.154451757765496]]]},"properties":{"ulpin":"06174258334474","parcel_id":"4f185e95-3ce3-4aeb-a223-5a278c15fad7","state":"Haryana","state_code":"HR","state_type":"STATE","state_lgd_code":"6","district_lgd_code":"80","district_name":"Gurugram","subdistrict_lgd_code":"620","subdistrict_name":"Wazirabad Tehsil","subdistrict_type":"Tehsil / Taluk","village_lgd_code":"61402","village_name":"Badshahpur","khasra_plot_no":"Murabba 45, Killa 12/2/D281","recorded_area":"4.0","recorded_area_unit":"Kanal-Marla","normalized_area_sqm":"2023.43","gis_area_sqm":"2023.43","land_use_category":"COMMERCIAL","land_use_raw":"Gair Mumkin Plotted Commercial","status":"DISPUTED","data_freshness_status":"STALE","scenario_index":"4798","use_case_description":"Tribal non-alienation protection review","mutation_workflow_status":"HEARING_SCHEDULED","revenue_record_id":"ROR-HR-2025-1008-0281","revenue_record_type":"Jamabandi Nakal (Haryana Jamabandi)","khata_khewat_no":"KHT-58","khatauni_no":"KHN-158","owner_name":"Satish Chand Mittal","owner_name_local":"सतीश चंद मित्तल","co_owners":"","tenure_type":"Waqf / Religious Trust","mutation_status":"DISPUTED","active_mutation_id":"MUT-HR-00000281","tax_demand_status":"PAID","annual_tax_inr":"185.5","deed_number":"DEED-HR-2024-408-0281","deed_type":"Sale Deed / Conveyance","sro_office":"Sub-Registrar Office, Wazirabad Tehsil","execution_date":"2024-05-10","registered_owner":"Sunita Sharma / Aditi Verma","seller_name":"Previous Landholder","consideration_amount_inr":"3500000.0","stamp_duty_inr":"210000.0","survey_sketch_id":"FMB-HR-08-0281","cadastral_sheet_no":"SHT-HR-08","surveyed_area_sqm":"2023.43","survey_status":"DISPUTED","urban_authority":"Wazirabad Tehsil Urban Development & Town Planning Authority","zone_name":"Commercial Core","permitted_land_use":"COMMERCIAL","building_permission_status":"REJECTED","violations_reported":"False","is_encumbered":"True","encumbrance_certificate_number":"EC-HR-00000281-0281","encumbrance_type":"LEASE_CHARGE","financial_institution":"","mortgage_amount":"0.0","created_at":"2026-01-15T09:00:00Z","updated_at":"2026-09-24T11:30:00Z"}},{"type":"Feature","geometry":{"type":"Polygon","coordinates":[[[76.42276874169438,29.817953586010283],[76.46439438022938,29.812912317243956],[76.46537399904412,29.867665332829265],[76.42366205427543,29.867665332829265],[76.42276874169438,29.817953586010283]]]},"properties":{"ulpin":"06773133580270","parcel_id":"acd1f358-8f08-4662-a636-0d343b34b32a","state":"Haryana","state_code":"HR","state_type":"STATE","state_lgd_code":"6","district_lgd_code":"80","district_name":"Gurugram","subdistrict_lgd_code":"620","subdistrict_name":"Wazirabad Tehsil","subdistrict_type":"Tehsil / Taluk","village_lgd_code":"61402","village_name":"Badshahpur","khasra_plot_no":"Murabba 45, Killa 12/2/D282","recorded_area":"4.0","recorded_area_unit":"Kanal-Marla","normalized_area_sqm":"2023.43","gis_area_sqm":"2023.43","land_use_category":"INDUSTRIAL","land_use_raw":"Gair Mumkin Plotted Commercial","status":"ARCHIVED","data_freshness_status":"UNKNOWN","scenario_index":"4799","use_case_description":"Archived historical record for audit retrieval","mutation_workflow_status":"APPROVED","revenue_record_id":"ROR-HR-2025-1008-0282","revenue_record_type":"Jamabandi Nakal (Haryana Jamabandi)","khata_khewat_no":"KHT-58","khatauni_no":"KHN-158","owner_name":"Satish Chand Mittal","owner_name_local":"सतीश चंद मित्तल","co_owners":"","tenure_type":"Tribal Community Tenure","mutation_status":"NONE","active_mutation_id":"MUT-HR-00000282","tax_demand_status":"PAID","annual_tax_inr":"185.5","deed_number":"DEED-HR-2024-408-0282","deed_type":"Sale Deed / Conveyance","sro_office":"Sub-Registrar Office, Wazirabad Tehsil","execution_date":"2024-05-10","registered_owner":"Registry Variance Owner 282","seller_name":"Previous Landholder","consideration_amount_inr":"3500000.0","stamp_duty_inr":"210000.0","survey_sketch_id":"FMB-HR-08-0282","cadastral_sheet_no":"SHT-HR-08","surveyed_area_sqm":"2023.43","survey_status":"RESURVEY_REQUIRED","urban_authority":"Wazirabad Tehsil Urban Development & Town Planning Authority","zone_name":"Commercial Core","permitted_land_use":"INDUSTRIAL","building_permission_status":"NOT_APPLICABLE","violations_reported":"False","is_encumbered":"False","encumbrance_certificate_number":"EC-HR-2024-108-0282","encumbrance_type":"NIL","financial_institution":"","mortgage_amount":"0.0","created_at":"2026-01-15T09:00:00Z","updated_at":"2026-09-24T11:30:00Z"}},{"type":"Feature","geometry":{"type":"Polygon","coordinates":[[[75.48272316992694,29.116910328597932],[75.5382749583577,29.11705283989845],[75.54416561033398,29.17008452032393],[75.48389635334658,29.16819265987251],[75.48272316992694,29.116910328597932]]]},"properties":{"ulpin":"06246908812533","parcel_id":"68f600e4-b7d4-41c5-a60e-0d98cca77226","state":"Haryana","state_code":"HR","state_type":"STATE","state_lgd_code":"6","district_lgd_code":"80","district_name":"Gurugram","subdistrict_lgd_code":"620","subdistrict_name":"Wazirabad Tehsil","subdistrict_type":"Tehsil / Taluk","village_lgd_code":"61402","village_name":"Badshahpur","khasra_plot_no":"Murabba 45, Killa 12/2/D283","recorded_area":"4.0","recorded_area_unit":"Kanal-Marla","normalized_area_sqm":"2023.43","gis_area_sqm":"2023.43","land_use_category":"AGRICULTURAL","land_use_raw":"Gair Mumkin Plotted Commercial","status":"ACTIVE","data_freshness_status":"CURRENT","scenario_index":"4800","use_case_description":"Subdivision or amalgamation history review","mutation_workflow_status":"REJECTED","revenue_record_id":"ROR-HR-2025-1008-0283","revenue_record_type":"Jamabandi Nakal (Haryana Jamabandi)","khata_khewat_no":"KHT-58","khatauni_no":"KHN-158","owner_name":"Satish Chand Mittal","owner_name_local":"सतीश चंद मित्तल","co_owners":"","tenure_type":"Bhumiswami / Raiyati with Transferable Rights","mutation_status":"MUTATED","active_mutation_id":"","tax_demand_status":"PAID","annual_tax_inr":"185.5","deed_number":"DEED-HR-2024-408-0283","deed_type":"Sale Deed / Conveyance","sro_office":"Sub-Registrar Office, Wazirabad Tehsil","execution_date":"2024-05-10","registered_owner":"Sunita Sharma / Aditi Verma","seller_name":"Previous Landholder","consideration_amount_inr":"3500000.0","stamp_duty_inr":"210000.0","survey_sketch_id":"FMB-HR-08-0283","cadastral_sheet_no":"SHT-HR-08","surveyed_area_sqm":"2023.43","survey_status":"SURVEYED","urban_authority":"Wazirabad Tehsil Urban Development & Town Planning Authority","zone_name":"Commercial Core","permitted_land_use":"AGRICULTURAL","building_permission_status":"SANCTIONED","violations_reported":"False","is_encumbered":"True","encumbrance_certificate_number":"EC-HR-00000283-0283","encumbrance_type":"BANK_MORTGAGE","financial_institution":"","mortgage_amount":"0.0","created_at":"2026-01-15T09:00:00Z","updated_at":"2026-09-24T11:30:00Z"}},{"type":"Feature","geometry":{"type":"Polygon","coordinates":[[[75.78577124861172,28.318591898031944],[75.85640722607627,28.32980402370377],[75.8490207941995,28.385660422350355],[75.78680102768278,28.3721025077325],[75.78577124861172,28.318591898031944]]]},"properties":{"ulpin":"06491916594275","parcel_id":"c7ed3bbd-2bf8-4b4b-910a-1ca43cd41a93","state":"Haryana","state_code":"HR","state_type":"STATE","state_lgd_code":"6","district_lgd_code":"80","district_name":"Gurugram","subdistrict_lgd_code":"620","subdistrict_name":"Wazirabad Tehsil","subdistrict_type":"Tehsil / Taluk","village_lgd_code":"61402","village_name":"Badshahpur","khasra_plot_no":"Murabba 45, Killa 12/2/D284","recorded_area":"4.0","recorded_area_unit":"Kanal-Marla","normalized_area_sqm":"2023.43","gis_area_sqm":"2023.43","land_use_category":"INSTITUTIONAL","land_use_raw":"Gair Mumkin Plotted Commercial","status":"PENDING_MUTATION","data_freshness_status":"STALE","scenario_index":"4801","use_case_description":"Archived historical record for audit retrieval","mutation_workflow_status":"SLA_BREACHED","revenue_record_id":"ROR-HR-2025-1008-0284","revenue_record_type":"Jamabandi Nakal (Haryana Jamabandi)","khata_khewat_no":"KHT-58","khatauni_no":"KHN-158","owner_name":"Satish Chand Mittal","owner_name_local":"सतीश चंद मित्तल","co_owners":"","tenure_type":"Bhumiswami / Freehold","mutation_status":"PENDING","active_mutation_id":"MUT-HR-00000284","tax_demand_status":"PAID","annual_tax_inr":"185.5","deed_number":"DEED-HR-2024-408-0284","deed_type":"Sale Deed / Conveyance","sro_office":"Sub-Registrar Office, Wazirabad Tehsil","execution_date":"2024-05-10","registered_owner":"Sunita Sharma / Aditi Verma","seller_name":"Previous Landholder","consideration_amount_inr":"3500000.0","stamp_duty_inr":"210000.0","survey_sketch_id":"FMB-HR-08-0284","cadastral_sheet_no":"SHT-HR-08","surveyed_area_sqm":"2023.43","survey_status":"PENDING","urban_authority":"Wazirabad Tehsil Urban Development & Town Planning Authority","zone_name":"Commercial Core","permitted_land_use":"INSTITUTIONAL","building_permission_status":"PENDING","violations_reported":"False","is_encumbered":"True","encumbrance_certificate_number":"EC-HR-00000284-0284","encumbrance_type":"GOVT_REVENUE_LIEN","financial_institution":"","mortgage_amount":"0.0","created_at":"2026-01-15T09:00:00Z","updated_at":"2026-09-24T11:30:00Z"}},{"type":"Feature","geometry":{"type":"Polygon","coordinates":[[[74.85241884462934,29.745204583133532],[74.89924776228733,29.745069208435098],[74.9111214810485,29.786855393088498],[74.85551599806797,29.789052382661676],[74.85241884462934,29.745204583133532]]]},"properties":{"ulpin":"06377815451826","parcel_id":"7a9d22b0-1fbb-435a-a3f6-4133bc02079c","state":"Haryana","state_code":"HR","state_type":"STATE","state_lgd_code":"6","district_lgd_code":"80","district_name":"Gurugram","subdistrict_lgd_code":"620","subdistrict_name":"Wazirabad Tehsil","subdistrict_type":"Tehsil / Taluk","village_lgd_code":"61402","village_name":"Badshahpur","khasra_plot_no":"Murabba 45, Killa 12/2/D285","recorded_area":"4.0","recorded_area_unit":"Kanal-Marla","normalized_area_sqm":"2023.43","gis_area_sqm":"2023.43","land_use_category":"FOREST_GREEN_BELT","land_use_raw":"Gair Mumkin Plotted Commercial","status":"SUBDIVIDED","data_freshness_status":"UNKNOWN","scenario_index":"4802","use_case_description":"Bank mortgage and active encumbrance","mutation_workflow_status":"SUBMITTED","revenue_record_id":"ROR-HR-2025-1008-0285","revenue_record_type":"Jamabandi Nakal (Haryana Jamabandi)","khata_khewat_no":"KHT-58","khatauni_no":"KHN-158","owner_name":"Satish Chand Mittal","owner_name_local":"सतीश चंद मित्तल","co_owners":"","tenure_type":"Leasehold","mutation_status":"UNMUTATED_TRANSACTION","active_mutation_id":"MUT-HR-00000285","tax_demand_status":"PAID","annual_tax_inr":"185.5","deed_number":"DEED-HR-2024-408-0285","deed_type":"Sale Deed / Conveyance","sro_office":"Sub-Registrar Office, Wazirabad Tehsil","execution_date":"2024-05-10","registered_owner":"Sunita Sharma / Aditi Verma","seller_name":"Previous Landholder","consideration_amount_inr":"3500000.0","stamp_duty_inr":"210000.0","survey_sketch_id":"FMB-HR-08-0285","cadastral_sheet_no":"SHT-HR-08","surveyed_area_sqm":"2023.43","survey_status":"DISPUTED","urban_authority":"Wazirabad Tehsil Urban Development & Town Planning Authority","zone_name":"Commercial Core","permitted_land_use":"FOREST_GREEN_BELT","building_permission_status":"REJECTED","violations_reported":"True","is_encumbered":"True","encumbrance_certificate_number":"EC-HR-00000285-0285","encumbrance_type":"COURT_ATTACHMENT","financial_institution":"","mortgage_amount":"0.0","created_at":"2026-01-15T09:00:00Z","updated_at":"2026-09-24T11:30:00Z"}},{"type":"Feature","geometry":{"type":"Polygon","coordinates":[[[75.42697503301345,29.219364814818217],[75.47460143032603,29.218660493494294],[75.47525374802395,29.281430096359465],[75.43226266536502,29.278174506151668],[75.42697503301345,29.219364814818217]]]},"properties":{"ulpin":"06850637133192","parcel_id":"5281d93a-abca-4af5-9307-a9e80e89f3ad","state":"Haryana","state_code":"HR","state_type":"STATE","state_lgd_code":"6","district_lgd_code":"80","district_name":"Gurugram","subdistrict_lgd_code":"620","subdistrict_name":"Wazirabad Tehsil","subdistrict_type":"Tehsil / Taluk","village_lgd_code":"61402","village_name":"Badshahpur","khasra_plot_no":"Murabba 45, Killa 12/2/D286","recorded_area":"4.0","recorded_area_unit":"Kanal-Marla","normalized_area_sqm":"2023.43","gis_area_sqm":"2023.43","land_use_category":"WATER_BODY","land_use_raw":"Gair Mumkin Plotted Commercial","status":"AMALGAMATED","data_freshness_status":"CURRENT","scenario_index":"4803","use_case_description":"Government revenue lien and tax demand","mutation_workflow_status":"UNDER_VERIFICATION","revenue_record_id":"ROR-HR-2025-1008-0286","revenue_record_type":"Jamabandi Nakal (Haryana Jamabandi)","khata_khewat_no":"KHT-58","khatauni_no":"KHN-158","owner_name":"Satish Chand Mittal","owner_name_local":"सतीश चंद मित्तल","co_owners":"","tenure_type":"Government Grant","mutation_status":"REJECTED","active_mutation_id":"MUT-HR-00000286","tax_demand_status":"PAID","annual_tax_inr":"185.5","deed_number":"DEED-HR-2024-408-0286","deed_type":"Sale Deed / Conveyance","sro_office":"Sub-Registrar Office, Wazirabad Tehsil","execution_date":"2024-05-10","registered_owner":"Sunita Sharma / Aditi Verma","seller_name":"Previous Landholder","consideration_amount_inr":"3500000.0","stamp_duty_inr":"210000.0","survey_sketch_id":"FMB-HR-08-0286","cadastral_sheet_no":"SHT-HR-08","surveyed_area_sqm":"2023.43","survey_status":"RESURVEY_REQUIRED","urban_authority":"Wazirabad Tehsil Urban Development & Town Planning Authority","zone_name":"Commercial Core","permitted_land_use":"WATER_BODY","building_permission_status":"NOT_APPLICABLE","violations_reported":"False","is_encumbered":"True","encumbrance_certificate_number":"EC-HR-00000286-0286","encumbrance_type":"TRIBAL_NON_ALIENATION","financial_institution":"","mortgage_amount":"0.0","created_at":"2026-01-15T09:00:00Z","updated_at":"2026-09-24T11:30:00Z"}},{"type":"Feature","geometry":{"type":"Polygon","coordinates":[[[75.00119970080006,29.174154303104494],[75.06340925149152,29.166643689823115],[75.06212879073408,29.244786939725664],[74.99175478596473,29.238632144594348],[75.00119970080006,29.174154303104494]]]},"properties":{"ulpin":"06304174456448","parcel_id":"2e2c738a-5e17-4d5a-b85f-a096d260d291","state":"Haryana","state_code":"HR","state_type":"STATE","state_lgd_code":"6","district_lgd_code":"80","district_name":"Gurugram","subdistrict_lgd_code":"620","subdistrict_name":"Wazirabad Tehsil","subdistrict_type":"Tehsil / Taluk","village_lgd_code":"61402","village_name":"Badshahpur","khasra_plot_no":"Murabba 45, Killa 12/2/D287","recorded_area":"4.0","recorded_area_unit":"Kanal-Marla","normalized_area_sqm":"2023.43","gis_area_sqm":"2023.43","land_use_category":"MIXED_USE","land_use_raw":"Gair Mumkin Plotted Commercial","status":"DISPUTED","data_freshness_status":"STALE","scenario_index":"4804","use_case_description":"Court attachment and disputed possession","mutation_workflow_status":"NOTICE_PERIOD","revenue_record_id":"ROR-HR-2025-1008-0287","revenue_record_type":"Jamabandi Nakal (Haryana Jamabandi)","khata_khewat_no":"KHT-58","khatauni_no":"KHN-158","owner_name":"Satish Chand Mittal","owner_name_local":"सतीश चंद मित्तल","co_owners":"","tenure_type":"Waqf / Religious Trust","mutation_status":"DISPUTED","active_mutation_id":"MUT-HR-00000287","tax_demand_status":"PAID","annual_tax_inr":"185.5","deed_number":"DEED-HR-2024-408-0287","deed_type":"Sale Deed / Conveyance","sro_office":"Sub-Registrar Office, Wazirabad Tehsil","execution_date":"2024-05-10","registered_owner":"Registry Variance Owner 287","seller_name":"Previous Landholder","consideration_amount_inr":"3500000.0","stamp_duty_inr":"210000.0","survey_sketch_id":"FMB-HR-08-0287","cadastral_sheet_no":"SHT-HR-08","surveyed_area_sqm":"2023.43","survey_status":"SURVEYED","urban_authority":"Wazirabad Tehsil Urban Development & Town Planning Authority","zone_name":"Commercial Core","permitted_land_use":"MIXED_USE","building_permission_status":"SANCTIONED","violations_reported":"False","is_encumbered":"True","encumbrance_certificate_number":"EC-HR-00000287-0287","encumbrance_type":"LEASE_CHARGE","financial_institution":"","mortgage_amount":"0.0","created_at":"2026-01-15T09:00:00Z","updated_at":"2026-09-24T11:30:00Z"}},{"type":"Feature","geometry":{"type":"Polygon","coordinates":[[[75.58859203526694,29.01440923623514],[75.65353061583937,29.01925287983046],[75.66224834996783,29.06291085084873],[75.60191327189635,29.06342547600628],[75.58859203526694,29.01440923623514]]]},"properties":{"ulpin":"06458315166217","parcel_id":"b931f177-52db-4dbc-9110-e85f56aa0977","state":"Haryana","state_code":"HR","state_type":"STATE","state_lgd_code":"6","district_lgd_code":"80","district_name":"Gurugram","subdistrict_lgd_code":"620","subdistrict_name":"Wazirabad Tehsil","subdistrict_type":"Tehsil / Taluk","village_lgd_code":"61402","village_name":"Badshahpur","khasra_plot_no":"Murabba 45, Killa 12/2/D288","recorded_area":"4.0","recorded_area_unit":"Kanal-Marla","normalized_area_sqm":"2023.43","gis_area_sqm":"2023.43","land_use_category":"OTHER","land_use_raw":"Gair Mumkin Plotted Commercial","status":"ARCHIVED","data_freshness_status":"UNKNOWN","scenario_index":"4805","use_case_description":"Cadastral area discrepancy requiring resurvey","mutation_workflow_status":"HEARING_SCHEDULED","revenue_record_id":"ROR-HR-2025-1008-0288","revenue_record_type":"Jamabandi Nakal (Haryana Jamabandi)","khata_khewat_no":"KHT-58","khatauni_no":"KHN-158","owner_name":"Satish Chand Mittal","owner_name_local":"सतीश चंद मित्तल","co_owners":"","tenure_type":"Tribal Community Tenure","mutation_status":"NONE","active_mutation_id":"MUT-HR-00000288","tax_demand_status":"PAID","annual_tax_inr":"185.5","deed_number":"DEED-HR-2024-408-0288","deed_type":"Sale Deed / Conveyance","sro_office":"Sub-Registrar Office, Wazirabad Tehsil","execution_date":"2024-05-10","registered_owner":"Sunita Sharma / Aditi Verma","seller_name":"Previous Landholder","consideration_amount_inr":"3500000.0","stamp_duty_inr":"210000.0","survey_sketch_id":"FMB-HR-08-0288","cadastral_sheet_no":"SHT-HR-08","surveyed_area_sqm":"2023.43","survey_status":"PENDING","urban_authority":"Wazirabad Tehsil Urban Development & Town Planning Authority","zone_name":"Commercial Core","permitted_land_use":"OTHER","building_permission_status":"PENDING","violations_reported":"False","is_encumbered":"False","encumbrance_certificate_number":"EC-HR-2024-108-0288","encumbrance_type":"NIL","financial_institution":"","mortgage_amount":"0.0","created_at":"2026-01-15T09:00:00Z","updated_at":"2026-09-24T11:30:00Z"}},{"type":"Feature","geometry":{"type":"Polygon","coordinates":[[[76.24749632768062,27.982296658942136],[76.30069830966367,27.982296658942136],[76.3022086588034,28.02922797170558],[76.2554725495031,28.034257860374815],[76.24749632768062,27.982296658942136]]]},"properties":{"ulpin":"06101282685705","parcel_id":"9776464e-b9a9-42ac-9179-9905aa28a33a","state":"Haryana","state_code":"HR","state_type":"STATE","state_lgd_code":"6","district_lgd_code":"80","district_name":"Gurugram","subdistrict_lgd_code":"620","subdistrict_name":"Wazirabad Tehsil","subdistrict_type":"Tehsil / Taluk","village_lgd_code":"61402","village_name":"Badshahpur","khasra_plot_no":"Murabba 45, Killa 12/2/D289","recorded_area":"4.0","recorded_area_unit":"Kanal-Marla","normalized_area_sqm":"2023.43","gis_area_sqm":"2023.43","land_use_category":"RESIDENTIAL","land_use_raw":"Gair Mumkin Plotted Commercial","status":"ACTIVE","data_freshness_status":"CURRENT","scenario_index":"4806","use_case_description":"Lease charge and institutional tenancy","mutation_workflow_status":"APPROVED","revenue_record_id":"ROR-HR-2025-1008-0289","revenue_record_type":"Jamabandi Nakal (Haryana Jamabandi)","khata_khewat_no":"KHT-58","khatauni_no":"KHN-158","owner_name":"Satish Chand Mittal","owner_name_local":"सतीश चंद मित्तल","co_owners":"","tenure_type":"Bhumiswami / Raiyati with Transferable Rights","mutation_status":"MUTATED","active_mutation_id":"","tax_demand_status":"PAID","annual_tax_inr":"185.5","deed_number":"DEED-HR-2024-408-0289","deed_type":"Sale Deed / Conveyance","sro_office":"Sub-Registrar Office, Wazirabad Tehsil","execution_date":"2024-05-10","registered_owner":"Sunita Sharma / Aditi Verma","seller_name":"Previous Landholder","consideration_amount_inr":"3500000.0","stamp_duty_inr":"210000.0","survey_sketch_id":"FMB-HR-08-0289","cadastral_sheet_no":"SHT-HR-08","surveyed_area_sqm":"2023.43","survey_status":"DISPUTED","urban_authority":"Wazirabad Tehsil Urban Development & Town Planning Authority","zone_name":"Commercial Core","permitted_land_use":"RESIDENTIAL","building_permission_status":"REJECTED","violations_reported":"False","is_encumbered":"True","encumbrance_certificate_number":"EC-HR-00000289-0289","encumbrance_type":"BANK_MORTGAGE","financial_institution":"","mortgage_amount":"0.0","created_at":"2026-01-15T09:00:00Z","updated_at":"2026-09-24T11:30:00Z"}},{"type":"Feature","geometry":{"type":"Polygon","coordinates":[[[75.04923178603863,29.745677121884103],[75.10073095943721,29.743806181157684],[75.10073095943721,29.786407248826592],[75.0560598016562,29.780904137014023],[75.04923178603863,29.745677121884103]]]},"properties":{"ulpin":"06648581679370","parcel_id":"bfa6514b-ca30-4362-97d5-b1d71ece87e4","state":"Haryana","state_code":"HR","state_type":"STATE","state_lgd_code":"6","district_lgd_code":"80","district_name":"Gurugram","subdistrict_lgd_code":"620","subdistrict_name":"Wazirabad Tehsil","subdistrict_type":"Tehsil / Taluk","village_lgd_code":"61402","village_name":"Badshahpur","khasra_plot_no":"Murabba 45, Killa 12/2/D290","recorded_area":"4.0","recorded_area_unit":"Kanal-Marla","normalized_area_sqm":"2023.43","gis_area_sqm":"2023.43","land_use_category":"COMMERCIAL","land_use_raw":"Gair Mumkin Plotted Commercial","status":"PENDING_MUTATION","data_freshness_status":"STALE","scenario_index":"4807","use_case_description":"Subdivision or amalgamation history review","mutation_workflow_status":"REJECTED","revenue_record_id":"ROR-HR-2025-1008-0290","revenue_record_type":"Jamabandi Nakal (Haryana Jamabandi)","khata_khewat_no":"KHT-58","khatauni_no":"KHN-158","owner_name":"Satish Chand Mittal","owner_name_local":"सतीश चंद मित्तल","co_owners":"","tenure_type":"Bhumiswami / Freehold","mutation_status":"PENDING","active_mutation_id":"MUT-HR-00000290","tax_demand_status":"PAID","annual_tax_inr":"185.5","deed_number":"DEED-HR-2024-408-0290","deed_type":"Sale Deed / Conveyance","sro_office":"Sub-Registrar Office, Wazirabad Tehsil","execution_date":"2024-05-10","registered_owner":"Sunita Sharma / Aditi Verma","seller_name":"Previous Landholder","consideration_amount_inr":"3500000.0","stamp_duty_inr":"210000.0","survey_sketch_id":"FMB-HR-08-0290","cadastral_sheet_no":"SHT-HR-08","surveyed_area_sqm":"2023.43","survey_status":"RESURVEY_REQUIRED","urban_authority":"Wazirabad Tehsil Urban Development & Town Planning Authority","zone_name":"Commercial Core","permitted_land_use":"COMMERCIAL","building_permission_status":"NOT_APPLICABLE","violations_reported":"False","is_encumbered":"True","encumbrance_certificate_number":"EC-HR-00000290-0290","encumbrance_type":"GOVT_REVENUE_LIEN","financial_institution":"","mortgage_amount":"0.0","created_at":"2026-01-15T09:00:00Z","updated_at":"2026-09-24T11:30:00Z"}},{"type":"Feature","geometry":{"type":"Polygon","coordinates":[[[76.24851335505593,29.75901793473544],[76.31014867670021,29.755877111087077],[76.30618475074621,29.810111182086082],[76.25324997373424,29.814031641575973],[76.24851335505593,29.75901793473544]]]},"properties":{"ulpin":"06611092770168","parcel_id":"44c8b7d2-fdc5-4810-86f8-818de712ef78","state":"Haryana","state_code":"HR","state_type":"STATE","state_lgd_code":"6","district_lgd_code":"80","district_name":"Gurugram","subdistrict_lgd_code":"620","subdistrict_name":"Wazirabad Tehsil","subdistrict_type":"Tehsil / Taluk","village_lgd_code":"61402","village_name":"Badshahpur","khasra_plot_no":"Murabba 45, Killa 12/2/D291","recorded_area":"4.0","recorded_area_unit":"Kanal-Marla","normalized_area_sqm":"2023.43","gis_area_sqm":"2023.43","land_use_category":"INDUSTRIAL","land_use_raw":"Gair Mumkin Plotted Commercial","status":"SUBDIVIDED","data_freshness_status":"UNKNOWN","scenario_index":"4808","use_case_description":"Archived historical record for audit retrieval","mutation_workflow_status":"SLA_BREACHED","revenue_record_id":"ROR-HR-2025-1008-0291","revenue_record_type":"Jamabandi Nakal (Haryana Jamabandi)","khata_khewat_no":"KHT-58","khatauni_no":"KHN-158","owner_name":"Satish Chand Mittal","owner_name_local":"सतीश चंद मित्तल","co_owners":"","tenure_type":"Leasehold","mutation_status":"UNMUTATED_TRANSACTION","active_mutation_id":"MUT-HR-00000291","tax_demand_status":"PAID","annual_tax_inr":"185.5","deed_number":"DEED-HR-2024-408-0291","deed_type":"Sale Deed / Conveyance","sro_office":"Sub-Registrar Office, Wazirabad Tehsil","execution_date":"2024-05-10","registered_owner":"Sunita Sharma / Aditi Verma","seller_name":"Previous Landholder","consideration_amount_inr":"3500000.0","stamp_duty_inr":"210000.0","survey_sketch_id":"FMB-HR-08-0291","cadastral_sheet_no":"SHT-HR-08","surveyed_area_sqm":"2023.43","survey_status":"SURVEYED","urban_authority":"Wazirabad Tehsil Urban Development & Town Planning Authority","zone_name":"Commercial Core","permitted_land_use":"INDUSTRIAL","building_permission_status":"SANCTIONED","violations_reported":"False","is_encumbered":"True","encumbrance_certificate_number":"EC-HR-00000291-0291","encumbrance_type":"COURT_ATTACHMENT","financial_institution":"","mortgage_amount":"0.0","created_at":"2026-01-15T09:00:00Z","updated_at":"2026-09-24T11:30:00Z"}},{"type":"Feature","geometry":{"type":"Polygon","coordinates":[[[74.95879776536837,29.526642487231566],[75.00042970542496,29.520496107147093],[75.00060270250721,29.562951900890482],[74.9510576392424,29.561057566675743],[74.95879776536837,29.526642487231566]]]},"properties":{"ulpin":"06777661167889","parcel_id":"73594d91-87f3-4ed9-bd9a-f6e776372e35","state":"Haryana","state_code":"HR","state_type":"STATE","state_lgd_code":"6","district_lgd_code":"80","district_name":"Gurugram","subdistrict_lgd_code":"620","subdistrict_name":"Wazirabad Tehsil","subdistrict_type":"Tehsil / Taluk","village_lgd_code":"61402","village_name":"Badshahpur","khasra_plot_no":"Murabba 45, Killa 12/2/D292","recorded_area":"4.0","recorded_area_unit":"Kanal-Marla","normalized_area_sqm":"2023.43","gis_area_sqm":"2023.43","land_use_category":"AGRICULTURAL","land_use_raw":"Gair Mumkin Plotted Commercial","status":"AMALGAMATED","data_freshness_status":"CURRENT","scenario_index":"4809","use_case_description":"Bank mortgage and active encumbrance","mutation_workflow_status":"SUBMITTED","revenue_record_id":"ROR-HR-2025-1008-0292","revenue_record_type":"Jamabandi Nakal (Haryana Jamabandi)","khata_khewat_no":"KHT-58","khatauni_no":"KHN-158","owner_name":"Satish Chand Mittal","owner_name_local":"सतीश चंद मित्तल","co_owners":"","tenure_type":"Government Grant","mutation_status":"REJECTED","active_mutation_id":"MUT-HR-00000292","tax_demand_status":"PAID","annual_tax_inr":"185.5","deed_number":"DEED-HR-2024-408-0292","deed_type":"Sale Deed / Conveyance","sro_office":"Sub-Registrar Office, Wazirabad Tehsil","execution_date":"2024-05-10","registered_owner":"Registry Variance Owner 292","seller_name":"Previous Landholder","consideration_amount_inr":"3500000.0","stamp_duty_inr":"210000.0","survey_sketch_id":"FMB-HR-08-0292","cadastral_sheet_no":"SHT-HR-08","surveyed_area_sqm":"2023.43","survey_status":"PENDING","urban_authority":"Wazirabad Tehsil Urban Development & Town Planning Authority","zone_name":"Commercial Core","permitted_land_use":"AGRICULTURAL","building_permission_status":"PENDING","violations_reported":"True","is_encumbered":"True","encumbrance_certificate_number":"EC-HR-00000292-0292","encumbrance_type":"TRIBAL_NON_ALIENATION","financial_institution":"","mortgage_amount":"0.0","created_at":"2026-01-15T09:00:00Z","updated_at":"2026-09-24T11:30:00Z"}},{"type":"Feature","geometry":{"type":"Polygon","coordinates":[[[74.90868617107643,29.650267803012856],[74.95055149522503,29.654240355148588],[74.95255343153168,29.69245981421238],[74.90960976679725,29.690090227374455],[74.90868617107643,29.650267803012856]]]},"properties":{"ulpin":"06308275911424","parcel_id":"ce25b5e5-3b4d-4f7c-8f54-70e16be184b6","state":"Haryana","state_code":"HR","state_type":"STATE","state_lgd_code":"6","district_lgd_code":"80","district_name":"Gurugram","subdistrict_lgd_code":"620","subdistrict_name":"Wazirabad Tehsil","subdistrict_type":"Tehsil / Taluk","village_lgd_code":"61402","village_name":"Badshahpur","khasra_plot_no":"Murabba 45, Killa 12/2/D293","recorded_area":"4.0","recorded_area_unit":"Kanal-Marla","normalized_area_sqm":"2023.43","gis_area_sqm":"2023.43","land_use_category":"INSTITUTIONAL","land_use_raw":"Gair Mumkin Plotted Commercial","status":"DISPUTED","data_freshness_status":"STALE","scenario_index":"4810","use_case_description":"Government revenue lien and tax demand","mutation_workflow_status":"UNDER_VERIFICATION","revenue_record_id":"ROR-HR-2025-1008-0293","revenue_record_type":"Jamabandi Nakal (Haryana Jamabandi)","khata_khewat_no":"KHT-58","khatauni_no":"KHN-158","owner_name":"Satish Chand Mittal","owner_name_local":"सतीश चंद मित्तल","co_owners":"","tenure_type":"Waqf / Religious Trust","mutation_status":"DISPUTED","active_mutation_id":"MUT-HR-00000293","tax_demand_status":"PAID","annual_tax_inr":"185.5","deed_number":"DEED-HR-2024-408-0293","deed_type":"Sale Deed / Conveyance","sro_office":"Sub-Registrar Office, Wazirabad Tehsil","execution_date":"2024-05-10","registered_owner":"Sunita Sharma / Aditi Verma","seller_name":"Previous Landholder","consideration_amount_inr":"3500000.0","stamp_duty_inr":"210000.0","survey_sketch_id":"FMB-HR-08-0293","cadastral_sheet_no":"SHT-HR-08","surveyed_area_sqm":"2023.43","survey_status":"DISPUTED","urban_authority":"Wazirabad Tehsil Urban Development & Town Planning Authority","zone_name":"Commercial Core","permitted_land_use":"INSTITUTIONAL","building_permission_status":"REJECTED","violations_reported":"False","is_encumbered":"True","encumbrance_certificate_number":"EC-HR-00000293-0293","encumbrance_type":"LEASE_CHARGE","financial_institution":"","mortgage_amount":"0.0","created_at":"2026-01-15T09:00:00Z","updated_at":"2026-09-24T11:30:00Z"}},{"type":"Feature","geometry":{"type":"Polygon","coordinates":[[[75.2854898084399,29.291495694804116],[75.35431266561602,29.289511682663484],[75.35431266561602,29.36107477791787],[75.30073935212519,29.36107477791787],[75.2854898084399,29.291495694804116]]]},"properties":{"ulpin":"06150661946152","parcel_id":"140e33db-b3bf-4a0c-a3ba-aba3efdc4994","state":"Haryana","state_code":"HR","state_type":"STATE","state_lgd_code":"6","district_lgd_code":"80","district_name":"Gurugram","subdistrict_lgd_code":"620","subdistrict_name":"Wazirabad Tehsil","subdistrict_type":"Tehsil / Taluk","village_lgd_code":"61402","village_name":"Badshahpur","khasra_plot_no":"Murabba 45, Killa 12/2/D294","recorded_area":"4.0","recorded_area_unit":"Kanal-Marla","normalized_area_sqm":"2023.43","gis_area_sqm":"2023.43","land_use_category":"FOREST_GREEN_BELT","land_use_raw":"Gair Mumkin Plotted Commercial","status":"ARCHIVED","data_freshness_status":"UNKNOWN","scenario_index":"4811","use_case_description":"Tribal non-alienation protection review","mutation_workflow_status":"NOTICE_PERIOD","revenue_record_id":"ROR-HR-2025-1008-0294","revenue_record_type":"Jamabandi Nakal (Haryana Jamabandi)","khata_khewat_no":"KHT-58","khatauni_no":"KHN-158","owner_name":"Satish Chand Mittal","owner_name_local":"सतीश चंद मित्तल","co_owners":"","tenure_type":"Tribal Community Tenure","mutation_status":"NONE","active_mutation_id":"MUT-HR-00000294","tax_demand_status":"PAID","annual_tax_inr":"185.5","deed_number":"DEED-HR-2024-408-0294","deed_type":"Sale Deed / Conveyance","sro_office":"Sub-Registrar Office, Wazirabad Tehsil","execution_date":"2024-05-10","registered_owner":"Sunita Sharma / Aditi Verma","seller_name":"Previous Landholder","consideration_amount_inr":"3500000.0","stamp_duty_inr":"210000.0","survey_sketch_id":"FMB-HR-08-0294","cadastral_sheet_no":"SHT-HR-08","surveyed_area_sqm":"2023.43","survey_status":"RESURVEY_REQUIRED","urban_authority":"Wazirabad Tehsil Urban Development & Town Planning Authority","zone_name":"Commercial Core","permitted_land_use":"FOREST_GREEN_BELT","building_permission_status":"NOT_APPLICABLE","violations_reported":"False","is_encumbered":"False","encumbrance_certificate_number":"EC-HR-2024-108-0294","encumbrance_type":"NIL","financial_institution":"","mortgage_amount":"0.0","created_at":"2026-01-15T09:00:00Z","updated_at":"2026-09-24T11:30:00Z"}},{"type":"Feature","geometry":{"type":"Polygon","coordinates":[[[75.20032297155252,28.389394732383614],[75.27486850067316,28.390959288231997],[75.27732475399843,28.440360255952914],[75.2008836089917,28.433833637308883],[75.20032297155252,28.389394732383614]]]},"properties":{"ulpin":"06291994960913","parcel_id":"fd6a1784-77ff-4797-a878-b955fd8dd72e","state":"Haryana","state_code":"HR","state_type":"STATE","state_lgd_code":"6","district_lgd_code":"80","district_name":"Gurugram","subdistrict_lgd_code":"620","subdistrict_name":"Wazirabad Tehsil","subdistrict_type":"Tehsil / Taluk","village_lgd_code":"61402","village_name":"Badshahpur","khasra_plot_no":"Murabba 45, Killa 12/2/D295","recorded_area":"4.0","recorded_area_unit":"Kanal-Marla","normalized_area_sqm":"2023.43","gis_area_sqm":"2023.43","land_use_category":"WATER_BODY","land_use_raw":"Gair Mumkin Plotted Commercial","status":"ACTIVE","data_freshness_status":"CURRENT","scenario_index":"4812","use_case_description":"Tribal non-alienation protection review","mutation_workflow_status":"HEARING_SCHEDULED","revenue_record_id":"ROR-HR-2025-1008-0295","revenue_record_type":"Jamabandi Nakal (Haryana Jamabandi)","khata_khewat_no":"KHT-58","khatauni_no":"KHN-158","owner_name":"Satish Chand Mittal","owner_name_local":"सतीश चंद मित्तल","co_owners":"","tenure_type":"Bhumiswami / Raiyati with Transferable Rights","mutation_status":"MUTATED","active_mutation_id":"","tax_demand_status":"PAID","annual_tax_inr":"185.5","deed_number":"DEED-HR-2024-408-0295","deed_type":"Sale Deed / Conveyance","sro_office":"Sub-Registrar Office, Wazirabad Tehsil","execution_date":"2024-05-10","registered_owner":"Sunita Sharma / Aditi Verma","seller_name":"Previous Landholder","consideration_amount_inr":"3500000.0","stamp_duty_inr":"210000.0","survey_sketch_id":"FMB-HR-08-0295","cadastral_sheet_no":"SHT-HR-08","surveyed_area_sqm":"2023.43","survey_status":"SURVEYED","urban_authority":"Wazirabad Tehsil Urban Development & Town Planning Authority","zone_name":"Commercial Core","permitted_land_use":"WATER_BODY","building_permission_status":"SANCTIONED","violations_reported":"False","is_encumbered":"True","encumbrance_certificate_number":"EC-HR-00000295-0295","encumbrance_type":"BANK_MORTGAGE","financial_institution":"","mortgage_amount":"0.0","created_at":"2026-01-15T09:00:00Z","updated_at":"2026-09-24T11:30:00Z"}},{"type":"Feature","geometry":{"type":"Polygon","coordinates":[[[75.60401138634457,28.054589986335067],[75.65881388419727,28.054589986335067],[75.66612487922818,28.114378585545662],[75.60613501341317,28.101662633334275],[75.60401138634457,28.054589986335067]]]},"properties":{"ulpin":"06822503423968","parcel_id":"3222c464-54da-4e58-93dd-bf962e9fc95e","state":"Haryana","state_code":"HR","state_type":"STATE","state_lgd_code":"6","district_lgd_code":"80","district_name":"Gurugram","subdistrict_lgd_code":"620","subdistrict_name":"Wazirabad Tehsil","subdistrict_type":"Tehsil / Taluk","village_lgd_code":"61402","village_name":"Badshahpur","khasra_plot_no":"Murabba 45, Killa 12/2/D296","recorded_area":"4.0","recorded_area_unit":"Kanal-Marla","normalized_area_sqm":"2023.43","gis_area_sqm":"2023.43","land_use_category":"MIXED_USE","land_use_raw":"Gair Mumkin Plotted Commercial","status":"PENDING_MUTATION","data_freshness_status":"STALE","scenario_index":"4813","use_case_description":"Lease charge and institutional tenancy","mutation_workflow_status":"APPROVED","revenue_record_id":"ROR-HR-2025-1008-0296","revenue_record_type":"Jamabandi Nakal (Haryana Jamabandi)","khata_khewat_no":"KHT-58","khatauni_no":"KHN-158","owner_name":"Satish Chand Mittal","owner_name_local":"सतीश चंद मित्तल","co_owners":"","tenure_type":"Bhumiswami / Freehold","mutation_status":"PENDING","active_mutation_id":"MUT-HR-00000296","tax_demand_status":"PAID","annual_tax_inr":"185.5","deed_number":"DEED-HR-2024-408-0296","deed_type":"Sale Deed / Conveyance","sro_office":"Sub-Registrar Office, Wazirabad Tehsil","execution_date":"2024-05-10","registered_owner":"Sunita Sharma / Aditi Verma","seller_name":"Previous Landholder","consideration_amount_inr":"3500000.0","stamp_duty_inr":"210000.0","survey_sketch_id":"FMB-HR-08-0296","cadastral_sheet_no":"SHT-HR-08","surveyed_area_sqm":"2023.43","survey_status":"PENDING","urban_authority":"Wazirabad Tehsil Urban Development & Town Planning Authority","zone_name":"Commercial Core","permitted_land_use":"MIXED_USE","building_permission_status":"PENDING","violations_reported":"False","is_encumbered":"True","encumbrance_certificate_number":"EC-HR-00000296-0296","encumbrance_type":"GOVT_REVENUE_LIEN","financial_institution":"","mortgage_amount":"0.0","created_at":"2026-01-15T09:00:00Z","updated_at":"2026-09-24T11:30:00Z"}},{"type":"Feature","geometry":{"type":"Polygon","coordinates":[[[75.7939893107588,28.532717090366635],[75.85512180553316,28.539103652471812],[75.85835376045986,28.59311364551788],[75.79452116714495,28.59311364551788],[75.7939893107588,28.532717090366635]]]},"properties":{"ulpin":"06333415773608","parcel_id":"aa4bfa8e-668e-463a-a8d7-42b4e0a1d716","state":"Haryana","state_code":"HR","state_type":"STATE","state_lgd_code":"6","district_lgd_code":"80","district_name":"Gurugram","subdistrict_lgd_code":"620","subdistrict_name":"Wazirabad Tehsil","subdistrict_type":"Tehsil / Taluk","village_lgd_code":"61402","village_name":"Badshahpur","khasra_plot_no":"Murabba 45, Killa 12/2/D297","recorded_area":"4.0","recorded_area_unit":"Kanal-Marla","normalized_area_sqm":"2023.43","gis_area_sqm":"2023.43","land_use_category":"OTHER","land_use_raw":"Gair Mumkin Plotted Commercial","status":"SUBDIVIDED","data_freshness_status":"UNKNOWN","scenario_index":"4814","use_case_description":"Subdivision or amalgamation history review","mutation_workflow_status":"REJECTED","revenue_record_id":"ROR-HR-2025-1008-0297","revenue_record_type":"Jamabandi Nakal (Haryana Jamabandi)","khata_khewat_no":"KHT-58","khatauni_no":"KHN-158","owner_name":"Satish Chand Mittal","owner_name_local":"सतीश चंद मित्तल","co_owners":"","tenure_type":"Leasehold","mutation_status":"UNMUTATED_TRANSACTION","active_mutation_id":"MUT-HR-00000297","tax_demand_status":"PAID","annual_tax_inr":"185.5","deed_number":"DEED-HR-2024-408-0297","deed_type":"Sale Deed / Conveyance","sro_office":"Sub-Registrar Office, Wazirabad Tehsil","execution_date":"2024-05-10","registered_owner":"Registry Variance Owner 297","seller_name":"Previous Landholder","consideration_amount_inr":"3500000.0","stamp_duty_inr":"210000.0","survey_sketch_id":"FMB-HR-08-0297","cadastral_sheet_no":"SHT-HR-08","surveyed_area_sqm":"2023.43","survey_status":"DISPUTED","urban_authority":"Wazirabad Tehsil Urban Development & Town Planning Authority","zone_name":"Commercial Core","permitted_land_use":"OTHER","building_permission_status":"REJECTED","violations_reported":"False","is_encumbered":"True","encumbrance_certificate_number":"EC-HR-00000297-0297","encumbrance_type":"COURT_ATTACHMENT","financial_institution":"","mortgage_amount":"0.0","created_at":"2026-01-15T09:00:00Z","updated_at":"2026-09-24T11:30:00Z"}},{"type":"Feature","geometry":{"type":"Polygon","coordinates":[[[75.60306922793126,28.906247891093738],[75.64542388882309,28.906247891093738],[75.64622869929065,28.952005708488947],[75.58835510594244,28.954987725282823],[75.60306922793126,28.906247891093738]]]},"properties":{"ulpin":"06405200089645","parcel_id":"cee6dc11-9255-4fc9-9468-d4e0740f8a3b","state":"Haryana","state_code":"HR","state_type":"STATE","state_lgd_code":"6","district_lgd_code":"80","district_name":"Gurugram","subdistrict_lgd_code":"620","subdistrict_name":"Wazirabad Tehsil","subdistrict_type":"Tehsil / Taluk","village_lgd_code":"61402","village_name":"Badshahpur","khasra_plot_no":"Murabba 45, Killa 12/2/D298","recorded_area":"4.0","recorded_area_unit":"Kanal-Marla","normalized_area_sqm":"2023.43","gis_area_sqm":"2023.43","land_use_category":"RESIDENTIAL","land_use_raw":"Gair Mumkin Plotted Commercial","status":"AMALGAMATED","data_freshness_status":"CURRENT","scenario_index":"4815","use_case_description":"Archived historical record for audit retrieval","mutation_workflow_status":"SLA_BREACHED","revenue_record_id":"ROR-HR-2025-1008-0298","revenue_record_type":"Jamabandi Nakal (Haryana Jamabandi)","khata_khewat_no":"KHT-58","khatauni_no":"KHN-158","owner_name":"Satish Chand Mittal","owner_name_local":"सतीश चंद मित्तल","co_owners":"","tenure_type":"Government Grant","mutation_status":"REJECTED","active_mutation_id":"MUT-HR-00000298","tax_demand_status":"PAID","annual_tax_inr":"185.5","deed_number":"DEED-HR-2024-408-0298","deed_type":"Sale Deed / Conveyance","sro_office":"Sub-Registrar Office, Wazirabad Tehsil","execution_date":"2024-05-10","registered_owner":"Sunita Sharma / Aditi Verma","seller_name":"Previous Landholder","consideration_amount_inr":"3500000.0","stamp_duty_inr":"210000.0","survey_sketch_id":"FMB-HR-08-0298","cadastral_sheet_no":"SHT-HR-08","surveyed_area_sqm":"2023.43","survey_status":"RESURVEY_REQUIRED","urban_authority":"Wazirabad Tehsil Urban Development & Town Planning Authority","zone_name":"Commercial Core","permitted_land_use":"RESIDENTIAL","building_permission_status":"NOT_APPLICABLE","violations_reported":"False","is_encumbered":"True","encumbrance_certificate_number":"EC-HR-00000298-0298","encumbrance_type":"TRIBAL_NON_ALIENATION","financial_institution":"","mortgage_amount":"0.0","created_at":"2026-01-15T09:00:00Z","updated_at":"2026-09-24T11:30:00Z"}},{"type":"Feature","geometry":{"type":"Polygon","coordinates":[[[74.95998267251998,29.435021362556306],[74.99698219112777,29.435021362556306],[75.00355179838323,29.47761233056661],[74.94864054516081,29.47876488648608],[74.95998267251998,29.435021362556306]]]},"properties":{"ulpin":"06222236290502","parcel_id":"69e76bb1-31b6-4067-b7d4-a87fb739375a","state":"Haryana","state_code":"HR","state_type":"STATE","state_lgd_code":"6","district_lgd_code":"80","district_name":"Gurugram","subdistrict_lgd_code":"620","subdistrict_name":"Wazirabad Tehsil","subdistrict_type":"Tehsil / Taluk","village_lgd_code":"61402","village_name":"Badshahpur","khasra_plot_no":"Murabba 45, Killa 12/2/D299","recorded_area":"4.0","recorded_area_unit":"Kanal-Marla","normalized_area_sqm":"2023.43","gis_area_sqm":"2023.43","land_use_category":"COMMERCIAL","land_use_raw":"Gair Mumkin Plotted Commercial","status":"DISPUTED","data_freshness_status":"STALE","scenario_index":"4816","use_case_description":"Bank mortgage and active encumbrance","mutation_workflow_status":"SUBMITTED","revenue_record_id":"ROR-HR-2025-1008-0299","revenue_record_type":"Jamabandi Nakal (Haryana Jamabandi)","khata_khewat_no":"KHT-58","khatauni_no":"KHN-158","owner_name":"Satish Chand Mittal","owner_name_local":"सतीश चंद मित्तल","co_owners":"","tenure_type":"Waqf / Religious Trust","mutation_status":"DISPUTED","active_mutation_id":"MUT-HR-00000299","tax_demand_status":"PAID","annual_tax_inr":"185.5","deed_number":"DEED-HR-2024-408-0299","deed_type":"Sale Deed / Conveyance","sro_office":"Sub-Registrar Office, Wazirabad Tehsil","execution_date":"2024-05-10","registered_owner":"Sunita Sharma / Aditi Verma","seller_name":"Previous Landholder","consideration_amount_inr":"3500000.0","stamp_duty_inr":"210000.0","survey_sketch_id":"FMB-HR-08-0299","cadastral_sheet_no":"SHT-HR-08","surveyed_area_sqm":"2023.43","survey_status":"SURVEYED","urban_authority":"Wazirabad Tehsil Urban Development & Town Planning Authority","zone_name":"Commercial Core","permitted_land_use":"COMMERCIAL","building_permission_status":"SANCTIONED","violations_reported":"True","is_encumbered":"True","encumbrance_certificate_number":"EC-HR-00000299-0299","encumbrance_type":"LEASE_CHARGE","financial_institution":"","mortgage_amount":"0.0","created_at":"2026-01-15T09:00:00Z","updated_at":"2026-09-24T11:30:00Z"}},{"type":"Feature","geometry":{"type":"Polygon","coordinates":[[[76.13260148776455,29.503588876849438],[76.19235782476746,29.501366465760096],[76.18850679038735,29.55435042793567],[76.13655349092524,29.555200538739708],[76.13260148776455,29.503588876849438]]]},"properties":{"ulpin":"06983519453110","parcel_id":"0d4a7968-02b3-4c98-8dd3-676d8c0c3fdf","state":"Haryana","state_code":"HR","state_type":"STATE","state_lgd_code":"6","district_lgd_code":"80","district_name":"Gurugram","subdistrict_lgd_code":"620","subdistrict_name":"Wazirabad Tehsil","subdistrict_type":"Tehsil / Taluk","village_lgd_code":"61402","village_name":"Badshahpur","khasra_plot_no":"Murabba 45, Killa 12/2/D300","recorded_area":"4.0","recorded_area_unit":"Kanal-Marla","normalized_area_sqm":"2023.43","gis_area_sqm":"2023.43","land_use_category":"INDUSTRIAL","land_use_raw":"Gair Mumkin Plotted Commercial","status":"ARCHIVED","data_freshness_status":"UNKNOWN","scenario_index":"4817","use_case_description":"Pending sale mutation within statutory SLA","mutation_workflow_status":"UNDER_VERIFICATION","revenue_record_id":"ROR-HR-2025-1008-0300","revenue_record_type":"Jamabandi Nakal (Haryana Jamabandi)","khata_khewat_no":"KHT-58","khatauni_no":"KHN-158","owner_name":"Satish Chand Mittal","owner_name_local":"सतीश चंद मित्तल","co_owners":"","tenure_type":"Tribal Community Tenure","mutation_status":"NONE","active_mutation_id":"MUT-HR-00000300","tax_demand_status":"PAID","annual_tax_inr":"185.5","deed_number":"DEED-HR-2024-408-0300","deed_type":"Sale Deed / Conveyance","sro_office":"Sub-Registrar Office, Wazirabad Tehsil","execution_date":"2024-05-10","registered_owner":"Sunita Sharma / Aditi Verma","seller_name":"Previous Landholder","consideration_amount_inr":"3500000.0","stamp_duty_inr":"210000.0","survey_sketch_id":"FMB-HR-08-0300","cadastral_sheet_no":"SHT-HR-08","surveyed_area_sqm":"2023.43","survey_status":"PENDING","urban_authority":"Wazirabad Tehsil Urban Development & Town Planning Authority","zone_name":"Commercial Core","permitted_land_use":"INDUSTRIAL","building_permission_status":"PENDING","violations_reported":"False","is_encumbered":"False","encumbrance_certificate_number":"EC-HR-2024-108-0300","encumbrance_type":"NIL","financial_institution":"","mortgage_amount":"0.0","created_at":"2026-01-15T09:00:00Z","updated_at":"2026-09-24T11:30:00Z"}},{"type":"Feature","geometry":{"type":"Polygon","coordinates":[[[75.5341160074863,29.015834655562664],[75.58859203526694,29.01440923623514],[75.60191327189635,29.06342547600628],[75.5425401526695,29.058527279241897],[75.5341160074863,29.015834655562664]]]},"properties":{"ulpin":"06055974476478","parcel_id":"13725242-c719-4cfe-88fb-3caf20abf83c","state":"Haryana","state_code":"HR","state_type":"STATE","state_lgd_code":"6","district_lgd_code":"80","district_name":"Gurugram","subdistrict_lgd_code":"620","subdistrict_name":"Wazirabad Tehsil","subdistrict_type":"Tehsil / Taluk","village_lgd_code":"61402","village_name":"Badshahpur","khasra_plot_no":"Murabba 45, Killa 12/2/D301","recorded_area":"4.0","recorded_area_unit":"Kanal-Marla","normalized_area_sqm":"2023.43","gis_area_sqm":"2023.43","land_use_category":"AGRICULTURAL","land_use_raw":"Gair Mumkin Plotted Commercial","status":"ACTIVE","data_freshness_status":"CURRENT","scenario_index":"4818","use_case_description":"Court attachment and disputed possession","mutation_workflow_status":"NOTICE_PERIOD","revenue_record_id":"ROR-HR-2025-1008-0301","revenue_record_type":"Jamabandi Nakal (Haryana Jamabandi)","khata_khewat_no":"KHT-58","khatauni_no":"KHN-158","owner_name":"Satish Chand Mittal","owner_name_local":"सतीश चंद मित्तल","co_owners":"","tenure_type":"Bhumiswami / Raiyati with Transferable Rights","mutation_status":"MUTATED","active_mutation_id":"","tax_demand_status":"PAID","annual_tax_inr":"185.5","deed_number":"DEED-HR-2024-408-0301","deed_type":"Sale Deed / Conveyance","sro_office":"Sub-Registrar Office, Wazirabad Tehsil","execution_date":"2024-05-10","registered_owner":"Sunita Sharma / Aditi Verma","seller_name":"Previous Landholder","consideration_amount_inr":"3500000.0","stamp_duty_inr":"210000.0","survey_sketch_id":"FMB-HR-08-0301","cadastral_sheet_no":"SHT-HR-08","surveyed_area_sqm":"2023.43","survey_status":"DISPUTED","urban_authority":"Wazirabad Tehsil Urban Development & Town Planning Authority","zone_name":"Commercial Core","permitted_land_use":"AGRICULTURAL","building_permission_status":"REJECTED","violations_reported":"False","is_encumbered":"True","encumbrance_certificate_number":"EC-HR-00000301-0301","encumbrance_type":"BANK_MORTGAGE","financial_institution":"","mortgage_amount":"0.0","created_at":"2026-01-15T09:00:00Z","updated_at":"2026-09-24T11:30:00Z"}},{"type":"Feature","geometry":{"type":"Polygon","coordinates":[[[76.31014867670021,29.755877111087077],[76.36311004273746,29.757461197268388],[76.365155167648,29.81256829277028],[76.30618475074621,29.810111182086082],[76.31014867670021,29.755877111087077]]]},"properties":{"ulpin":"06420705221951","parcel_id":"ec3d5dc9-8c80-4e34-9835-a3f60ca95c64","state":"Haryana","state_code":"HR","state_type":"STATE","state_lgd_code":"6","district_lgd_code":"80","district_name":"Gurugram","subdistrict_lgd_code":"620","subdistrict_name":"Wazirabad Tehsil","subdistrict_type":"Tehsil / Taluk","village_lgd_code":"61402","village_name":"Badshahpur","khasra_plot_no":"Murabba 45, Killa 12/2/D302","recorded_area":"4.0","recorded_area_unit":"Kanal-Marla","normalized_area_sqm":"2023.43","gis_area_sqm":"2023.43","land_use_category":"INSTITUTIONAL","land_use_raw":"Gair Mumkin Plotted Commercial","status":"PENDING_MUTATION","data_freshness_status":"STALE","scenario_index":"4819","use_case_description":"Tribal non-alienation protection review","mutation_workflow_status":"HEARING_SCHEDULED","revenue_record_id":"ROR-HR-2025-1008-0302","revenue_record_type":"Jamabandi Nakal (Haryana Jamabandi)","khata_khewat_no":"KHT-58","khatauni_no":"KHN-158","owner_name":"Satish Chand Mittal","owner_name_local":"सतीश चंद मित्तल","co_owners":"","tenure_type":"Bhumiswami / Freehold","mutation_status":"PENDING","active_mutation_id":"MUT-HR-00000302","tax_demand_status":"PAID","annual_tax_inr":"185.5","deed_number":"DEED-HR-2024-408-0302","deed_type":"Sale Deed / Conveyance","sro_office":"Sub-Registrar Office, Wazirabad Tehsil","execution_date":"2024-05-10","registered_owner":"Registry Variance Owner 302","seller_name":"Previous Landholder","consideration_amount_inr":"3500000.0","stamp_duty_inr":"210000.0","survey_sketch_id":"FMB-HR-08-0302","cadastral_sheet_no":"SHT-HR-08","surveyed_area_sqm":"2023.43","survey_status":"RESURVEY_REQUIRED","urban_authority":"Wazirabad Tehsil Urban Development & Town Planning Authority","zone_name":"Commercial Core","permitted_land_use":"INSTITUTIONAL","building_permission_status":"NOT_APPLICABLE","violations_reported":"False","is_encumbered":"True","encumbrance_certificate_number":"EC-HR-00000302-0302","encumbrance_type":"GOVT_REVENUE_LIEN","financial_institution":"","mortgage_amount":"0.0","created_at":"2026-01-15T09:00:00Z","updated_at":"2026-09-24T11:30:00Z"}},{"type":"Feature","geometry":{"type":"Polygon","coordinates":[[[75.04785301336835,29.29954395931945],[75.12310240265793,29.289619929108646],[75.1098362838804,29.36107477791787],[75.06502783202234,29.36107477791787],[75.04785301336835,29.29954395931945]]]},"properties":{"ulpin":"06239479311230","parcel_id":"4a5263c2-ca7e-46e5-9bf4-cca83ccafe84","state":"Haryana","state_code":"HR","state_type":"STATE","state_lgd_code":"6","district_lgd_code":"80","district_name":"Gurugram","subdistrict_lgd_code":"620","subdistrict_name":"Wazirabad Tehsil","subdistrict_type":"Tehsil / Taluk","village_lgd_code":"61402","village_name":"Badshahpur","khasra_plot_no":"Murabba 45, Killa 12/2/D303","recorded_area":"4.0","recorded_area_unit":"Kanal-Marla","normalized_area_sqm":"2023.43","gis_area_sqm":"2023.43","land_use_category":"FOREST_GREEN_BELT","land_use_raw":"Gair Mumkin Plotted Commercial","status":"SUBDIVIDED","data_freshness_status":"UNKNOWN","scenario_index":"4820","use_case_description":"Lease charge and institutional tenancy","mutation_workflow_status":"APPROVED","revenue_record_id":"ROR-HR-2025-1008-0303","revenue_record_type":"Jamabandi Nakal (Haryana Jamabandi)","khata_khewat_no":"KHT-58","khatauni_no":"KHN-158","owner_name":"Satish Chand Mittal","owner_name_local":"सतीश चंद मित्तल","co_owners":"","tenure_type":"Leasehold","mutation_status":"UNMUTATED_TRANSACTION","active_mutation_id":"MUT-HR-00000303","tax_demand_status":"PAID","annual_tax_inr":"185.5","deed_number":"DEED-HR-2024-408-0303","deed_type":"Sale Deed / Conveyance","sro_office":"Sub-Registrar Office, Wazirabad Tehsil","execution_date":"2024-05-10","registered_owner":"Sunita Sharma / Aditi Verma","seller_name":"Previous Landholder","consideration_amount_inr":"3500000.0","stamp_duty_inr":"210000.0","survey_sketch_id":"FMB-HR-08-0303","cadastral_sheet_no":"SHT-HR-08","surveyed_area_sqm":"2023.43","survey_status":"SURVEYED","urban_authority":"Wazirabad Tehsil Urban Development & Town Planning Authority","zone_name":"Commercial Core","permitted_land_use":"FOREST_GREEN_BELT","building_permission_status":"SANCTIONED","violations_reported":"False","is_encumbered":"True","encumbrance_certificate_number":"EC-HR-00000303-0303","encumbrance_type":"COURT_ATTACHMENT","financial_institution":"","mortgage_amount":"0.0","created_at":"2026-01-15T09:00:00Z","updated_at":"2026-09-24T11:30:00Z"}},{"type":"Feature","geometry":{"type":"Polygon","coordinates":[[[74.89924776228733,29.745069208435098],[74.95667262126621,29.73276851451977],[74.95586440883996,29.786448841432826],[74.9111214810485,29.786855393088498],[74.89924776228733,29.745069208435098]]]},"properties":{"ulpin":"06227195284879","parcel_id":"6c7f4c0a-d50d-41be-98b9-a013c1d2a0b6","state":"Haryana","state_code":"HR","state_type":"STATE","state_lgd_code":"6","district_lgd_code":"80","district_name":"Gurugram","subdistrict_lgd_code":"620","subdistrict_name":"Wazirabad Tehsil","subdistrict_type":"Tehsil / Taluk","village_lgd_code":"61402","village_name":"Badshahpur","khasra_plot_no":"Murabba 45, Killa 12/2/D304","recorded_area":"4.0","recorded_area_unit":"Kanal-Marla","normalized_area_sqm":"2023.43","gis_area_sqm":"2023.43","land_use_category":"WATER_BODY","land_use_raw":"Gair Mumkin Plotted Commercial","status":"AMALGAMATED","data_freshness_status":"CURRENT","scenario_index":"4821","use_case_description":"Subdivision or amalgamation history review","mutation_workflow_status":"REJECTED","revenue_record_id":"ROR-HR-2025-1008-0304","revenue_record_type":"Jamabandi Nakal (Haryana Jamabandi)","khata_khewat_no":"KHT-58","khatauni_no":"KHN-158","owner_name":"Satish Chand Mittal","owner_name_local":"सतीश चंद मित्तल","co_owners":"","tenure_type":"Government Grant","mutation_status":"REJECTED","active_mutation_id":"MUT-HR-00000304","tax_demand_status":"PAID","annual_tax_inr":"185.5","deed_number":"DEED-HR-2024-408-0304","deed_type":"Sale Deed / Conveyance","sro_office":"Sub-Registrar Office, Wazirabad Tehsil","execution_date":"2024-05-10","registered_owner":"Sunita Sharma / Aditi Verma","seller_name":"Previous Landholder","consideration_amount_inr":"3500000.0","stamp_duty_inr":"210000.0","survey_sketch_id":"FMB-HR-08-0304","cadastral_sheet_no":"SHT-HR-08","surveyed_area_sqm":"2023.43","survey_status":"PENDING","urban_authority":"Wazirabad Tehsil Urban Development & Town Planning Authority","zone_name":"Commercial Core","permitted_land_use":"WATER_BODY","building_permission_status":"PENDING","violations_reported":"False","is_encumbered":"True","encumbrance_certificate_number":"EC-HR-00000304-0304","encumbrance_type":"TRIBAL_NON_ALIENATION","financial_institution":"","mortgage_amount":"0.0","created_at":"2026-01-15T09:00:00Z","updated_at":"2026-09-24T11:30:00Z"}},{"type":"Feature","geometry":{"type":"Polygon","coordinates":[[[76.45317045080218,28.270205908922502],[76.51191418172499,28.271319136408195],[76.50178380501376,28.312604498066165],[76.44799167693678,28.30570797528961],[76.45317045080218,28.270205908922502]]]},"properties":{"ulpin":"06824775826298","parcel_id":"f84fd43e-fcc2-4ed6-9e6c-fed16d133c5e","state":"Haryana","state_code":"HR","state_type":"STATE","state_lgd_code":"6","district_lgd_code":"80","district_name":"Gurugram","subdistrict_lgd_code":"620","subdistrict_name":"Wazirabad Tehsil","subdistrict_type":"Tehsil / Taluk","village_lgd_code":"61402","village_name":"Badshahpur","khasra_plot_no":"Murabba 45, Killa 12/2/D305","recorded_area":"4.0","recorded_area_unit":"Kanal-Marla","normalized_area_sqm":"2023.43","gis_area_sqm":"2023.43","land_use_category":"MIXED_USE","land_use_raw":"Gair Mumkin Plotted Commercial","status":"DISPUTED","data_freshness_status":"STALE","scenario_index":"4822","use_case_description":"Archived historical record for audit retrieval","mutation_workflow_status":"SLA_BREACHED","revenue_record_id":"ROR-HR-2025-1008-0305","revenue_record_type":"Jamabandi Nakal (Haryana Jamabandi)","khata_khewat_no":"KHT-58","khatauni_no":"KHN-158","owner_name":"Satish Chand Mittal","owner_name_local":"सतीश चंद मित्तल","co_owners":"","tenure_type":"Waqf / Religious Trust","mutation_status":"DISPUTED","active_mutation_id":"MUT-HR-00000305","tax_demand_status":"PAID","annual_tax_inr":"185.5","deed_number":"DEED-HR-2024-408-0305","deed_type":"Sale Deed / Conveyance","sro_office":"Sub-Registrar Office, Wazirabad Tehsil","execution_date":"2024-05-10","registered_owner":"Sunita Sharma / Aditi Verma","seller_name":"Previous Landholder","consideration_amount_inr":"3500000.0","stamp_duty_inr":"210000.0","survey_sketch_id":"FMB-HR-08-0305","cadastral_sheet_no":"SHT-HR-08","surveyed_area_sqm":"2023.43","survey_status":"DISPUTED","urban_authority":"Wazirabad Tehsil Urban Development & Town Planning Authority","zone_name":"Commercial Core","permitted_land_use":"MIXED_USE","building_permission_status":"REJECTED","violations_reported":"False","is_encumbered":"True","encumbrance_certificate_number":"EC-HR-00000305-0305","encumbrance_type":"LEASE_CHARGE","financial_institution":"","mortgage_amount":"0.0","created_at":"2026-01-15T09:00:00Z","updated_at":"2026-09-24T11:30:00Z"}},{"type":"Feature","geometry":{"type":"Polygon","coordinates":[[[76.15251739041298,28.213790320642783],[76.1995822739958,28.220178428197],[76.19625557354462,28.260120704612053],[76.15251739041298,28.27027660687644],[76.15251739041298,28.213790320642783]]]},"properties":{"ulpin":"06153888349876","parcel_id":"84a65276-947d-474a-94fa-1fa4fbc0f7ac","state":"Haryana","state_code":"HR","state_type":"STATE","state_lgd_code":"6","district_lgd_code":"80","district_name":"Gurugram","subdistrict_lgd_code":"620","subdistrict_name":"Wazirabad Tehsil","subdistrict_type":"Tehsil / Taluk","village_lgd_code":"61402","village_name":"Badshahpur","khasra_plot_no":"Murabba 45, Killa 12/2/D306","recorded_area":"4.0","recorded_area_unit":"Kanal-Marla","normalized_area_sqm":"2023.43","gis_area_sqm":"2023.43","land_use_category":"OTHER","land_use_raw":"Gair Mumkin Plotted Commercial","status":"ARCHIVED","data_freshness_status":"UNKNOWN","scenario_index":"4823","use_case_description":"Bank mortgage and active encumbrance","mutation_workflow_status":"SUBMITTED","revenue_record_id":"ROR-HR-2025-1008-0306","revenue_record_type":"Jamabandi Nakal (Haryana Jamabandi)","khata_khewat_no":"KHT-58","khatauni_no":"KHN-158","owner_name":"Satish Chand Mittal","owner_name_local":"सतीश चंद मित्तल","co_owners":"","tenure_type":"Tribal Community Tenure","mutation_status":"NONE","active_mutation_id":"MUT-HR-00000306","tax_demand_status":"PAID","annual_tax_inr":"185.5","deed_number":"DEED-HR-2024-408-0306","deed_type":"Sale Deed / Conveyance","sro_office":"Sub-Registrar Office, Wazirabad Tehsil","execution_date":"2024-05-10","registered_owner":"Sunita Sharma / Aditi Verma","seller_name":"Previous Landholder","consideration_amount_inr":"3500000.0","stamp_duty_inr":"210000.0","survey_sketch_id":"FMB-HR-08-0306","cadastral_sheet_no":"SHT-HR-08","surveyed_area_sqm":"2023.43","survey_status":"RESURVEY_REQUIRED","urban_authority":"Wazirabad Tehsil Urban Development & Town Planning Authority","zone_name":"Commercial Core","permitted_land_use":"OTHER","building_permission_status":"NOT_APPLICABLE","violations_reported":"True","is_encumbered":"False","encumbrance_certificate_number":"EC-HR-2024-108-0306","encumbrance_type":"NIL","financial_institution":"","mortgage_amount":"0.0","created_at":"2026-01-15T09:00:00Z","updated_at":"2026-09-24T11:30:00Z"}},{"type":"Feature","geometry":{"type":"Polygon","coordinates":[[[75.66315011596306,28.216061640438838],[75.73518462204248,28.215600792050065],[75.72080298674734,28.275851281203416],[75.66659361542918,28.274224979881975],[75.66315011596306,28.216061640438838]]]},"properties":{"ulpin":"06227229822873","parcel_id":"8c285f5b-7cef-41d5-8e4f-223e11128b64","state":"Haryana","state_code":"HR","state_type":"STATE","state_lgd_code":"6","district_lgd_code":"80","district_name":"Gurugram","subdistrict_lgd_code":"620","subdistrict_name":"Wazirabad Tehsil","subdistrict_type":"Tehsil / Taluk","village_lgd_code":"61402","village_name":"Badshahpur","khasra_plot_no":"Murabba 45, Killa 12/2/D307","recorded_area":"4.0","recorded_area_unit":"Kanal-Marla","normalized_area_sqm":"2023.43","gis_area_sqm":"2023.43","land_use_category":"RESIDENTIAL","land_use_raw":"Gair Mumkin Plotted Commercial","status":"ACTIVE","data_freshness_status":"CURRENT","scenario_index":"4824","use_case_description":"Government revenue lien and tax demand","mutation_workflow_status":"UNDER_VERIFICATION","revenue_record_id":"ROR-HR-2025-1008-0307","revenue_record_type":"Jamabandi Nakal (Haryana Jamabandi)","khata_khewat_no":"KHT-58","khatauni_no":"KHN-158","owner_name":"Satish Chand Mittal","owner_name_local":"सतीश चंद मित्तल","co_owners":"","tenure_type":"Bhumiswami / Raiyati with Transferable Rights","mutation_status":"MUTATED","active_mutation_id":"","tax_demand_status":"PAID","annual_tax_inr":"185.5","deed_number":"DEED-HR-2024-408-0307","deed_type":"Sale Deed / Conveyance","sro_office":"Sub-Registrar Office, Wazirabad Tehsil","execution_date":"2024-05-10","registered_owner":"Registry Variance Owner 307","seller_name":"Previous Landholder","consideration_amount_inr":"3500000.0","stamp_duty_inr":"210000.0","survey_sketch_id":"FMB-HR-08-0307","cadastral_sheet_no":"SHT-HR-08","surveyed_area_sqm":"2023.43","survey_status":"SURVEYED","urban_authority":"Wazirabad Tehsil Urban Development & Town Planning Authority","zone_name":"Commercial Core","permitted_land_use":"RESIDENTIAL","building_permission_status":"SANCTIONED","violations_reported":"False","is_encumbered":"True","encumbrance_certificate_number":"EC-HR-00000307-0307","encumbrance_type":"BANK_MORTGAGE","financial_institution":"","mortgage_amount":"0.0","created_at":"2026-01-15T09:00:00Z","updated_at":"2026-09-24T11:30:00Z"}},{"type":"Feature","geometry":{"type":"Polygon","coordinates":[[[75.65353061583937,29.01925287983046],[75.70945366450627,29.01776058211027],[75.70586535381968,29.062848946729662],[75.66224834996783,29.06291085084873],[75.65353061583937,29.01925287983046]]]},"properties":{"ulpin":"06910359095120","parcel_id":"9efb0f1b-3194-4247-87f4-ac6959ddc70c","state":"Haryana","state_code":"HR","state_type":"STATE","state_lgd_code":"6","district_lgd_code":"80","district_name":"Gurugram","subdistrict_lgd_code":"620","subdistrict_name":"Wazirabad Tehsil","subdistrict_type":"Tehsil / Taluk","village_lgd_code":"61402","village_name":"Badshahpur","khasra_plot_no":"Murabba 45, Killa 12/2/D308","recorded_area":"4.0","recorded_area_unit":"Kanal-Marla","normalized_area_sqm":"2023.43","gis_area_sqm":"2023.43","land_use_category":"COMMERCIAL","land_use_raw":"Gair Mumkin Plotted Commercial","status":"PENDING_MUTATION","data_freshness_status":"STALE","scenario_index":"4825","use_case_description":"Court attachment and disputed possession","mutation_workflow_status":"NOTICE_PERIOD","revenue_record_id":"ROR-HR-2025-1008-0308","revenue_record_type":"Jamabandi Nakal (Haryana Jamabandi)","khata_khewat_no":"KHT-58","khatauni_no":"KHN-158","owner_name":"Satish Chand Mittal","owner_name_local":"सतीश चंद मित्तल","co_owners":"","tenure_type":"Bhumiswami / Freehold","mutation_status":"PENDING","active_mutation_id":"MUT-HR-00000308","tax_demand_status":"PAID","annual_tax_inr":"185.5","deed_number":"DEED-HR-2024-408-0308","deed_type":"Sale Deed / Conveyance","sro_office":"Sub-Registrar Office, Wazirabad Tehsil","execution_date":"2024-05-10","registered_owner":"Sunita Sharma / Aditi Verma","seller_name":"Previous Landholder","consideration_amount_inr":"3500000.0","stamp_duty_inr":"210000.0","survey_sketch_id":"FMB-HR-08-0308","cadastral_sheet_no":"SHT-HR-08","surveyed_area_sqm":"2023.43","survey_status":"PENDING","urban_authority":"Wazirabad Tehsil Urban Development & Town Planning Authority","zone_name":"Commercial Core","permitted_land_use":"COMMERCIAL","building_permission_status":"PENDING","violations_reported":"False","is_encumbered":"True","encumbrance_certificate_number":"EC-HR-00000308-0308","encumbrance_type":"GOVT_REVENUE_LIEN","financial_institution":"","mortgage_amount":"0.0","created_at":"2026-01-15T09:00:00Z","updated_at":"2026-09-24T11:30:00Z"}},{"type":"Feature","geometry":{"type":"Polygon","coordinates":[[[74.86164818455013,29.698697763078307],[74.90960976679725,29.690090227374455],[74.89924776228733,29.745069208435098],[74.85241884462934,29.745204583133532],[74.86164818455013,29.698697763078307]]]},"properties":{"ulpin":"06394563428220","parcel_id":"22d0e985-1a7e-43c2-b5a3-11eec00ce7db","state":"Haryana","state_code":"HR","state_type":"STATE","state_lgd_code":"6","district_lgd_code":"80","district_name":"Gurugram","subdistrict_lgd_code":"620","subdistrict_name":"Wazirabad Tehsil","subdistrict_type":"Tehsil / Taluk","village_lgd_code":"61402","village_name":"Badshahpur","khasra_plot_no":"Murabba 45, Killa 12/2/D309","recorded_area":"4.0","recorded_area_unit":"Kanal-Marla","normalized_area_sqm":"2023.43","gis_area_sqm":"2023.43","land_use_category":"INDUSTRIAL","land_use_raw":"Gair Mumkin Plotted Commercial","status":"SUBDIVIDED","data_freshness_status":"UNKNOWN","scenario_index":"4826","use_case_description":"Tribal non-alienation protection review","mutation_workflow_status":"HEARING_SCHEDULED","revenue_record_id":"ROR-HR-2025-1008-0309","revenue_record_type":"Jamabandi Nakal (Haryana Jamabandi)","khata_khewat_no":"KHT-58","khatauni_no":"KHN-158","owner_name":"Satish Chand Mittal","owner_name_local":"सतीश चंद मित्तल","co_owners":"","tenure_type":"Leasehold","mutation_status":"UNMUTATED_TRANSACTION","active_mutation_id":"MUT-HR-00000309","tax_demand_status":"PAID","annual_tax_inr":"185.5","deed_number":"DEED-HR-2024-408-0309","deed_type":"Sale Deed / Conveyance","sro_office":"Sub-Registrar Office, Wazirabad Tehsil","execution_date":"2024-05-10","registered_owner":"Sunita Sharma / Aditi Verma","seller_name":"Previous Landholder","consideration_amount_inr":"3500000.0","stamp_duty_inr":"210000.0","survey_sketch_id":"FMB-HR-08-0309","cadastral_sheet_no":"SHT-HR-08","surveyed_area_sqm":"2023.43","survey_status":"DISPUTED","urban_authority":"Wazirabad Tehsil Urban Development & Town Planning Authority","zone_name":"Commercial Core","permitted_land_use":"INDUSTRIAL","building_permission_status":"REJECTED","violations_reported":"False","is_encumbered":"True","encumbrance_certificate_number":"EC-HR-00000309-0309","encumbrance_type":"COURT_ATTACHMENT","financial_institution":"","mortgage_amount":"0.0","created_at":"2026-01-15T09:00:00Z","updated_at":"2026-09-24T11:30:00Z"}},{"type":"Feature","geometry":{"type":"Polygon","coordinates":[[[75.08775569992021,28.38297055801608],[75.13527412632303,28.379092143225318],[75.13581557540316,28.447054065471168],[75.07440068912639,28.438554480956363],[75.08775569992021,28.38297055801608]]]},"properties":{"ulpin":"06071217783831","parcel_id":"9abc4650-4b40-4042-8dc8-a6cd832c5d82","state":"Haryana","state_code":"HR","state_type":"STATE","state_lgd_code":"6","district_lgd_code":"80","district_name":"Gurugram","subdistrict_lgd_code":"620","subdistrict_name":"Wazirabad Tehsil","subdistrict_type":"Tehsil / Taluk","village_lgd_code":"61402","village_name":"Badshahpur","khasra_plot_no":"Murabba 45, Killa 12/2/D310","recorded_area":"4.0","recorded_area_unit":"Kanal-Marla","normalized_area_sqm":"2023.43","gis_area_sqm":"2023.43","land_use_category":"AGRICULTURAL","land_use_raw":"Gair Mumkin Plotted Commercial","status":"AMALGAMATED","data_freshness_status":"CURRENT","scenario_index":"4827","use_case_description":"Lease charge and institutional tenancy","mutation_workflow_status":"APPROVED","revenue_record_id":"ROR-HR-2025-1008-0310","revenue_record_type":"Jamabandi Nakal (Haryana Jamabandi)","khata_khewat_no":"KHT-58","khatauni_no":"KHN-158","owner_name":"Satish Chand Mittal","owner_name_local":"सतीश चंद मित्तल","co_owners":"","tenure_type":"Government Grant","mutation_status":"REJECTED","active_mutation_id":"MUT-HR-00000310","tax_demand_status":"PAID","annual_tax_inr":"185.5","deed_number":"DEED-HR-2024-408-0310","deed_type":"Sale Deed / Conveyance","sro_office":"Sub-Registrar Office, Wazirabad Tehsil","execution_date":"2024-05-10","registered_owner":"Sunita Sharma / Aditi Verma","seller_name":"Previous Landholder","consideration_amount_inr":"3500000.0","stamp_duty_inr":"210000.0","survey_sketch_id":"FMB-HR-08-0310","cadastral_sheet_no":"SHT-HR-08","surveyed_area_sqm":"2023.43","survey_status":"RESURVEY_REQUIRED","urban_authority":"Wazirabad Tehsil Urban Development & Town Planning Authority","zone_name":"Commercial Core","permitted_land_use":"AGRICULTURAL","building_permission_status":"NOT_APPLICABLE","violations_reported":"False","is_encumbered":"True","encumbrance_certificate_number":"EC-HR-00000310-0310","encumbrance_type":"TRIBAL_NON_ALIENATION","financial_institution":"","mortgage_amount":"0.0","created_at":"2026-01-15T09:00:00Z","updated_at":"2026-09-24T11:30:00Z"}},{"type":"Feature","geometry":{"type":"Polygon","coordinates":[[[75.73343132732883,28.054589986335067],[75.78420383122446,28.054589986335067],[75.7971633103315,28.107814260401877],[75.72640823535191,28.10089560318433],[75.73343132732883,28.054589986335067]]]},"properties":{"ulpin":"06503221246448","parcel_id":"2cc6b6a0-6078-4975-90e4-439aeacb8c3b","state":"Haryana","state_code":"HR","state_type":"STATE","state_lgd_code":"6","district_lgd_code":"80","district_name":"Gurugram","subdistrict_lgd_code":"620","subdistrict_name":"Wazirabad Tehsil","subdistrict_type":"Tehsil / Taluk","village_lgd_code":"61402","village_name":"Badshahpur","khasra_plot_no":"Murabba 45, Killa 12/2/D311","recorded_area":"4.0","recorded_area_unit":"Kanal-Marla","normalized_area_sqm":"2023.43","gis_area_sqm":"2023.43","land_use_category":"INSTITUTIONAL","land_use_raw":"Gair Mumkin Plotted Commercial","status":"DISPUTED","data_freshness_status":"STALE","scenario_index":"4828","use_case_description":"Subdivision or amalgamation history review","mutation_workflow_status":"REJECTED","revenue_record_id":"ROR-HR-2025-1008-0311","revenue_record_type":"Jamabandi Nakal (Haryana Jamabandi)","khata_khewat_no":"KHT-58","khatauni_no":"KHN-158","owner_name":"Satish Chand Mittal","owner_name_local":"सतीश चंद मित्तल","co_owners":"","tenure_type":"Waqf / Religious Trust","mutation_status":"DISPUTED","active_mutation_id":"MUT-HR-00000311","tax_demand_status":"PAID","annual_tax_inr":"185.5","deed_number":"DEED-HR-2024-408-0311","deed_type":"Sale Deed / Conveyance","sro_office":"Sub-Registrar Office, Wazirabad Tehsil","execution_date":"2024-05-10","registered_owner":"Sunita Sharma / Aditi Verma","seller_name":"Previous Landholder","consideration_amount_inr":"3500000.0","stamp_duty_inr":"210000.0","survey_sketch_id":"FMB-HR-08-0311","cadastral_sheet_no":"SHT-HR-08","surveyed_area_sqm":"2023.43","survey_status":"SURVEYED","urban_authority":"Wazirabad Tehsil Urban Development & Town Planning Authority","zone_name":"Commercial Core","permitted_land_use":"INSTITUTIONAL","building_permission_status":"SANCTIONED","violations_reported":"False","is_encumbered":"True","encumbrance_certificate_number":"EC-HR-00000311-0311","encumbrance_type":"LEASE_CHARGE","financial_institution":"","mortgage_amount":"0.0","created_at":"2026-01-15T09:00:00Z","updated_at":"2026-09-24T11:30:00Z"}},{"type":"Feature","geometry":{"type":"Polygon","coordinates":[[[75.00060270250721,29.562951900890482],[75.04500043489294,29.564436225233198],[75.04419678371367,29.614160292511837],[74.99912365199191,29.60945948249304],[75.00060270250721,29.562951900890482]]]},"properties":{"ulpin":"06347078192264","parcel_id":"c98be2fa-229a-4437-8e36-10efc7d2e36f","state":"Haryana","state_code":"HR","state_type":"STATE","state_lgd_code":"6","district_lgd_code":"80","district_name":"Gurugram","subdistrict_lgd_code":"620","subdistrict_name":"Wazirabad Tehsil","subdistrict_type":"Tehsil / Taluk","village_lgd_code":"61402","village_name":"Badshahpur","khasra_plot_no":"Murabba 45, Killa 12/2/D312","recorded_area":"4.0","recorded_area_unit":"Kanal-Marla","normalized_area_sqm":"2023.43","gis_area_sqm":"2023.43","land_use_category":"FOREST_GREEN_BELT","land_use_raw":"Gair Mumkin Plotted Commercial","status":"ARCHIVED","data_freshness_status":"UNKNOWN","scenario_index":"4829","use_case_description":"Archived historical record for audit retrieval","mutation_workflow_status":"SLA_BREACHED","revenue_record_id":"ROR-HR-2025-1008-0312","revenue_record_type":"Jamabandi Nakal (Haryana Jamabandi)","khata_khewat_no":"KHT-58","khatauni_no":"KHN-158","owner_name":"Satish Chand Mittal","owner_name_local":"सतीश चंद मित्तल","co_owners":"","tenure_type":"Tribal Community Tenure","mutation_status":"NONE","active_mutation_id":"MUT-HR-00000312","tax_demand_status":"PAID","annual_tax_inr":"185.5","deed_number":"DEED-HR-2024-408-0312","deed_type":"Sale Deed / Conveyance","sro_office":"Sub-Registrar Office, Wazirabad Tehsil","execution_date":"2024-05-10","registered_owner":"Registry Variance Owner 312","seller_name":"Previous Landholder","consideration_amount_inr":"3500000.0","stamp_duty_inr":"210000.0","survey_sketch_id":"FMB-HR-08-0312","cadastral_sheet_no":"SHT-HR-08","surveyed_area_sqm":"2023.43","survey_status":"PENDING","urban_authority":"Wazirabad Tehsil Urban Development & Town Planning Authority","zone_name":"Commercial Core","permitted_land_use":"FOREST_GREEN_BELT","building_permission_status":"PENDING","violations_reported":"False","is_encumbered":"False","encumbrance_certificate_number":"EC-HR-2024-108-0312","encumbrance_type":"NIL","financial_institution":"","mortgage_amount":"0.0","created_at":"2026-01-15T09:00:00Z","updated_at":"2026-09-24T11:30:00Z"}},{"type":"Feature","geometry":{"type":"Polygon","coordinates":[[[75.1333968248957,28.55353044913861],[75.20839687727131,28.55358918762873],[75.19902462571162,28.606726439303934],[75.14315883216324,28.606726439303934],[75.1333968248957,28.55353044913861]]]},"properties":{"ulpin":"06634564517797","parcel_id":"2b7ab8b3-7b23-4c7d-aabf-4058af92022e","state":"Haryana","state_code":"HR","state_type":"STATE","state_lgd_code":"6","district_lgd_code":"80","district_name":"Gurugram","subdistrict_lgd_code":"620","subdistrict_name":"Wazirabad Tehsil","subdistrict_type":"Tehsil / Taluk","village_lgd_code":"61402","village_name":"Badshahpur","khasra_plot_no":"Murabba 45, Killa 12/2/D313","recorded_area":"4.0","recorded_area_unit":"Kanal-Marla","normalized_area_sqm":"2023.43","gis_area_sqm":"2023.43","land_use_category":"WATER_BODY","land_use_raw":"Gair Mumkin Plotted Commercial","status":"ACTIVE","data_freshness_status":"CURRENT","scenario_index":"4830","use_case_description":"Bank mortgage and active encumbrance","mutation_workflow_status":"SUBMITTED","revenue_record_id":"ROR-HR-2025-1008-0313","revenue_record_type":"Jamabandi Nakal (Haryana Jamabandi)","khata_khewat_no":"KHT-58","khatauni_no":"KHN-158","owner_name":"Satish Chand Mittal","owner_name_local":"सतीश चंद मित्तल","co_owners":"","tenure_type":"Bhumiswami / Raiyati with Transferable Rights","mutation_status":"MUTATED","active_mutation_id":"","tax_demand_status":"PAID","annual_tax_inr":"185.5","deed_number":"DEED-HR-2024-408-0313","deed_type":"Sale Deed / Conveyance","sro_office":"Sub-Registrar Office, Wazirabad Tehsil","execution_date":"2024-05-10","registered_owner":"Sunita Sharma / Aditi Verma","seller_name":"Previous Landholder","consideration_amount_inr":"3500000.0","stamp_duty_inr":"210000.0","survey_sketch_id":"FMB-HR-08-0313","cadastral_sheet_no":"SHT-HR-08","surveyed_area_sqm":"2023.43","survey_status":"DISPUTED","urban_authority":"Wazirabad Tehsil Urban Development & Town Planning Authority","zone_name":"Commercial Core","permitted_land_use":"WATER_BODY","building_permission_status":"REJECTED","violations_reported":"True","is_encumbered":"True","encumbrance_certificate_number":"EC-HR-00000313-0313","encumbrance_type":"BANK_MORTGAGE","financial_institution":"","mortgage_amount":"0.0","created_at":"2026-01-15T09:00:00Z","updated_at":"2026-09-24T11:30:00Z"}},{"type":"Feature","geometry":{"type":"Polygon","coordinates":[[[75.37032027630985,28.956153966052018],[75.43580148154706,28.954429022283268],[75.43051187787805,29.01261144980244],[75.37032027630985,29.005206272412686],[75.37032027630985,28.956153966052018]]]},"properties":{"ulpin":"06056666503823","parcel_id":"cb9e0be2-0f51-4f60-b9c5-caf83bc966c5","state":"Haryana","state_code":"HR","state_type":"STATE","state_lgd_code":"6","district_lgd_code":"80","district_name":"Gurugram","subdistrict_lgd_code":"620","subdistrict_name":"Wazirabad Tehsil","subdistrict_type":"Tehsil / Taluk","village_lgd_code":"61402","village_name":"Badshahpur","khasra_plot_no":"Murabba 45, Killa 12/2/D314","recorded_area":"4.0","recorded_area_unit":"Kanal-Marla","normalized_area_sqm":"2023.43","gis_area_sqm":"2023.43","land_use_category":"MIXED_USE","land_use_raw":"Gair Mumkin Plotted Commercial","status":"PENDING_MUTATION","data_freshness_status":"STALE","scenario_index":"4831","use_case_description":"Government revenue lien and tax demand","mutation_workflow_status":"UNDER_VERIFICATION","revenue_record_id":"ROR-HR-2025-1008-0314","revenue_record_type":"Jamabandi Nakal (Haryana Jamabandi)","khata_khewat_no":"KHT-58","khatauni_no":"KHN-158","owner_name":"Satish Chand Mittal","owner_name_local":"सतीश चंद मित्तल","co_owners":"","tenure_type":"Bhumiswami / Freehold","mutation_status":"PENDING","active_mutation_id":"MUT-HR-00000314","tax_demand_status":"PAID","annual_tax_inr":"185.5","deed_number":"DEED-HR-2024-408-0314","deed_type":"Sale Deed / Conveyance","sro_office":"Sub-Registrar Office, Wazirabad Tehsil","execution_date":"2024-05-10","registered_owner":"Sunita Sharma / Aditi Verma","seller_name":"Previous Landholder","consideration_amount_inr":"3500000.0","stamp_duty_inr":"210000.0","survey_sketch_id":"FMB-HR-08-0314","cadastral_sheet_no":"SHT-HR-08","surveyed_area_sqm":"2023.43","survey_status":"RESURVEY_REQUIRED","urban_authority":"Wazirabad Tehsil Urban Development & Town Planning Authority","zone_name":"Commercial Core","permitted_land_use":"MIXED_USE","building_permission_status":"NOT_APPLICABLE","violations_reported":"False","is_encumbered":"True","encumbrance_certificate_number":"EC-HR-00000314-0314","encumbrance_type":"GOVT_REVENUE_LIEN","financial_institution":"","mortgage_amount":"0.0","created_at":"2026-01-15T09:00:00Z","updated_at":"2026-09-24T11:30:00Z"}},{"type":"Feature","geometry":{"type":"Polygon","coordinates":[[[74.9360793284047,28.922315992285355],[75.00185042062182,28.922315992285355],[74.99076837415134,28.98627711857623],[74.93714006458731,28.988231413077585],[74.9360793284047,28.922315992285355]]]},"properties":{"ulpin":"06706880774666","parcel_id":"f7de9896-34d6-4edc-8346-f37be47c939c","state":"Haryana","state_code":"HR","state_type":"STATE","state_lgd_code":"6","district_lgd_code":"80","district_name":"Gurugram","subdistrict_lgd_code":"620","subdistrict_name":"Wazirabad Tehsil","subdistrict_type":"Tehsil / Taluk","village_lgd_code":"61402","village_name":"Badshahpur","khasra_plot_no":"Murabba 45, Killa 12/2/D315","recorded_area":"4.0","recorded_area_unit":"Kanal-Marla","normalized_area_sqm":"2023.43","gis_area_sqm":"2023.43","land_use_category":"OTHER","land_use_raw":"Gair Mumkin Plotted Commercial","status":"SUBDIVIDED","data_freshness_status":"UNKNOWN","scenario_index":"4832","use_case_description":"Court attachment and disputed possession","mutation_workflow_status":"NOTICE_PERIOD","revenue_record_id":"ROR-HR-2025-1008-0315","revenue_record_type":"Jamabandi Nakal (Haryana Jamabandi)","khata_khewat_no":"KHT-58","khatauni_no":"KHN-158","owner_name":"Satish Chand Mittal","owner_name_local":"सतीश चंद मित्तल","co_owners":"","tenure_type":"Leasehold","mutation_status":"UNMUTATED_TRANSACTION","active_mutation_id":"MUT-HR-00000315","tax_demand_status":"PAID","annual_tax_inr":"185.5","deed_number":"DEED-HR-2024-408-0315","deed_type":"Sale Deed / Conveyance","sro_office":"Sub-Registrar Office, Wazirabad Tehsil","execution_date":"2024-05-10","registered_owner":"Sunita Sharma / Aditi Verma","seller_name":"Previous Landholder","consideration_amount_inr":"3500000.0","stamp_duty_inr":"210000.0","survey_sketch_id":"FMB-HR-08-0315","cadastral_sheet_no":"SHT-HR-08","surveyed_area_sqm":"2023.43","survey_status":"SURVEYED","urban_authority":"Wazirabad Tehsil Urban Development & Town Planning Authority","zone_name":"Commercial Core","permitted_land_use":"OTHER","building_permission_status":"SANCTIONED","violations_reported":"False","is_encumbered":"True","encumbrance_certificate_number":"EC-HR-00000315-0315","encumbrance_type":"COURT_ATTACHMENT","financial_institution":"","mortgage_amount":"0.0","created_at":"2026-01-15T09:00:00Z","updated_at":"2026-09-24T11:30:00Z"}},{"type":"Feature","geometry":{"type":"Polygon","coordinates":[[[74.75894355835246,29.561589810867098],[74.8146784901138,29.559624470877527],[74.80044350465609,29.608766593952446],[74.75894355835246,29.60769626998365],[74.75894355835246,29.561589810867098]]]},"properties":{"ulpin":"06466910873668","parcel_id":"8d9bf26f-5238-47f7-9886-efe7af61a6bd","state":"Haryana","state_code":"HR","state_type":"STATE","state_lgd_code":"6","district_lgd_code":"80","district_name":"Gurugram","subdistrict_lgd_code":"620","subdistrict_name":"Wazirabad Tehsil","subdistrict_type":"Tehsil / Taluk","village_lgd_code":"61402","village_name":"Badshahpur","khasra_plot_no":"Murabba 45, Killa 12/2/D316","recorded_area":"4.0","recorded_area_unit":"Kanal-Marla","normalized_area_sqm":"2023.43","gis_area_sqm":"2023.43","land_use_category":"RESIDENTIAL","land_use_raw":"Gair Mumkin Plotted Commercial","status":"AMALGAMATED","data_freshness_status":"CURRENT","scenario_index":"4833","use_case_description":"Tribal non-alienation protection review","mutation_workflow_status":"HEARING_SCHEDULED","revenue_record_id":"ROR-HR-2025-1008-0316","revenue_record_type":"Jamabandi Nakal (Haryana Jamabandi)","khata_khewat_no":"KHT-58","khatauni_no":"KHN-158","owner_name":"Satish Chand Mittal","owner_name_local":"सतीश चंद मित्तल","co_owners":"","tenure_type":"Government Grant","mutation_status":"REJECTED","active_mutation_id":"MUT-HR-00000316","tax_demand_status":"PAID","annual_tax_inr":"185.5","deed_number":"DEED-HR-2024-408-0316","deed_type":"Sale Deed / Conveyance","sro_office":"Sub-Registrar Office, Wazirabad Tehsil","execution_date":"2024-05-10","registered_owner":"Sunita Sharma / Aditi Verma","seller_name":"Previous Landholder","consideration_amount_inr":"3500000.0","stamp_duty_inr":"210000.0","survey_sketch_id":"FMB-HR-08-0316","cadastral_sheet_no":"SHT-HR-08","surveyed_area_sqm":"2023.43","survey_status":"PENDING","urban_authority":"Wazirabad Tehsil Urban Development & Town Planning Authority","zone_name":"Commercial Core","permitted_land_use":"RESIDENTIAL","building_permission_status":"PENDING","violations_reported":"False","is_encumbered":"True","encumbrance_certificate_number":"EC-HR-00000316-0316","encumbrance_type":"TRIBAL_NON_ALIENATION","financial_institution":"","mortgage_amount":"0.0","created_at":"2026-01-15T09:00:00Z","updated_at":"2026-09-24T11:30:00Z"}},{"type":"Feature","geometry":{"type":"Polygon","coordinates":[[[75.04417021170207,29.471564956010177],[75.10073095943721,29.474369408457555],[75.10073095943721,29.518703634021442],[75.05300542624416,29.526900703416263],[75.04417021170207,29.471564956010177]]]},"properties":{"ulpin":"06648756895020","parcel_id":"f6807200-1f91-4ced-b1ba-cc12793390c2","state":"Haryana","state_code":"HR","state_type":"STATE","state_lgd_code":"6","district_lgd_code":"80","district_name":"Gurugram","subdistrict_lgd_code":"620","subdistrict_name":"Wazirabad Tehsil","subdistrict_type":"Tehsil / Taluk","village_lgd_code":"61402","village_name":"Badshahpur","khasra_plot_no":"Murabba 45, Killa 12/2/D317","recorded_area":"4.0","recorded_area_unit":"Kanal-Marla","normalized_area_sqm":"2023.43","gis_area_sqm":"2023.43","land_use_category":"COMMERCIAL","land_use_raw":"Gair Mumkin Plotted Commercial","status":"DISPUTED","data_freshness_status":"STALE","scenario_index":"4834","use_case_description":"Lease charge and institutional tenancy","mutation_workflow_status":"APPROVED","revenue_record_id":"ROR-HR-2025-1008-0317","revenue_record_type":"Jamabandi Nakal (Haryana Jamabandi)","khata_khewat_no":"KHT-58","khatauni_no":"KHN-158","owner_name":"Satish Chand Mittal","owner_name_local":"सतीश चंद मित्तल","co_owners":"","tenure_type":"Waqf / Religious Trust","mutation_status":"DISPUTED","active_mutation_id":"MUT-HR-00000317","tax_demand_status":"PAID","annual_tax_inr":"185.5","deed_number":"DEED-HR-2024-408-0317","deed_type":"Sale Deed / Conveyance","sro_office":"Sub-Registrar Office, Wazirabad Tehsil","execution_date":"2024-05-10","registered_owner":"Registry Variance Owner 317","seller_name":"Previous Landholder","consideration_amount_inr":"3500000.0","stamp_duty_inr":"210000.0","survey_sketch_id":"FMB-HR-08-0317","cadastral_sheet_no":"SHT-HR-08","surveyed_area_sqm":"2023.43","survey_status":"DISPUTED","urban_authority":"Wazirabad Tehsil Urban Development & Town Planning Authority","zone_name":"Commercial Core","permitted_land_use":"COMMERCIAL","building_permission_status":"REJECTED","violations_reported":"False","is_encumbered":"True","encumbrance_certificate_number":"EC-HR-00000317-0317","encumbrance_type":"LEASE_CHARGE","financial_institution":"","mortgage_amount":"0.0","created_at":"2026-01-15T09:00:00Z","updated_at":"2026-09-24T11:30:00Z"}},{"type":"Feature","geometry":{"type":"Polygon","coordinates":[[[75.65881388419727,28.054589986335067],[75.73343132732883,28.054589986335067],[75.72640823535191,28.10089560318433],[75.66612487922818,28.114378585545662],[75.65881388419727,28.054589986335067]]]},"properties":{"ulpin":"06266600262086","parcel_id":"49b3d6fd-d636-4ab2-a64f-cb8bc388977e","state":"Haryana","state_code":"HR","state_type":"STATE","state_lgd_code":"6","district_lgd_code":"80","district_name":"Gurugram","subdistrict_lgd_code":"620","subdistrict_name":"Wazirabad Tehsil","subdistrict_type":"Tehsil / Taluk","village_lgd_code":"61402","village_name":"Badshahpur","khasra_plot_no":"Murabba 45, Killa 12/2/D318","recorded_area":"4.0","recorded_area_unit":"Kanal-Marla","normalized_area_sqm":"2023.43","gis_area_sqm":"2023.43","land_use_category":"INDUSTRIAL","land_use_raw":"Gair Mumkin Plotted Commercial","status":"ARCHIVED","data_freshness_status":"UNKNOWN","scenario_index":"4835","use_case_description":"Cadastral area discrepancy requiring resurvey","mutation_workflow_status":"REJECTED","revenue_record_id":"ROR-HR-2025-1008-0318","revenue_record_type":"Jamabandi Nakal (Haryana Jamabandi)","khata_khewat_no":"KHT-58","khatauni_no":"KHN-158","owner_name":"Satish Chand Mittal","owner_name_local":"सतीश चंद मित्तल","co_owners":"","tenure_type":"Tribal Community Tenure","mutation_status":"NONE","active_mutation_id":"MUT-HR-00000318","tax_demand_status":"PAID","annual_tax_inr":"185.5","deed_number":"DEED-HR-2024-408-0318","deed_type":"Sale Deed / Conveyance","sro_office":"Sub-Registrar Office, Wazirabad Tehsil","execution_date":"2024-05-10","registered_owner":"Sunita Sharma / Aditi Verma","seller_name":"Previous Landholder","consideration_amount_inr":"3500000.0","stamp_duty_inr":"210000.0","survey_sketch_id":"FMB-HR-08-0318","cadastral_sheet_no":"SHT-HR-08","surveyed_area_sqm":"2023.43","survey_status":"RESURVEY_REQUIRED","urban_authority":"Wazirabad Tehsil Urban Development & Town Planning Authority","zone_name":"Commercial Core","permitted_land_use":"INDUSTRIAL","building_permission_status":"NOT_APPLICABLE","violations_reported":"False","is_encumbered":"False","encumbrance_certificate_number":"EC-HR-2024-108-0318","encumbrance_type":"NIL","financial_institution":"","mortgage_amount":"0.0","created_at":"2026-01-15T09:00:00Z","updated_at":"2026-09-24T11:30:00Z"}},{"type":"Feature","geometry":{"type":"Polygon","coordinates":[[[74.75894355835246,29.648172996992017],[74.81009333929151,29.650540715447615],[74.80802725183622,29.693095676035455],[74.75894355835246,29.693035711753517],[74.75894355835246,29.648172996992017]]]},"properties":{"ulpin":"06302887400118","parcel_id":"70ce3243-3b07-46f5-8fcc-9cbc8d3d8d75","state":"Haryana","state_code":"HR","state_type":"STATE","state_lgd_code":"6","district_lgd_code":"80","district_name":"Gurugram","subdistrict_lgd_code":"620","subdistrict_name":"Wazirabad Tehsil","subdistrict_type":"Tehsil / Taluk","village_lgd_code":"61402","village_name":"Badshahpur","khasra_plot_no":"Murabba 45, Killa 12/2/D319","recorded_area":"4.0","recorded_area_unit":"Kanal-Marla","normalized_area_sqm":"2023.43","gis_area_sqm":"2023.43","land_use_category":"AGRICULTURAL","land_use_raw":"Gair Mumkin Plotted Commercial","status":"ACTIVE","data_freshness_status":"CURRENT","scenario_index":"4836","use_case_description":"Archived historical record for audit retrieval","mutation_workflow_status":"SLA_BREACHED","revenue_record_id":"ROR-HR-2025-1008-0319","revenue_record_type":"Jamabandi Nakal (Haryana Jamabandi)","khata_khewat_no":"KHT-58","khatauni_no":"KHN-158","owner_name":"Satish Chand Mittal","owner_name_local":"सतीश चंद मित्तल","co_owners":"","tenure_type":"Bhumiswami / Raiyati with Transferable Rights","mutation_status":"MUTATED","active_mutation_id":"","tax_demand_status":"PAID","annual_tax_inr":"185.5","deed_number":"DEED-HR-2024-408-0319","deed_type":"Sale Deed / Conveyance","sro_office":"Sub-Registrar Office, Wazirabad Tehsil","execution_date":"2024-05-10","registered_owner":"Sunita Sharma / Aditi Verma","seller_name":"Previous Landholder","consideration_amount_inr":"3500000.0","stamp_duty_inr":"210000.0","survey_sketch_id":"FMB-HR-08-0319","cadastral_sheet_no":"SHT-HR-08","surveyed_area_sqm":"2023.43","survey_status":"SURVEYED","urban_authority":"Wazirabad Tehsil Urban Development & Town Planning Authority","zone_name":"Commercial Core","permitted_land_use":"AGRICULTURAL","building_permission_status":"SANCTIONED","violations_reported":"False","is_encumbered":"True","encumbrance_certificate_number":"EC-HR-00000319-0319","encumbrance_type":"BANK_MORTGAGE","financial_institution":"","mortgage_amount":"0.0","created_at":"2026-01-15T09:00:00Z","updated_at":"2026-09-24T11:30:00Z"}},{"type":"Feature","geometry":{"type":"Polygon","coordinates":[[[74.93714006458731,28.988231413077585],[74.99076837415134,28.98627711857623],[75.00124722420333,29.044326239026933],[74.94355999943753,29.05268528339894],[74.93714006458731,28.988231413077585]]]},"properties":{"ulpin":"06194688348407","parcel_id":"93d2409c-efc0-4bac-8306-abbb22644eb6","state":"Haryana","state_code":"HR","state_type":"STATE","state_lgd_code":"6","district_lgd_code":"80","district_name":"Gurugram","subdistrict_lgd_code":"620","subdistrict_name":"Wazirabad Tehsil","subdistrict_type":"Tehsil / Taluk","village_lgd_code":"61402","village_name":"Badshahpur","khasra_plot_no":"Murabba 45, Killa 12/2/D320","recorded_area":"4.0","recorded_area_unit":"Kanal-Marla","normalized_area_sqm":"2023.43","gis_area_sqm":"2023.43","land_use_category":"INSTITUTIONAL","land_use_raw":"Gair Mumkin Plotted Commercial","status":"PENDING_MUTATION","data_freshness_status":"STALE","scenario_index":"4837","use_case_description":"Bank mortgage and active encumbrance","mutation_workflow_status":"SUBMITTED","revenue_record_id":"ROR-HR-2025-1008-0320","revenue_record_type":"Jamabandi Nakal (Haryana Jamabandi)","khata_khewat_no":"KHT-58","khatauni_no":"KHN-158","owner_name":"Satish Chand Mittal","owner_name_local":"सतीश चंद मित्तल","co_owners":"","tenure_type":"Bhumiswami / Freehold","mutation_status":"PENDING","active_mutation_id":"MUT-HR-00000320","tax_demand_status":"PAID","annual_tax_inr":"185.5","deed_number":"DEED-HR-2024-408-0320","deed_type":"Sale Deed / Conveyance","sro_office":"Sub-Registrar Office, Wazirabad Tehsil","execution_date":"2024-05-10","registered_owner":"Sunita Sharma / Aditi Verma","seller_name":"Previous Landholder","consideration_amount_inr":"3500000.0","stamp_duty_inr":"210000.0","survey_sketch_id":"FMB-HR-08-0320","cadastral_sheet_no":"SHT-HR-08","surveyed_area_sqm":"2023.43","survey_status":"PENDING","urban_authority":"Wazirabad Tehsil Urban Development & Town Planning Authority","zone_name":"Commercial Core","permitted_land_use":"INSTITUTIONAL","building_permission_status":"PENDING","violations_reported":"True","is_encumbered":"True","encumbrance_certificate_number":"EC-HR-00000320-0320","encumbrance_type":"GOVT_REVENUE_LIEN","financial_institution":"","mortgage_amount":"0.0","created_at":"2026-01-15T09:00:00Z","updated_at":"2026-09-24T11:30:00Z"}},{"type":"Feature","geometry":{"type":"Polygon","coordinates":[[[76.41539192104351,29.551466942306867],[76.46851203371432,29.54638308883503],[76.472557979973,29.59544843435235],[76.4080418878038,29.61149102644253],[76.41539192104351,29.551466942306867]]]},"properties":{"ulpin":"06515067284684","parcel_id":"71a32de2-71e1-48da-9b8b-ba9b61e5036a","state":"Haryana","state_code":"HR","state_type":"STATE","state_lgd_code":"6","district_lgd_code":"80","district_name":"Gurugram","subdistrict_lgd_code":"620","subdistrict_name":"Wazirabad Tehsil","subdistrict_type":"Tehsil / Taluk","village_lgd_code":"61402","village_name":"Badshahpur","khasra_plot_no":"Murabba 45, Killa 12/2/D321","recorded_area":"4.0","recorded_area_unit":"Kanal-Marla","normalized_area_sqm":"2023.43","gis_area_sqm":"2023.43","land_use_category":"FOREST_GREEN_BELT","land_use_raw":"Gair Mumkin Plotted Commercial","status":"SUBDIVIDED","data_freshness_status":"UNKNOWN","scenario_index":"4838","use_case_description":"Government revenue lien and tax demand","mutation_workflow_status":"UNDER_VERIFICATION","revenue_record_id":"ROR-HR-2025-1008-0321","revenue_record_type":"Jamabandi Nakal (Haryana Jamabandi)","khata_khewat_no":"KHT-58","khatauni_no":"KHN-158","owner_name":"Satish Chand Mittal","owner_name_local":"सतीश चंद मित्तल","co_owners":"","tenure_type":"Leasehold","mutation_status":"UNMUTATED_TRANSACTION","active_mutation_id":"MUT-HR-00000321","tax_demand_status":"PAID","annual_tax_inr":"185.5","deed_number":"DEED-HR-2024-408-0321","deed_type":"Sale Deed / Conveyance","sro_office":"Sub-Registrar Office, Wazirabad Tehsil","execution_date":"2024-05-10","registered_owner":"Sunita Sharma / Aditi Verma","seller_name":"Previous Landholder","consideration_amount_inr":"3500000.0","stamp_duty_inr":"210000.0","survey_sketch_id":"FMB-HR-08-0321","cadastral_sheet_no":"SHT-HR-08","surveyed_area_sqm":"2023.43","survey_status":"DISPUTED","urban_authority":"Wazirabad Tehsil Urban Development & Town Planning Authority","zone_name":"Commercial Core","permitted_land_use":"FOREST_GREEN_BELT","building_permission_status":"REJECTED","violations_reported":"False","is_encumbered":"True","encumbrance_certificate_number":"EC-HR-00000321-0321","encumbrance_type":"COURT_ATTACHMENT","financial_institution":"","mortgage_amount":"0.0","created_at":"2026-01-15T09:00:00Z","updated_at":"2026-09-24T11:30:00Z"}},{"type":"Feature","geometry":{"type":"Polygon","coordinates":[[[76.31132924173515,28.35629764319549],[76.34857940183457,28.36137173578382],[76.36159439576642,28.40549310797486],[76.30765534589692,28.40549310797486],[76.31132924173515,28.35629764319549]]]},"properties":{"ulpin":"06531032852010","parcel_id":"076e011b-2e06-49bd-bbf0-75765c63a0a6","state":"Haryana","state_code":"HR","state_type":"STATE","state_lgd_code":"6","district_lgd_code":"80","district_name":"Gurugram","subdistrict_lgd_code":"620","subdistrict_name":"Wazirabad Tehsil","subdistrict_type":"Tehsil / Taluk","village_lgd_code":"61402","village_name":"Badshahpur","khasra_plot_no":"Murabba 45, Killa 12/2/D322","recorded_area":"4.0","recorded_area_unit":"Kanal-Marla","normalized_area_sqm":"2023.43","gis_area_sqm":"2023.43","land_use_category":"WATER_BODY","land_use_raw":"Gair Mumkin Plotted Commercial","status":"AMALGAMATED","data_freshness_status":"CURRENT","scenario_index":"4839","use_case_description":"Court attachment and disputed possession","mutation_workflow_status":"NOTICE_PERIOD","revenue_record_id":"ROR-HR-2025-1008-0322","revenue_record_type":"Jamabandi Nakal (Haryana Jamabandi)","khata_khewat_no":"KHT-58","khatauni_no":"KHN-158","owner_name":"Satish Chand Mittal","owner_name_local":"सतीश चंद मित्तल","co_owners":"","tenure_type":"Government Grant","mutation_status":"REJECTED","active_mutation_id":"MUT-HR-00000322","tax_demand_status":"PAID","annual_tax_inr":"185.5","deed_number":"DEED-HR-2024-408-0322","deed_type":"Sale Deed / Conveyance","sro_office":"Sub-Registrar Office, Wazirabad Tehsil","execution_date":"2024-05-10","registered_owner":"Registry Variance Owner 322","seller_name":"Previous Landholder","consideration_amount_inr":"3500000.0","stamp_duty_inr":"210000.0","survey_sketch_id":"FMB-HR-08-0322","cadastral_sheet_no":"SHT-HR-08","surveyed_area_sqm":"2023.43","survey_status":"RESURVEY_REQUIRED","urban_authority":"Wazirabad Tehsil Urban Development & Town Planning Authority","zone_name":"Commercial Core","permitted_land_use":"WATER_BODY","building_permission_status":"NOT_APPLICABLE","violations_reported":"False","is_encumbered":"True","encumbrance_certificate_number":"EC-HR-00000322-0322","encumbrance_type":"TRIBAL_NON_ALIENATION","financial_institution":"","mortgage_amount":"0.0","created_at":"2026-01-15T09:00:00Z","updated_at":"2026-09-24T11:30:00Z"}},{"type":"Feature","geometry":{"type":"Polygon","coordinates":[[[75.75772808022775,29.17855446103411],[75.82325145887862,29.170172876373144],[75.82325145887862,29.225159746572857],[75.76239583885487,29.228707604497725],[75.75772808022775,29.17855446103411]]]},"properties":{"ulpin":"06480707379505","parcel_id":"69ed2aff-7176-41b4-9ec8-bb8d2deff31d","state":"Haryana","state_code":"HR","state_type":"STATE","state_lgd_code":"6","district_lgd_code":"80","district_name":"Gurugram","subdistrict_lgd_code":"620","subdistrict_name":"Wazirabad Tehsil","subdistrict_type":"Tehsil / Taluk","village_lgd_code":"61402","village_name":"Badshahpur","khasra_plot_no":"Murabba 45, Killa 12/2/D323","recorded_area":"4.0","recorded_area_unit":"Kanal-Marla","normalized_area_sqm":"2023.43","gis_area_sqm":"2023.43","land_use_category":"MIXED_USE","land_use_raw":"Gair Mumkin Plotted Commercial","status":"DISPUTED","data_freshness_status":"STALE","scenario_index":"4840","use_case_description":"Tribal non-alienation protection review","mutation_workflow_status":"HEARING_SCHEDULED","revenue_record_id":"ROR-HR-2025-1008-0323","revenue_record_type":"Jamabandi Nakal (Haryana Jamabandi)","khata_khewat_no":"KHT-58","khatauni_no":"KHN-158","owner_name":"Satish Chand Mittal","owner_name_local":"सतीश चंद मित्तल","co_owners":"","tenure_type":"Waqf / Religious Trust","mutation_status":"DISPUTED","active_mutation_id":"MUT-HR-00000323","tax_demand_status":"PAID","annual_tax_inr":"185.5","deed_number":"DEED-HR-2024-408-0323","deed_type":"Sale Deed / Conveyance","sro_office":"Sub-Registrar Office, Wazirabad Tehsil","execution_date":"2024-05-10","registered_owner":"Sunita Sharma / Aditi Verma","seller_name":"Previous Landholder","consideration_amount_inr":"3500000.0","stamp_duty_inr":"210000.0","survey_sketch_id":"FMB-HR-08-0323","cadastral_sheet_no":"SHT-HR-08","surveyed_area_sqm":"2023.43","survey_status":"SURVEYED","urban_authority":"Wazirabad Tehsil Urban Development & Town Planning Authority","zone_name":"Commercial Core","permitted_land_use":"MIXED_USE","building_permission_status":"SANCTIONED","violations_reported":"False","is_encumbered":"True","encumbrance_certificate_number":"EC-HR-00000323-0323","encumbrance_type":"LEASE_CHARGE","financial_institution":"","mortgage_amount":"0.0","created_at":"2026-01-15T09:00:00Z","updated_at":"2026-09-24T11:30:00Z"}},{"type":"Feature","geometry":{"type":"Polygon","coordinates":[[[76.41325992016053,29.498906584528594],[76.47747403137215,29.49960730965013],[76.46851203371432,29.54638308883503],[76.41539192104351,29.551466942306867],[76.41325992016053,29.498906584528594]]]},"properties":{"ulpin":"06153718693712","parcel_id":"a3e30f12-1aeb-4e34-83aa-b029a4ba3c3c","state":"Haryana","state_code":"HR","state_type":"STATE","state_lgd_code":"6","district_lgd_code":"80","district_name":"Gurugram","subdistrict_lgd_code":"620","subdistrict_name":"Wazirabad Tehsil","subdistrict_type":"Tehsil / Taluk","village_lgd_code":"61402","village_name":"Badshahpur","khasra_plot_no":"Murabba 45, Killa 12/2/D324","recorded_area":"4.0","recorded_area_unit":"Kanal-Marla","normalized_area_sqm":"2023.43","gis_area_sqm":"2023.43","land_use_category":"OTHER","land_use_raw":"Gair Mumkin Plotted Commercial","status":"ARCHIVED","data_freshness_status":"UNKNOWN","scenario_index":"4841","use_case_description":"Tribal non-alienation protection review","mutation_workflow_status":"APPROVED","revenue_record_id":"ROR-HR-2025-1008-0324","revenue_record_type":"Jamabandi Nakal (Haryana Jamabandi)","khata_khewat_no":"KHT-58","khatauni_no":"KHN-158","owner_name":"Satish Chand Mittal","owner_name_local":"सतीश चंद मित्तल","co_owners":"","tenure_type":"Tribal Community Tenure","mutation_status":"NONE","active_mutation_id":"MUT-HR-00000324","tax_demand_status":"PAID","annual_tax_inr":"185.5","deed_number":"DEED-HR-2024-408-0324","deed_type":"Sale Deed / Conveyance","sro_office":"Sub-Registrar Office, Wazirabad Tehsil","execution_date":"2024-05-10","registered_owner":"Sunita Sharma / Aditi Verma","seller_name":"Previous Landholder","consideration_amount_inr":"3500000.0","stamp_duty_inr":"210000.0","survey_sketch_id":"FMB-HR-08-0324","cadastral_sheet_no":"SHT-HR-08","surveyed_area_sqm":"2023.43","survey_status":"PENDING","urban_authority":"Wazirabad Tehsil Urban Development & Town Planning Authority","zone_name":"Commercial Core","permitted_land_use":"OTHER","building_permission_status":"PENDING","violations_reported":"False","is_encumbered":"False","encumbrance_certificate_number":"EC-HR-2024-108-0324","encumbrance_type":"NIL","financial_institution":"","mortgage_amount":"0.0","created_at":"2026-01-15T09:00:00Z","updated_at":"2026-09-24T11:30:00Z"}},{"type":"Feature","geometry":{"type":"Polygon","coordinates":[[[76.07786065747403,29.650518214862025],[76.13596516483528,29.64964722996661],[76.1332086014094,29.71038511164069],[76.07786065747403,29.707197085806776],[76.07786065747403,29.650518214862025]]]},"properties":{"ulpin":"06933977690725","parcel_id":"dd4e9a1f-6f77-4af2-9b61-f855d3325310","state":"Haryana","state_code":"HR","state_type":"STATE","state_lgd_code":"6","district_lgd_code":"80","district_name":"Gurugram","subdistrict_lgd_code":"620","subdistrict_name":"Wazirabad Tehsil","subdistrict_type":"Tehsil / Taluk","village_lgd_code":"61402","village_name":"Badshahpur","khasra_plot_no":"Murabba 45, Killa 12/2/D325","recorded_area":"4.0","recorded_area_unit":"Kanal-Marla","normalized_area_sqm":"2023.43","gis_area_sqm":"2023.43","land_use_category":"RESIDENTIAL","land_use_raw":"Gair Mumkin Plotted Commercial","status":"ACTIVE","data_freshness_status":"CURRENT","scenario_index":"4842","use_case_description":"Subdivision or amalgamation history review","mutation_workflow_status":"REJECTED","revenue_record_id":"ROR-HR-2025-1008-0325","revenue_record_type":"Jamabandi Nakal (Haryana Jamabandi)","khata_khewat_no":"KHT-58","khatauni_no":"KHN-158","owner_name":"Satish Chand Mittal","owner_name_local":"सतीश चंद मित्तल","co_owners":"","tenure_type":"Bhumiswami / Raiyati with Transferable Rights","mutation_status":"MUTATED","active_mutation_id":"","tax_demand_status":"PAID","annual_tax_inr":"185.5","deed_number":"DEED-HR-2024-408-0325","deed_type":"Sale Deed / Conveyance","sro_office":"Sub-Registrar Office, Wazirabad Tehsil","execution_date":"2024-05-10","registered_owner":"Sunita Sharma / Aditi Verma","seller_name":"Previous Landholder","consideration_amount_inr":"3500000.0","stamp_duty_inr":"210000.0","survey_sketch_id":"FMB-HR-08-0325","cadastral_sheet_no":"SHT-HR-08","surveyed_area_sqm":"2023.43","survey_status":"DISPUTED","urban_authority":"Wazirabad Tehsil Urban Development & Town Planning Authority","zone_name":"Commercial Core","permitted_land_use":"RESIDENTIAL","building_permission_status":"REJECTED","violations_reported":"False","is_encumbered":"True","encumbrance_certificate_number":"EC-HR-00000325-0325","encumbrance_type":"BANK_MORTGAGE","financial_institution":"","mortgage_amount":"0.0","created_at":"2026-01-15T09:00:00Z","updated_at":"2026-09-24T11:30:00Z"}},{"type":"Feature","geometry":{"type":"Polygon","coordinates":[[[75.85983494514527,28.269205830942145],[75.92095423686489,28.26214655757002],[75.92095423686489,28.328162565267423],[75.85640722607627,28.32980402370377],[75.85983494514527,28.269205830942145]]]},"properties":{"ulpin":"06646816322623","parcel_id":"44e69860-5cda-4b53-8f76-50e2c0f536cf","state":"Haryana","state_code":"HR","state_type":"STATE","state_lgd_code":"6","district_lgd_code":"80","district_name":"Gurugram","subdistrict_lgd_code":"620","subdistrict_name":"Wazirabad Tehsil","subdistrict_type":"Tehsil / Taluk","village_lgd_code":"61402","village_name":"Badshahpur","khasra_plot_no":"Murabba 45, Killa 12/2/D326","recorded_area":"4.0","recorded_area_unit":"Kanal-Marla","normalized_area_sqm":"2023.43","gis_area_sqm":"2023.43","land_use_category":"COMMERCIAL","land_use_raw":"Gair Mumkin Plotted Commercial","status":"PENDING_MUTATION","data_freshness_status":"STALE","scenario_index":"4843","use_case_description":"Archived historical record for audit retrieval","mutation_workflow_status":"SLA_BREACHED","revenue_record_id":"ROR-HR-2025-1008-0326","revenue_record_type":"Jamabandi Nakal (Haryana Jamabandi)","khata_khewat_no":"KHT-58","khatauni_no":"KHN-158","owner_name":"Satish Chand Mittal","owner_name_local":"सतीश चंद मित्तल","co_owners":"","tenure_type":"Bhumiswami / Freehold","mutation_status":"PENDING","active_mutation_id":"MUT-HR-00000326","tax_demand_status":"PAID","annual_tax_inr":"185.5","deed_number":"DEED-HR-2024-408-0326","deed_type":"Sale Deed / Conveyance","sro_office":"Sub-Registrar Office, Wazirabad Tehsil","execution_date":"2024-05-10","registered_owner":"Sunita Sharma / Aditi Verma","seller_name":"Previous Landholder","consideration_amount_inr":"3500000.0","stamp_duty_inr":"210000.0","survey_sketch_id":"FMB-HR-08-0326","cadastral_sheet_no":"SHT-HR-08","surveyed_area_sqm":"2023.43","survey_status":"RESURVEY_REQUIRED","urban_authority":"Wazirabad Tehsil Urban Development & Town Planning Authority","zone_name":"Commercial Core","permitted_land_use":"COMMERCIAL","building_permission_status":"NOT_APPLICABLE","violations_reported":"False","is_encumbered":"True","encumbrance_certificate_number":"EC-HR-00000326-0326","encumbrance_type":"GOVT_REVENUE_LIEN","financial_institution":"","mortgage_amount":"0.0","created_at":"2026-01-15T09:00:00Z","updated_at":"2026-09-24T11:30:00Z"}},{"type":"Feature","geometry":{"type":"Polygon","coordinates":[[[75.42923764465955,28.906247891093738],[75.47626749888418,28.906247891093738],[75.48287424257128,28.95620670900666],[75.43580148154706,28.954429022283268],[75.42923764465955,28.906247891093738]]]},"properties":{"ulpin":"06475460421824","parcel_id":"8344ca9f-96d7-46a7-864e-9adbe8e9fb78","state":"Haryana","state_code":"HR","state_type":"STATE","state_lgd_code":"6","district_lgd_code":"80","district_name":"Gurugram","subdistrict_lgd_code":"620","subdistrict_name":"Wazirabad Tehsil","subdistrict_type":"Tehsil / Taluk","village_lgd_code":"61402","village_name":"Badshahpur","khasra_plot_no":"Murabba 45, Killa 12/2/D327","recorded_area":"4.0","recorded_area_unit":"Kanal-Marla","normalized_area_sqm":"2023.43","gis_area_sqm":"2023.43","land_use_category":"INDUSTRIAL","land_use_raw":"Gair Mumkin Plotted Commercial","status":"SUBDIVIDED","data_freshness_status":"UNKNOWN","scenario_index":"4844","use_case_description":"Bank mortgage and active encumbrance","mutation_workflow_status":"SUBMITTED","revenue_record_id":"ROR-HR-2025-1008-0327","revenue_record_type":"Jamabandi Nakal (Haryana Jamabandi)","khata_khewat_no":"KHT-58","khatauni_no":"KHN-158","owner_name":"Satish Chand Mittal","owner_name_local":"सतीश चंद मित्तल","co_owners":"","tenure_type":"Leasehold","mutation_status":"UNMUTATED_TRANSACTION","active_mutation_id":"MUT-HR-00000327","tax_demand_status":"PAID","annual_tax_inr":"185.5","deed_number":"DEED-HR-2024-408-0327","deed_type":"Sale Deed / Conveyance","sro_office":"Sub-Registrar Office, Wazirabad Tehsil","execution_date":"2024-05-10","registered_owner":"Registry Variance Owner 327","seller_name":"Previous Landholder","consideration_amount_inr":"3500000.0","stamp_duty_inr":"210000.0","survey_sketch_id":"FMB-HR-08-0327","cadastral_sheet_no":"SHT-HR-08","surveyed_area_sqm":"2023.43","survey_status":"SURVEYED","urban_authority":"Wazirabad Tehsil Urban Development & Town Planning Authority","zone_name":"Commercial Core","permitted_land_use":"INDUSTRIAL","building_permission_status":"SANCTIONED","violations_reported":"True","is_encumbered":"True","encumbrance_certificate_number":"EC-HR-00000327-0327","encumbrance_type":"COURT_ATTACHMENT","financial_institution":"","mortgage_amount":"0.0","created_at":"2026-01-15T09:00:00Z","updated_at":"2026-09-24T11:30:00Z"}},{"type":"Feature","geometry":{"type":"Polygon","coordinates":[[[76.34857940183457,28.36137173578382],[76.40976330484558,28.357061147389036],[76.40075105802221,28.40549310797486],[76.36159439576642,28.40549310797486],[76.34857940183457,28.36137173578382]]]},"properties":{"ulpin":"06391944539760","parcel_id":"2956db23-d630-49cb-b8c9-57d307e2916a","state":"Haryana","state_code":"HR","state_type":"STATE","state_lgd_code":"6","district_lgd_code":"80","district_name":"Gurugram","subdistrict_lgd_code":"620","subdistrict_name":"Wazirabad Tehsil","subdistrict_type":"Tehsil / Taluk","village_lgd_code":"61402","village_name":"Badshahpur","khasra_plot_no":"Murabba 45, Killa 12/2/D328","recorded_area":"4.0","recorded_area_unit":"Kanal-Marla","normalized_area_sqm":"2023.43","gis_area_sqm":"2023.43","land_use_category":"AGRICULTURAL","land_use_raw":"Gair Mumkin Plotted Commercial","status":"AMALGAMATED","data_freshness_status":"CURRENT","scenario_index":"4845","use_case_description":"Government revenue lien and tax demand","mutation_workflow_status":"UNDER_VERIFICATION","revenue_record_id":"ROR-HR-2025-1008-0328","revenue_record_type":"Jamabandi Nakal (Haryana Jamabandi)","khata_khewat_no":"KHT-58","khatauni_no":"KHN-158","owner_name":"Satish Chand Mittal","owner_name_local":"सतीश चंद मित्तल","co_owners":"","tenure_type":"Government Grant","mutation_status":"REJECTED","active_mutation_id":"MUT-HR-00000328","tax_demand_status":"PAID","annual_tax_inr":"185.5","deed_number":"DEED-HR-2024-408-0328","deed_type":"Sale Deed / Conveyance","sro_office":"Sub-Registrar Office, Wazirabad Tehsil","execution_date":"2024-05-10","registered_owner":"Sunita Sharma / Aditi Verma","seller_name":"Previous Landholder","consideration_amount_inr":"3500000.0","stamp_duty_inr":"210000.0","survey_sketch_id":"FMB-HR-08-0328","cadastral_sheet_no":"SHT-HR-08","surveyed_area_sqm":"2023.43","survey_status":"PENDING","urban_authority":"Wazirabad Tehsil Urban Development & Town Planning Authority","zone_name":"Commercial Core","permitted_land_use":"AGRICULTURAL","building_permission_status":"PENDING","violations_reported":"False","is_encumbered":"True","encumbrance_certificate_number":"EC-HR-00000328-0328","encumbrance_type":"TRIBAL_NON_ALIENATION","financial_institution":"","mortgage_amount":"0.0","created_at":"2026-01-15T09:00:00Z","updated_at":"2026-09-24T11:30:00Z"}},{"type":"Feature","geometry":{"type":"Polygon","coordinates":[[[75.42677713311546,29.0576119231942],[75.48907002958286,29.058239326384275],[75.48272316992694,29.116910328597932],[75.42867405497417,29.111881536133218],[75.42677713311546,29.0576119231942]]]},"properties":{"ulpin":"06953512501904","parcel_id":"29b84bfd-b19e-42b1-8ca1-7a1b4dd84686","state":"Haryana","state_code":"HR","state_type":"STATE","state_lgd_code":"6","district_lgd_code":"80","district_name":"Gurugram","subdistrict_lgd_code":"620","subdistrict_name":"Wazirabad Tehsil","subdistrict_type":"Tehsil / Taluk","village_lgd_code":"61402","village_name":"Badshahpur","khasra_plot_no":"Murabba 45, Killa 12/2/D329","recorded_area":"4.0","recorded_area_unit":"Kanal-Marla","normalized_area_sqm":"2023.43","gis_area_sqm":"2023.43","land_use_category":"INSTITUTIONAL","land_use_raw":"Gair Mumkin Plotted Commercial","status":"DISPUTED","data_freshness_status":"STALE","scenario_index":"4846","use_case_description":"Court attachment and disputed possession","mutation_workflow_status":"NOTICE_PERIOD","revenue_record_id":"ROR-HR-2025-1008-0329","revenue_record_type":"Jamabandi Nakal (Haryana Jamabandi)","khata_khewat_no":"KHT-58","khatauni_no":"KHN-158","owner_name":"Satish Chand Mittal","owner_name_local":"सतीश चंद मित्तल","co_owners":"","tenure_type":"Waqf / Religious Trust","mutation_status":"DISPUTED","active_mutation_id":"MUT-HR-00000329","tax_demand_status":"PAID","annual_tax_inr":"185.5","deed_number":"DEED-HR-2024-408-0329","deed_type":"Sale Deed / Conveyance","sro_office":"Sub-Registrar Office, Wazirabad Tehsil","execution_date":"2024-05-10","registered_owner":"Sunita Sharma / Aditi Verma","seller_name":"Previous Landholder","consideration_amount_inr":"3500000.0","stamp_duty_inr":"210000.0","survey_sketch_id":"FMB-HR-08-0329","cadastral_sheet_no":"SHT-HR-08","surveyed_area_sqm":"2023.43","survey_status":"DISPUTED","urban_authority":"Wazirabad Tehsil Urban Development & Town Planning Authority","zone_name":"Commercial Core","permitted_land_use":"INSTITUTIONAL","building_permission_status":"REJECTED","violations_reported":"False","is_encumbered":"True","encumbrance_certificate_number":"EC-HR-00000329-0329","encumbrance_type":"LEASE_CHARGE","financial_institution":"","mortgage_amount":"0.0","created_at":"2026-01-15T09:00:00Z","updated_at":"2026-09-24T11:30:00Z"}},{"type":"Feature","geometry":{"type":"Polygon","coordinates":[[[74.88385652792108,28.22396635099934],[74.94126017537754,28.221187994823214],[74.95250801190613,28.274743486290337],[74.88385652792108,28.27462993593578],[74.88385652792108,28.22396635099934]]]},"properties":{"ulpin":"06930510551291","parcel_id":"e4b86815-a243-4b3d-bf9b-8c609e3793cb","state":"Haryana","state_code":"HR","state_type":"STATE","state_lgd_code":"6","district_lgd_code":"80","district_name":"Gurugram","subdistrict_lgd_code":"620","subdistrict_name":"Wazirabad Tehsil","subdistrict_type":"Tehsil / Taluk","village_lgd_code":"61402","village_name":"Badshahpur","khasra_plot_no":"Murabba 45, Killa 12/2/D330","recorded_area":"4.0","recorded_area_unit":"Kanal-Marla","normalized_area_sqm":"2023.43","gis_area_sqm":"2023.43","land_use_category":"FOREST_GREEN_BELT","land_use_raw":"Gair Mumkin Plotted Commercial","status":"ARCHIVED","data_freshness_status":"UNKNOWN","scenario_index":"4847","use_case_description":"Pending sale mutation within statutory SLA","mutation_workflow_status":"HEARING_SCHEDULED","revenue_record_id":"ROR-HR-2025-1008-0330","revenue_record_type":"Jamabandi Nakal (Haryana Jamabandi)","khata_khewat_no":"KHT-58","khatauni_no":"KHN-158","owner_name":"Satish Chand Mittal","owner_name_local":"सतीश चंद मित्तल","co_owners":"","tenure_type":"Tribal Community Tenure","mutation_status":"NONE","active_mutation_id":"MUT-HR-00000330","tax_demand_status":"PAID","annual_tax_inr":"185.5","deed_number":"DEED-HR-2024-408-0330","deed_type":"Sale Deed / Conveyance","sro_office":"Sub-Registrar Office, Wazirabad Tehsil","execution_date":"2024-05-10","registered_owner":"Sunita Sharma / Aditi Verma","seller_name":"Previous Landholder","consideration_amount_inr":"3500000.0","stamp_duty_inr":"210000.0","survey_sketch_id":"FMB-HR-08-0330","cadastral_sheet_no":"SHT-HR-08","surveyed_area_sqm":"2023.43","survey_status":"RESURVEY_REQUIRED","urban_authority":"Wazirabad Tehsil Urban Development & Town Planning Authority","zone_name":"Commercial Core","permitted_land_use":"FOREST_GREEN_BELT","building_permission_status":"NOT_APPLICABLE","violations_reported":"False","is_encumbered":"False","encumbrance_certificate_number":"EC-HR-2024-108-0330","encumbrance_type":"NIL","financial_institution":"","mortgage_amount":"0.0","created_at":"2026-01-15T09:00:00Z","updated_at":"2026-09-24T11:30:00Z"}},{"type":"Feature","geometry":{"type":"Polygon","coordinates":[[[76.4718094985949,29.754733651380885],[76.52968346088677,29.76895612131444],[76.52968346088677,29.80670259903469],[76.46439438022938,29.812912317243956],[76.4718094985949,29.754733651380885]]]},"properties":{"ulpin":"06197271488359","parcel_id":"08e0dcdc-3e8f-4329-a931-45287ecaec28","state":"Haryana","state_code":"HR","state_type":"STATE","state_lgd_code":"6","district_lgd_code":"80","district_name":"Gurugram","subdistrict_lgd_code":"620","subdistrict_name":"Wazirabad Tehsil","subdistrict_type":"Tehsil / Taluk","village_lgd_code":"61402","village_name":"Badshahpur","khasra_plot_no":"Murabba 45, Killa 12/2/D331","recorded_area":"4.0","recorded_area_unit":"Kanal-Marla","normalized_area_sqm":"2023.43","gis_area_sqm":"2023.43","land_use_category":"WATER_BODY","land_use_raw":"Gair Mumkin Plotted Commercial","status":"ACTIVE","data_freshness_status":"CURRENT","scenario_index":"4848","use_case_description":"Lease charge and institutional tenancy","mutation_workflow_status":"APPROVED","revenue_record_id":"ROR-HR-2025-1008-0331","revenue_record_type":"Jamabandi Nakal (Haryana Jamabandi)","khata_khewat_no":"KHT-58","khatauni_no":"KHN-158","owner_name":"Satish Chand Mittal","owner_name_local":"सतीश चंद मित्तल","co_owners":"","tenure_type":"Bhumiswami / Raiyati with Transferable Rights","mutation_status":"MUTATED","active_mutation_id":"","tax_demand_status":"PAID","annual_tax_inr":"185.5","deed_number":"DEED-HR-2024-408-0331","deed_type":"Sale Deed / Conveyance","sro_office":"Sub-Registrar Office, Wazirabad Tehsil","execution_date":"2024-05-10","registered_owner":"Sunita Sharma / Aditi Verma","seller_name":"Previous Landholder","consideration_amount_inr":"3500000.0","stamp_duty_inr":"210000.0","survey_sketch_id":"FMB-HR-08-0331","cadastral_sheet_no":"SHT-HR-08","surveyed_area_sqm":"2023.43","survey_status":"SURVEYED","urban_authority":"Wazirabad Tehsil Urban Development & Town Planning Authority","zone_name":"Commercial Core","permitted_land_use":"WATER_BODY","building_permission_status":"SANCTIONED","violations_reported":"False","is_encumbered":"True","encumbrance_certificate_number":"EC-HR-00000331-0331","encumbrance_type":"BANK_MORTGAGE","financial_institution":"","mortgage_amount":"0.0","created_at":"2026-01-15T09:00:00Z","updated_at":"2026-09-24T11:30:00Z"}},{"type":"Feature","geometry":{"type":"Polygon","coordinates":[[[75.47660863489487,28.47835664352632],[75.5395538921469,28.484564351287798],[75.54138209759128,28.534379000608833],[75.47660863489487,28.541165868947964],[75.47660863489487,28.47835664352632]]]},"properties":{"ulpin":"06594081785075","parcel_id":"7644a73f-1523-47e6-ab7f-006bf0b2031e","state":"Haryana","state_code":"HR","state_type":"STATE","state_lgd_code":"6","district_lgd_code":"80","district_name":"Gurugram","subdistrict_lgd_code":"620","subdistrict_name":"Wazirabad Tehsil","subdistrict_type":"Tehsil / Taluk","village_lgd_code":"61402","village_name":"Badshahpur","khasra_plot_no":"Murabba 45, Killa 12/2/D332","recorded_area":"4.0","recorded_area_unit":"Kanal-Marla","normalized_area_sqm":"2023.43","gis_area_sqm":"2023.43","land_use_category":"MIXED_USE","land_use_raw":"Gair Mumkin Plotted Commercial","status":"PENDING_MUTATION","data_freshness_status":"STALE","scenario_index":"4849","use_case_description":"Subdivision or amalgamation history review","mutation_workflow_status":"REJECTED","revenue_record_id":"ROR-HR-2025-1008-0332","revenue_record_type":"Jamabandi Nakal (Haryana Jamabandi)","khata_khewat_no":"KHT-58","khatauni_no":"KHN-158","owner_name":"Satish Chand Mittal","owner_name_local":"सतीश चंद मित्तल","co_owners":"","tenure_type":"Bhumiswami / Freehold","mutation_status":"PENDING","active_mutation_id":"MUT-HR-00000332","tax_demand_status":"PAID","annual_tax_inr":"185.5","deed_number":"DEED-HR-2024-408-0332","deed_type":"Sale Deed / Conveyance","sro_office":"Sub-Registrar Office, Wazirabad Tehsil","execution_date":"2024-05-10","registered_owner":"Registry Variance Owner 332","seller_name":"Previous Landholder","consideration_amount_inr":"3500000.0","stamp_duty_inr":"210000.0","survey_sketch_id":"FMB-HR-08-0332","cadastral_sheet_no":"SHT-HR-08","surveyed_area_sqm":"2023.43","survey_status":"PENDING","urban_authority":"Wazirabad Tehsil Urban Development & Town Planning Authority","zone_name":"Commercial Core","permitted_land_use":"MIXED_USE","building_permission_status":"PENDING","violations_reported":"False","is_encumbered":"True","encumbrance_certificate_number":"EC-HR-00000332-0332","encumbrance_type":"GOVT_REVENUE_LIEN","financial_institution":"","mortgage_amount":"0.0","created_at":"2026-01-15T09:00:00Z","updated_at":"2026-09-24T11:30:00Z"}},{"type":"Feature","geometry":{"type":"Polygon","coordinates":[[[74.99775216185397,29.74449720606508],[75.04923178603863,29.745677121884103],[75.0560598016562,29.780904137014023],[75.00207693931974,29.78905860258545],[74.99775216185397,29.74449720606508]]]},"properties":{"ulpin":"06532138970552","parcel_id":"11f659e0-224f-4a22-99d8-9383d2e65335","state":"Haryana","state_code":"HR","state_type":"STATE","state_lgd_code":"6","district_lgd_code":"80","district_name":"Gurugram","subdistrict_lgd_code":"620","subdistrict_name":"Wazirabad Tehsil","subdistrict_type":"Tehsil / Taluk","village_lgd_code":"61402","village_name":"Badshahpur","khasra_plot_no":"Murabba 45, Killa 12/2/D333","recorded_area":"4.0","recorded_area_unit":"Kanal-Marla","normalized_area_sqm":"2023.43","gis_area_sqm":"2023.43","land_use_category":"OTHER","land_use_raw":"Gair Mumkin Plotted Commercial","status":"SUBDIVIDED","data_freshness_status":"UNKNOWN","scenario_index":"4850","use_case_description":"Archived historical record for audit retrieval","mutation_workflow_status":"SLA_BREACHED","revenue_record_id":"ROR-HR-2025-1008-0333","revenue_record_type":"Jamabandi Nakal (Haryana Jamabandi)","khata_khewat_no":"KHT-58","khatauni_no":"KHN-158","owner_name":"Satish Chand Mittal","owner_name_local":"सतीश चंद मित्तल","co_owners":"","tenure_type":"Leasehold","mutation_status":"UNMUTATED_TRANSACTION","active_mutation_id":"MUT-HR-00000333","tax_demand_status":"PAID","annual_tax_inr":"185.5","deed_number":"DEED-HR-2024-408-0333","deed_type":"Sale Deed / Conveyance","sro_office":"Sub-Registrar Office, Wazirabad Tehsil","execution_date":"2024-05-10","registered_owner":"Sunita Sharma / Aditi Verma","seller_name":"Previous Landholder","consideration_amount_inr":"3500000.0","stamp_duty_inr":"210000.0","survey_sketch_id":"FMB-HR-08-0333","cadastral_sheet_no":"SHT-HR-08","surveyed_area_sqm":"2023.43","survey_status":"DISPUTED","urban_authority":"Wazirabad Tehsil Urban Development & Town Planning Authority","zone_name":"Commercial Core","permitted_land_use":"OTHER","building_permission_status":"REJECTED","violations_reported":"False","is_encumbered":"True","encumbrance_certificate_number":"EC-HR-00000333-0333","encumbrance_type":"COURT_ATTACHMENT","financial_institution":"","mortgage_amount":"0.0","created_at":"2026-01-15T09:00:00Z","updated_at":"2026-09-24T11:30:00Z"}},{"type":"Feature","geometry":{"type":"Polygon","coordinates":[[[75.85426708035257,28.17070607393813],[75.92095423686489,28.16970187572608],[75.92095423686489,28.223383496998895],[75.86597393270695,28.211802363879613],[75.85426708035257,28.17070607393813]]]},"properties":{"ulpin":"06543144294483","parcel_id":"852cabb8-169b-4140-8a5f-1d502dc53497","state":"Haryana","state_code":"HR","state_type":"STATE","state_lgd_code":"6","district_lgd_code":"80","district_name":"Gurugram","subdistrict_lgd_code":"620","subdistrict_name":"Wazirabad Tehsil","subdistrict_type":"Tehsil / Taluk","village_lgd_code":"61402","village_name":"Badshahpur","khasra_plot_no":"Murabba 45, Killa 12/2/D334","recorded_area":"4.0","recorded_area_unit":"Kanal-Marla","normalized_area_sqm":"2023.43","gis_area_sqm":"2023.43","land_use_category":"RESIDENTIAL","land_use_raw":"Gair Mumkin Plotted Commercial","status":"AMALGAMATED","data_freshness_status":"CURRENT","scenario_index":"4851","use_case_description":"Bank mortgage and active encumbrance","mutation_workflow_status":"SUBMITTED","revenue_record_id":"ROR-HR-2025-1008-0334","revenue_record_type":"Jamabandi Nakal (Haryana Jamabandi)","khata_khewat_no":"KHT-58","khatauni_no":"KHN-158","owner_name":"Satish Chand Mittal","owner_name_local":"सतीश चंद मित्तल","co_owners":"","tenure_type":"Government Grant","mutation_status":"REJECTED","active_mutation_id":"MUT-HR-00000334","tax_demand_status":"PAID","annual_tax_inr":"185.5","deed_number":"DEED-HR-2024-408-0334","deed_type":"Sale Deed / Conveyance","sro_office":"Sub-Registrar Office, Wazirabad Tehsil","execution_date":"2024-05-10","registered_owner":"Sunita Sharma / Aditi Verma","seller_name":"Previous Landholder","consideration_amount_inr":"3500000.0","stamp_duty_inr":"210000.0","survey_sketch_id":"FMB-HR-08-0334","cadastral_sheet_no":"SHT-HR-08","surveyed_area_sqm":"2023.43","survey_status":"RESURVEY_REQUIRED","urban_authority":"Wazirabad Tehsil Urban Development & Town Planning Authority","zone_name":"Commercial Core","permitted_land_use":"RESIDENTIAL","building_permission_status":"NOT_APPLICABLE","violations_reported":"True","is_encumbered":"True","encumbrance_certificate_number":"EC-HR-00000334-0334","encumbrance_type":"TRIBAL_NON_ALIENATION","financial_institution":"","mortgage_amount":"0.0","created_at":"2026-01-15T09:00:00Z","updated_at":"2026-09-24T11:30:00Z"}},{"type":"Feature","geometry":{"type":"Polygon","coordinates":[[[75.71564562330977,29.16503335372696],[75.75772808022775,29.17855446103411],[75.76239583885487,29.228707604497725],[75.70920610563739,29.228476256789936],[75.71564562330977,29.16503335372696]]]},"properties":{"ulpin":"06042336675020","parcel_id":"6e576f7e-24e9-462b-9ebf-96a75e78c77f","state":"Haryana","state_code":"HR","state_type":"STATE","state_lgd_code":"6","district_lgd_code":"80","district_name":"Gurugram","subdistrict_lgd_code":"620","subdistrict_name":"Wazirabad Tehsil","subdistrict_type":"Tehsil / Taluk","village_lgd_code":"61402","village_name":"Badshahpur","khasra_plot_no":"Murabba 45, Killa 12/2/D335","recorded_area":"4.0","recorded_area_unit":"Kanal-Marla","normalized_area_sqm":"2023.43","gis_area_sqm":"2023.43","land_use_category":"COMMERCIAL","land_use_raw":"Gair Mumkin Plotted Commercial","status":"DISPUTED","data_freshness_status":"STALE","scenario_index":"4852","use_case_description":"Government revenue lien and tax demand","mutation_workflow_status":"UNDER_VERIFICATION","revenue_record_id":"ROR-HR-2025-1008-0335","revenue_record_type":"Jamabandi Nakal (Haryana Jamabandi)","khata_khewat_no":"KHT-58","khatauni_no":"KHN-158","owner_name":"Satish Chand Mittal","owner_name_local":"सतीश चंद मित्तल","co_owners":"","tenure_type":"Waqf / Religious Trust","mutation_status":"DISPUTED","active_mutation_id":"MUT-HR-00000335","tax_demand_status":"PAID","annual_tax_inr":"185.5","deed_number":"DEED-HR-2024-408-0335","deed_type":"Sale Deed / Conveyance","sro_office":"Sub-Registrar Office, Wazirabad Tehsil","execution_date":"2024-05-10","registered_owner":"Sunita Sharma / Aditi Verma","seller_name":"Previous Landholder","consideration_amount_inr":"3500000.0","stamp_duty_inr":"210000.0","survey_sketch_id":"FMB-HR-08-0335","cadastral_sheet_no":"SHT-HR-08","surveyed_area_sqm":"2023.43","survey_status":"SURVEYED","urban_authority":"Wazirabad Tehsil Urban Development & Town Planning Authority","zone_name":"Commercial Core","permitted_land_use":"COMMERCIAL","building_permission_status":"SANCTIONED","violations_reported":"False","is_encumbered":"True","encumbrance_certificate_number":"EC-HR-00000335-0335","encumbrance_type":"LEASE_CHARGE","financial_institution":"","mortgage_amount":"0.0","created_at":"2026-01-15T09:00:00Z","updated_at":"2026-09-24T11:30:00Z"}},{"type":"Feature","geometry":{"type":"Polygon","coordinates":[[[75.59178907676436,29.272108150399365],[75.65405159657784,29.285149991506636],[75.65828201096153,29.331073542390474],[75.59331310943399,29.331073542390474],[75.59178907676436,29.272108150399365]]]},"properties":{"ulpin":"06906808790318","parcel_id":"996112f1-026e-4dd2-8b0d-4806afe2fdc5","state":"Haryana","state_code":"HR","state_type":"STATE","state_lgd_code":"6","district_lgd_code":"80","district_name":"Gurugram","subdistrict_lgd_code":"620","subdistrict_name":"Wazirabad Tehsil","subdistrict_type":"Tehsil / Taluk","village_lgd_code":"61402","village_name":"Badshahpur","khasra_plot_no":"Murabba 45, Killa 12/2/D336","recorded_area":"4.0","recorded_area_unit":"Kanal-Marla","normalized_area_sqm":"2023.43","gis_area_sqm":"2023.43","land_use_category":"INDUSTRIAL","land_use_raw":"Gair Mumkin Plotted Commercial","status":"ARCHIVED","data_freshness_status":"UNKNOWN","scenario_index":"4853","use_case_description":"Bank mortgage and active encumbrance","mutation_workflow_status":"NOTICE_PERIOD","revenue_record_id":"ROR-HR-2025-1008-0336","revenue_record_type":"Jamabandi Nakal (Haryana Jamabandi)","khata_khewat_no":"KHT-58","khatauni_no":"KHN-158","owner_name":"Satish Chand Mittal","owner_name_local":"सतीश चंद मित्तल","co_owners":"","tenure_type":"Tribal Community Tenure","mutation_status":"NONE","active_mutation_id":"MUT-HR-00000336","tax_demand_status":"PAID","annual_tax_inr":"185.5","deed_number":"DEED-HR-2024-408-0336","deed_type":"Sale Deed / Conveyance","sro_office":"Sub-Registrar Office, Wazirabad Tehsil","execution_date":"2024-05-10","registered_owner":"Sunita Sharma / Aditi Verma","seller_name":"Previous Landholder","consideration_amount_inr":"3500000.0","stamp_duty_inr":"210000.0","survey_sketch_id":"FMB-HR-08-0336","cadastral_sheet_no":"SHT-HR-08","surveyed_area_sqm":"2023.43","survey_status":"PENDING","urban_authority":"Wazirabad Tehsil Urban Development & Town Planning Authority","zone_name":"Commercial Core","permitted_land_use":"INDUSTRIAL","building_permission_status":"PENDING","violations_reported":"False","is_encumbered":"False","encumbrance_certificate_number":"EC-HR-2024-108-0336","encumbrance_type":"NIL","financial_institution":"","mortgage_amount":"0.0","created_at":"2026-01-15T09:00:00Z","updated_at":"2026-09-24T11:30:00Z"}},{"type":"Feature","geometry":{"type":"Polygon","coordinates":[[[74.90977817402835,29.51651386181498],[74.95879776536837,29.526642487231566],[74.9510576392424,29.561057566675743],[74.90583912681555,29.56796410161629],[74.90977817402835,29.51651386181498]]]},"properties":{"ulpin":"06995792678577","parcel_id":"418e7bdd-bc55-48ea-9f6a-0962ea9af34a","state":"Haryana","state_code":"HR","state_type":"STATE","state_lgd_code":"6","district_lgd_code":"80","district_name":"Gurugram","subdistrict_lgd_code":"620","subdistrict_name":"Wazirabad Tehsil","subdistrict_type":"Tehsil / Taluk","village_lgd_code":"61402","village_name":"Badshahpur","khasra_plot_no":"Murabba 45, Killa 12/2/D337","recorded_area":"4.0","recorded_area_unit":"Kanal-Marla","normalized_area_sqm":"2023.43","gis_area_sqm":"2023.43","land_use_category":"AGRICULTURAL","land_use_raw":"Gair Mumkin Plotted Commercial","status":"ACTIVE","data_freshness_status":"CURRENT","scenario_index":"4854","use_case_description":"Tribal non-alienation protection review","mutation_workflow_status":"HEARING_SCHEDULED","revenue_record_id":"ROR-HR-2025-1008-0337","revenue_record_type":"Jamabandi Nakal (Haryana Jamabandi)","khata_khewat_no":"KHT-58","khatauni_no":"KHN-158","owner_name":"Satish Chand Mittal","owner_name_local":"सतीश चंद मित्तल","co_owners":"","tenure_type":"Bhumiswami / Raiyati with Transferable Rights","mutation_status":"MUTATED","active_mutation_id":"","tax_demand_status":"PAID","annual_tax_inr":"185.5","deed_number":"DEED-HR-2024-408-0337","deed_type":"Sale Deed / Conveyance","sro_office":"Sub-Registrar Office, Wazirabad Tehsil","execution_date":"2024-05-10","registered_owner":"Registry Variance Owner 337","seller_name":"Previous Landholder","consideration_amount_inr":"3500000.0","stamp_duty_inr":"210000.0","survey_sketch_id":"FMB-HR-08-0337","cadastral_sheet_no":"SHT-HR-08","surveyed_area_sqm":"2023.43","survey_status":"DISPUTED","urban_authority":"Wazirabad Tehsil Urban Development & Town Planning Authority","zone_name":"Commercial Core","permitted_land_use":"AGRICULTURAL","building_permission_status":"REJECTED","violations_reported":"False","is_encumbered":"True","encumbrance_certificate_number":"EC-HR-00000337-0337","encumbrance_type":"BANK_MORTGAGE","financial_institution":"","mortgage_amount":"0.0","created_at":"2026-01-15T09:00:00Z","updated_at":"2026-09-24T11:30:00Z"}},{"type":"Feature","geometry":{"type":"Polygon","coordinates":[[[75.6735453518928,28.486642508602323],[75.73683719623168,28.486832200694113],[75.7226713690206,28.54653611664549],[75.65760443070802,28.539850183279654],[75.6735453518928,28.486642508602323]]]},"properties":{"ulpin":"06111916828734","parcel_id":"49b48693-be25-4814-86cd-6dd0bb0180ee","state":"Haryana","state_code":"HR","state_type":"STATE","state_lgd_code":"6","district_lgd_code":"80","district_name":"Gurugram","subdistrict_lgd_code":"620","subdistrict_name":"Wazirabad Tehsil","subdistrict_type":"Tehsil / Taluk","village_lgd_code":"61402","village_name":"Badshahpur","khasra_plot_no":"Murabba 45, Killa 12/2/D338","recorded_area":"4.0","recorded_area_unit":"Kanal-Marla","normalized_area_sqm":"2023.43","gis_area_sqm":"2023.43","land_use_category":"INSTITUTIONAL","land_use_raw":"Gair Mumkin Plotted Commercial","status":"PENDING_MUTATION","data_freshness_status":"STALE","scenario_index":"4855","use_case_description":"Lease charge and institutional tenancy","mutation_workflow_status":"APPROVED","revenue_record_id":"ROR-HR-2025-1008-0338","revenue_record_type":"Jamabandi Nakal (Haryana Jamabandi)","khata_khewat_no":"KHT-58","khatauni_no":"KHN-158","owner_name":"Satish Chand Mittal","owner_name_local":"सतीश चंद मित्तल","co_owners":"","tenure_type":"Bhumiswami / Freehold","mutation_status":"PENDING","active_mutation_id":"MUT-HR-00000338","tax_demand_status":"PAID","annual_tax_inr":"185.5","deed_number":"DEED-HR-2024-408-0338","deed_type":"Sale Deed / Conveyance","sro_office":"Sub-Registrar Office, Wazirabad Tehsil","execution_date":"2024-05-10","registered_owner":"Sunita Sharma / Aditi Verma","seller_name":"Previous Landholder","consideration_amount_inr":"3500000.0","stamp_duty_inr":"210000.0","survey_sketch_id":"FMB-HR-08-0338","cadastral_sheet_no":"SHT-HR-08","surveyed_area_sqm":"2023.43","survey_status":"RESURVEY_REQUIRED","urban_authority":"Wazirabad Tehsil Urban Development & Town Planning Authority","zone_name":"Commercial Core","permitted_land_use":"INSTITUTIONAL","building_permission_status":"NOT_APPLICABLE","violations_reported":"False","is_encumbered":"True","encumbrance_certificate_number":"EC-HR-00000338-0338","encumbrance_type":"GOVT_REVENUE_LIEN","financial_institution":"","mortgage_amount":"0.0","created_at":"2026-01-15T09:00:00Z","updated_at":"2026-09-24T11:30:00Z"}},{"type":"Feature","geometry":{"type":"Polygon","coordinates":[[[74.75894355835246,29.778921505865625],[74.80253822226138,29.78962529022193],[74.80372298314259,29.826454607992225],[74.75894355835246,29.826454607992225],[74.75894355835246,29.778921505865625]]]},"properties":{"ulpin":"06703392365547","parcel_id":"ad7e8e19-f985-47ec-a54f-777fcd205849","state":"Haryana","state_code":"HR","state_type":"STATE","state_lgd_code":"6","district_lgd_code":"80","district_name":"Gurugram","subdistrict_lgd_code":"620","subdistrict_name":"Wazirabad Tehsil","subdistrict_type":"Tehsil / Taluk","village_lgd_code":"61402","village_name":"Badshahpur","khasra_plot_no":"Murabba 45, Killa 12/2/D339","recorded_area":"4.0","recorded_area_unit":"Kanal-Marla","normalized_area_sqm":"2023.43","gis_area_sqm":"2023.43","land_use_category":"FOREST_GREEN_BELT","land_use_raw":"Gair Mumkin Plotted Commercial","status":"SUBDIVIDED","data_freshness_status":"UNKNOWN","scenario_index":"4856","use_case_description":"Subdivision or amalgamation history review","mutation_workflow_status":"REJECTED","revenue_record_id":"ROR-HR-2025-1008-0339","revenue_record_type":"Jamabandi Nakal (Haryana Jamabandi)","khata_khewat_no":"KHT-58","khatauni_no":"KHN-158","owner_name":"Satish Chand Mittal","owner_name_local":"सतीश चंद मित्तल","co_owners":"","tenure_type":"Leasehold","mutation_status":"UNMUTATED_TRANSACTION","active_mutation_id":"MUT-HR-00000339","tax_demand_status":"PAID","annual_tax_inr":"185.5","deed_number":"DEED-HR-2024-408-0339","deed_type":"Sale Deed / Conveyance","sro_office":"Sub-Registrar Office, Wazirabad Tehsil","execution_date":"2024-05-10","registered_owner":"Sunita Sharma / Aditi Verma","seller_name":"Previous Landholder","consideration_amount_inr":"3500000.0","stamp_duty_inr":"210000.0","survey_sketch_id":"FMB-HR-08-0339","cadastral_sheet_no":"SHT-HR-08","surveyed_area_sqm":"2023.43","survey_status":"SURVEYED","urban_authority":"Wazirabad Tehsil Urban Development & Town Planning Authority","zone_name":"Commercial Core","permitted_land_use":"FOREST_GREEN_BELT","building_permission_status":"SANCTIONED","violations_reported":"False","is_encumbered":"True","encumbrance_certificate_number":"EC-HR-00000339-0339","encumbrance_type":"COURT_ATTACHMENT","financial_institution":"","mortgage_amount":"0.0","created_at":"2026-01-15T09:00:00Z","updated_at":"2026-09-24T11:30:00Z"}},{"type":"Feature","geometry":{"type":"Polygon","coordinates":[[[75.53574310518822,29.270016755951232],[75.59178907676436,29.272108150399365],[75.59331310943399,29.331073542390474],[75.53837465863684,29.331073542390474],[75.53574310518822,29.270016755951232]]]},"properties":{"ulpin":"06330741430272","parcel_id":"38bd4b12-0fd2-41e0-8e69-fbe8eb87eefe","state":"Haryana","state_code":"HR","state_type":"STATE","state_lgd_code":"6","district_lgd_code":"80","district_name":"Gurugram","subdistrict_lgd_code":"620","subdistrict_name":"Wazirabad Tehsil","subdistrict_type":"Tehsil / Taluk","village_lgd_code":"61402","village_name":"Badshahpur","khasra_plot_no":"Murabba 45, Killa 12/2/D340","recorded_area":"4.0","recorded_area_unit":"Kanal-Marla","normalized_area_sqm":"2023.43","gis_area_sqm":"2023.43","land_use_category":"WATER_BODY","land_use_raw":"Gair Mumkin Plotted Commercial","status":"AMALGAMATED","data_freshness_status":"CURRENT","scenario_index":"4857","use_case_description":"Archived historical record for audit retrieval","mutation_workflow_status":"SLA_BREACHED","revenue_record_id":"ROR-HR-2025-1008-0340","revenue_record_type":"Jamabandi Nakal (Haryana Jamabandi)","khata_khewat_no":"KHT-58","khatauni_no":"KHN-158","owner_name":"Satish Chand Mittal","owner_name_local":"सतीश चंद मित्तल","co_owners":"","tenure_type":"Government Grant","mutation_status":"REJECTED","active_mutation_id":"MUT-HR-00000340","tax_demand_status":"PAID","annual_tax_inr":"185.5","deed_number":"DEED-HR-2024-408-0340","deed_type":"Sale Deed / Conveyance","sro_office":"Sub-Registrar Office, Wazirabad Tehsil","execution_date":"2024-05-10","registered_owner":"Sunita Sharma / Aditi Verma","seller_name":"Previous Landholder","consideration_amount_inr":"3500000.0","stamp_duty_inr":"210000.0","survey_sketch_id":"FMB-HR-08-0340","cadastral_sheet_no":"SHT-HR-08","surveyed_area_sqm":"2023.43","survey_status":"PENDING","urban_authority":"Wazirabad Tehsil Urban Development & Town Planning Authority","zone_name":"Commercial Core","permitted_land_use":"WATER_BODY","building_permission_status":"PENDING","violations_reported":"False","is_encumbered":"True","encumbrance_certificate_number":"EC-HR-00000340-0340","encumbrance_type":"TRIBAL_NON_ALIENATION","financial_institution":"","mortgage_amount":"0.0","created_at":"2026-01-15T09:00:00Z","updated_at":"2026-09-24T11:30:00Z"}},{"type":"Feature","geometry":{"type":"Polygon","coordinates":[[[74.99895694621458,29.107467326403416],[75.05490066213473,29.106084707099125],[75.06340925149152,29.166643689823115],[75.00119970080006,29.174154303104494],[74.99895694621458,29.107467326403416]]]},"properties":{"ulpin":"06932207311156","parcel_id":"3282970e-8d4e-4c20-8676-ab0c7e47eba2","state":"Haryana","state_code":"HR","state_type":"STATE","state_lgd_code":"6","district_lgd_code":"80","district_name":"Gurugram","subdistrict_lgd_code":"620","subdistrict_name":"Wazirabad Tehsil","subdistrict_type":"Tehsil / Taluk","village_lgd_code":"61402","village_name":"Badshahpur","khasra_plot_no":"Murabba 45, Killa 12/2/D341","recorded_area":"4.0","recorded_area_unit":"Kanal-Marla","normalized_area_sqm":"2023.43","gis_area_sqm":"2023.43","land_use_category":"MIXED_USE","land_use_raw":"Gair Mumkin Plotted Commercial","status":"DISPUTED","data_freshness_status":"STALE","scenario_index":"4858","use_case_description":"Bank mortgage and active encumbrance","mutation_workflow_status":"SUBMITTED","revenue_record_id":"ROR-HR-2025-1008-0341","revenue_record_type":"Jamabandi Nakal (Haryana Jamabandi)","khata_khewat_no":"KHT-58","khatauni_no":"KHN-158","owner_name":"Satish Chand Mittal","owner_name_local":"सतीश चंद मित्तल","co_owners":"","tenure_type":"Waqf / Religious Trust","mutation_status":"DISPUTED","active_mutation_id":"MUT-HR-00000341","tax_demand_status":"PAID","annual_tax_inr":"185.5","deed_number":"DEED-HR-2024-408-0341","deed_type":"Sale Deed / Conveyance","sro_office":"Sub-Registrar Office, Wazirabad Tehsil","execution_date":"2024-05-10","registered_owner":"Sunita Sharma / Aditi Verma","seller_name":"Previous Landholder","consideration_amount_inr":"3500000.0","stamp_duty_inr":"210000.0","survey_sketch_id":"FMB-HR-08-0341","cadastral_sheet_no":"SHT-HR-08","surveyed_area_sqm":"2023.43","survey_status":"DISPUTED","urban_authority":"Wazirabad Tehsil Urban Development & Town Planning Authority","zone_name":"Commercial Core","permitted_land_use":"MIXED_USE","building_permission_status":"REJECTED","violations_reported":"True","is_encumbered":"True","encumbrance_certificate_number":"EC-HR-00000341-0341","encumbrance_type":"LEASE_CHARGE","financial_institution":"","mortgage_amount":"0.0","created_at":"2026-01-15T09:00:00Z","updated_at":"2026-09-24T11:30:00Z"}},{"type":"Feature","geometry":{"type":"Polygon","coordinates":[[[75.23402381262105,29.05382327368745],[75.30073292561458,29.047470906088826],[75.30282334697195,29.111611759098746],[75.23949755460829,29.113458593266238],[75.23402381262105,29.05382327368745]]]},"properties":{"ulpin":"06627363063236","parcel_id":"18366952-115a-4897-9722-ceae2f9b015b","state":"Haryana","state_code":"HR","state_type":"STATE","state_lgd_code":"6","district_lgd_code":"80","district_name":"Gurugram","subdistrict_lgd_code":"620","subdistrict_name":"Wazirabad Tehsil","subdistrict_type":"Tehsil / Taluk","village_lgd_code":"61402","village_name":"Badshahpur","khasra_plot_no":"Murabba 45, Killa 12/2/D342","recorded_area":"4.0","recorded_area_unit":"Kanal-Marla","normalized_area_sqm":"2023.43","gis_area_sqm":"2023.43","land_use_category":"OTHER","land_use_raw":"Gair Mumkin Plotted Commercial","status":"ARCHIVED","data_freshness_status":"UNKNOWN","scenario_index":"4859","use_case_description":"Archived historical record for audit retrieval","mutation_workflow_status":"UNDER_VERIFICATION","revenue_record_id":"ROR-HR-2025-1008-0342","revenue_record_type":"Jamabandi Nakal (Haryana Jamabandi)","khata_khewat_no":"KHT-58","khatauni_no":"KHN-158","owner_name":"Satish Chand Mittal","owner_name_local":"सतीश चंद मित्तल","co_owners":"","tenure_type":"Tribal Community Tenure","mutation_status":"NONE","active_mutation_id":"MUT-HR-00000342","tax_demand_status":"PAID","annual_tax_inr":"185.5","deed_number":"DEED-HR-2024-408-0342","deed_type":"Sale Deed / Conveyance","sro_office":"Sub-Registrar Office, Wazirabad Tehsil","execution_date":"2024-05-10","registered_owner":"Registry Variance Owner 342","seller_name":"Previous Landholder","consideration_amount_inr":"3500000.0","stamp_duty_inr":"210000.0","survey_sketch_id":"FMB-HR-08-0342","cadastral_sheet_no":"SHT-HR-08","surveyed_area_sqm":"2023.43","survey_status":"RESURVEY_REQUIRED","urban_authority":"Wazirabad Tehsil Urban Development & Town Planning Authority","zone_name":"Commercial Core","permitted_land_use":"OTHER","building_permission_status":"NOT_APPLICABLE","violations_reported":"False","is_encumbered":"False","encumbrance_certificate_number":"EC-HR-2024-108-0342","encumbrance_type":"NIL","financial_institution":"","mortgage_amount":"0.0","created_at":"2026-01-15T09:00:00Z","updated_at":"2026-09-24T11:30:00Z"}},{"type":"Feature","geometry":{"type":"Polygon","coordinates":[[[75.10802157716145,29.17840361761319],[75.18010176310064,29.170571955448825],[75.16859708613359,29.244087300383473],[75.10792784981396,29.239406997261568],[75.10802157716145,29.17840361761319]]]},"properties":{"ulpin":"06513455296783","parcel_id":"cb39c176-5c29-4834-9893-7ef794573658","state":"Haryana","state_code":"HR","state_type":"STATE","state_lgd_code":"6","district_lgd_code":"80","district_name":"Gurugram","subdistrict_lgd_code":"620","subdistrict_name":"Wazirabad Tehsil","subdistrict_type":"Tehsil / Taluk","village_lgd_code":"61402","village_name":"Badshahpur","khasra_plot_no":"Murabba 45, Killa 12/2/D343","recorded_area":"4.0","recorded_area_unit":"Kanal-Marla","normalized_area_sqm":"2023.43","gis_area_sqm":"2023.43","land_use_category":"RESIDENTIAL","land_use_raw":"Gair Mumkin Plotted Commercial","status":"ACTIVE","data_freshness_status":"CURRENT","scenario_index":"4860","use_case_description":"Court attachment and disputed possession","mutation_workflow_status":"NOTICE_PERIOD","revenue_record_id":"ROR-HR-2025-1008-0343","revenue_record_type":"Jamabandi Nakal (Haryana Jamabandi)","khata_khewat_no":"KHT-58","khatauni_no":"KHN-158","owner_name":"Satish Chand Mittal","owner_name_local":"सतीश चंद मित्तल","co_owners":"","tenure_type":"Bhumiswami / Raiyati with Transferable Rights","mutation_status":"MUTATED","active_mutation_id":"","tax_demand_status":"PAID","annual_tax_inr":"185.5","deed_number":"DEED-HR-2024-408-0343","deed_type":"Sale Deed / Conveyance","sro_office":"Sub-Registrar Office, Wazirabad Tehsil","execution_date":"2024-05-10","registered_owner":"Sunita Sharma / Aditi Verma","seller_name":"Previous Landholder","consideration_amount_inr":"3500000.0","stamp_duty_inr":"210000.0","survey_sketch_id":"FMB-HR-08-0343","cadastral_sheet_no":"SHT-HR-08","surveyed_area_sqm":"2023.43","survey_status":"SURVEYED","urban_authority":"Wazirabad Tehsil Urban Development & Town Planning Authority","zone_name":"Commercial Core","permitted_land_use":"RESIDENTIAL","building_permission_status":"SANCTIONED","violations_reported":"False","is_encumbered":"True","encumbrance_certificate_number":"EC-HR-00000343-0343","encumbrance_type":"BANK_MORTGAGE","financial_institution":"","mortgage_amount":"0.0","created_at":"2026-01-15T09:00:00Z","updated_at":"2026-09-24T11:30:00Z"}},{"type":"Feature","geometry":{"type":"Polygon","coordinates":[[[75.23204235033455,28.979907474388426],[75.29538954214073,28.992948161885472],[75.30073292561458,29.047470906088826],[75.23402381262105,29.05382327368745],[75.23204235033455,28.979907474388426]]]},"properties":{"ulpin":"06223262214895","parcel_id":"aa0b4088-a07c-41e4-97da-d95afe0bb0f2","state":"Haryana","state_code":"HR","state_type":"STATE","state_lgd_code":"6","district_lgd_code":"80","district_name":"Gurugram","subdistrict_lgd_code":"620","subdistrict_name":"Wazirabad Tehsil","subdistrict_type":"Tehsil / Taluk","village_lgd_code":"61402","village_name":"Badshahpur","khasra_plot_no":"Murabba 45, Killa 12/2/D344","recorded_area":"4.0","recorded_area_unit":"Kanal-Marla","normalized_area_sqm":"2023.43","gis_area_sqm":"2023.43","land_use_category":"COMMERCIAL","land_use_raw":"Gair Mumkin Plotted Commercial","status":"PENDING_MUTATION","data_freshness_status":"STALE","scenario_index":"4861","use_case_description":"Tribal non-alienation protection review","mutation_workflow_status":"HEARING_SCHEDULED","revenue_record_id":"ROR-HR-2025-1008-0344","revenue_record_type":"Jamabandi Nakal (Haryana Jamabandi)","khata_khewat_no":"KHT-58","khatauni_no":"KHN-158","owner_name":"Satish Chand Mittal","owner_name_local":"सतीश चंद मित्तल","co_owners":"","tenure_type":"Bhumiswami / Freehold","mutation_status":"PENDING","active_mutation_id":"MUT-HR-00000344","tax_demand_status":"PAID","annual_tax_inr":"185.5","deed_number":"DEED-HR-2024-408-0344","deed_type":"Sale Deed / Conveyance","sro_office":"Sub-Registrar Office, Wazirabad Tehsil","execution_date":"2024-05-10","registered_owner":"Sunita Sharma / Aditi Verma","seller_name":"Previous Landholder","consideration_amount_inr":"3500000.0","stamp_duty_inr":"210000.0","survey_sketch_id":"FMB-HR-08-0344","cadastral_sheet_no":"SHT-HR-08","surveyed_area_sqm":"2023.43","survey_status":"PENDING","urban_authority":"Wazirabad Tehsil Urban Development & Town Planning Authority","zone_name":"Commercial Core","permitted_land_use":"COMMERCIAL","building_permission_status":"PENDING","violations_reported":"False","is_encumbered":"True","encumbrance_certificate_number":"EC-HR-00000344-0344","encumbrance_type":"GOVT_REVENUE_LIEN","financial_institution":"","mortgage_amount":"0.0","created_at":"2026-01-15T09:00:00Z","updated_at":"2026-09-24T11:30:00Z"}},{"type":"Feature","geometry":{"type":"Polygon","coordinates":[[[76.5115990405113,28.02510409344403],[76.55711619653664,28.03092275302432],[76.55711619653664,28.083671113528148],[76.50120074414446,28.072536929612095],[76.5115990405113,28.02510409344403]]]},"properties":{"ulpin":"06222485262372","parcel_id":"bfde2144-fed9-460e-a2b6-ece4c9d0f26a","state":"Haryana","state_code":"HR","state_type":"STATE","state_lgd_code":"6","district_lgd_code":"80","district_name":"Gurugram","subdistrict_lgd_code":"620","subdistrict_name":"Wazirabad Tehsil","subdistrict_type":"Tehsil / Taluk","village_lgd_code":"61402","village_name":"Badshahpur","khasra_plot_no":"Murabba 45, Killa 12/2/D345","recorded_area":"4.0","recorded_area_unit":"Kanal-Marla","normalized_area_sqm":"2023.43","gis_area_sqm":"2023.43","land_use_category":"INDUSTRIAL","land_use_raw":"Gair Mumkin Plotted Commercial","status":"SUBDIVIDED","data_freshness_status":"UNKNOWN","scenario_index":"4862","use_case_description":"Lease charge and institutional tenancy","mutation_workflow_status":"APPROVED","revenue_record_id":"ROR-HR-2025-1008-0345","revenue_record_type":"Jamabandi Nakal (Haryana Jamabandi)","khata_khewat_no":"KHT-58","khatauni_no":"KHN-158","owner_name":"Satish Chand Mittal","owner_name_local":"सतीश चंद मित्तल","co_owners":"","tenure_type":"Leasehold","mutation_status":"UNMUTATED_TRANSACTION","active_mutation_id":"MUT-HR-00000345","tax_demand_status":"PAID","annual_tax_inr":"185.5","deed_number":"DEED-HR-2024-408-0345","deed_type":"Sale Deed / Conveyance","sro_office":"Sub-Registrar Office, Wazirabad Tehsil","execution_date":"2024-05-10","registered_owner":"Sunita Sharma / Aditi Verma","seller_name":"Previous Landholder","consideration_amount_inr":"3500000.0","stamp_duty_inr":"210000.0","survey_sketch_id":"FMB-HR-08-0345","cadastral_sheet_no":"SHT-HR-08","surveyed_area_sqm":"2023.43","survey_status":"DISPUTED","urban_authority":"Wazirabad Tehsil Urban Development & Town Planning Authority","zone_name":"Commercial Core","permitted_land_use":"INDUSTRIAL","building_permission_status":"REJECTED","violations_reported":"False","is_encumbered":"True","encumbrance_certificate_number":"EC-HR-00000345-0345","encumbrance_type":"COURT_ATTACHMENT","financial_institution":"","mortgage_amount":"0.0","created_at":"2026-01-15T09:00:00Z","updated_at":"2026-09-24T11:30:00Z"}},{"type":"Feature","geometry":{"type":"Polygon","coordinates":[[[75.2768400241562,28.490040080914653],[75.33602534833152,28.50287568006959],[75.33602534833152,28.54830442916347],[75.26666662920243,28.55534405905451],[75.2768400241562,28.490040080914653]]]},"properties":{"ulpin":"06244411188863","parcel_id":"15c658cf-7689-449c-b2d1-963f307d7ab1","state":"Haryana","state_code":"HR","state_type":"STATE","state_lgd_code":"6","district_lgd_code":"80","district_name":"Gurugram","subdistrict_lgd_code":"620","subdistrict_name":"Wazirabad Tehsil","subdistrict_type":"Tehsil / Taluk","village_lgd_code":"61402","village_name":"Badshahpur","khasra_plot_no":"Murabba 45, Killa 12/2/D346","recorded_area":"4.0","recorded_area_unit":"Kanal-Marla","normalized_area_sqm":"2023.43","gis_area_sqm":"2023.43","land_use_category":"AGRICULTURAL","land_use_raw":"Gair Mumkin Plotted Commercial","status":"AMALGAMATED","data_freshness_status":"CURRENT","scenario_index":"4863","use_case_description":"Subdivision or amalgamation history review","mutation_workflow_status":"REJECTED","revenue_record_id":"ROR-HR-2025-1008-0346","revenue_record_type":"Jamabandi Nakal (Haryana Jamabandi)","khata_khewat_no":"KHT-58","khatauni_no":"KHN-158","owner_name":"Satish Chand Mittal","owner_name_local":"सतीश चंद मित्तल","co_owners":"","tenure_type":"Government Grant","mutation_status":"REJECTED","active_mutation_id":"MUT-HR-00000346","tax_demand_status":"PAID","annual_tax_inr":"185.5","deed_number":"DEED-HR-2024-408-0346","deed_type":"Sale Deed / Conveyance","sro_office":"Sub-Registrar Office, Wazirabad Tehsil","execution_date":"2024-05-10","registered_owner":"Sunita Sharma / Aditi Verma","seller_name":"Previous Landholder","consideration_amount_inr":"3500000.0","stamp_duty_inr":"210000.0","survey_sketch_id":"FMB-HR-08-0346","cadastral_sheet_no":"SHT-HR-08","surveyed_area_sqm":"2023.43","survey_status":"RESURVEY_REQUIRED","urban_authority":"Wazirabad Tehsil Urban Development & Town Planning Authority","zone_name":"Commercial Core","permitted_land_use":"AGRICULTURAL","building_permission_status":"NOT_APPLICABLE","violations_reported":"False","is_encumbered":"True","encumbrance_certificate_number":"EC-HR-00000346-0346","encumbrance_type":"TRIBAL_NON_ALIENATION","financial_institution":"","mortgage_amount":"0.0","created_at":"2026-01-15T09:00:00Z","updated_at":"2026-09-24T11:30:00Z"}},{"type":"Feature","geometry":{"type":"Polygon","coordinates":[[[74.94126017537754,28.221187994823214],[75.02230156772049,28.212457388050584],[75.01941165635549,28.26770389525795],[74.95250801190613,28.274743486290337],[74.94126017537754,28.221187994823214]]]},"properties":{"ulpin":"06758636728674","parcel_id":"d07d02fe-5142-4aa5-b8cf-0aced75165d0","state":"Haryana","state_code":"HR","state_type":"STATE","state_lgd_code":"6","district_lgd_code":"80","district_name":"Gurugram","subdistrict_lgd_code":"620","subdistrict_name":"Wazirabad Tehsil","subdistrict_type":"Tehsil / Taluk","village_lgd_code":"61402","village_name":"Badshahpur","khasra_plot_no":"Murabba 45, Killa 12/2/D347","recorded_area":"4.0","recorded_area_unit":"Kanal-Marla","normalized_area_sqm":"2023.43","gis_area_sqm":"2023.43","land_use_category":"INSTITUTIONAL","land_use_raw":"Gair Mumkin Plotted Commercial","status":"DISPUTED","data_freshness_status":"STALE","scenario_index":"4864","use_case_description":"Archived historical record for audit retrieval","mutation_workflow_status":"SLA_BREACHED","revenue_record_id":"ROR-HR-2025-1008-0347","revenue_record_type":"Jamabandi Nakal (Haryana Jamabandi)","khata_khewat_no":"KHT-58","khatauni_no":"KHN-158","owner_name":"Satish Chand Mittal","owner_name_local":"सतीश चंद मित्तल","co_owners":"","tenure_type":"Waqf / Religious Trust","mutation_status":"DISPUTED","active_mutation_id":"MUT-HR-00000347","tax_demand_status":"PAID","annual_tax_inr":"185.5","deed_number":"DEED-HR-2024-408-0347","deed_type":"Sale Deed / Conveyance","sro_office":"Sub-Registrar Office, Wazirabad Tehsil","execution_date":"2024-05-10","registered_owner":"Registry Variance Owner 347","seller_name":"Previous Landholder","consideration_amount_inr":"3500000.0","stamp_duty_inr":"210000.0","survey_sketch_id":"FMB-HR-08-0347","cadastral_sheet_no":"SHT-HR-08","surveyed_area_sqm":"2023.43","survey_status":"SURVEYED","urban_authority":"Wazirabad Tehsil Urban Development & Town Planning Authority","zone_name":"Commercial Core","permitted_land_use":"INSTITUTIONAL","building_permission_status":"SANCTIONED","violations_reported":"False","is_encumbered":"True","encumbrance_certificate_number":"EC-HR-00000347-0347","encumbrance_type":"LEASE_CHARGE","financial_institution":"","mortgage_amount":"0.0","created_at":"2026-01-15T09:00:00Z","updated_at":"2026-09-24T11:30:00Z"}},{"type":"Feature","geometry":{"type":"Polygon","coordinates":[[[75.21321591957492,28.328335664516768],[75.26273314409579,28.336967478020572],[75.27486850067316,28.390959288231997],[75.20032297155252,28.389394732383614],[75.21321591957492,28.328335664516768]]]},"properties":{"ulpin":"06737546930013","parcel_id":"e33794ab-075b-430e-a2bc-535b34bbff6b","state":"Haryana","state_code":"HR","state_type":"STATE","state_lgd_code":"6","district_lgd_code":"80","district_name":"Gurugram","subdistrict_lgd_code":"620","subdistrict_name":"Wazirabad Tehsil","subdistrict_type":"Tehsil / Taluk","village_lgd_code":"61402","village_name":"Badshahpur","khasra_plot_no":"Murabba 45, Killa 12/2/D348","recorded_area":"4.0","recorded_area_unit":"Kanal-Marla","normalized_area_sqm":"2023.43","gis_area_sqm":"2023.43","land_use_category":"FOREST_GREEN_BELT","land_use_raw":"Gair Mumkin Plotted Commercial","status":"ARCHIVED","data_freshness_status":"UNKNOWN","scenario_index":"4865","use_case_description":"Cadastral area discrepancy requiring resurvey","mutation_workflow_status":"SUBMITTED","revenue_record_id":"ROR-HR-2025-1008-0348","revenue_record_type":"Jamabandi Nakal (Haryana Jamabandi)","khata_khewat_no":"KHT-58","khatauni_no":"KHN-158","owner_name":"Satish Chand Mittal","owner_name_local":"सतीश चंद मित्तल","co_owners":"","tenure_type":"Tribal Community Tenure","mutation_status":"NONE","active_mutation_id":"MUT-HR-00000348","tax_demand_status":"PAID","annual_tax_inr":"185.5","deed_number":"DEED-HR-2024-408-0348","deed_type":"Sale Deed / Conveyance","sro_office":"Sub-Registrar Office, Wazirabad Tehsil","execution_date":"2024-05-10","registered_owner":"Sunita Sharma / Aditi Verma","seller_name":"Previous Landholder","consideration_amount_inr":"3500000.0","stamp_duty_inr":"210000.0","survey_sketch_id":"FMB-HR-08-0348","cadastral_sheet_no":"SHT-HR-08","surveyed_area_sqm":"2023.43","survey_status":"PENDING","urban_authority":"Wazirabad Tehsil Urban Development & Town Planning Authority","zone_name":"Commercial Core","permitted_land_use":"FOREST_GREEN_BELT","building_permission_status":"PENDING","violations_reported":"True","is_encumbered":"False","encumbrance_certificate_number":"EC-HR-2024-108-0348","encumbrance_type":"NIL","financial_institution":"","mortgage_amount":"0.0","created_at":"2026-01-15T09:00:00Z","updated_at":"2026-09-24T11:30:00Z"}},{"type":"Feature","geometry":{"type":"Polygon","coordinates":[[[75.04419678371367,29.614160292511837],[75.10073095943721,29.602470486121717],[75.10073095943721,29.65021098335312],[75.04811982813872,29.653968965914594],[75.04419678371367,29.614160292511837]]]},"properties":{"ulpin":"06207727990053","parcel_id":"d62d0ca1-b124-4e90-955e-8ff8e539ab1d","state":"Haryana","state_code":"HR","state_type":"STATE","state_lgd_code":"6","district_lgd_code":"80","district_name":"Gurugram","subdistrict_lgd_code":"620","subdistrict_name":"Wazirabad Tehsil","subdistrict_type":"Tehsil / Taluk","village_lgd_code":"61402","village_name":"Badshahpur","khasra_plot_no":"Murabba 45, Killa 12/2/D349","recorded_area":"4.0","recorded_area_unit":"Kanal-Marla","normalized_area_sqm":"2023.43","gis_area_sqm":"2023.43","land_use_category":"WATER_BODY","land_use_raw":"Gair Mumkin Plotted Commercial","status":"ACTIVE","data_freshness_status":"CURRENT","scenario_index":"4866","use_case_description":"Government revenue lien and tax demand","mutation_workflow_status":"UNDER_VERIFICATION","revenue_record_id":"ROR-HR-2025-1008-0349","revenue_record_type":"Jamabandi Nakal (Haryana Jamabandi)","khata_khewat_no":"KHT-58","khatauni_no":"KHN-158","owner_name":"Satish Chand Mittal","owner_name_local":"सतीश चंद मित्तल","co_owners":"","tenure_type":"Bhumiswami / Raiyati with Transferable Rights","mutation_status":"MUTATED","active_mutation_id":"","tax_demand_status":"PAID","annual_tax_inr":"185.5","deed_number":"DEED-HR-2024-408-0349","deed_type":"Sale Deed / Conveyance","sro_office":"Sub-Registrar Office, Wazirabad Tehsil","execution_date":"2024-05-10","registered_owner":"Sunita Sharma / Aditi Verma","seller_name":"Previous Landholder","consideration_amount_inr":"3500000.0","stamp_duty_inr":"210000.0","survey_sketch_id":"FMB-HR-08-0349","cadastral_sheet_no":"SHT-HR-08","surveyed_area_sqm":"2023.43","survey_status":"DISPUTED","urban_authority":"Wazirabad Tehsil Urban Development & Town Planning Authority","zone_name":"Commercial Core","permitted_land_use":"WATER_BODY","building_permission_status":"REJECTED","violations_reported":"False","is_encumbered":"True","encumbrance_certificate_number":"EC-HR-00000349-0349","encumbrance_type":"BANK_MORTGAGE","financial_institution":"","mortgage_amount":"0.0","created_at":"2026-01-15T09:00:00Z","updated_at":"2026-09-24T11:30:00Z"}},{"type":"Feature","geometry":{"type":"Polygon","coordinates":[[[74.86103180190372,29.4797023521792],[74.89800304729226,29.475662366807295],[74.90977817402835,29.51651386181498],[74.86103420083994,29.515539597620812],[74.86103180190372,29.4797023521792]]]},"properties":{"ulpin":"06782064517329","parcel_id":"314bfeb8-bffc-4fce-b40f-ba003fc5de60","state":"Haryana","state_code":"HR","state_type":"STATE","state_lgd_code":"6","district_lgd_code":"80","district_name":"Gurugram","subdistrict_lgd_code":"620","subdistrict_name":"Wazirabad Tehsil","subdistrict_type":"Tehsil / Taluk","village_lgd_code":"61402","village_name":"Badshahpur","khasra_plot_no":"Murabba 45, Killa 12/2/D350","recorded_area":"4.0","recorded_area_unit":"Kanal-Marla","normalized_area_sqm":"2023.43","gis_area_sqm":"2023.43","land_use_category":"MIXED_USE","land_use_raw":"Gair Mumkin Plotted Commercial","status":"PENDING_MUTATION","data_freshness_status":"STALE","scenario_index":"4867","use_case_description":"Court attachment and disputed possession","mutation_workflow_status":"NOTICE_PERIOD","revenue_record_id":"ROR-HR-2025-1008-0350","revenue_record_type":"Jamabandi Nakal (Haryana Jamabandi)","khata_khewat_no":"KHT-58","khatauni_no":"KHN-158","owner_name":"Satish Chand Mittal","owner_name_local":"सतीश चंद मित्तल","co_owners":"","tenure_type":"Bhumiswami / Freehold","mutation_status":"PENDING","active_mutation_id":"MUT-HR-00000350","tax_demand_status":"PAID","annual_tax_inr":"185.5","deed_number":"DEED-HR-2024-408-0350","deed_type":"Sale Deed / Conveyance","sro_office":"Sub-Registrar Office, Wazirabad Tehsil","execution_date":"2024-05-10","registered_owner":"Sunita Sharma / Aditi Verma","seller_name":"Previous Landholder","consideration_amount_inr":"3500000.0","stamp_duty_inr":"210000.0","survey_sketch_id":"FMB-HR-08-0350","cadastral_sheet_no":"SHT-HR-08","surveyed_area_sqm":"2023.43","survey_status":"RESURVEY_REQUIRED","urban_authority":"Wazirabad Tehsil Urban Development & Town Planning Authority","zone_name":"Commercial Core","permitted_land_use":"MIXED_USE","building_permission_status":"NOT_APPLICABLE","violations_reported":"False","is_encumbered":"True","encumbrance_certificate_number":"EC-HR-00000350-0350","encumbrance_type":"GOVT_REVENUE_LIEN","financial_institution":"","mortgage_amount":"0.0","created_at":"2026-01-15T09:00:00Z","updated_at":"2026-09-24T11:30:00Z"}},{"type":"Feature","geometry":{"type":"Polygon","coordinates":[[[74.85551599806797,29.789052382661676],[74.9111214810485,29.786855393088498],[74.90655335007936,29.826454607992225],[74.86169128581287,29.826454607992225],[74.85551599806797,29.789052382661676]]]},"properties":{"ulpin":"06592782880895","parcel_id":"06d29850-dfa3-415b-a8f7-385b832b2f19","state":"Haryana","state_code":"HR","state_type":"STATE","state_lgd_code":"6","district_lgd_code":"80","district_name":"Gurugram","subdistrict_lgd_code":"620","subdistrict_name":"Wazirabad Tehsil","subdistrict_type":"Tehsil / Taluk","village_lgd_code":"61402","village_name":"Badshahpur","khasra_plot_no":"Murabba 45, Killa 12/2/D351","recorded_area":"4.0","recorded_area_unit":"Kanal-Marla","normalized_area_sqm":"2023.43","gis_area_sqm":"2023.43","land_use_category":"OTHER","land_use_raw":"Gair Mumkin Plotted Commercial","status":"SUBDIVIDED","data_freshness_status":"UNKNOWN","scenario_index":"4868","use_case_description":"Tribal non-alienation protection review","mutation_workflow_status":"HEARING_SCHEDULED","revenue_record_id":"ROR-HR-2025-1008-0351","revenue_record_type":"Jamabandi Nakal (Haryana Jamabandi)","khata_khewat_no":"KHT-58","khatauni_no":"KHN-158","owner_name":"Satish Chand Mittal","owner_name_local":"सतीश चंद मित्तल","co_owners":"","tenure_type":"Leasehold","mutation_status":"UNMUTATED_TRANSACTION","active_mutation_id":"MUT-HR-00000351","tax_demand_status":"PAID","annual_tax_inr":"185.5","deed_number":"DEED-HR-2024-408-0351","deed_type":"Sale Deed / Conveyance","sro_office":"Sub-Registrar Office, Wazirabad Tehsil","execution_date":"2024-05-10","registered_owner":"Sunita Sharma / Aditi Verma","seller_name":"Previous Landholder","consideration_amount_inr":"3500000.0","stamp_duty_inr":"210000.0","survey_sketch_id":"FMB-HR-08-0351","cadastral_sheet_no":"SHT-HR-08","surveyed_area_sqm":"2023.43","survey_status":"SURVEYED","urban_authority":"Wazirabad Tehsil Urban Development & Town Planning Authority","zone_name":"Commercial Core","permitted_land_use":"OTHER","building_permission_status":"SANCTIONED","violations_reported":"False","is_encumbered":"True","encumbrance_certificate_number":"EC-HR-00000351-0351","encumbrance_type":"COURT_ATTACHMENT","financial_institution":"","mortgage_amount":"0.0","created_at":"2026-01-15T09:00:00Z","updated_at":"2026-09-24T11:30:00Z"}},{"type":"Feature","geometry":{"type":"Polygon","coordinates":[[[75.00185042062182,28.922315992285355],[75.05437143671458,28.922315992285355],[75.0544989370771,28.984625296397425],[74.99076837415134,28.98627711857623],[75.00185042062182,28.922315992285355]]]},"properties":{"ulpin":"06218538201955","parcel_id":"9b1e56e6-2654-4baf-9a9f-5a9cda16de50","state":"Haryana","state_code":"HR","state_type":"STATE","state_lgd_code":"6","district_lgd_code":"80","district_name":"Gurugram","subdistrict_lgd_code":"620","subdistrict_name":"Wazirabad Tehsil","subdistrict_type":"Tehsil / Taluk","village_lgd_code":"61402","village_name":"Badshahpur","khasra_plot_no":"Murabba 45, Killa 12/2/D352","recorded_area":"4.0","recorded_area_unit":"Kanal-Marla","normalized_area_sqm":"2023.43","gis_area_sqm":"2023.43","land_use_category":"RESIDENTIAL","land_use_raw":"Gair Mumkin Plotted Commercial","status":"AMALGAMATED","data_freshness_status":"CURRENT","scenario_index":"4869","use_case_description":"Lease charge and institutional tenancy","mutation_workflow_status":"APPROVED","revenue_record_id":"ROR-HR-2025-1008-0352","revenue_record_type":"Jamabandi Nakal (Haryana Jamabandi)","khata_khewat_no":"KHT-58","khatauni_no":"KHN-158","owner_name":"Satish Chand Mittal","owner_name_local":"सतीश चंद मित्तल","co_owners":"","tenure_type":"Government Grant","mutation_status":"REJECTED","active_mutation_id":"MUT-HR-00000352","tax_demand_status":"PAID","annual_tax_inr":"185.5","deed_number":"DEED-HR-2024-408-0352","deed_type":"Sale Deed / Conveyance","sro_office":"Sub-Registrar Office, Wazirabad Tehsil","execution_date":"2024-05-10","registered_owner":"Registry Variance Owner 352","seller_name":"Previous Landholder","consideration_amount_inr":"3500000.0","stamp_duty_inr":"210000.0","survey_sketch_id":"FMB-HR-08-0352","cadastral_sheet_no":"SHT-HR-08","surveyed_area_sqm":"2023.43","survey_status":"PENDING","urban_authority":"Wazirabad Tehsil Urban Development & Town Planning Authority","zone_name":"Commercial Core","permitted_land_use":"RESIDENTIAL","building_permission_status":"PENDING","violations_reported":"False","is_encumbered":"True","encumbrance_certificate_number":"EC-HR-00000352-0352","encumbrance_type":"TRIBAL_NON_ALIENATION","financial_institution":"","mortgage_amount":"0.0","created_at":"2026-01-15T09:00:00Z","updated_at":"2026-09-24T11:30:00Z"}},{"type":"Feature","geometry":{"type":"Polygon","coordinates":[[[75.59054315048473,29.12204739296072],[75.66034814447539,29.125000574661865],[75.64908547457127,29.168542243336425],[75.60353503131381,29.167901434319493],[75.59054315048473,29.12204739296072]]]},"properties":{"ulpin":"06539523048824","parcel_id":"3696cee6-0cb1-460d-bb65-449f298ce4fe","state":"Haryana","state_code":"HR","state_type":"STATE","state_lgd_code":"6","district_lgd_code":"80","district_name":"Gurugram","subdistrict_lgd_code":"620","subdistrict_name":"Wazirabad Tehsil","subdistrict_type":"Tehsil / Taluk","village_lgd_code":"61402","village_name":"Badshahpur","khasra_plot_no":"Murabba 45, Killa 12/2/D353","recorded_area":"4.0","recorded_area_unit":"Kanal-Marla","normalized_area_sqm":"2023.43","gis_area_sqm":"2023.43","land_use_category":"COMMERCIAL","land_use_raw":"Gair Mumkin Plotted Commercial","status":"DISPUTED","data_freshness_status":"STALE","scenario_index":"4870","use_case_description":"Subdivision or amalgamation history review","mutation_workflow_status":"REJECTED","revenue_record_id":"ROR-HR-2025-1008-0353","revenue_record_type":"Jamabandi Nakal (Haryana Jamabandi)","khata_khewat_no":"KHT-58","khatauni_no":"KHN-158","owner_name":"Satish Chand Mittal","owner_name_local":"सतीश चंद मित्तल","co_owners":"","tenure_type":"Waqf / Religious Trust","mutation_status":"DISPUTED","active_mutation_id":"MUT-HR-00000353","tax_demand_status":"PAID","annual_tax_inr":"185.5","deed_number":"DEED-HR-2024-408-0353","deed_type":"Sale Deed / Conveyance","sro_office":"Sub-Registrar Office, Wazirabad Tehsil","execution_date":"2024-05-10","registered_owner":"Sunita Sharma / Aditi Verma","seller_name":"Previous Landholder","consideration_amount_inr":"3500000.0","stamp_duty_inr":"210000.0","survey_sketch_id":"FMB-HR-08-0353","cadastral_sheet_no":"SHT-HR-08","surveyed_area_sqm":"2023.43","survey_status":"DISPUTED","urban_authority":"Wazirabad Tehsil Urban Development & Town Planning Authority","zone_name":"Commercial Core","permitted_land_use":"COMMERCIAL","building_permission_status":"REJECTED","violations_reported":"False","is_encumbered":"True","encumbrance_certificate_number":"EC-HR-00000353-0353","encumbrance_type":"LEASE_CHARGE","financial_institution":"","mortgage_amount":"0.0","created_at":"2026-01-15T09:00:00Z","updated_at":"2026-09-24T11:30:00Z"}},{"type":"Feature","geometry":{"type":"Polygon","coordinates":[[[76.3479786144259,28.311339161398898],[76.40080329384512,28.31691662799491],[76.40976330484558,28.357061147389036],[76.34857940183457,28.36137173578382],[76.3479786144259,28.311339161398898]]]},"properties":{"ulpin":"06047846232744","parcel_id":"05daf84e-2da1-415e-8f0e-c7af5ddb3b63","state":"Haryana","state_code":"HR","state_type":"STATE","state_lgd_code":"6","district_lgd_code":"80","district_name":"Gurugram","subdistrict_lgd_code":"620","subdistrict_name":"Wazirabad Tehsil","subdistrict_type":"Tehsil / Taluk","village_lgd_code":"61402","village_name":"Badshahpur","khasra_plot_no":"Murabba 45, Killa 12/2/D354","recorded_area":"4.0","recorded_area_unit":"Kanal-Marla","normalized_area_sqm":"2023.43","gis_area_sqm":"2023.43","land_use_category":"INDUSTRIAL","land_use_raw":"Gair Mumkin Plotted Commercial","status":"ARCHIVED","data_freshness_status":"UNKNOWN","scenario_index":"4871","use_case_description":"Tribal non-alienation protection review","mutation_workflow_status":"SLA_BREACHED","revenue_record_id":"ROR-HR-2025-1008-0354","revenue_record_type":"Jamabandi Nakal (Haryana Jamabandi)","khata_khewat_no":"KHT-58","khatauni_no":"KHN-158","owner_name":"Satish Chand Mittal","owner_name_local":"सतीश चंद मित्तल","co_owners":"","tenure_type":"Tribal Community Tenure","mutation_status":"NONE","active_mutation_id":"MUT-HR-00000354","tax_demand_status":"PAID","annual_tax_inr":"185.5","deed_number":"DEED-HR-2024-408-0354","deed_type":"Sale Deed / Conveyance","sro_office":"Sub-Registrar Office, Wazirabad Tehsil","execution_date":"2024-05-10","registered_owner":"Sunita Sharma / Aditi Verma","seller_name":"Previous Landholder","consideration_amount_inr":"3500000.0","stamp_duty_inr":"210000.0","survey_sketch_id":"FMB-HR-08-0354","cadastral_sheet_no":"SHT-HR-08","surveyed_area_sqm":"2023.43","survey_status":"RESURVEY_REQUIRED","urban_authority":"Wazirabad Tehsil Urban Development & Town Planning Authority","zone_name":"Commercial Core","permitted_land_use":"INDUSTRIAL","building_permission_status":"NOT_APPLICABLE","violations_reported":"False","is_encumbered":"False","encumbrance_certificate_number":"EC-HR-2024-108-0354","encumbrance_type":"NIL","financial_institution":"","mortgage_amount":"0.0","created_at":"2026-01-15T09:00:00Z","updated_at":"2026-09-24T11:30:00Z"}},{"type":"Feature","geometry":{"type":"Polygon","coordinates":[[[75.07136703860895,28.27861095994106],[75.14734890380178,28.270843822034454],[75.13746822661577,28.335625132449362],[75.07028522148943,28.323471365581028],[75.07136703860895,28.27861095994106]]]},"properties":{"ulpin":"06630434736195","parcel_id":"b18fdb78-f05d-4417-9427-141702397b97","state":"Haryana","state_code":"HR","state_type":"STATE","state_lgd_code":"6","district_lgd_code":"80","district_name":"Gurugram","subdistrict_lgd_code":"620","subdistrict_name":"Wazirabad Tehsil","subdistrict_type":"Tehsil / Taluk","village_lgd_code":"61402","village_name":"Badshahpur","khasra_plot_no":"Murabba 45, Killa 12/2/D355","recorded_area":"4.0","recorded_area_unit":"Kanal-Marla","normalized_area_sqm":"2023.43","gis_area_sqm":"2023.43","land_use_category":"AGRICULTURAL","land_use_raw":"Gair Mumkin Plotted Commercial","status":"ACTIVE","data_freshness_status":"CURRENT","scenario_index":"4872","use_case_description":"Bank mortgage and active encumbrance","mutation_workflow_status":"SUBMITTED","revenue_record_id":"ROR-HR-2025-1008-0355","revenue_record_type":"Jamabandi Nakal (Haryana Jamabandi)","khata_khewat_no":"KHT-58","khatauni_no":"KHN-158","owner_name":"Satish Chand Mittal","owner_name_local":"सतीश चंद मित्तल","co_owners":"","tenure_type":"Bhumiswami / Raiyati with Transferable Rights","mutation_status":"MUTATED","active_mutation_id":"","tax_demand_status":"PAID","annual_tax_inr":"185.5","deed_number":"DEED-HR-2024-408-0355","deed_type":"Sale Deed / Conveyance","sro_office":"Sub-Registrar Office, Wazirabad Tehsil","execution_date":"2024-05-10","registered_owner":"Sunita Sharma / Aditi Verma","seller_name":"Previous Landholder","consideration_amount_inr":"3500000.0","stamp_duty_inr":"210000.0","survey_sketch_id":"FMB-HR-08-0355","cadastral_sheet_no":"SHT-HR-08","surveyed_area_sqm":"2023.43","survey_status":"SURVEYED","urban_authority":"Wazirabad Tehsil Urban Development & Town Planning Authority","zone_name":"Commercial Core","permitted_land_use":"AGRICULTURAL","building_permission_status":"SANCTIONED","violations_reported":"True","is_encumbered":"True","encumbrance_certificate_number":"EC-HR-00000355-0355","encumbrance_type":"BANK_MORTGAGE","financial_institution":"","mortgage_amount":"0.0","created_at":"2026-01-15T09:00:00Z","updated_at":"2026-09-24T11:30:00Z"}},{"type":"Feature","geometry":{"type":"Polygon","coordinates":[[[75.1759562504397,29.10722591234775],[75.23949755460829,29.113458593266238],[75.2364681440189,29.17951322080672],[75.18010176310064,29.170571955448825],[75.1759562504397,29.10722591234775]]]},"properties":{"ulpin":"06325554792844","parcel_id":"296d9655-2602-4d4f-a895-c1f09a184650","state":"Haryana","state_code":"HR","state_type":"STATE","state_lgd_code":"6","district_lgd_code":"80","district_name":"Gurugram","subdistrict_lgd_code":"620","subdistrict_name":"Wazirabad Tehsil","subdistrict_type":"Tehsil / Taluk","village_lgd_code":"61402","village_name":"Badshahpur","khasra_plot_no":"Murabba 45, Killa 12/2/D356","recorded_area":"4.0","recorded_area_unit":"Kanal-Marla","normalized_area_sqm":"2023.43","gis_area_sqm":"2023.43","land_use_category":"INSTITUTIONAL","land_use_raw":"Gair Mumkin Plotted Commercial","status":"PENDING_MUTATION","data_freshness_status":"STALE","scenario_index":"4873","use_case_description":"Government revenue lien and tax demand","mutation_workflow_status":"UNDER_VERIFICATION","revenue_record_id":"ROR-HR-2025-1008-0356","revenue_record_type":"Jamabandi Nakal (Haryana Jamabandi)","khata_khewat_no":"KHT-58","khatauni_no":"KHN-158","owner_name":"Satish Chand Mittal","owner_name_local":"सतीश चंद मित्तल","co_owners":"","tenure_type":"Bhumiswami / Freehold","mutation_status":"PENDING","active_mutation_id":"MUT-HR-00000356","tax_demand_status":"PAID","annual_tax_inr":"185.5","deed_number":"DEED-HR-2024-408-0356","deed_type":"Sale Deed / Conveyance","sro_office":"Sub-Registrar Office, Wazirabad Tehsil","execution_date":"2024-05-10","registered_owner":"Sunita Sharma / Aditi Verma","seller_name":"Previous Landholder","consideration_amount_inr":"3500000.0","stamp_duty_inr":"210000.0","survey_sketch_id":"FMB-HR-08-0356","cadastral_sheet_no":"SHT-HR-08","surveyed_area_sqm":"2023.43","survey_status":"PENDING","urban_authority":"Wazirabad Tehsil Urban Development & Town Planning Authority","zone_name":"Commercial Core","permitted_land_use":"INSTITUTIONAL","building_permission_status":"PENDING","violations_reported":"False","is_encumbered":"True","encumbrance_certificate_number":"EC-HR-00000356-0356","encumbrance_type":"GOVT_REVENUE_LIEN","financial_institution":"","mortgage_amount":"0.0","created_at":"2026-01-15T09:00:00Z","updated_at":"2026-09-24T11:30:00Z"}},{"type":"Feature","geometry":{"type":"Polygon","coordinates":[[[76.51191418172499,28.271319136408195],[76.55711619653664,28.25916552734357],[76.55711619653664,28.304982606271153],[76.50178380501376,28.312604498066165],[76.51191418172499,28.271319136408195]]]},"properties":{"ulpin":"06721049875070","parcel_id":"9e9f4c5b-9614-46ef-ac3d-2c752f5aa09e","state":"Haryana","state_code":"HR","state_type":"STATE","state_lgd_code":"6","district_lgd_code":"80","district_name":"Gurugram","subdistrict_lgd_code":"620","subdistrict_name":"Wazirabad Tehsil","subdistrict_type":"Tehsil / Taluk","village_lgd_code":"61402","village_name":"Badshahpur","khasra_plot_no":"Murabba 45, Killa 12/2/D357","recorded_area":"4.0","recorded_area_unit":"Kanal-Marla","normalized_area_sqm":"2023.43","gis_area_sqm":"2023.43","land_use_category":"FOREST_GREEN_BELT","land_use_raw":"Gair Mumkin Plotted Commercial","status":"SUBDIVIDED","data_freshness_status":"UNKNOWN","scenario_index":"4874","use_case_description":"Court attachment and disputed possession","mutation_workflow_status":"NOTICE_PERIOD","revenue_record_id":"ROR-HR-2025-1008-0357","revenue_record_type":"Jamabandi Nakal (Haryana Jamabandi)","khata_khewat_no":"KHT-58","khatauni_no":"KHN-158","owner_name":"Satish Chand Mittal","owner_name_local":"सतीश चंद मित्तल","co_owners":"","tenure_type":"Leasehold","mutation_status":"UNMUTATED_TRANSACTION","active_mutation_id":"MUT-HR-00000357","tax_demand_status":"PAID","annual_tax_inr":"185.5","deed_number":"DEED-HR-2024-408-0357","deed_type":"Sale Deed / Conveyance","sro_office":"Sub-Registrar Office, Wazirabad Tehsil","execution_date":"2024-05-10","registered_owner":"Registry Variance Owner 357","seller_name":"Previous Landholder","consideration_amount_inr":"3500000.0","stamp_duty_inr":"210000.0","survey_sketch_id":"FMB-HR-08-0357","cadastral_sheet_no":"SHT-HR-08","surveyed_area_sqm":"2023.43","survey_status":"DISPUTED","urban_authority":"Wazirabad Tehsil Urban Development & Town Planning Authority","zone_name":"Commercial Core","permitted_land_use":"FOREST_GREEN_BELT","building_permission_status":"REJECTED","violations_reported":"False","is_encumbered":"True","encumbrance_certificate_number":"EC-HR-00000357-0357","encumbrance_type":"COURT_ATTACHMENT","financial_institution":"","mortgage_amount":"0.0","created_at":"2026-01-15T09:00:00Z","updated_at":"2026-09-24T11:30:00Z"}},{"type":"Feature","geometry":{"type":"Polygon","coordinates":[[[74.80044350465609,29.608766593952446],[74.86228964055576,29.60837474203494],[74.85292696457321,29.650184537188633],[74.81009333929151,29.650540715447615],[74.80044350465609,29.608766593952446]]]},"properties":{"ulpin":"06641631473902","parcel_id":"ae44c6e6-5657-429a-93a7-5477e141e46f","state":"Haryana","state_code":"HR","state_type":"STATE","state_lgd_code":"6","district_lgd_code":"80","district_name":"Gurugram","subdistrict_lgd_code":"620","subdistrict_name":"Wazirabad Tehsil","subdistrict_type":"Tehsil / Taluk","village_lgd_code":"61402","village_name":"Badshahpur","khasra_plot_no":"Murabba 45, Killa 12/2/D358","recorded_area":"4.0","recorded_area_unit":"Kanal-Marla","normalized_area_sqm":"2023.43","gis_area_sqm":"2023.43","land_use_category":"WATER_BODY","land_use_raw":"Gair Mumkin Plotted Commercial","status":"AMALGAMATED","data_freshness_status":"CURRENT","scenario_index":"4875","use_case_description":"Tribal non-alienation protection review","mutation_workflow_status":"HEARING_SCHEDULED","revenue_record_id":"ROR-HR-2025-1008-0358","revenue_record_type":"Jamabandi Nakal (Haryana Jamabandi)","khata_khewat_no":"KHT-58","khatauni_no":"KHN-158","owner_name":"Satish Chand Mittal","owner_name_local":"सतीश चंद मित्तल","co_owners":"","tenure_type":"Government Grant","mutation_status":"REJECTED","active_mutation_id":"MUT-HR-00000358","tax_demand_status":"PAID","annual_tax_inr":"185.5","deed_number":"DEED-HR-2024-408-0358","deed_type":"Sale Deed / Conveyance","sro_office":"Sub-Registrar Office, Wazirabad Tehsil","execution_date":"2024-05-10","registered_owner":"Sunita Sharma / Aditi Verma","seller_name":"Previous Landholder","consideration_amount_inr":"3500000.0","stamp_duty_inr":"210000.0","survey_sketch_id":"FMB-HR-08-0358","cadastral_sheet_no":"SHT-HR-08","surveyed_area_sqm":"2023.43","survey_status":"RESURVEY_REQUIRED","urban_authority":"Wazirabad Tehsil Urban Development & Town Planning Authority","zone_name":"Commercial Core","permitted_land_use":"WATER_BODY","building_permission_status":"NOT_APPLICABLE","violations_reported":"False","is_encumbered":"True","encumbrance_certificate_number":"EC-HR-00000358-0358","encumbrance_type":"TRIBAL_NON_ALIENATION","financial_institution":"","mortgage_amount":"0.0","created_at":"2026-01-15T09:00:00Z","updated_at":"2026-09-24T11:30:00Z"}},{"type":"Feature","geometry":{"type":"Polygon","coordinates":[[[76.36131998252121,29.648314419369704],[76.40955698440777,29.647993553145685],[76.41451901622004,29.704687784550536],[76.3584875358553,29.717427779186288],[76.36131998252121,29.648314419369704]]]},"properties":{"ulpin":"06050514010195","parcel_id":"e66290a9-c99b-4f98-9d79-8cb367f6a2ed","state":"Haryana","state_code":"HR","state_type":"STATE","state_lgd_code":"6","district_lgd_code":"80","district_name":"Gurugram","subdistrict_lgd_code":"620","subdistrict_name":"Wazirabad Tehsil","subdistrict_type":"Tehsil / Taluk","village_lgd_code":"61402","village_name":"Badshahpur","khasra_plot_no":"Murabba 45, Killa 12/2/D359","recorded_area":"4.0","recorded_area_unit":"Kanal-Marla","normalized_area_sqm":"2023.43","gis_area_sqm":"2023.43","land_use_category":"MIXED_USE","land_use_raw":"Gair Mumkin Plotted Commercial","status":"DISPUTED","data_freshness_status":"STALE","scenario_index":"4876","use_case_description":"Lease charge and institutional tenancy","mutation_workflow_status":"APPROVED","revenue_record_id":"ROR-HR-2025-1008-0359","revenue_record_type":"Jamabandi Nakal (Haryana Jamabandi)","khata_khewat_no":"KHT-58","khatauni_no":"KHN-158","owner_name":"Satish Chand Mittal","owner_name_local":"सतीश चंद मित्तल","co_owners":"","tenure_type":"Waqf / Religious Trust","mutation_status":"DISPUTED","active_mutation_id":"MUT-HR-00000359","tax_demand_status":"PAID","annual_tax_inr":"185.5","deed_number":"DEED-HR-2024-408-0359","deed_type":"Sale Deed / Conveyance","sro_office":"Sub-Registrar Office, Wazirabad Tehsil","execution_date":"2024-05-10","registered_owner":"Sunita Sharma / Aditi Verma","seller_name":"Previous Landholder","consideration_amount_inr":"3500000.0","stamp_duty_inr":"210000.0","survey_sketch_id":"FMB-HR-08-0359","cadastral_sheet_no":"SHT-HR-08","surveyed_area_sqm":"2023.43","survey_status":"SURVEYED","urban_authority":"Wazirabad Tehsil Urban Development & Town Planning Authority","zone_name":"Commercial Core","permitted_land_use":"MIXED_USE","building_permission_status":"SANCTIONED","violations_reported":"False","is_encumbered":"True","encumbrance_certificate_number":"EC-HR-00000359-0359","encumbrance_type":"LEASE_CHARGE","financial_institution":"","mortgage_amount":"0.0","created_at":"2026-01-15T09:00:00Z","updated_at":"2026-09-24T11:30:00Z"}},{"type":"Feature","geometry":{"type":"Polygon","coordinates":[[[76.18850679038735,29.55435042793567],[76.24895130934802,29.54804334754147],[76.23989246280559,29.599810590324264],[76.1842451037478,29.59887259171279],[76.18850679038735,29.55435042793567]]]},"properties":{"ulpin":"06414411852158","parcel_id":"1c4fb1f2-b2b5-4eb1-aa0c-12769cfc5d2a","state":"Haryana","state_code":"HR","state_type":"STATE","state_lgd_code":"6","district_lgd_code":"80","district_name":"Gurugram","subdistrict_lgd_code":"620","subdistrict_name":"Wazirabad Tehsil","subdistrict_type":"Tehsil / Taluk","village_lgd_code":"61402","village_name":"Badshahpur","khasra_plot_no":"Murabba 45, Killa 12/2/D360","recorded_area":"4.0","recorded_area_unit":"Kanal-Marla","normalized_area_sqm":"2023.43","gis_area_sqm":"2023.43","land_use_category":"OTHER","land_use_raw":"Gair Mumkin Plotted Commercial","status":"ARCHIVED","data_freshness_status":"UNKNOWN","scenario_index":"4877","use_case_description":"Pending sale mutation within statutory SLA","mutation_workflow_status":"REJECTED","revenue_record_id":"ROR-HR-2025-1008-0360","revenue_record_type":"Jamabandi Nakal (Haryana Jamabandi)","khata_khewat_no":"KHT-58","khatauni_no":"KHN-158","owner_name":"Satish Chand Mittal","owner_name_local":"सतीश चंद मित्तल","co_owners":"","tenure_type":"Tribal Community Tenure","mutation_status":"NONE","active_mutation_id":"MUT-HR-00000360","tax_demand_status":"PAID","annual_tax_inr":"185.5","deed_number":"DEED-HR-2024-408-0360","deed_type":"Sale Deed / Conveyance","sro_office":"Sub-Registrar Office, Wazirabad Tehsil","execution_date":"2024-05-10","registered_owner":"Sunita Sharma / Aditi Verma","seller_name":"Previous Landholder","consideration_amount_inr":"3500000.0","stamp_duty_inr":"210000.0","survey_sketch_id":"FMB-HR-08-0360","cadastral_sheet_no":"SHT-HR-08","surveyed_area_sqm":"2023.43","survey_status":"PENDING","urban_authority":"Wazirabad Tehsil Urban Development & Town Planning Authority","zone_name":"Commercial Core","permitted_land_use":"OTHER","building_permission_status":"PENDING","violations_reported":"False","is_encumbered":"False","encumbrance_certificate_number":"EC-HR-2024-108-0360","encumbrance_type":"NIL","financial_institution":"","mortgage_amount":"0.0","created_at":"2026-01-15T09:00:00Z","updated_at":"2026-09-24T11:30:00Z"}},{"type":"Feature","geometry":{"type":"Polygon","coordinates":[[[75.6109844980426,28.21583306090263],[75.66315011596306,28.216061640438838],[75.66659361542918,28.274224979881975],[75.61014281915632,28.273138346467583],[75.6109844980426,28.21583306090263]]]},"properties":{"ulpin":"06721229466465","parcel_id":"8d0386c0-73d3-4095-b6a9-195c0508b824","state":"Haryana","state_code":"HR","state_type":"STATE","state_lgd_code":"6","district_lgd_code":"80","district_name":"Gurugram","subdistrict_lgd_code":"620","subdistrict_name":"Wazirabad Tehsil","subdistrict_type":"Tehsil / Taluk","village_lgd_code":"61402","village_name":"Badshahpur","khasra_plot_no":"Murabba 45, Killa 12/2/D361","recorded_area":"4.0","recorded_area_unit":"Kanal-Marla","normalized_area_sqm":"2023.43","gis_area_sqm":"2023.43","land_use_category":"RESIDENTIAL","land_use_raw":"Gair Mumkin Plotted Commercial","status":"ACTIVE","data_freshness_status":"CURRENT","scenario_index":"4878","use_case_description":"Archived historical record for audit retrieval","mutation_workflow_status":"SLA_BREACHED","revenue_record_id":"ROR-HR-2025-1008-0361","revenue_record_type":"Jamabandi Nakal (Haryana Jamabandi)","khata_khewat_no":"KHT-58","khatauni_no":"KHN-158","owner_name":"Satish Chand Mittal","owner_name_local":"सतीश चंद मित्तल","co_owners":"","tenure_type":"Bhumiswami / Raiyati with Transferable Rights","mutation_status":"MUTATED","active_mutation_id":"","tax_demand_status":"PAID","annual_tax_inr":"185.5","deed_number":"DEED-HR-2024-408-0361","deed_type":"Sale Deed / Conveyance","sro_office":"Sub-Registrar Office, Wazirabad Tehsil","execution_date":"2024-05-10","registered_owner":"Sunita Sharma / Aditi Verma","seller_name":"Previous Landholder","consideration_amount_inr":"3500000.0","stamp_duty_inr":"210000.0","survey_sketch_id":"FMB-HR-08-0361","cadastral_sheet_no":"SHT-HR-08","surveyed_area_sqm":"2023.43","survey_status":"DISPUTED","urban_authority":"Wazirabad Tehsil Urban Development & Town Planning Authority","zone_name":"Commercial Core","permitted_land_use":"RESIDENTIAL","building_permission_status":"REJECTED","violations_reported":"False","is_encumbered":"True","encumbrance_certificate_number":"EC-HR-00000361-0361","encumbrance_type":"BANK_MORTGAGE","financial_institution":"","mortgage_amount":"0.0","created_at":"2026-01-15T09:00:00Z","updated_at":"2026-09-24T11:30:00Z"}},{"type":"Feature","geometry":{"type":"Polygon","coordinates":[[[75.47460143032603,29.218660493494294],[75.54196366436639,29.224344019523976],[75.53574310518822,29.270016755951232],[75.47525374802395,29.281430096359465],[75.47460143032603,29.218660493494294]]]},"properties":{"ulpin":"06159445108038","parcel_id":"909da8c8-44fc-4553-9f78-6aeaf2765fd5","state":"Haryana","state_code":"HR","state_type":"STATE","state_lgd_code":"6","district_lgd_code":"80","district_name":"Gurugram","subdistrict_lgd_code":"620","subdistrict_name":"Wazirabad Tehsil","subdistrict_type":"Tehsil / Taluk","village_lgd_code":"61402","village_name":"Badshahpur","khasra_plot_no":"Murabba 45, Killa 12/2/D362","recorded_area":"4.0","recorded_area_unit":"Kanal-Marla","normalized_area_sqm":"2023.43","gis_area_sqm":"2023.43","land_use_category":"COMMERCIAL","land_use_raw":"Gair Mumkin Plotted Commercial","status":"PENDING_MUTATION","data_freshness_status":"STALE","scenario_index":"4879","use_case_description":"Bank mortgage and active encumbrance","mutation_workflow_status":"SUBMITTED","revenue_record_id":"ROR-HR-2025-1008-0362","revenue_record_type":"Jamabandi Nakal (Haryana Jamabandi)","khata_khewat_no":"KHT-58","khatauni_no":"KHN-158","owner_name":"Satish Chand Mittal","owner_name_local":"सतीश चंद मित्तल","co_owners":"","tenure_type":"Bhumiswami / Freehold","mutation_status":"PENDING","active_mutation_id":"MUT-HR-00000362","tax_demand_status":"PAID","annual_tax_inr":"185.5","deed_number":"DEED-HR-2024-408-0362","deed_type":"Sale Deed / Conveyance","sro_office":"Sub-Registrar Office, Wazirabad Tehsil","execution_date":"2024-05-10","registered_owner":"Registry Variance Owner 362","seller_name":"Previous Landholder","consideration_amount_inr":"3500000.0","stamp_duty_inr":"210000.0","survey_sketch_id":"FMB-HR-08-0362","cadastral_sheet_no":"SHT-HR-08","surveyed_area_sqm":"2023.43","survey_status":"RESURVEY_REQUIRED","urban_authority":"Wazirabad Tehsil Urban Development & Town Planning Authority","zone_name":"Commercial Core","permitted_land_use":"COMMERCIAL","building_permission_status":"NOT_APPLICABLE","violations_reported":"True","is_encumbered":"True","encumbrance_certificate_number":"EC-HR-00000362-0362","encumbrance_type":"GOVT_REVENUE_LIEN","financial_institution":"","mortgage_amount":"0.0","created_at":"2026-01-15T09:00:00Z","updated_at":"2026-09-24T11:30:00Z"}},{"type":"Feature","geometry":{"type":"Polygon","coordinates":[[[75.60191327189635,29.06342547600628],[75.66224834996783,29.06291085084873],[75.66034814447539,29.125000574661865],[75.59054315048473,29.12204739296072],[75.60191327189635,29.06342547600628]]]},"properties":{"ulpin":"06239854115856","parcel_id":"e6e20d81-b4f1-4d86-9d7d-0e4402ae82af","state":"Haryana","state_code":"HR","state_type":"STATE","state_lgd_code":"6","district_lgd_code":"80","district_name":"Gurugram","subdistrict_lgd_code":"620","subdistrict_name":"Wazirabad Tehsil","subdistrict_type":"Tehsil / Taluk","village_lgd_code":"61402","village_name":"Badshahpur","khasra_plot_no":"Murabba 45, Killa 12/2/D363","recorded_area":"4.0","recorded_area_unit":"Kanal-Marla","normalized_area_sqm":"2023.43","gis_area_sqm":"2023.43","land_use_category":"INDUSTRIAL","land_use_raw":"Gair Mumkin Plotted Commercial","status":"SUBDIVIDED","data_freshness_status":"UNKNOWN","scenario_index":"4880","use_case_description":"Government revenue lien and tax demand","mutation_workflow_status":"UNDER_VERIFICATION","revenue_record_id":"ROR-HR-2025-1008-0363","revenue_record_type":"Jamabandi Nakal (Haryana Jamabandi)","khata_khewat_no":"KHT-58","khatauni_no":"KHN-158","owner_name":"Satish Chand Mittal","owner_name_local":"सतीश चंद मित्तल","co_owners":"","tenure_type":"Leasehold","mutation_status":"UNMUTATED_TRANSACTION","active_mutation_id":"MUT-HR-00000363","tax_demand_status":"PAID","annual_tax_inr":"185.5","deed_number":"DEED-HR-2024-408-0363","deed_type":"Sale Deed / Conveyance","sro_office":"Sub-Registrar Office, Wazirabad Tehsil","execution_date":"2024-05-10","registered_owner":"Sunita Sharma / Aditi Verma","seller_name":"Previous Landholder","consideration_amount_inr":"3500000.0","stamp_duty_inr":"210000.0","survey_sketch_id":"FMB-HR-08-0363","cadastral_sheet_no":"SHT-HR-08","surveyed_area_sqm":"2023.43","survey_status":"SURVEYED","urban_authority":"Wazirabad Tehsil Urban Development & Town Planning Authority","zone_name":"Commercial Core","permitted_land_use":"INDUSTRIAL","building_permission_status":"SANCTIONED","violations_reported":"False","is_encumbered":"True","encumbrance_certificate_number":"EC-HR-00000363-0363","encumbrance_type":"COURT_ATTACHMENT","financial_institution":"","mortgage_amount":"0.0","created_at":"2026-01-15T09:00:00Z","updated_at":"2026-09-24T11:30:00Z"}},{"type":"Feature","geometry":{"type":"Polygon","coordinates":[[[76.36311004273746,29.757461197268388],[76.42041421116843,29.759470522133213],[76.42276874169438,29.817953586010283],[76.365155167648,29.81256829277028],[76.36311004273746,29.757461197268388]]]},"properties":{"ulpin":"06149570977689","parcel_id":"76960c31-8bc8-45d0-af2f-88f3fc57b9a1","state":"Haryana","state_code":"HR","state_type":"STATE","state_lgd_code":"6","district_lgd_code":"80","district_name":"Gurugram","subdistrict_lgd_code":"620","subdistrict_name":"Wazirabad Tehsil","subdistrict_type":"Tehsil / Taluk","village_lgd_code":"61402","village_name":"Badshahpur","khasra_plot_no":"Murabba 45, Killa 12/2/D364","recorded_area":"4.0","recorded_area_unit":"Kanal-Marla","normalized_area_sqm":"2023.43","gis_area_sqm":"2023.43","land_use_category":"AGRICULTURAL","land_use_raw":"Gair Mumkin Plotted Commercial","status":"AMALGAMATED","data_freshness_status":"CURRENT","scenario_index":"4881","use_case_description":"Court attachment and disputed possession","mutation_workflow_status":"NOTICE_PERIOD","revenue_record_id":"ROR-HR-2025-1008-0364","revenue_record_type":"Jamabandi Nakal (Haryana Jamabandi)","khata_khewat_no":"KHT-58","khatauni_no":"KHN-158","owner_name":"Satish Chand Mittal","owner_name_local":"सतीश चंद मित्तल","co_owners":"","tenure_type":"Government Grant","mutation_status":"REJECTED","active_mutation_id":"MUT-HR-00000364","tax_demand_status":"PAID","annual_tax_inr":"185.5","deed_number":"DEED-HR-2024-408-0364","deed_type":"Sale Deed / Conveyance","sro_office":"Sub-Registrar Office, Wazirabad Tehsil","execution_date":"2024-05-10","registered_owner":"Sunita Sharma / Aditi Verma","seller_name":"Previous Landholder","consideration_amount_inr":"3500000.0","stamp_duty_inr":"210000.0","survey_sketch_id":"FMB-HR-08-0364","cadastral_sheet_no":"SHT-HR-08","surveyed_area_sqm":"2023.43","survey_status":"PENDING","urban_authority":"Wazirabad Tehsil Urban Development & Town Planning Authority","zone_name":"Commercial Core","permitted_land_use":"AGRICULTURAL","building_permission_status":"PENDING","violations_reported":"False","is_encumbered":"True","encumbrance_certificate_number":"EC-HR-00000364-0364","encumbrance_type":"TRIBAL_NON_ALIENATION","financial_institution":"","mortgage_amount":"0.0","created_at":"2026-01-15T09:00:00Z","updated_at":"2026-09-24T11:30:00Z"}},{"type":"Feature","geometry":{"type":"Polygon","coordinates":[[[75.26766578232163,28.216428947498812],[75.33602534833152,28.222692438369616],[75.33602534833152,28.282831061126423],[75.26665693547093,28.275441203888832],[75.26766578232163,28.216428947498812]]]},"properties":{"ulpin":"06636202724200","parcel_id":"757bebb7-60c6-4aaa-9584-50e895f99fdc","state":"Haryana","state_code":"HR","state_type":"STATE","state_lgd_code":"6","district_lgd_code":"80","district_name":"Gurugram","subdistrict_lgd_code":"620","subdistrict_name":"Wazirabad Tehsil","subdistrict_type":"Tehsil / Taluk","village_lgd_code":"61402","village_name":"Badshahpur","khasra_plot_no":"Murabba 45, Killa 12/2/D365","recorded_area":"4.0","recorded_area_unit":"Kanal-Marla","normalized_area_sqm":"2023.43","gis_area_sqm":"2023.43","land_use_category":"INSTITUTIONAL","land_use_raw":"Gair Mumkin Plotted Commercial","status":"DISPUTED","data_freshness_status":"STALE","scenario_index":"4882","use_case_description":"Tribal non-alienation protection review","mutation_workflow_status":"HEARING_SCHEDULED","revenue_record_id":"ROR-HR-2025-1008-0365","revenue_record_type":"Jamabandi Nakal (Haryana Jamabandi)","khata_khewat_no":"KHT-58","khatauni_no":"KHN-158","owner_name":"Satish Chand Mittal","owner_name_local":"सतीश चंद मित्तल","co_owners":"","tenure_type":"Waqf / Religious Trust","mutation_status":"DISPUTED","active_mutation_id":"MUT-HR-00000365","tax_demand_status":"PAID","annual_tax_inr":"185.5","deed_number":"DEED-HR-2024-408-0365","deed_type":"Sale Deed / Conveyance","sro_office":"Sub-Registrar Office, Wazirabad Tehsil","execution_date":"2024-05-10","registered_owner":"Sunita Sharma / Aditi Verma","seller_name":"Previous Landholder","consideration_amount_inr":"3500000.0","stamp_duty_inr":"210000.0","survey_sketch_id":"FMB-HR-08-0365","cadastral_sheet_no":"SHT-HR-08","surveyed_area_sqm":"2023.43","survey_status":"DISPUTED","urban_authority":"Wazirabad Tehsil Urban Development & Town Planning Authority","zone_name":"Commercial Core","permitted_land_use":"INSTITUTIONAL","building_permission_status":"REJECTED","violations_reported":"False","is_encumbered":"True","encumbrance_certificate_number":"EC-HR-00000365-0365","encumbrance_type":"LEASE_CHARGE","financial_institution":"","mortgage_amount":"0.0","created_at":"2026-01-15T09:00:00Z","updated_at":"2026-09-24T11:30:00Z"}},{"type":"Feature","geometry":{"type":"Polygon","coordinates":[[[75.7971633103315,28.107814260401877],[75.85252053015361,28.116986781004126],[75.85426708035257,28.17070607393813],[75.80198725899115,28.168505865499174],[75.7971633103315,28.107814260401877]]]},"properties":{"ulpin":"06627236577762","parcel_id":"b8c241b3-675a-4ad9-83f5-9dd8c789760a","state":"Haryana","state_code":"HR","state_type":"STATE","state_lgd_code":"6","district_lgd_code":"80","district_name":"Gurugram","subdistrict_lgd_code":"620","subdistrict_name":"Wazirabad Tehsil","subdistrict_type":"Tehsil / Taluk","village_lgd_code":"61402","village_name":"Badshahpur","khasra_plot_no":"Murabba 45, Killa 12/2/D366","recorded_area":"4.0","recorded_area_unit":"Kanal-Marla","normalized_area_sqm":"2023.43","gis_area_sqm":"2023.43","land_use_category":"FOREST_GREEN_BELT","land_use_raw":"Gair Mumkin Plotted Commercial","status":"ARCHIVED","data_freshness_status":"UNKNOWN","scenario_index":"4883","use_case_description":"Bank mortgage and active encumbrance","mutation_workflow_status":"APPROVED","revenue_record_id":"ROR-HR-2025-1008-0366","revenue_record_type":"Jamabandi Nakal (Haryana Jamabandi)","khata_khewat_no":"KHT-58","khatauni_no":"KHN-158","owner_name":"Satish Chand Mittal","owner_name_local":"सतीश चंद मित्तल","co_owners":"","tenure_type":"Tribal Community Tenure","mutation_status":"NONE","active_mutation_id":"MUT-HR-00000366","tax_demand_status":"PAID","annual_tax_inr":"185.5","deed_number":"DEED-HR-2024-408-0366","deed_type":"Sale Deed / Conveyance","sro_office":"Sub-Registrar Office, Wazirabad Tehsil","execution_date":"2024-05-10","registered_owner":"Sunita Sharma / Aditi Verma","seller_name":"Previous Landholder","consideration_amount_inr":"3500000.0","stamp_duty_inr":"210000.0","survey_sketch_id":"FMB-HR-08-0366","cadastral_sheet_no":"SHT-HR-08","surveyed_area_sqm":"2023.43","survey_status":"RESURVEY_REQUIRED","urban_authority":"Wazirabad Tehsil Urban Development & Town Planning Authority","zone_name":"Commercial Core","permitted_land_use":"FOREST_GREEN_BELT","building_permission_status":"NOT_APPLICABLE","violations_reported":"False","is_encumbered":"False","encumbrance_certificate_number":"EC-HR-2024-108-0366","encumbrance_type":"NIL","financial_institution":"","mortgage_amount":"0.0","created_at":"2026-01-15T09:00:00Z","updated_at":"2026-09-24T11:30:00Z"}},{"type":"Feature","geometry":{"type":"Polygon","coordinates":[[[75.13527412632303,28.379092143225318],[75.20032297155252,28.389394732383614],[75.2008836089917,28.433833637308883],[75.13581557540316,28.447054065471168],[75.13527412632303,28.379092143225318]]]},"properties":{"ulpin":"06669494906531","parcel_id":"17fe83cb-6ecb-4388-add9-8f0980181332","state":"Haryana","state_code":"HR","state_type":"STATE","state_lgd_code":"6","district_lgd_code":"80","district_name":"Gurugram","subdistrict_lgd_code":"620","subdistrict_name":"Wazirabad Tehsil","subdistrict_type":"Tehsil / Taluk","village_lgd_code":"61402","village_name":"Badshahpur","khasra_plot_no":"Murabba 45, Killa 12/2/D367","recorded_area":"4.0","recorded_area_unit":"Kanal-Marla","normalized_area_sqm":"2023.43","gis_area_sqm":"2023.43","land_use_category":"WATER_BODY","land_use_raw":"Gair Mumkin Plotted Commercial","status":"ACTIVE","data_freshness_status":"CURRENT","scenario_index":"4884","use_case_description":"Subdivision or amalgamation history review","mutation_workflow_status":"REJECTED","revenue_record_id":"ROR-HR-2025-1008-0367","revenue_record_type":"Jamabandi Nakal (Haryana Jamabandi)","khata_khewat_no":"KHT-58","khatauni_no":"KHN-158","owner_name":"Satish Chand Mittal","owner_name_local":"सतीश चंद मित्तल","co_owners":"","tenure_type":"Bhumiswami / Raiyati with Transferable Rights","mutation_status":"MUTATED","active_mutation_id":"","tax_demand_status":"PAID","annual_tax_inr":"185.5","deed_number":"DEED-HR-2024-408-0367","deed_type":"Sale Deed / Conveyance","sro_office":"Sub-Registrar Office, Wazirabad Tehsil","execution_date":"2024-05-10","registered_owner":"Registry Variance Owner 367","seller_name":"Previous Landholder","consideration_amount_inr":"3500000.0","stamp_duty_inr":"210000.0","survey_sketch_id":"FMB-HR-08-0367","cadastral_sheet_no":"SHT-HR-08","surveyed_area_sqm":"2023.43","survey_status":"SURVEYED","urban_authority":"Wazirabad Tehsil Urban Development & Town Planning Authority","zone_name":"Commercial Core","permitted_land_use":"WATER_BODY","building_permission_status":"SANCTIONED","violations_reported":"False","is_encumbered":"True","encumbrance_certificate_number":"EC-HR-00000367-0367","encumbrance_type":"BANK_MORTGAGE","financial_institution":"","mortgage_amount":"0.0","created_at":"2026-01-15T09:00:00Z","updated_at":"2026-09-24T11:30:00Z"}},{"type":"Feature","geometry":{"type":"Polygon","coordinates":[[[75.00042970542496,29.520496107147093],[75.05300542624416,29.526900703416263],[75.04500043489294,29.564436225233198],[75.00060270250721,29.562951900890482],[75.00042970542496,29.520496107147093]]]},"properties":{"ulpin":"06350281001354","parcel_id":"e81fb91a-0f91-4ac0-8b47-2403a482267e","state":"Haryana","state_code":"HR","state_type":"STATE","state_lgd_code":"6","district_lgd_code":"80","district_name":"Gurugram","subdistrict_lgd_code":"620","subdistrict_name":"Wazirabad Tehsil","subdistrict_type":"Tehsil / Taluk","village_lgd_code":"61402","village_name":"Badshahpur","khasra_plot_no":"Murabba 45, Killa 12/2/D368","recorded_area":"4.0","recorded_area_unit":"Kanal-Marla","normalized_area_sqm":"2023.43","gis_area_sqm":"2023.43","land_use_category":"MIXED_USE","land_use_raw":"Gair Mumkin Plotted Commercial","status":"PENDING_MUTATION","data_freshness_status":"STALE","scenario_index":"4885","use_case_description":"Archived historical record for audit retrieval","mutation_workflow_status":"SLA_BREACHED","revenue_record_id":"ROR-HR-2025-1008-0368","revenue_record_type":"Jamabandi Nakal (Haryana Jamabandi)","khata_khewat_no":"KHT-58","khatauni_no":"KHN-158","owner_name":"Satish Chand Mittal","owner_name_local":"सतीश चंद मित्तल","co_owners":"","tenure_type":"Bhumiswami / Freehold","mutation_status":"PENDING","active_mutation_id":"MUT-HR-00000368","tax_demand_status":"PAID","annual_tax_inr":"185.5","deed_number":"DEED-HR-2024-408-0368","deed_type":"Sale Deed / Conveyance","sro_office":"Sub-Registrar Office, Wazirabad Tehsil","execution_date":"2024-05-10","registered_owner":"Sunita Sharma / Aditi Verma","seller_name":"Previous Landholder","consideration_amount_inr":"3500000.0","stamp_duty_inr":"210000.0","survey_sketch_id":"FMB-HR-08-0368","cadastral_sheet_no":"SHT-HR-08","surveyed_area_sqm":"2023.43","survey_status":"PENDING","urban_authority":"Wazirabad Tehsil Urban Development & Town Planning Authority","zone_name":"Commercial Core","permitted_land_use":"MIXED_USE","building_permission_status":"PENDING","violations_reported":"False","is_encumbered":"True","encumbrance_certificate_number":"EC-HR-00000368-0368","encumbrance_type":"GOVT_REVENUE_LIEN","financial_institution":"","mortgage_amount":"0.0","created_at":"2026-01-15T09:00:00Z","updated_at":"2026-09-24T11:30:00Z"}},{"type":"Feature","geometry":{"type":"Polygon","coordinates":[[[75.61160382200114,28.323099929299616],[75.66836738854224,28.326721312435552],[75.66883002557897,28.38629194275118],[75.60045781502163,28.375894356173003],[75.61160382200114,28.323099929299616]]]},"properties":{"ulpin":"06483953446303","parcel_id":"f7e4f7a7-8a85-4d59-9e5b-165f5ca8c63c","state":"Haryana","state_code":"HR","state_type":"STATE","state_lgd_code":"6","district_lgd_code":"80","district_name":"Gurugram","subdistrict_lgd_code":"620","subdistrict_name":"Wazirabad Tehsil","subdistrict_type":"Tehsil / Taluk","village_lgd_code":"61402","village_name":"Badshahpur","khasra_plot_no":"Murabba 45, Killa 12/2/D369","recorded_area":"4.0","recorded_area_unit":"Kanal-Marla","normalized_area_sqm":"2023.43","gis_area_sqm":"2023.43","land_use_category":"OTHER","land_use_raw":"Gair Mumkin Plotted Commercial","status":"SUBDIVIDED","data_freshness_status":"UNKNOWN","scenario_index":"4886","use_case_description":"Bank mortgage and active encumbrance","mutation_workflow_status":"SUBMITTED","revenue_record_id":"ROR-HR-2025-1008-0369","revenue_record_type":"Jamabandi Nakal (Haryana Jamabandi)","khata_khewat_no":"KHT-58","khatauni_no":"KHN-158","owner_name":"Satish Chand Mittal","owner_name_local":"सतीश चंद मित्तल","co_owners":"","tenure_type":"Leasehold","mutation_status":"UNMUTATED_TRANSACTION","active_mutation_id":"MUT-HR-00000369","tax_demand_status":"PAID","annual_tax_inr":"185.5","deed_number":"DEED-HR-2024-408-0369","deed_type":"Sale Deed / Conveyance","sro_office":"Sub-Registrar Office, Wazirabad Tehsil","execution_date":"2024-05-10","registered_owner":"Sunita Sharma / Aditi Verma","seller_name":"Previous Landholder","consideration_amount_inr":"3500000.0","stamp_duty_inr":"210000.0","survey_sketch_id":"FMB-HR-08-0369","cadastral_sheet_no":"SHT-HR-08","surveyed_area_sqm":"2023.43","survey_status":"DISPUTED","urban_authority":"Wazirabad Tehsil Urban Development & Town Planning Authority","zone_name":"Commercial Core","permitted_land_use":"OTHER","building_permission_status":"REJECTED","violations_reported":"True","is_encumbered":"True","encumbrance_certificate_number":"EC-HR-00000369-0369","encumbrance_type":"COURT_ATTACHMENT","financial_institution":"","mortgage_amount":"0.0","created_at":"2026-01-15T09:00:00Z","updated_at":"2026-09-24T11:30:00Z"}},{"type":"Feature","geometry":{"type":"Polygon","coordinates":[[[74.93568791528818,29.22587867003276],[74.99175478596473,29.238632144594348],[74.99049650942807,29.28911845878747],[74.94079319096963,29.304200598352516],[74.93568791528818,29.22587867003276]]]},"properties":{"ulpin":"06845321048044","parcel_id":"824f0910-45a3-4b9c-9da1-61ed6184dcba","state":"Haryana","state_code":"HR","state_type":"STATE","state_lgd_code":"6","district_lgd_code":"80","district_name":"Gurugram","subdistrict_lgd_code":"620","subdistrict_name":"Wazirabad Tehsil","subdistrict_type":"Tehsil / Taluk","village_lgd_code":"61402","village_name":"Badshahpur","khasra_plot_no":"Murabba 45, Killa 12/2/D370","recorded_area":"4.0","recorded_area_unit":"Kanal-Marla","normalized_area_sqm":"2023.43","gis_area_sqm":"2023.43","land_use_category":"RESIDENTIAL","land_use_raw":"Gair Mumkin Plotted Commercial","status":"AMALGAMATED","data_freshness_status":"CURRENT","scenario_index":"4887","use_case_description":"Government revenue lien and tax demand","mutation_workflow_status":"UNDER_VERIFICATION","revenue_record_id":"ROR-HR-2025-1008-0370","revenue_record_type":"Jamabandi Nakal (Haryana Jamabandi)","khata_khewat_no":"KHT-58","khatauni_no":"KHN-158","owner_name":"Satish Chand Mittal","owner_name_local":"सतीश चंद मित्तल","co_owners":"","tenure_type":"Government Grant","mutation_status":"REJECTED","active_mutation_id":"MUT-HR-00000370","tax_demand_status":"PAID","annual_tax_inr":"185.5","deed_number":"DEED-HR-2024-408-0370","deed_type":"Sale Deed / Conveyance","sro_office":"Sub-Registrar Office, Wazirabad Tehsil","execution_date":"2024-05-10","registered_owner":"Sunita Sharma / Aditi Verma","seller_name":"Previous Landholder","consideration_amount_inr":"3500000.0","stamp_duty_inr":"210000.0","survey_sketch_id":"FMB-HR-08-0370","cadastral_sheet_no":"SHT-HR-08","surveyed_area_sqm":"2023.43","survey_status":"RESURVEY_REQUIRED","urban_authority":"Wazirabad Tehsil Urban Development & Town Planning Authority","zone_name":"Commercial Core","permitted_land_use":"RESIDENTIAL","building_permission_status":"NOT_APPLICABLE","violations_reported":"False","is_encumbered":"True","encumbrance_certificate_number":"EC-HR-00000370-0370","encumbrance_type":"TRIBAL_NON_ALIENATION","financial_institution":"","mortgage_amount":"0.0","created_at":"2026-01-15T09:00:00Z","updated_at":"2026-09-24T11:30:00Z"}},{"type":"Feature","geometry":{"type":"Polygon","coordinates":[[[75.0544989370771,28.984625296397425],[75.11665605034182,28.986185623930037],[75.12078049033903,29.04387559615846],[75.05836417877964,29.043367841157718],[75.0544989370771,28.984625296397425]]]},"properties":{"ulpin":"06930059690436","parcel_id":"a06267f1-04cb-4c9c-ad96-6c94bb0093b4","state":"Haryana","state_code":"HR","state_type":"STATE","state_lgd_code":"6","district_lgd_code":"80","district_name":"Gurugram","subdistrict_lgd_code":"620","subdistrict_name":"Wazirabad Tehsil","subdistrict_type":"Tehsil / Taluk","village_lgd_code":"61402","village_name":"Badshahpur","khasra_plot_no":"Murabba 45, Killa 12/2/D371","recorded_area":"4.0","recorded_area_unit":"Kanal-Marla","normalized_area_sqm":"2023.43","gis_area_sqm":"2023.43","land_use_category":"COMMERCIAL","land_use_raw":"Gair Mumkin Plotted Commercial","status":"DISPUTED","data_freshness_status":"STALE","scenario_index":"4888","use_case_description":"Court attachment and disputed possession","mutation_workflow_status":"NOTICE_PERIOD","revenue_record_id":"ROR-HR-2025-1008-0371","revenue_record_type":"Jamabandi Nakal (Haryana Jamabandi)","khata_khewat_no":"KHT-58","khatauni_no":"KHN-158","owner_name":"Satish Chand Mittal","owner_name_local":"सतीश चंद मित्तल","co_owners":"","tenure_type":"Waqf / Religious Trust","mutation_status":"DISPUTED","active_mutation_id":"MUT-HR-00000371","tax_demand_status":"PAID","annual_tax_inr":"185.5","deed_number":"DEED-HR-2024-408-0371","deed_type":"Sale Deed / Conveyance","sro_office":"Sub-Registrar Office, Wazirabad Tehsil","execution_date":"2024-05-10","registered_owner":"Sunita Sharma / Aditi Verma","seller_name":"Previous Landholder","consideration_amount_inr":"3500000.0","stamp_duty_inr":"210000.0","survey_sketch_id":"FMB-HR-08-0371","cadastral_sheet_no":"SHT-HR-08","surveyed_area_sqm":"2023.43","survey_status":"SURVEYED","urban_authority":"Wazirabad Tehsil Urban Development & Town Planning Authority","zone_name":"Commercial Core","permitted_land_use":"COMMERCIAL","building_permission_status":"SANCTIONED","violations_reported":"False","is_encumbered":"True","encumbrance_certificate_number":"EC-HR-00000371-0371","encumbrance_type":"LEASE_CHARGE","financial_institution":"","mortgage_amount":"0.0","created_at":"2026-01-15T09:00:00Z","updated_at":"2026-09-24T11:30:00Z"}},{"type":"Feature","geometry":{"type":"Polygon","coordinates":[[[76.18905397994195,29.65105467775682],[76.24080200950468,29.659941006366317],[76.24394041355467,29.71107567371772],[76.19419676367666,29.71738353198437],[76.18905397994195,29.65105467775682]]]},"properties":{"ulpin":"06314947234715","parcel_id":"409a6fde-3ae2-43a4-b486-f3db16f862eb","state":"Haryana","state_code":"HR","state_type":"STATE","state_lgd_code":"6","district_lgd_code":"80","district_name":"Gurugram","subdistrict_lgd_code":"620","subdistrict_name":"Wazirabad Tehsil","subdistrict_type":"Tehsil / Taluk","village_lgd_code":"61402","village_name":"Badshahpur","khasra_plot_no":"Murabba 45, Killa 12/2/D372","recorded_area":"4.0","recorded_area_unit":"Kanal-Marla","normalized_area_sqm":"2023.43","gis_area_sqm":"2023.43","land_use_category":"INDUSTRIAL","land_use_raw":"Gair Mumkin Plotted Commercial","status":"ARCHIVED","data_freshness_status":"UNKNOWN","scenario_index":"4889","use_case_description":"Archived historical record for audit retrieval","mutation_workflow_status":"HEARING_SCHEDULED","revenue_record_id":"ROR-HR-2025-1008-0372","revenue_record_type":"Jamabandi Nakal (Haryana Jamabandi)","khata_khewat_no":"KHT-58","khatauni_no":"KHN-158","owner_name":"Satish Chand Mittal","owner_name_local":"सतीश चंद मित्तल","co_owners":"","tenure_type":"Tribal Community Tenure","mutation_status":"NONE","active_mutation_id":"MUT-HR-00000372","tax_demand_status":"PAID","annual_tax_inr":"185.5","deed_number":"DEED-HR-2024-408-0372","deed_type":"Sale Deed / Conveyance","sro_office":"Sub-Registrar Office, Wazirabad Tehsil","execution_date":"2024-05-10","registered_owner":"Registry Variance Owner 372","seller_name":"Previous Landholder","consideration_amount_inr":"3500000.0","stamp_duty_inr":"210000.0","survey_sketch_id":"FMB-HR-08-0372","cadastral_sheet_no":"SHT-HR-08","surveyed_area_sqm":"2023.43","survey_status":"PENDING","urban_authority":"Wazirabad Tehsil Urban Development & Town Planning Authority","zone_name":"Commercial Core","permitted_land_use":"INDUSTRIAL","building_permission_status":"PENDING","violations_reported":"False","is_encumbered":"False","encumbrance_certificate_number":"EC-HR-2024-108-0372","encumbrance_type":"NIL","financial_institution":"","mortgage_amount":"0.0","created_at":"2026-01-15T09:00:00Z","updated_at":"2026-09-24T11:30:00Z"}},{"type":"Feature","geometry":{"type":"Polygon","coordinates":[[[75.18010176310064,29.170571955448825],[75.2364681440189,29.17951322080672],[75.22668641250226,29.23479172984849],[75.16859708613359,29.244087300383473],[75.18010176310064,29.170571955448825]]]},"properties":{"ulpin":"06907852625059","parcel_id":"03493151-6fb4-449c-a13e-1a7a60966f00","state":"Haryana","state_code":"HR","state_type":"STATE","state_lgd_code":"6","district_lgd_code":"80","district_name":"Gurugram","subdistrict_lgd_code":"620","subdistrict_name":"Wazirabad Tehsil","subdistrict_type":"Tehsil / Taluk","village_lgd_code":"61402","village_name":"Badshahpur","khasra_plot_no":"Murabba 45, Killa 12/2/D373","recorded_area":"4.0","recorded_area_unit":"Kanal-Marla","normalized_area_sqm":"2023.43","gis_area_sqm":"2023.43","land_use_category":"AGRICULTURAL","land_use_raw":"Gair Mumkin Plotted Commercial","status":"ACTIVE","data_freshness_status":"CURRENT","scenario_index":"4890","use_case_description":"Lease charge and institutional tenancy","mutation_workflow_status":"APPROVED","revenue_record_id":"ROR-HR-2025-1008-0373","revenue_record_type":"Jamabandi Nakal (Haryana Jamabandi)","khata_khewat_no":"KHT-58","khatauni_no":"KHN-158","owner_name":"Satish Chand Mittal","owner_name_local":"सतीश चंद मित्तल","co_owners":"","tenure_type":"Bhumiswami / Raiyati with Transferable Rights","mutation_status":"MUTATED","active_mutation_id":"","tax_demand_status":"PAID","annual_tax_inr":"185.5","deed_number":"DEED-HR-2024-408-0373","deed_type":"Sale Deed / Conveyance","sro_office":"Sub-Registrar Office, Wazirabad Tehsil","execution_date":"2024-05-10","registered_owner":"Sunita Sharma / Aditi Verma","seller_name":"Previous Landholder","consideration_amount_inr":"3500000.0","stamp_duty_inr":"210000.0","survey_sketch_id":"FMB-HR-08-0373","cadastral_sheet_no":"SHT-HR-08","surveyed_area_sqm":"2023.43","survey_status":"DISPUTED","urban_authority":"Wazirabad Tehsil Urban Development & Town Planning Authority","zone_name":"Commercial Core","permitted_land_use":"AGRICULTURAL","building_permission_status":"REJECTED","violations_reported":"False","is_encumbered":"True","encumbrance_certificate_number":"EC-HR-00000373-0373","encumbrance_type":"BANK_MORTGAGE","financial_institution":"","mortgage_amount":"0.0","created_at":"2026-01-15T09:00:00Z","updated_at":"2026-09-24T11:30:00Z"}},{"type":"Feature","geometry":{"type":"Polygon","coordinates":[[[76.44842080211471,28.118418555578938],[76.51150528287738,28.1248766134779],[76.4985648239936,28.175200666347788],[76.45301976099783,28.16365150050241],[76.44842080211471,28.118418555578938]]]},"properties":{"ulpin":"06268667455762","parcel_id":"d0118d92-39b5-415b-bbee-cc1f58f77b9d","state":"Haryana","state_code":"HR","state_type":"STATE","state_lgd_code":"6","district_lgd_code":"80","district_name":"Gurugram","subdistrict_lgd_code":"620","subdistrict_name":"Wazirabad Tehsil","subdistrict_type":"Tehsil / Taluk","village_lgd_code":"61402","village_name":"Badshahpur","khasra_plot_no":"Murabba 45, Killa 12/2/D374","recorded_area":"4.0","recorded_area_unit":"Kanal-Marla","normalized_area_sqm":"2023.43","gis_area_sqm":"2023.43","land_use_category":"INSTITUTIONAL","land_use_raw":"Gair Mumkin Plotted Commercial","status":"PENDING_MUTATION","data_freshness_status":"STALE","scenario_index":"4891","use_case_description":"Subdivision or amalgamation history review","mutation_workflow_status":"REJECTED","revenue_record_id":"ROR-HR-2025-1008-0374","revenue_record_type":"Jamabandi Nakal (Haryana Jamabandi)","khata_khewat_no":"KHT-58","khatauni_no":"KHN-158","owner_name":"Satish Chand Mittal","owner_name_local":"सतीश चंद मित्तल","co_owners":"","tenure_type":"Bhumiswami / Freehold","mutation_status":"PENDING","active_mutation_id":"MUT-HR-00000374","tax_demand_status":"PAID","annual_tax_inr":"185.5","deed_number":"DEED-HR-2024-408-0374","deed_type":"Sale Deed / Conveyance","sro_office":"Sub-Registrar Office, Wazirabad Tehsil","execution_date":"2024-05-10","registered_owner":"Sunita Sharma / Aditi Verma","seller_name":"Previous Landholder","consideration_amount_inr":"3500000.0","stamp_duty_inr":"210000.0","survey_sketch_id":"FMB-HR-08-0374","cadastral_sheet_no":"SHT-HR-08","surveyed_area_sqm":"2023.43","survey_status":"RESURVEY_REQUIRED","urban_authority":"Wazirabad Tehsil Urban Development & Town Planning Authority","zone_name":"Commercial Core","permitted_land_use":"INSTITUTIONAL","building_permission_status":"NOT_APPLICABLE","violations_reported":"False","is_encumbered":"True","encumbrance_certificate_number":"EC-HR-00000374-0374","encumbrance_type":"GOVT_REVENUE_LIEN","financial_institution":"","mortgage_amount":"0.0","created_at":"2026-01-15T09:00:00Z","updated_at":"2026-09-24T11:30:00Z"}},{"type":"Feature","geometry":{"type":"Polygon","coordinates":[[[75.22668641250226,29.23479172984849],[75.29118132709364,29.23500205325555],[75.2854898084399,29.291495694804116],[75.23793573202828,29.299215739746643],[75.22668641250226,29.23479172984849]]]},"properties":{"ulpin":"06990590707421","parcel_id":"ae2f816b-f23c-45ed-a596-fc6c986c6575","state":"Haryana","state_code":"HR","state_type":"STATE","state_lgd_code":"6","district_lgd_code":"80","district_name":"Gurugram","subdistrict_lgd_code":"620","subdistrict_name":"Wazirabad Tehsil","subdistrict_type":"Tehsil / Taluk","village_lgd_code":"61402","village_name":"Badshahpur","khasra_plot_no":"Murabba 45, Killa 12/2/D375","recorded_area":"4.0","recorded_area_unit":"Kanal-Marla","normalized_area_sqm":"2023.43","gis_area_sqm":"2023.43","land_use_category":"FOREST_GREEN_BELT","land_use_raw":"Gair Mumkin Plotted Commercial","status":"SUBDIVIDED","data_freshness_status":"UNKNOWN","scenario_index":"4892","use_case_description":"Archived historical record for audit retrieval","mutation_workflow_status":"SLA_BREACHED","revenue_record_id":"ROR-HR-2025-1008-0375","revenue_record_type":"Jamabandi Nakal (Haryana Jamabandi)","khata_khewat_no":"KHT-58","khatauni_no":"KHN-158","owner_name":"Satish Chand Mittal","owner_name_local":"सतीश चंद मित्तल","co_owners":"","tenure_type":"Leasehold","mutation_status":"UNMUTATED_TRANSACTION","active_mutation_id":"MUT-HR-00000375","tax_demand_status":"PAID","annual_tax_inr":"185.5","deed_number":"DEED-HR-2024-408-0375","deed_type":"Sale Deed / Conveyance","sro_office":"Sub-Registrar Office, Wazirabad Tehsil","execution_date":"2024-05-10","registered_owner":"Sunita Sharma / Aditi Verma","seller_name":"Previous Landholder","consideration_amount_inr":"3500000.0","stamp_duty_inr":"210000.0","survey_sketch_id":"FMB-HR-08-0375","cadastral_sheet_no":"SHT-HR-08","surveyed_area_sqm":"2023.43","survey_status":"SURVEYED","urban_authority":"Wazirabad Tehsil Urban Development & Town Planning Authority","zone_name":"Commercial Core","permitted_land_use":"FOREST_GREEN_BELT","building_permission_status":"SANCTIONED","violations_reported":"False","is_encumbered":"True","encumbrance_certificate_number":"EC-HR-00000375-0375","encumbrance_type":"COURT_ATTACHMENT","financial_institution":"","mortgage_amount":"0.0","created_at":"2026-01-15T09:00:00Z","updated_at":"2026-09-24T11:30:00Z"}},{"type":"Feature","geometry":{"type":"Polygon","coordinates":[[[75.76449989811502,29.01801483775132],[75.82325145887862,29.016350392062158],[75.82325145887862,29.057428870532355],[75.76924579376553,29.061737430384632],[75.76449989811502,29.01801483775132]]]},"properties":{"ulpin":"06177046362710","parcel_id":"0f9a7d06-3d49-4a42-857e-6634b8872acc","state":"Haryana","state_code":"HR","state_type":"STATE","state_lgd_code":"6","district_lgd_code":"80","district_name":"Gurugram","subdistrict_lgd_code":"620","subdistrict_name":"Wazirabad Tehsil","subdistrict_type":"Tehsil / Taluk","village_lgd_code":"61402","village_name":"Badshahpur","khasra_plot_no":"Murabba 45, Killa 12/2/D376","recorded_area":"4.0","recorded_area_unit":"Kanal-Marla","normalized_area_sqm":"2023.43","gis_area_sqm":"2023.43","land_use_category":"WATER_BODY","land_use_raw":"Gair Mumkin Plotted Commercial","status":"AMALGAMATED","data_freshness_status":"CURRENT","scenario_index":"4893","use_case_description":"Bank mortgage and active encumbrance","mutation_workflow_status":"SUBMITTED","revenue_record_id":"ROR-HR-2025-1008-0376","revenue_record_type":"Jamabandi Nakal (Haryana Jamabandi)","khata_khewat_no":"KHT-58","khatauni_no":"KHN-158","owner_name":"Satish Chand Mittal","owner_name_local":"सतीश चंद मित्तल","co_owners":"","tenure_type":"Government Grant","mutation_status":"REJECTED","active_mutation_id":"MUT-HR-00000376","tax_demand_status":"PAID","annual_tax_inr":"185.5","deed_number":"DEED-HR-2024-408-0376","deed_type":"Sale Deed / Conveyance","sro_office":"Sub-Registrar Office, Wazirabad Tehsil","execution_date":"2024-05-10","registered_owner":"Sunita Sharma / Aditi Verma","seller_name":"Previous Landholder","consideration_amount_inr":"3500000.0","stamp_duty_inr":"210000.0","survey_sketch_id":"FMB-HR-08-0376","cadastral_sheet_no":"SHT-HR-08","surveyed_area_sqm":"2023.43","survey_status":"PENDING","urban_authority":"Wazirabad Tehsil Urban Development & Town Planning Authority","zone_name":"Commercial Core","permitted_land_use":"WATER_BODY","building_permission_status":"PENDING","violations_reported":"True","is_encumbered":"True","encumbrance_certificate_number":"EC-HR-00000376-0376","encumbrance_type":"TRIBAL_NON_ALIENATION","financial_institution":"","mortgage_amount":"0.0","created_at":"2026-01-15T09:00:00Z","updated_at":"2026-09-24T11:30:00Z"}},{"type":"Feature","geometry":{"type":"Polygon","coordinates":[[[75.29565072143252,29.169294977580417],[75.35431266561602,29.167729134444382],[75.35431266561602,29.235507570837015],[75.29118132709364,29.23500205325555],[75.29565072143252,29.169294977580417]]]},"properties":{"ulpin":"06767956109792","parcel_id":"72f6b85b-2927-4ace-8dc6-fa2ec7817b3d","state":"Haryana","state_code":"HR","state_type":"STATE","state_lgd_code":"6","district_lgd_code":"80","district_name":"Gurugram","subdistrict_lgd_code":"620","subdistrict_name":"Wazirabad Tehsil","subdistrict_type":"Tehsil / Taluk","village_lgd_code":"61402","village_name":"Badshahpur","khasra_plot_no":"Murabba 45, Killa 12/2/D377","recorded_area":"4.0","recorded_area_unit":"Kanal-Marla","normalized_area_sqm":"2023.43","gis_area_sqm":"2023.43","land_use_category":"MIXED_USE","land_use_raw":"Gair Mumkin Plotted Commercial","status":"DISPUTED","data_freshness_status":"STALE","scenario_index":"4894","use_case_description":"Government revenue lien and tax demand","mutation_workflow_status":"UNDER_VERIFICATION","revenue_record_id":"ROR-HR-2025-1008-0377","revenue_record_type":"Jamabandi Nakal (Haryana Jamabandi)","khata_khewat_no":"KHT-58","khatauni_no":"KHN-158","owner_name":"Satish Chand Mittal","owner_name_local":"सतीश चंद मित्तल","co_owners":"","tenure_type":"Waqf / Religious Trust","mutation_status":"DISPUTED","active_mutation_id":"MUT-HR-00000377","tax_demand_status":"PAID","annual_tax_inr":"185.5","deed_number":"DEED-HR-2024-408-0377","deed_type":"Sale Deed / Conveyance","sro_office":"Sub-Registrar Office, Wazirabad Tehsil","execution_date":"2024-05-10","registered_owner":"Registry Variance Owner 377","seller_name":"Previous Landholder","consideration_amount_inr":"3500000.0","stamp_duty_inr":"210000.0","survey_sketch_id":"FMB-HR-08-0377","cadastral_sheet_no":"SHT-HR-08","surveyed_area_sqm":"2023.43","survey_status":"DISPUTED","urban_authority":"Wazirabad Tehsil Urban Development & Town Planning Authority","zone_name":"Commercial Core","permitted_land_use":"MIXED_USE","building_permission_status":"REJECTED","violations_reported":"False","is_encumbered":"True","encumbrance_certificate_number":"EC-HR-00000377-0377","encumbrance_type":"LEASE_CHARGE","financial_institution":"","mortgage_amount":"0.0","created_at":"2026-01-15T09:00:00Z","updated_at":"2026-09-24T11:30:00Z"}},{"type":"Feature","geometry":{"type":"Polygon","coordinates":[[[75.47525374802395,29.281430096359465],[75.53574310518822,29.270016755951232],[75.53837465863684,29.331073542390474],[75.49057470405393,29.331073542390474],[75.47525374802395,29.281430096359465]]]},"properties":{"ulpin":"06233209364230","parcel_id":"efa0f80c-f072-4af4-8933-58d438f3d898","state":"Haryana","state_code":"HR","state_type":"STATE","state_lgd_code":"6","district_lgd_code":"80","district_name":"Gurugram","subdistrict_lgd_code":"620","subdistrict_name":"Wazirabad Tehsil","subdistrict_type":"Tehsil / Taluk","village_lgd_code":"61402","village_name":"Badshahpur","khasra_plot_no":"Murabba 45, Killa 12/2/D378","recorded_area":"4.0","recorded_area_unit":"Kanal-Marla","normalized_area_sqm":"2023.43","gis_area_sqm":"2023.43","land_use_category":"OTHER","land_use_raw":"Gair Mumkin Plotted Commercial","status":"ARCHIVED","data_freshness_status":"UNKNOWN","scenario_index":"4895","use_case_description":"Cadastral area discrepancy requiring resurvey","mutation_workflow_status":"NOTICE_PERIOD","revenue_record_id":"ROR-HR-2025-1008-0378","revenue_record_type":"Jamabandi Nakal (Haryana Jamabandi)","khata_khewat_no":"KHT-58","khatauni_no":"KHN-158","owner_name":"Satish Chand Mittal","owner_name_local":"सतीश चंद मित्तल","co_owners":"","tenure_type":"Tribal Community Tenure","mutation_status":"NONE","active_mutation_id":"MUT-HR-00000378","tax_demand_status":"PAID","annual_tax_inr":"185.5","deed_number":"DEED-HR-2024-408-0378","deed_type":"Sale Deed / Conveyance","sro_office":"Sub-Registrar Office, Wazirabad Tehsil","execution_date":"2024-05-10","registered_owner":"Sunita Sharma / Aditi Verma","seller_name":"Previous Landholder","consideration_amount_inr":"3500000.0","stamp_duty_inr":"210000.0","survey_sketch_id":"FMB-HR-08-0378","cadastral_sheet_no":"SHT-HR-08","surveyed_area_sqm":"2023.43","survey_status":"RESURVEY_REQUIRED","urban_authority":"Wazirabad Tehsil Urban Development & Town Planning Authority","zone_name":"Commercial Core","permitted_land_use":"OTHER","building_permission_status":"NOT_APPLICABLE","violations_reported":"False","is_encumbered":"False","encumbrance_certificate_number":"EC-HR-2024-108-0378","encumbrance_type":"NIL","financial_institution":"","mortgage_amount":"0.0","created_at":"2026-01-15T09:00:00Z","updated_at":"2026-09-24T11:30:00Z"}},{"type":"Feature","geometry":{"type":"Polygon","coordinates":[[[74.94079319096963,29.304200598352516],[74.99049650942807,29.28911845878747],[74.999790564258,29.36107477791787],[74.94752712423015,29.36107477791787],[74.94079319096963,29.304200598352516]]]},"properties":{"ulpin":"06147552544728","parcel_id":"cb91cee5-aa99-4c76-b673-4507b693cbac","state":"Haryana","state_code":"HR","state_type":"STATE","state_lgd_code":"6","district_lgd_code":"80","district_name":"Gurugram","subdistrict_lgd_code":"620","subdistrict_name":"Wazirabad Tehsil","subdistrict_type":"Tehsil / Taluk","village_lgd_code":"61402","village_name":"Badshahpur","khasra_plot_no":"Murabba 45, Killa 12/2/D379","recorded_area":"4.0","recorded_area_unit":"Kanal-Marla","normalized_area_sqm":"2023.43","gis_area_sqm":"2023.43","land_use_category":"RESIDENTIAL","land_use_raw":"Gair Mumkin Plotted Commercial","status":"ACTIVE","data_freshness_status":"CURRENT","scenario_index":"4896","use_case_description":"Tribal non-alienation protection review","mutation_workflow_status":"HEARING_SCHEDULED","revenue_record_id":"ROR-HR-2025-1008-0379","revenue_record_type":"Jamabandi Nakal (Haryana Jamabandi)","khata_khewat_no":"KHT-58","khatauni_no":"KHN-158","owner_name":"Satish Chand Mittal","owner_name_local":"सतीश चंद मित्तल","co_owners":"","tenure_type":"Bhumiswami / Raiyati with Transferable Rights","mutation_status":"MUTATED","active_mutation_id":"","tax_demand_status":"PAID","annual_tax_inr":"185.5","deed_number":"DEED-HR-2024-408-0379","deed_type":"Sale Deed / Conveyance","sro_office":"Sub-Registrar Office, Wazirabad Tehsil","execution_date":"2024-05-10","registered_owner":"Sunita Sharma / Aditi Verma","seller_name":"Previous Landholder","consideration_amount_inr":"3500000.0","stamp_duty_inr":"210000.0","survey_sketch_id":"FMB-HR-08-0379","cadastral_sheet_no":"SHT-HR-08","surveyed_area_sqm":"2023.43","survey_status":"SURVEYED","urban_authority":"Wazirabad Tehsil Urban Development & Town Planning Authority","zone_name":"Commercial Core","permitted_land_use":"RESIDENTIAL","building_permission_status":"SANCTIONED","violations_reported":"False","is_encumbered":"True","encumbrance_certificate_number":"EC-HR-00000379-0379","encumbrance_type":"BANK_MORTGAGE","financial_institution":"","mortgage_amount":"0.0","created_at":"2026-01-15T09:00:00Z","updated_at":"2026-09-24T11:30:00Z"}},{"type":"Feature","geometry":{"type":"Polygon","coordinates":[[[74.95586440883996,29.786448841432826],[75.00207693931974,29.78905860258545],[74.99771772591647,29.826454607992225],[74.94916129835076,29.826454607992225],[74.95586440883996,29.786448841432826]]]},"properties":{"ulpin":"06469383755802","parcel_id":"2bed0103-8d94-4c4e-b714-6eb509f8fad4","state":"Haryana","state_code":"HR","state_type":"STATE","state_lgd_code":"6","district_lgd_code":"80","district_name":"Gurugram","subdistrict_lgd_code":"620","subdistrict_name":"Wazirabad Tehsil","subdistrict_type":"Tehsil / Taluk","village_lgd_code":"61402","village_name":"Badshahpur","khasra_plot_no":"Murabba 45, Killa 12/2/D380","recorded_area":"4.0","recorded_area_unit":"Kanal-Marla","normalized_area_sqm":"2023.43","gis_area_sqm":"2023.43","land_use_category":"COMMERCIAL","land_use_raw":"Gair Mumkin Plotted Commercial","status":"PENDING_MUTATION","data_freshness_status":"STALE","scenario_index":"4897","use_case_description":"Lease charge and institutional tenancy","mutation_workflow_status":"APPROVED","revenue_record_id":"ROR-HR-2025-1008-0380","revenue_record_type":"Jamabandi Nakal (Haryana Jamabandi)","khata_khewat_no":"KHT-58","khatauni_no":"KHN-158","owner_name":"Satish Chand Mittal","owner_name_local":"सतीश चंद मित्तल","co_owners":"","tenure_type":"Bhumiswami / Freehold","mutation_status":"PENDING","active_mutation_id":"MUT-HR-00000380","tax_demand_status":"PAID","annual_tax_inr":"185.5","deed_number":"DEED-HR-2024-408-0380","deed_type":"Sale Deed / Conveyance","sro_office":"Sub-Registrar Office, Wazirabad Tehsil","execution_date":"2024-05-10","registered_owner":"Sunita Sharma / Aditi Verma","seller_name":"Previous Landholder","consideration_amount_inr":"3500000.0","stamp_duty_inr":"210000.0","survey_sketch_id":"FMB-HR-08-0380","cadastral_sheet_no":"SHT-HR-08","surveyed_area_sqm":"2023.43","survey_status":"PENDING","urban_authority":"Wazirabad Tehsil Urban Development & Town Planning Authority","zone_name":"Commercial Core","permitted_land_use":"COMMERCIAL","building_permission_status":"PENDING","violations_reported":"False","is_encumbered":"True","encumbrance_certificate_number":"EC-HR-00000380-0380","encumbrance_type":"GOVT_REVENUE_LIEN","financial_institution":"","mortgage_amount":"0.0","created_at":"2026-01-15T09:00:00Z","updated_at":"2026-09-24T11:30:00Z"}},{"type":"Feature","geometry":{"type":"Polygon","coordinates":[[[76.47747403137215,29.49960730965013],[76.52968346088677,29.491093486103562],[76.52968346088677,29.547398222957582],[76.46851203371432,29.54638308883503],[76.47747403137215,29.49960730965013]]]},"properties":{"ulpin":"06698199024060","parcel_id":"9f21cd9a-ae30-4016-919e-cbe1f448f7f8","state":"Haryana","state_code":"HR","state_type":"STATE","state_lgd_code":"6","district_lgd_code":"80","district_name":"Gurugram","subdistrict_lgd_code":"620","subdistrict_name":"Wazirabad Tehsil","subdistrict_type":"Tehsil / Taluk","village_lgd_code":"61402","village_name":"Badshahpur","khasra_plot_no":"Murabba 45, Killa 12/2/D381","recorded_area":"4.0","recorded_area_unit":"Kanal-Marla","normalized_area_sqm":"2023.43","gis_area_sqm":"2023.43","land_use_category":"INDUSTRIAL","land_use_raw":"Gair Mumkin Plotted Commercial","status":"SUBDIVIDED","data_freshness_status":"UNKNOWN","scenario_index":"4898","use_case_description":"Subdivision or amalgamation history review","mutation_workflow_status":"REJECTED","revenue_record_id":"ROR-HR-2025-1008-0381","revenue_record_type":"Jamabandi Nakal (Haryana Jamabandi)","khata_khewat_no":"KHT-58","khatauni_no":"KHN-158","owner_name":"Satish Chand Mittal","owner_name_local":"सतीश चंद मित्तल","co_owners":"","tenure_type":"Leasehold","mutation_status":"UNMUTATED_TRANSACTION","active_mutation_id":"MUT-HR-00000381","tax_demand_status":"PAID","annual_tax_inr":"185.5","deed_number":"DEED-HR-2024-408-0381","deed_type":"Sale Deed / Conveyance","sro_office":"Sub-Registrar Office, Wazirabad Tehsil","execution_date":"2024-05-10","registered_owner":"Sunita Sharma / Aditi Verma","seller_name":"Previous Landholder","consideration_amount_inr":"3500000.0","stamp_duty_inr":"210000.0","survey_sketch_id":"FMB-HR-08-0381","cadastral_sheet_no":"SHT-HR-08","surveyed_area_sqm":"2023.43","survey_status":"DISPUTED","urban_authority":"Wazirabad Tehsil Urban Development & Town Planning Authority","zone_name":"Commercial Core","permitted_land_use":"INDUSTRIAL","building_permission_status":"REJECTED","violations_reported":"False","is_encumbered":"True","encumbrance_certificate_number":"EC-HR-00000381-0381","encumbrance_type":"COURT_ATTACHMENT","financial_institution":"","mortgage_amount":"0.0","created_at":"2026-01-15T09:00:00Z","updated_at":"2026-09-24T11:30:00Z"}},{"type":"Feature","geometry":{"type":"Polygon","coordinates":[[[75.48956168068324,29.015707881396594],[75.5341160074863,29.015834655562664],[75.5425401526695,29.058527279241897],[75.48907002958286,29.058239326384275],[75.48956168068324,29.015707881396594]]]},"properties":{"ulpin":"06158933304644","parcel_id":"8787c136-48b6-4d29-bad0-5f2ee1ec5f9a","state":"Haryana","state_code":"HR","state_type":"STATE","state_lgd_code":"6","district_lgd_code":"80","district_name":"Gurugram","subdistrict_lgd_code":"620","subdistrict_name":"Wazirabad Tehsil","subdistrict_type":"Tehsil / Taluk","village_lgd_code":"61402","village_name":"Badshahpur","khasra_plot_no":"Murabba 45, Killa 12/2/D382","recorded_area":"4.0","recorded_area_unit":"Kanal-Marla","normalized_area_sqm":"2023.43","gis_area_sqm":"2023.43","land_use_category":"AGRICULTURAL","land_use_raw":"Gair Mumkin Plotted Commercial","status":"AMALGAMATED","data_freshness_status":"CURRENT","scenario_index":"4899","use_case_description":"Archived historical record for audit retrieval","mutation_workflow_status":"SLA_BREACHED","revenue_record_id":"ROR-HR-2025-1008-0382","revenue_record_type":"Jamabandi Nakal (Haryana Jamabandi)","khata_khewat_no":"KHT-58","khatauni_no":"KHN-158","owner_name":"Satish Chand Mittal","owner_name_local":"सतीश चंद मित्तल","co_owners":"","tenure_type":"Government Grant","mutation_status":"REJECTED","active_mutation_id":"MUT-HR-00000382","tax_demand_status":"PAID","annual_tax_inr":"185.5","deed_number":"DEED-HR-2024-408-0382","deed_type":"Sale Deed / Conveyance","sro_office":"Sub-Registrar Office, Wazirabad Tehsil","execution_date":"2024-05-10","registered_owner":"Registry Variance Owner 382","seller_name":"Previous Landholder","consideration_amount_inr":"3500000.0","stamp_duty_inr":"210000.0","survey_sketch_id":"FMB-HR-08-0382","cadastral_sheet_no":"SHT-HR-08","surveyed_area_sqm":"2023.43","survey_status":"RESURVEY_REQUIRED","urban_authority":"Wazirabad Tehsil Urban Development & Town Planning Authority","zone_name":"Commercial Core","permitted_land_use":"AGRICULTURAL","building_permission_status":"NOT_APPLICABLE","violations_reported":"False","is_encumbered":"True","encumbrance_certificate_number":"EC-HR-00000382-0382","encumbrance_type":"TRIBAL_NON_ALIENATION","financial_institution":"","mortgage_amount":"0.0","created_at":"2026-01-15T09:00:00Z","updated_at":"2026-09-24T11:30:00Z"}},{"type":"Feature","geometry":{"type":"Polygon","coordinates":[[[75.78420383122446,28.054589986335067],[75.85009912477433,28.054589986335067],[75.85252053015361,28.116986781004126],[75.7971633103315,28.107814260401877],[75.78420383122446,28.054589986335067]]]},"properties":{"ulpin":"06661039719223","parcel_id":"3a24bff2-ffb2-49e7-932c-dbe556a11060","state":"Haryana","state_code":"HR","state_type":"STATE","state_lgd_code":"6","district_lgd_code":"80","district_name":"Gurugram","subdistrict_lgd_code":"620","subdistrict_name":"Wazirabad Tehsil","subdistrict_type":"Tehsil / Taluk","village_lgd_code":"61402","village_name":"Badshahpur","khasra_plot_no":"Murabba 45, Killa 12/2/D383","recorded_area":"4.0","recorded_area_unit":"Kanal-Marla","normalized_area_sqm":"2023.43","gis_area_sqm":"2023.43","land_use_category":"INSTITUTIONAL","land_use_raw":"Gair Mumkin Plotted Commercial","status":"DISPUTED","data_freshness_status":"STALE","scenario_index":"4900","use_case_description":"Bank mortgage and active encumbrance","mutation_workflow_status":"SUBMITTED","revenue_record_id":"ROR-HR-2025-1008-0383","revenue_record_type":"Jamabandi Nakal (Haryana Jamabandi)","khata_khewat_no":"KHT-58","khatauni_no":"KHN-158","owner_name":"Satish Chand Mittal","owner_name_local":"सतीश चंद मित्तल","co_owners":"","tenure_type":"Waqf / Religious Trust","mutation_status":"DISPUTED","active_mutation_id":"MUT-HR-00000383","tax_demand_status":"PAID","annual_tax_inr":"185.5","deed_number":"DEED-HR-2024-408-0383","deed_type":"Sale Deed / Conveyance","sro_office":"Sub-Registrar Office, Wazirabad Tehsil","execution_date":"2024-05-10","registered_owner":"Sunita Sharma / Aditi Verma","seller_name":"Previous Landholder","consideration_amount_inr":"3500000.0","stamp_duty_inr":"210000.0","survey_sketch_id":"FMB-HR-08-0383","cadastral_sheet_no":"SHT-HR-08","surveyed_area_sqm":"2023.43","survey_status":"SURVEYED","urban_authority":"Wazirabad Tehsil Urban Development & Town Planning Authority","zone_name":"Commercial Core","permitted_land_use":"INSTITUTIONAL","building_permission_status":"SANCTIONED","violations_reported":"True","is_encumbered":"True","encumbrance_certificate_number":"EC-HR-00000383-0383","encumbrance_type":"LEASE_CHARGE","financial_institution":"","mortgage_amount":"0.0","created_at":"2026-01-15T09:00:00Z","updated_at":"2026-09-24T11:30:00Z"}},{"type":"Feature","geometry":{"type":"Polygon","coordinates":[[[75.37032027630985,29.16751570809233],[75.42331641358464,29.16800699328052],[75.42697503301345,29.219364814818217],[75.37032027630985,29.232808967560597],[75.37032027630985,29.16751570809233]]]},"properties":{"ulpin":"06008504247960","parcel_id":"cbe34e2d-925e-4616-b0b7-1308248dcba0","state":"Haryana","state_code":"HR","state_type":"STATE","state_lgd_code":"6","district_lgd_code":"80","district_name":"Gurugram","subdistrict_lgd_code":"620","subdistrict_name":"Wazirabad Tehsil","subdistrict_type":"Tehsil / Taluk","village_lgd_code":"61402","village_name":"Badshahpur","khasra_plot_no":"Murabba 45, Killa 12/2/D384","recorded_area":"4.0","recorded_area_unit":"Kanal-Marla","normalized_area_sqm":"2023.43","gis_area_sqm":"2023.43","land_use_category":"FOREST_GREEN_BELT","land_use_raw":"Gair Mumkin Plotted Commercial","status":"ARCHIVED","data_freshness_status":"UNKNOWN","scenario_index":"4901","use_case_description":"Tribal non-alienation protection review","mutation_workflow_status":"UNDER_VERIFICATION","revenue_record_id":"ROR-HR-2025-1008-0384","revenue_record_type":"Jamabandi Nakal (Haryana Jamabandi)","khata_khewat_no":"KHT-58","khatauni_no":"KHN-158","owner_name":"Satish Chand Mittal","owner_name_local":"सतीश चंद मित्तल","co_owners":"","tenure_type":"Tribal Community Tenure","mutation_status":"NONE","active_mutation_id":"MUT-HR-00000384","tax_demand_status":"PAID","annual_tax_inr":"185.5","deed_number":"DEED-HR-2024-408-0384","deed_type":"Sale Deed / Conveyance","sro_office":"Sub-Registrar Office, Wazirabad Tehsil","execution_date":"2024-05-10","registered_owner":"Sunita Sharma / Aditi Verma","seller_name":"Previous Landholder","consideration_amount_inr":"3500000.0","stamp_duty_inr":"210000.0","survey_sketch_id":"FMB-HR-08-0384","cadastral_sheet_no":"SHT-HR-08","surveyed_area_sqm":"2023.43","survey_status":"PENDING","urban_authority":"Wazirabad Tehsil Urban Development & Town Planning Authority","zone_name":"Commercial Core","permitted_land_use":"FOREST_GREEN_BELT","building_permission_status":"PENDING","violations_reported":"False","is_encumbered":"False","encumbrance_certificate_number":"EC-HR-2024-108-0384","encumbrance_type":"NIL","financial_institution":"","mortgage_amount":"0.0","created_at":"2026-01-15T09:00:00Z","updated_at":"2026-09-24T11:30:00Z"}},{"type":"Feature","geometry":{"type":"Polygon","coordinates":[[[75.7226713690206,28.54653611664549],[75.7939893107588,28.532717090366635],[75.79452116714495,28.59311364551788],[75.73105061470693,28.59311364551788],[75.7226713690206,28.54653611664549]]]},"properties":{"ulpin":"06081874672198","parcel_id":"a9342a26-7f44-45b8-b5ce-45454fcbe26d","state":"Haryana","state_code":"HR","state_type":"STATE","state_lgd_code":"6","district_lgd_code":"80","district_name":"Gurugram","subdistrict_lgd_code":"620","subdistrict_name":"Wazirabad Tehsil","subdistrict_type":"Tehsil / Taluk","village_lgd_code":"61402","village_name":"Badshahpur","khasra_plot_no":"Murabba 45, Killa 12/2/D385","recorded_area":"4.0","recorded_area_unit":"Kanal-Marla","normalized_area_sqm":"2023.43","gis_area_sqm":"2023.43","land_use_category":"WATER_BODY","land_use_raw":"Gair Mumkin Plotted Commercial","status":"ACTIVE","data_freshness_status":"CURRENT","scenario_index":"4902","use_case_description":"Court attachment and disputed possession","mutation_workflow_status":"NOTICE_PERIOD","revenue_record_id":"ROR-HR-2025-1008-0385","revenue_record_type":"Jamabandi Nakal (Haryana Jamabandi)","khata_khewat_no":"KHT-58","khatauni_no":"KHN-158","owner_name":"Satish Chand Mittal","owner_name_local":"सतीश चंद मित्तल","co_owners":"","tenure_type":"Bhumiswami / Raiyati with Transferable Rights","mutation_status":"MUTATED","active_mutation_id":"","tax_demand_status":"PAID","annual_tax_inr":"185.5","deed_number":"DEED-HR-2024-408-0385","deed_type":"Sale Deed / Conveyance","sro_office":"Sub-Registrar Office, Wazirabad Tehsil","execution_date":"2024-05-10","registered_owner":"Sunita Sharma / Aditi Verma","seller_name":"Previous Landholder","consideration_amount_inr":"3500000.0","stamp_duty_inr":"210000.0","survey_sketch_id":"FMB-HR-08-0385","cadastral_sheet_no":"SHT-HR-08","surveyed_area_sqm":"2023.43","survey_status":"DISPUTED","urban_authority":"Wazirabad Tehsil Urban Development & Town Planning Authority","zone_name":"Commercial Core","permitted_land_use":"WATER_BODY","building_permission_status":"REJECTED","violations_reported":"False","is_encumbered":"True","encumbrance_certificate_number":"EC-HR-00000385-0385","encumbrance_type":"BANK_MORTGAGE","financial_institution":"","mortgage_amount":"0.0","created_at":"2026-01-15T09:00:00Z","updated_at":"2026-09-24T11:30:00Z"}},{"type":"Feature","geometry":{"type":"Polygon","coordinates":[[[75.6080463634811,28.54556970595317],[75.65760443070802,28.539850183279654],[75.66859716962544,28.59311364551788],[75.6099365134898,28.59311364551788],[75.6080463634811,28.54556970595317]]]},"properties":{"ulpin":"06675312874518","parcel_id":"c3f69987-4c08-48bf-baae-31a600b9afbb","state":"Haryana","state_code":"HR","state_type":"STATE","state_lgd_code":"6","district_lgd_code":"80","district_name":"Gurugram","subdistrict_lgd_code":"620","subdistrict_name":"Wazirabad Tehsil","subdistrict_type":"Tehsil / Taluk","village_lgd_code":"61402","village_name":"Badshahpur","khasra_plot_no":"Murabba 45, Killa 12/2/D386","recorded_area":"4.0","recorded_area_unit":"Kanal-Marla","normalized_area_sqm":"2023.43","gis_area_sqm":"2023.43","land_use_category":"MIXED_USE","land_use_raw":"Gair Mumkin Plotted Commercial","status":"PENDING_MUTATION","data_freshness_status":"STALE","scenario_index":"4903","use_case_description":"Tribal non-alienation protection review","mutation_workflow_status":"HEARING_SCHEDULED","revenue_record_id":"ROR-HR-2025-1008-0386","revenue_record_type":"Jamabandi Nakal (Haryana Jamabandi)","khata_khewat_no":"KHT-58","khatauni_no":"KHN-158","owner_name":"Satish Chand Mittal","owner_name_local":"सतीश चंद मित्तल","co_owners":"","tenure_type":"Bhumiswami / Freehold","mutation_status":"PENDING","active_mutation_id":"MUT-HR-00000386","tax_demand_status":"PAID","annual_tax_inr":"185.5","deed_number":"DEED-HR-2024-408-0386","deed_type":"Sale Deed / Conveyance","sro_office":"Sub-Registrar Office, Wazirabad Tehsil","execution_date":"2024-05-10","registered_owner":"Sunita Sharma / Aditi Verma","seller_name":"Previous Landholder","consideration_amount_inr":"3500000.0","stamp_duty_inr":"210000.0","survey_sketch_id":"FMB-HR-08-0386","cadastral_sheet_no":"SHT-HR-08","surveyed_area_sqm":"2023.43","survey_status":"RESURVEY_REQUIRED","urban_authority":"Wazirabad Tehsil Urban Development & Town Planning Authority","zone_name":"Commercial Core","permitted_land_use":"MIXED_USE","building_permission_status":"NOT_APPLICABLE","violations_reported":"False","is_encumbered":"True","encumbrance_certificate_number":"EC-HR-00000386-0386","encumbrance_type":"GOVT_REVENUE_LIEN","financial_institution":"","mortgage_amount":"0.0","created_at":"2026-01-15T09:00:00Z","updated_at":"2026-09-24T11:30:00Z"}},{"type":"Feature","geometry":{"type":"Polygon","coordinates":[[[75.54730161861255,28.26820722537565],[75.61014281915632,28.273138346467583],[75.61160382200114,28.323099929299616],[75.54531768012403,28.32030437692708],[75.54730161861255,28.26820722537565]]]},"properties":{"ulpin":"06902910731378","parcel_id":"ceaf8e59-cda5-479d-9c74-cedb6f325223","state":"Haryana","state_code":"HR","state_type":"STATE","state_lgd_code":"6","district_lgd_code":"80","district_name":"Gurugram","subdistrict_lgd_code":"620","subdistrict_name":"Wazirabad Tehsil","subdistrict_type":"Tehsil / Taluk","village_lgd_code":"61402","village_name":"Badshahpur","khasra_plot_no":"Murabba 45, Killa 12/2/D387","recorded_area":"4.0","recorded_area_unit":"Kanal-Marla","normalized_area_sqm":"2023.43","gis_area_sqm":"2023.43","land_use_category":"OTHER","land_use_raw":"Gair Mumkin Plotted Commercial","status":"SUBDIVIDED","data_freshness_status":"UNKNOWN","scenario_index":"4904","use_case_description":"Lease charge and institutional tenancy","mutation_workflow_status":"APPROVED","revenue_record_id":"ROR-HR-2025-1008-0387","revenue_record_type":"Jamabandi Nakal (Haryana Jamabandi)","khata_khewat_no":"KHT-58","khatauni_no":"KHN-158","owner_name":"Satish Chand Mittal","owner_name_local":"सतीश चंद मित्तल","co_owners":"","tenure_type":"Leasehold","mutation_status":"UNMUTATED_TRANSACTION","active_mutation_id":"MUT-HR-00000387","tax_demand_status":"PAID","annual_tax_inr":"185.5","deed_number":"DEED-HR-2024-408-0387","deed_type":"Sale Deed / Conveyance","sro_office":"Sub-Registrar Office, Wazirabad Tehsil","execution_date":"2024-05-10","registered_owner":"Registry Variance Owner 387","seller_name":"Previous Landholder","consideration_amount_inr":"3500000.0","stamp_duty_inr":"210000.0","survey_sketch_id":"FMB-HR-08-0387","cadastral_sheet_no":"SHT-HR-08","surveyed_area_sqm":"2023.43","survey_status":"SURVEYED","urban_authority":"Wazirabad Tehsil Urban Development & Town Planning Authority","zone_name":"Commercial Core","permitted_land_use":"OTHER","building_permission_status":"SANCTIONED","violations_reported":"False","is_encumbered":"True","encumbrance_certificate_number":"EC-HR-00000387-0387","encumbrance_type":"COURT_ATTACHMENT","financial_institution":"","mortgage_amount":"0.0","created_at":"2026-01-15T09:00:00Z","updated_at":"2026-09-24T11:30:00Z"}},{"type":"Feature","geometry":{"type":"Polygon","coordinates":[[[75.07028522148943,28.323471365581028],[75.13746822661577,28.335625132449362],[75.13527412632303,28.379092143225318],[75.08775569992021,28.38297055801608],[75.07028522148943,28.323471365581028]]]},"properties":{"ulpin":"06168989078417","parcel_id":"160caa94-a3d6-4c13-8d0f-54837dfa753c","state":"Haryana","state_code":"HR","state_type":"STATE","state_lgd_code":"6","district_lgd_code":"80","district_name":"Gurugram","subdistrict_lgd_code":"620","subdistrict_name":"Wazirabad Tehsil","subdistrict_type":"Tehsil / Taluk","village_lgd_code":"61402","village_name":"Badshahpur","khasra_plot_no":"Murabba 45, Killa 12/2/D388","recorded_area":"4.0","recorded_area_unit":"Kanal-Marla","normalized_area_sqm":"2023.43","gis_area_sqm":"2023.43","land_use_category":"RESIDENTIAL","land_use_raw":"Gair Mumkin Plotted Commercial","status":"AMALGAMATED","data_freshness_status":"CURRENT","scenario_index":"4905","use_case_description":"Subdivision or amalgamation history review","mutation_workflow_status":"REJECTED","revenue_record_id":"ROR-HR-2025-1008-0388","revenue_record_type":"Jamabandi Nakal (Haryana Jamabandi)","khata_khewat_no":"KHT-58","khatauni_no":"KHN-158","owner_name":"Satish Chand Mittal","owner_name_local":"सतीश चंद मित्तल","co_owners":"","tenure_type":"Government Grant","mutation_status":"REJECTED","active_mutation_id":"MUT-HR-00000388","tax_demand_status":"PAID","annual_tax_inr":"185.5","deed_number":"DEED-HR-2024-408-0388","deed_type":"Sale Deed / Conveyance","sro_office":"Sub-Registrar Office, Wazirabad Tehsil","execution_date":"2024-05-10","registered_owner":"Sunita Sharma / Aditi Verma","seller_name":"Previous Landholder","consideration_amount_inr":"3500000.0","stamp_duty_inr":"210000.0","survey_sketch_id":"FMB-HR-08-0388","cadastral_sheet_no":"SHT-HR-08","surveyed_area_sqm":"2023.43","survey_status":"PENDING","urban_authority":"Wazirabad Tehsil Urban Development & Town Planning Authority","zone_name":"Commercial Core","permitted_land_use":"RESIDENTIAL","building_permission_status":"PENDING","violations_reported":"False","is_encumbered":"True","encumbrance_certificate_number":"EC-HR-00000388-0388","encumbrance_type":"TRIBAL_NON_ALIENATION","financial_institution":"","mortgage_amount":"0.0","created_at":"2026-01-15T09:00:00Z","updated_at":"2026-09-24T11:30:00Z"}},{"type":"Feature","geometry":{"type":"Polygon","coordinates":[[[76.36276095240974,28.2187884003907],[76.40935786892607,28.20998166553179],[76.40578007786463,28.259189781691617],[76.3504039560384,28.257958970674114],[76.36276095240974,28.2187884003907]]]},"properties":{"ulpin":"06650220297811","parcel_id":"0fd21e36-3928-48c7-99bd-ead5643371c6","state":"Haryana","state_code":"HR","state_type":"STATE","state_lgd_code":"6","district_lgd_code":"80","district_name":"Gurugram","subdistrict_lgd_code":"620","subdistrict_name":"Wazirabad Tehsil","subdistrict_type":"Tehsil / Taluk","village_lgd_code":"61402","village_name":"Badshahpur","khasra_plot_no":"Murabba 45, Killa 12/2/D389","recorded_area":"4.0","recorded_area_unit":"Kanal-Marla","normalized_area_sqm":"2023.43","gis_area_sqm":"2023.43","land_use_category":"COMMERCIAL","land_use_raw":"Gair Mumkin Plotted Commercial","status":"DISPUTED","data_freshness_status":"STALE","scenario_index":"4906","use_case_description":"Archived historical record for audit retrieval","mutation_workflow_status":"SLA_BREACHED","revenue_record_id":"ROR-HR-2025-1008-0389","revenue_record_type":"Jamabandi Nakal (Haryana Jamabandi)","khata_khewat_no":"KHT-58","khatauni_no":"KHN-158","owner_name":"Satish Chand Mittal","owner_name_local":"सतीश चंद मित्तल","co_owners":"","tenure_type":"Waqf / Religious Trust","mutation_status":"DISPUTED","active_mutation_id":"MUT-HR-00000389","tax_demand_status":"PAID","annual_tax_inr":"185.5","deed_number":"DEED-HR-2024-408-0389","deed_type":"Sale Deed / Conveyance","sro_office":"Sub-Registrar Office, Wazirabad Tehsil","execution_date":"2024-05-10","registered_owner":"Sunita Sharma / Aditi Verma","seller_name":"Previous Landholder","consideration_amount_inr":"3500000.0","stamp_duty_inr":"210000.0","survey_sketch_id":"FMB-HR-08-0389","cadastral_sheet_no":"SHT-HR-08","surveyed_area_sqm":"2023.43","survey_status":"DISPUTED","urban_authority":"Wazirabad Tehsil Urban Development & Town Planning Authority","zone_name":"Commercial Core","permitted_land_use":"COMMERCIAL","building_permission_status":"REJECTED","violations_reported":"False","is_encumbered":"True","encumbrance_certificate_number":"EC-HR-00000389-0389","encumbrance_type":"LEASE_CHARGE","financial_institution":"","mortgage_amount":"0.0","created_at":"2026-01-15T09:00:00Z","updated_at":"2026-09-24T11:30:00Z"}},{"type":"Feature","geometry":{"type":"Polygon","coordinates":[[[76.4985648239936,28.175200666347788],[76.55711619653664,28.166981222712867],[76.55711619653664,28.219383135028373],[76.51010235588883,28.22027492589933],[76.4985648239936,28.175200666347788]]]},"properties":{"ulpin":"06952376334195","parcel_id":"2e6c31d8-ca00-47f0-be77-e19899224671","state":"Haryana","state_code":"HR","state_type":"STATE","state_lgd_code":"6","district_lgd_code":"80","district_name":"Gurugram","subdistrict_lgd_code":"620","subdistrict_name":"Wazirabad Tehsil","subdistrict_type":"Tehsil / Taluk","village_lgd_code":"61402","village_name":"Badshahpur","khasra_plot_no":"Murabba 45, Killa 12/2/D390","recorded_area":"4.0","recorded_area_unit":"Kanal-Marla","normalized_area_sqm":"2023.43","gis_area_sqm":"2023.43","land_use_category":"INDUSTRIAL","land_use_raw":"Gair Mumkin Plotted Commercial","status":"ARCHIVED","data_freshness_status":"UNKNOWN","scenario_index":"4907","use_case_description":"Pending sale mutation within statutory SLA","mutation_workflow_status":"SUBMITTED","revenue_record_id":"ROR-HR-2025-1008-0390","revenue_record_type":"Jamabandi Nakal (Haryana Jamabandi)","khata_khewat_no":"KHT-58","khatauni_no":"KHN-158","owner_name":"Satish Chand Mittal","owner_name_local":"सतीश चंद मित्तल","co_owners":"","tenure_type":"Tribal Community Tenure","mutation_status":"NONE","active_mutation_id":"MUT-HR-00000390","tax_demand_status":"PAID","annual_tax_inr":"185.5","deed_number":"DEED-HR-2024-408-0390","deed_type":"Sale Deed / Conveyance","sro_office":"Sub-Registrar Office, Wazirabad Tehsil","execution_date":"2024-05-10","registered_owner":"Sunita Sharma / Aditi Verma","seller_name":"Previous Landholder","consideration_amount_inr":"3500000.0","stamp_duty_inr":"210000.0","survey_sketch_id":"FMB-HR-08-0390","cadastral_sheet_no":"SHT-HR-08","surveyed_area_sqm":"2023.43","survey_status":"RESURVEY_REQUIRED","urban_authority":"Wazirabad Tehsil Urban Development & Town Planning Authority","zone_name":"Commercial Core","permitted_land_use":"INDUSTRIAL","building_permission_status":"NOT_APPLICABLE","violations_reported":"True","is_encumbered":"False","encumbrance_certificate_number":"EC-HR-2024-108-0390","encumbrance_type":"NIL","financial_institution":"","mortgage_amount":"0.0","created_at":"2026-01-15T09:00:00Z","updated_at":"2026-09-24T11:30:00Z"}},{"type":"Feature","geometry":{"type":"Polygon","coordinates":[[[74.75894355835246,29.435021362556306],[74.80661891715394,29.435021362556306],[74.81273428125327,29.48410592327892],[74.75894355835246,29.48027652430739],[74.75894355835246,29.435021362556306]]]},"properties":{"ulpin":"06908886788238","parcel_id":"be81a76f-dd1c-45c0-bdf4-bcfa8899c1f0","state":"Haryana","state_code":"HR","state_type":"STATE","state_lgd_code":"6","district_lgd_code":"80","district_name":"Gurugram","subdistrict_lgd_code":"620","subdistrict_name":"Wazirabad Tehsil","subdistrict_type":"Tehsil / Taluk","village_lgd_code":"61402","village_name":"Badshahpur","khasra_plot_no":"Murabba 45, Killa 12/2/D391","recorded_area":"4.0","recorded_area_unit":"Kanal-Marla","normalized_area_sqm":"2023.43","gis_area_sqm":"2023.43","land_use_category":"AGRICULTURAL","land_use_raw":"Gair Mumkin Plotted Commercial","status":"ACTIVE","data_freshness_status":"CURRENT","scenario_index":"4908","use_case_description":"Government revenue lien and tax demand","mutation_workflow_status":"UNDER_VERIFICATION","revenue_record_id":"ROR-HR-2025-1008-0391","revenue_record_type":"Jamabandi Nakal (Haryana Jamabandi)","khata_khewat_no":"KHT-58","khatauni_no":"KHN-158","owner_name":"Satish Chand Mittal","owner_name_local":"सतीश चंद मित्तल","co_owners":"","tenure_type":"Bhumiswami / Raiyati with Transferable Rights","mutation_status":"MUTATED","active_mutation_id":"","tax_demand_status":"PAID","annual_tax_inr":"185.5","deed_number":"DEED-HR-2024-408-0391","deed_type":"Sale Deed / Conveyance","sro_office":"Sub-Registrar Office, Wazirabad Tehsil","execution_date":"2024-05-10","registered_owner":"Sunita Sharma / Aditi Verma","seller_name":"Previous Landholder","consideration_amount_inr":"3500000.0","stamp_duty_inr":"210000.0","survey_sketch_id":"FMB-HR-08-0391","cadastral_sheet_no":"SHT-HR-08","surveyed_area_sqm":"2023.43","survey_status":"SURVEYED","urban_authority":"Wazirabad Tehsil Urban Development & Town Planning Authority","zone_name":"Commercial Core","permitted_land_use":"AGRICULTURAL","building_permission_status":"SANCTIONED","violations_reported":"False","is_encumbered":"True","encumbrance_certificate_number":"EC-HR-00000391-0391","encumbrance_type":"BANK_MORTGAGE","financial_institution":"","mortgage_amount":"0.0","created_at":"2026-01-15T09:00:00Z","updated_at":"2026-09-24T11:30:00Z"}},{"type":"Feature","geometry":{"type":"Polygon","coordinates":[[[75.47660863489487,28.426659120378698],[75.5382596329521,28.424872466405823],[75.5395538921469,28.484564351287798],[75.47660863489487,28.47835664352632],[75.47660863489487,28.426659120378698]]]},"properties":{"ulpin":"06324978120633","parcel_id":"cd5bb11e-25c1-479d-91e7-a526f673116a","state":"Haryana","state_code":"HR","state_type":"STATE","state_lgd_code":"6","district_lgd_code":"80","district_name":"Gurugram","subdistrict_lgd_code":"620","subdistrict_name":"Wazirabad Tehsil","subdistrict_type":"Tehsil / Taluk","village_lgd_code":"61402","village_name":"Badshahpur","khasra_plot_no":"Murabba 45, Killa 12/2/D392","recorded_area":"4.0","recorded_area_unit":"Kanal-Marla","normalized_area_sqm":"2023.43","gis_area_sqm":"2023.43","land_use_category":"INSTITUTIONAL","land_use_raw":"Gair Mumkin Plotted Commercial","status":"PENDING_MUTATION","data_freshness_status":"STALE","scenario_index":"4909","use_case_description":"Court attachment and disputed possession","mutation_workflow_status":"NOTICE_PERIOD","revenue_record_id":"ROR-HR-2025-1008-0392","revenue_record_type":"Jamabandi Nakal (Haryana Jamabandi)","khata_khewat_no":"KHT-58","khatauni_no":"KHN-158","owner_name":"Satish Chand Mittal","owner_name_local":"सतीश चंद मित्तल","co_owners":"","tenure_type":"Bhumiswami / Freehold","mutation_status":"PENDING","active_mutation_id":"MUT-HR-00000392","tax_demand_status":"PAID","annual_tax_inr":"185.5","deed_number":"DEED-HR-2024-408-0392","deed_type":"Sale Deed / Conveyance","sro_office":"Sub-Registrar Office, Wazirabad Tehsil","execution_date":"2024-05-10","registered_owner":"Registry Variance Owner 392","seller_name":"Previous Landholder","consideration_amount_inr":"3500000.0","stamp_duty_inr":"210000.0","survey_sketch_id":"FMB-HR-08-0392","cadastral_sheet_no":"SHT-HR-08","surveyed_area_sqm":"2023.43","survey_status":"PENDING","urban_authority":"Wazirabad Tehsil Urban Development & Town Planning Authority","zone_name":"Commercial Core","permitted_land_use":"INSTITUTIONAL","building_permission_status":"PENDING","violations_reported":"False","is_encumbered":"True","encumbrance_certificate_number":"EC-HR-00000392-0392","encumbrance_type":"GOVT_REVENUE_LIEN","financial_institution":"","mortgage_amount":"0.0","created_at":"2026-01-15T09:00:00Z","updated_at":"2026-09-24T11:30:00Z"}},{"type":"Feature","geometry":{"type":"Polygon","coordinates":[[[75.04811982813872,29.653968965914594],[75.10073095943721,29.65021098335312],[75.10073095943721,29.69169299075197],[75.04894577076539,29.696223041119577],[75.04811982813872,29.653968965914594]]]},"properties":{"ulpin":"06723878791661","parcel_id":"6b0c15b1-5b6b-4b8e-bd93-98b58b925dca","state":"Haryana","state_code":"HR","state_type":"STATE","state_lgd_code":"6","district_lgd_code":"80","district_name":"Gurugram","subdistrict_lgd_code":"620","subdistrict_name":"Wazirabad Tehsil","subdistrict_type":"Tehsil / Taluk","village_lgd_code":"61402","village_name":"Badshahpur","khasra_plot_no":"Murabba 45, Killa 12/2/D393","recorded_area":"4.0","recorded_area_unit":"Kanal-Marla","normalized_area_sqm":"2023.43","gis_area_sqm":"2023.43","land_use_category":"FOREST_GREEN_BELT","land_use_raw":"Gair Mumkin Plotted Commercial","status":"SUBDIVIDED","data_freshness_status":"UNKNOWN","scenario_index":"4910","use_case_description":"Tribal non-alienation protection review","mutation_workflow_status":"HEARING_SCHEDULED","revenue_record_id":"ROR-HR-2025-1008-0393","revenue_record_type":"Jamabandi Nakal (Haryana Jamabandi)","khata_khewat_no":"KHT-58","khatauni_no":"KHN-158","owner_name":"Satish Chand Mittal","owner_name_local":"सतीश चंद मित्तल","co_owners":"","tenure_type":"Leasehold","mutation_status":"UNMUTATED_TRANSACTION","active_mutation_id":"MUT-HR-00000393","tax_demand_status":"PAID","annual_tax_inr":"185.5","deed_number":"DEED-HR-2024-408-0393","deed_type":"Sale Deed / Conveyance","sro_office":"Sub-Registrar Office, Wazirabad Tehsil","execution_date":"2024-05-10","registered_owner":"Sunita Sharma / Aditi Verma","seller_name":"Previous Landholder","consideration_amount_inr":"3500000.0","stamp_duty_inr":"210000.0","survey_sketch_id":"FMB-HR-08-0393","cadastral_sheet_no":"SHT-HR-08","surveyed_area_sqm":"2023.43","survey_status":"DISPUTED","urban_authority":"Wazirabad Tehsil Urban Development & Town Planning Authority","zone_name":"Commercial Core","permitted_land_use":"FOREST_GREEN_BELT","building_permission_status":"REJECTED","violations_reported":"False","is_encumbered":"True","encumbrance_certificate_number":"EC-HR-00000393-0393","encumbrance_type":"COURT_ATTACHMENT","financial_institution":"","mortgage_amount":"0.0","created_at":"2026-01-15T09:00:00Z","updated_at":"2026-09-24T11:30:00Z"}},{"type":"Feature","geometry":{"type":"Polygon","coordinates":[[[76.15251739041298,28.16597473403782],[76.19531577725478,28.17284135399806],[76.1995822739958,28.220178428197],[76.15251739041298,28.213790320642783],[76.15251739041298,28.16597473403782]]]},"properties":{"ulpin":"06849544355053","parcel_id":"b219b08b-b51a-40ba-8214-1f8dd7208e97","state":"Haryana","state_code":"HR","state_type":"STATE","state_lgd_code":"6","district_lgd_code":"80","district_name":"Gurugram","subdistrict_lgd_code":"620","subdistrict_name":"Wazirabad Tehsil","subdistrict_type":"Tehsil / Taluk","village_lgd_code":"61402","village_name":"Badshahpur","khasra_plot_no":"Murabba 45, Killa 12/2/D394","recorded_area":"4.0","recorded_area_unit":"Kanal-Marla","normalized_area_sqm":"2023.43","gis_area_sqm":"2023.43","land_use_category":"WATER_BODY","land_use_raw":"Gair Mumkin Plotted Commercial","status":"AMALGAMATED","data_freshness_status":"CURRENT","scenario_index":"4911","use_case_description":"Lease charge and institutional tenancy","mutation_workflow_status":"APPROVED","revenue_record_id":"ROR-HR-2025-1008-0394","revenue_record_type":"Jamabandi Nakal (Haryana Jamabandi)","khata_khewat_no":"KHT-58","khatauni_no":"KHN-158","owner_name":"Satish Chand Mittal","owner_name_local":"सतीश चंद मित्तल","co_owners":"","tenure_type":"Government Grant","mutation_status":"REJECTED","active_mutation_id":"MUT-HR-00000394","tax_demand_status":"PAID","annual_tax_inr":"185.5","deed_number":"DEED-HR-2024-408-0394","deed_type":"Sale Deed / Conveyance","sro_office":"Sub-Registrar Office, Wazirabad Tehsil","execution_date":"2024-05-10","registered_owner":"Sunita Sharma / Aditi Verma","seller_name":"Previous Landholder","consideration_amount_inr":"3500000.0","stamp_duty_inr":"210000.0","survey_sketch_id":"FMB-HR-08-0394","cadastral_sheet_no":"SHT-HR-08","surveyed_area_sqm":"2023.43","survey_status":"RESURVEY_REQUIRED","urban_authority":"Wazirabad Tehsil Urban Development & Town Planning Authority","zone_name":"Commercial Core","permitted_land_use":"WATER_BODY","building_permission_status":"NOT_APPLICABLE","violations_reported":"False","is_encumbered":"True","encumbrance_certificate_number":"EC-HR-00000394-0394","encumbrance_type":"TRIBAL_NON_ALIENATION","financial_institution":"","mortgage_amount":"0.0","created_at":"2026-01-15T09:00:00Z","updated_at":"2026-09-24T11:30:00Z"}},{"type":"Feature","geometry":{"type":"Polygon","coordinates":[[[74.88385652792108,28.444827496450614],[74.94346629200238,28.435779281315718],[74.9574325767624,28.49726457015179],[74.88385652792108,28.50098783749423],[74.88385652792108,28.444827496450614]]]},"properties":{"ulpin":"06909774521660","parcel_id":"ca7c8fdb-d266-40eb-8c44-cd5e7a270e05","state":"Haryana","state_code":"HR","state_type":"STATE","state_lgd_code":"6","district_lgd_code":"80","district_name":"Gurugram","subdistrict_lgd_code":"620","subdistrict_name":"Wazirabad Tehsil","subdistrict_type":"Tehsil / Taluk","village_lgd_code":"61402","village_name":"Badshahpur","khasra_plot_no":"Murabba 45, Killa 12/2/D395","recorded_area":"4.0","recorded_area_unit":"Kanal-Marla","normalized_area_sqm":"2023.43","gis_area_sqm":"2023.43","land_use_category":"MIXED_USE","land_use_raw":"Gair Mumkin Plotted Commercial","status":"DISPUTED","data_freshness_status":"STALE","scenario_index":"4912","use_case_description":"Subdivision or amalgamation history review","mutation_workflow_status":"REJECTED","revenue_record_id":"ROR-HR-2025-1008-0395","revenue_record_type":"Jamabandi Nakal (Haryana Jamabandi)","khata_khewat_no":"KHT-58","khatauni_no":"KHN-158","owner_name":"Satish Chand Mittal","owner_name_local":"सतीश चंद मित्तल","co_owners":"","tenure_type":"Waqf / Religious Trust","mutation_status":"DISPUTED","active_mutation_id":"MUT-HR-00000395","tax_demand_status":"PAID","annual_tax_inr":"185.5","deed_number":"DEED-HR-2024-408-0395","deed_type":"Sale Deed / Conveyance","sro_office":"Sub-Registrar Office, Wazirabad Tehsil","execution_date":"2024-05-10","registered_owner":"Sunita Sharma / Aditi Verma","seller_name":"Previous Landholder","consideration_amount_inr":"3500000.0","stamp_duty_inr":"210000.0","survey_sketch_id":"FMB-HR-08-0395","cadastral_sheet_no":"SHT-HR-08","surveyed_area_sqm":"2023.43","survey_status":"SURVEYED","urban_authority":"Wazirabad Tehsil Urban Development & Town Planning Authority","zone_name":"Commercial Core","permitted_land_use":"MIXED_USE","building_permission_status":"SANCTIONED","violations_reported":"False","is_encumbered":"True","encumbrance_certificate_number":"EC-HR-00000395-0395","encumbrance_type":"LEASE_CHARGE","financial_institution":"","mortgage_amount":"0.0","created_at":"2026-01-15T09:00:00Z","updated_at":"2026-09-24T11:30:00Z"}},{"type":"Feature","geometry":{"type":"Polygon","coordinates":[[[74.80785032164783,29.521651419829514],[74.86103420083994,29.515539597620812],[74.8580254821372,29.57181030040616],[74.8146784901138,29.559624470877527],[74.80785032164783,29.521651419829514]]]},"properties":{"ulpin":"06911889666989","parcel_id":"003fe1fe-58d9-4979-a398-3cdff16bae5f","state":"Haryana","state_code":"HR","state_type":"STATE","state_lgd_code":"6","district_lgd_code":"80","district_name":"Gurugram","subdistrict_lgd_code":"620","subdistrict_name":"Wazirabad Tehsil","subdistrict_type":"Tehsil / Taluk","village_lgd_code":"61402","village_name":"Badshahpur","khasra_plot_no":"Murabba 45, Killa 12/2/D396","recorded_area":"4.0","recorded_area_unit":"Kanal-Marla","normalized_area_sqm":"2023.43","gis_area_sqm":"2023.43","land_use_category":"OTHER","land_use_raw":"Gair Mumkin Plotted Commercial","status":"ARCHIVED","data_freshness_status":"UNKNOWN","scenario_index":"4913","use_case_description":"Bank mortgage and active encumbrance","mutation_workflow_status":"SLA_BREACHED","revenue_record_id":"ROR-HR-2025-1008-0396","revenue_record_type":"Jamabandi Nakal (Haryana Jamabandi)","khata_khewat_no":"KHT-58","khatauni_no":"KHN-158","owner_name":"Satish Chand Mittal","owner_name_local":"सतीश चंद मित्तल","co_owners":"","tenure_type":"Tribal Community Tenure","mutation_status":"NONE","active_mutation_id":"MUT-HR-00000396","tax_demand_status":"PAID","annual_tax_inr":"185.5","deed_number":"DEED-HR-2024-408-0396","deed_type":"Sale Deed / Conveyance","sro_office":"Sub-Registrar Office, Wazirabad Tehsil","execution_date":"2024-05-10","registered_owner":"Sunita Sharma / Aditi Verma","seller_name":"Previous Landholder","consideration_amount_inr":"3500000.0","stamp_duty_inr":"210000.0","survey_sketch_id":"FMB-HR-08-0396","cadastral_sheet_no":"SHT-HR-08","surveyed_area_sqm":"2023.43","survey_status":"PENDING","urban_authority":"Wazirabad Tehsil Urban Development & Town Planning Authority","zone_name":"Commercial Core","permitted_land_use":"OTHER","building_permission_status":"PENDING","violations_reported":"False","is_encumbered":"False","encumbrance_certificate_number":"EC-HR-2024-108-0396","encumbrance_type":"NIL","financial_institution":"","mortgage_amount":"0.0","created_at":"2026-01-15T09:00:00Z","updated_at":"2026-09-24T11:30:00Z"}},{"type":"Feature","geometry":{"type":"Polygon","coordinates":[[[74.88385652792108,28.392218880941],[74.95575810439846,28.385875482481236],[74.94346629200238,28.435779281315718],[74.88385652792108,28.444827496450614],[74.88385652792108,28.392218880941]]]},"properties":{"ulpin":"06003832216879","parcel_id":"9a0a30e5-05b6-427b-a695-17a54c190032","state":"Haryana","state_code":"HR","state_type":"STATE","state_lgd_code":"6","district_lgd_code":"80","district_name":"Gurugram","subdistrict_lgd_code":"620","subdistrict_name":"Wazirabad Tehsil","subdistrict_type":"Tehsil / Taluk","village_lgd_code":"61402","village_name":"Badshahpur","khasra_plot_no":"Murabba 45, Killa 12/2/D397","recorded_area":"4.0","recorded_area_unit":"Kanal-Marla","normalized_area_sqm":"2023.43","gis_area_sqm":"2023.43","land_use_category":"RESIDENTIAL","land_use_raw":"Gair Mumkin Plotted Commercial","status":"ACTIVE","data_freshness_status":"CURRENT","scenario_index":"4914","use_case_description":"Bank mortgage and active encumbrance","mutation_workflow_status":"SUBMITTED","revenue_record_id":"ROR-HR-2025-1008-0397","revenue_record_type":"Jamabandi Nakal (Haryana Jamabandi)","khata_khewat_no":"KHT-58","khatauni_no":"KHN-158","owner_name":"Satish Chand Mittal","owner_name_local":"सतीश चंद मित्तल","co_owners":"","tenure_type":"Bhumiswami / Raiyati with Transferable Rights","mutation_status":"MUTATED","active_mutation_id":"","tax_demand_status":"PAID","annual_tax_inr":"185.5","deed_number":"DEED-HR-2024-408-0397","deed_type":"Sale Deed / Conveyance","sro_office":"Sub-Registrar Office, Wazirabad Tehsil","execution_date":"2024-05-10","registered_owner":"Registry Variance Owner 397","seller_name":"Previous Landholder","consideration_amount_inr":"3500000.0","stamp_duty_inr":"210000.0","survey_sketch_id":"FMB-HR-08-0397","cadastral_sheet_no":"SHT-HR-08","surveyed_area_sqm":"2023.43","survey_status":"DISPUTED","urban_authority":"Wazirabad Tehsil Urban Development & Town Planning Authority","zone_name":"Commercial Core","permitted_land_use":"RESIDENTIAL","building_permission_status":"REJECTED","violations_reported":"True","is_encumbered":"True","encumbrance_certificate_number":"EC-HR-00000397-0397","encumbrance_type":"BANK_MORTGAGE","financial_institution":"","mortgage_amount":"0.0","created_at":"2026-01-15T09:00:00Z","updated_at":"2026-09-24T11:30:00Z"}},{"type":"Feature","geometry":{"type":"Polygon","coordinates":[[[76.1842451037478,29.59887259171279],[76.23989246280559,29.599810590324264],[76.24080200950468,29.659941006366317],[76.18905397994195,29.65105467775682],[76.1842451037478,29.59887259171279]]]},"properties":{"ulpin":"06792487777173","parcel_id":"bb1d2158-699d-4fc5-adee-2465c46a7125","state":"Haryana","state_code":"HR","state_type":"STATE","state_lgd_code":"6","district_lgd_code":"80","district_name":"Gurugram","subdistrict_lgd_code":"620","subdistrict_name":"Wazirabad Tehsil","subdistrict_type":"Tehsil / Taluk","village_lgd_code":"61402","village_name":"Badshahpur","khasra_plot_no":"Murabba 45, Killa 12/2/D398","recorded_area":"4.0","recorded_area_unit":"Kanal-Marla","normalized_area_sqm":"2023.43","gis_area_sqm":"2023.43","land_use_category":"COMMERCIAL","land_use_raw":"Gair Mumkin Plotted Commercial","status":"PENDING_MUTATION","data_freshness_status":"STALE","scenario_index":"4915","use_case_description":"Government revenue lien and tax demand","mutation_workflow_status":"UNDER_VERIFICATION","revenue_record_id":"ROR-HR-2025-1008-0398","revenue_record_type":"Jamabandi Nakal (Haryana Jamabandi)","khata_khewat_no":"KHT-58","khatauni_no":"KHN-158","owner_name":"Satish Chand Mittal","owner_name_local":"सतीश चंद मित्तल","co_owners":"","tenure_type":"Bhumiswami / Freehold","mutation_status":"PENDING","active_mutation_id":"MUT-HR-00000398","tax_demand_status":"PAID","annual_tax_inr":"185.5","deed_number":"DEED-HR-2024-408-0398","deed_type":"Sale Deed / Conveyance","sro_office":"Sub-Registrar Office, Wazirabad Tehsil","execution_date":"2024-05-10","registered_owner":"Sunita Sharma / Aditi Verma","seller_name":"Previous Landholder","consideration_amount_inr":"3500000.0","stamp_duty_inr":"210000.0","survey_sketch_id":"FMB-HR-08-0398","cadastral_sheet_no":"SHT-HR-08","surveyed_area_sqm":"2023.43","survey_status":"RESURVEY_REQUIRED","urban_authority":"Wazirabad Tehsil Urban Development & Town Planning Authority","zone_name":"Commercial Core","permitted_land_use":"COMMERCIAL","building_permission_status":"NOT_APPLICABLE","violations_reported":"False","is_encumbered":"True","encumbrance_certificate_number":"EC-HR-00000398-0398","encumbrance_type":"GOVT_REVENUE_LIEN","financial_institution":"","mortgage_amount":"0.0","created_at":"2026-01-15T09:00:00Z","updated_at":"2026-09-24T11:30:00Z"}},{"type":"Feature","geometry":{"type":"Polygon","coordinates":[[[75.30073292561458,29.047470906088826],[75.35431266561602,29.045343281685117],[75.35431266561602,29.113897937485564],[75.30282334697195,29.111611759098746],[75.30073292561458,29.047470906088826]]]},"properties":{"ulpin":"06071493511943","parcel_id":"e4463b48-03ea-4dbe-8746-5bfa068e8dca","state":"Haryana","state_code":"HR","state_type":"STATE","state_lgd_code":"6","district_lgd_code":"80","district_name":"Gurugram","subdistrict_lgd_code":"620","subdistrict_name":"Wazirabad Tehsil","subdistrict_type":"Tehsil / Taluk","village_lgd_code":"61402","village_name":"Badshahpur","khasra_plot_no":"Murabba 45, Killa 12/2/D399","recorded_area":"4.0","recorded_area_unit":"Kanal-Marla","normalized_area_sqm":"2023.43","gis_area_sqm":"2023.43","land_use_category":"INDUSTRIAL","land_use_raw":"Gair Mumkin Plotted Commercial","status":"SUBDIVIDED","data_freshness_status":"UNKNOWN","scenario_index":"4916","use_case_description":"Court attachment and disputed possession","mutation_workflow_status":"NOTICE_PERIOD","revenue_record_id":"ROR-HR-2025-1008-0399","revenue_record_type":"Jamabandi Nakal (Haryana Jamabandi)","khata_khewat_no":"KHT-58","khatauni_no":"KHN-158","owner_name":"Satish Chand Mittal","owner_name_local":"सतीश चंद मित्तल","co_owners":"","tenure_type":"Leasehold","mutation_status":"UNMUTATED_TRANSACTION","active_mutation_id":"MUT-HR-00000399","tax_demand_status":"PAID","annual_tax_inr":"185.5","deed_number":"DEED-HR-2024-408-0399","deed_type":"Sale Deed / Conveyance","sro_office":"Sub-Registrar Office, Wazirabad Tehsil","execution_date":"2024-05-10","registered_owner":"Sunita Sharma / Aditi Verma","seller_name":"Previous Landholder","consideration_amount_inr":"3500000.0","stamp_duty_inr":"210000.0","survey_sketch_id":"FMB-HR-08-0399","cadastral_sheet_no":"SHT-HR-08","surveyed_area_sqm":"2023.43","survey_status":"SURVEYED","urban_authority":"Wazirabad Tehsil Urban Development & Town Planning Authority","zone_name":"Commercial Core","permitted_land_use":"INDUSTRIAL","building_permission_status":"SANCTIONED","violations_reported":"False","is_encumbered":"True","encumbrance_certificate_number":"EC-HR-00000399-0399","encumbrance_type":"COURT_ATTACHMENT","financial_institution":"","mortgage_amount":"0.0","created_at":"2026-01-15T09:00:00Z","updated_at":"2026-09-24T11:30:00Z"}},{"type":"Feature","geometry":{"type":"Polygon","coordinates":[[[75.85901329197554,28.488857473180122],[75.92095423686489,28.480873924165163],[75.92095423686489,28.542875056304112],[75.85512180553316,28.539103652471812],[75.85901329197554,28.488857473180122]]]},"properties":{"ulpin":"06556153326110","parcel_id":"f2cce859-bd8e-4958-8d98-a5825146cc58","state":"Haryana","state_code":"HR","state_type":"STATE","state_lgd_code":"6","district_lgd_code":"80","district_name":"Gurugram","subdistrict_lgd_code":"620","subdistrict_name":"Wazirabad Tehsil","subdistrict_type":"Tehsil / Taluk","village_lgd_code":"61402","village_name":"Badshahpur","khasra_plot_no":"Murabba 45, Killa 12/2/D400","recorded_area":"4.0","recorded_area_unit":"Kanal-Marla","normalized_area_sqm":"2023.43","gis_area_sqm":"2023.43","land_use_category":"AGRICULTURAL","land_use_raw":"Gair Mumkin Plotted Commercial","status":"AMALGAMATED","data_freshness_status":"CURRENT","scenario_index":"4917","use_case_description":"Tribal non-alienation protection review","mutation_workflow_status":"HEARING_SCHEDULED","revenue_record_id":"ROR-HR-2025-1008-0400","revenue_record_type":"Jamabandi Nakal (Haryana Jamabandi)","khata_khewat_no":"KHT-58","khatauni_no":"KHN-158","owner_name":"Satish Chand Mittal","owner_name_local":"सतीश चंद मित्तल","co_owners":"","tenure_type":"Government Grant","mutation_status":"REJECTED","active_mutation_id":"MUT-HR-00000400","tax_demand_status":"PAID","annual_tax_inr":"185.5","deed_number":"DEED-HR-2024-408-0400","deed_type":"Sale Deed / Conveyance","sro_office":"Sub-Registrar Office, Wazirabad Tehsil","execution_date":"2024-05-10","registered_owner":"Sunita Sharma / Aditi Verma","seller_name":"Previous Landholder","consideration_amount_inr":"3500000.0","stamp_duty_inr":"210000.0","survey_sketch_id":"FMB-HR-08-0400","cadastral_sheet_no":"SHT-HR-08","surveyed_area_sqm":"2023.43","survey_status":"PENDING","urban_authority":"Wazirabad Tehsil Urban Development & Town Planning Authority","zone_name":"Commercial Core","permitted_land_use":"AGRICULTURAL","building_permission_status":"PENDING","violations_reported":"False","is_encumbered":"True","encumbrance_certificate_number":"EC-HR-00000400-0400","encumbrance_type":"TRIBAL_NON_ALIENATION","financial_institution":"","mortgage_amount":"0.0","created_at":"2026-01-15T09:00:00Z","updated_at":"2026-09-24T11:30:00Z"}},{"type":"Feature","geometry":{"type":"Polygon","coordinates":[[[75.60230997272434,28.433004203255514],[75.66835576116208,28.42966935236355],[75.6735453518928,28.486642508602323],[75.60232678870419,28.487176996740256],[75.60230997272434,28.433004203255514]]]},"properties":{"ulpin":"06818251055146","parcel_id":"3da7145e-0885-48f9-b056-5d301dc6d20e","state":"Haryana","state_code":"HR","state_type":"STATE","state_lgd_code":"6","district_lgd_code":"80","district_name":"Gurugram","subdistrict_lgd_code":"620","subdistrict_name":"Wazirabad Tehsil","subdistrict_type":"Tehsil / Taluk","village_lgd_code":"61402","village_name":"Badshahpur","khasra_plot_no":"Murabba 45, Killa 12/2/D401","recorded_area":"4.0","recorded_area_unit":"Kanal-Marla","normalized_area_sqm":"2023.43","gis_area_sqm":"2023.43","land_use_category":"INSTITUTIONAL","land_use_raw":"Gair Mumkin Plotted Commercial","status":"DISPUTED","data_freshness_status":"STALE","scenario_index":"4918","use_case_description":"Lease charge and institutional tenancy","mutation_workflow_status":"APPROVED","revenue_record_id":"ROR-HR-2025-1008-0401","revenue_record_type":"Jamabandi Nakal (Haryana Jamabandi)","khata_khewat_no":"KHT-58","khatauni_no":"KHN-158","owner_name":"Satish Chand Mittal","owner_name_local":"सतीश चंद मित्तल","co_owners":"","tenure_type":"Waqf / Religious Trust","mutation_status":"DISPUTED","active_mutation_id":"MUT-HR-00000401","tax_demand_status":"PAID","annual_tax_inr":"185.5","deed_number":"DEED-HR-2024-408-0401","deed_type":"Sale Deed / Conveyance","sro_office":"Sub-Registrar Office, Wazirabad Tehsil","execution_date":"2024-05-10","registered_owner":"Sunita Sharma / Aditi Verma","seller_name":"Previous Landholder","consideration_amount_inr":"3500000.0","stamp_duty_inr":"210000.0","survey_sketch_id":"FMB-HR-08-0401","cadastral_sheet_no":"SHT-HR-08","surveyed_area_sqm":"2023.43","survey_status":"DISPUTED","urban_authority":"Wazirabad Tehsil Urban Development & Town Planning Authority","zone_name":"Commercial Core","permitted_land_use":"INSTITUTIONAL","building_permission_status":"REJECTED","violations_reported":"False","is_encumbered":"True","encumbrance_certificate_number":"EC-HR-00000401-0401","encumbrance_type":"LEASE_CHARGE","financial_institution":"","mortgage_amount":"0.0","created_at":"2026-01-15T09:00:00Z","updated_at":"2026-09-24T11:30:00Z"}},{"type":"Feature","geometry":{"type":"Polygon","coordinates":[[[75.0560598016562,29.780904137014023],[75.10073095943721,29.786407248826592],[75.10073095943721,29.826454607992225],[75.05138775032992,29.826454607992225],[75.0560598016562,29.780904137014023]]]},"properties":{"ulpin":"06516802297035","parcel_id":"bfbc73d9-b9d5-4fe3-8717-5c05df58efd2","state":"Haryana","state_code":"HR","state_type":"STATE","state_lgd_code":"6","district_lgd_code":"80","district_name":"Gurugram","subdistrict_lgd_code":"620","subdistrict_name":"Wazirabad Tehsil","subdistrict_type":"Tehsil / Taluk","village_lgd_code":"61402","village_name":"Badshahpur","khasra_plot_no":"Murabba 45, Killa 12/2/D402","recorded_area":"4.0","recorded_area_unit":"Kanal-Marla","normalized_area_sqm":"2023.43","gis_area_sqm":"2023.43","land_use_category":"FOREST_GREEN_BELT","land_use_raw":"Gair Mumkin Plotted Commercial","status":"ARCHIVED","data_freshness_status":"UNKNOWN","scenario_index":"4919","use_case_description":"Archived historical record for audit retrieval","mutation_workflow_status":"REJECTED","revenue_record_id":"ROR-HR-2025-1008-0402","revenue_record_type":"Jamabandi Nakal (Haryana Jamabandi)","khata_khewat_no":"KHT-58","khatauni_no":"KHN-158","owner_name":"Satish Chand Mittal","owner_name_local":"सतीश चंद मित्तल","co_owners":"","tenure_type":"Tribal Community Tenure","mutation_status":"NONE","active_mutation_id":"MUT-HR-00000402","tax_demand_status":"PAID","annual_tax_inr":"185.5","deed_number":"DEED-HR-2024-408-0402","deed_type":"Sale Deed / Conveyance","sro_office":"Sub-Registrar Office, Wazirabad Tehsil","execution_date":"2024-05-10","registered_owner":"Registry Variance Owner 402","seller_name":"Previous Landholder","consideration_amount_inr":"3500000.0","stamp_duty_inr":"210000.0","survey_sketch_id":"FMB-HR-08-0402","cadastral_sheet_no":"SHT-HR-08","surveyed_area_sqm":"2023.43","survey_status":"RESURVEY_REQUIRED","urban_authority":"Wazirabad Tehsil Urban Development & Town Planning Authority","zone_name":"Commercial Core","permitted_land_use":"FOREST_GREEN_BELT","building_permission_status":"NOT_APPLICABLE","violations_reported":"False","is_encumbered":"False","encumbrance_certificate_number":"EC-HR-2024-108-0402","encumbrance_type":"NIL","financial_institution":"","mortgage_amount":"0.0","created_at":"2026-01-15T09:00:00Z","updated_at":"2026-09-24T11:30:00Z"}},{"type":"Feature","geometry":{"type":"Polygon","coordinates":[[[74.94346629200238,28.435779281315718],[75.0029078575591,28.436474645600637],[75.01682270338462,28.502666119722587],[74.9574325767624,28.49726457015179],[74.94346629200238,28.435779281315718]]]},"properties":{"ulpin":"06969356253654","parcel_id":"d3e7e0f6-fadf-49b9-9aed-9c3df28aad3d","state":"Haryana","state_code":"HR","state_type":"STATE","state_lgd_code":"6","district_lgd_code":"80","district_name":"Gurugram","subdistrict_lgd_code":"620","subdistrict_name":"Wazirabad Tehsil","subdistrict_type":"Tehsil / Taluk","village_lgd_code":"61402","village_name":"Badshahpur","khasra_plot_no":"Murabba 45, Killa 12/2/D403","recorded_area":"4.0","recorded_area_unit":"Kanal-Marla","normalized_area_sqm":"2023.43","gis_area_sqm":"2023.43","land_use_category":"WATER_BODY","land_use_raw":"Gair Mumkin Plotted Commercial","status":"ACTIVE","data_freshness_status":"CURRENT","scenario_index":"4920","use_case_description":"Archived historical record for audit retrieval","mutation_workflow_status":"SLA_BREACHED","revenue_record_id":"ROR-HR-2025-1008-0403","revenue_record_type":"Jamabandi Nakal (Haryana Jamabandi)","khata_khewat_no":"KHT-58","khatauni_no":"KHN-158","owner_name":"Satish Chand Mittal","owner_name_local":"सतीश चंद मित्तल","co_owners":"","tenure_type":"Bhumiswami / Raiyati with Transferable Rights","mutation_status":"MUTATED","active_mutation_id":"","tax_demand_status":"PAID","annual_tax_inr":"185.5","deed_number":"DEED-HR-2024-408-0403","deed_type":"Sale Deed / Conveyance","sro_office":"Sub-Registrar Office, Wazirabad Tehsil","execution_date":"2024-05-10","registered_owner":"Sunita Sharma / Aditi Verma","seller_name":"Previous Landholder","consideration_amount_inr":"3500000.0","stamp_duty_inr":"210000.0","survey_sketch_id":"FMB-HR-08-0403","cadastral_sheet_no":"SHT-HR-08","surveyed_area_sqm":"2023.43","survey_status":"SURVEYED","urban_authority":"Wazirabad Tehsil Urban Development & Town Planning Authority","zone_name":"Commercial Core","permitted_land_use":"WATER_BODY","building_permission_status":"SANCTIONED","violations_reported":"False","is_encumbered":"True","encumbrance_certificate_number":"EC-HR-00000403-0403","encumbrance_type":"BANK_MORTGAGE","financial_institution":"","mortgage_amount":"0.0","created_at":"2026-01-15T09:00:00Z","updated_at":"2026-09-24T11:30:00Z"}},{"type":"Feature","geometry":{"type":"Polygon","coordinates":[[[76.35242586028572,28.12231486675877],[76.40933894852843,28.118125077104462],[76.41250752797157,28.163067368277485],[76.34852954900576,28.177356957597834],[76.35242586028572,28.12231486675877]]]},"properties":{"ulpin":"06779874944538","parcel_id":"8dbe5d36-9dc7-4c51-a37b-fc2bceb6f283","state":"Haryana","state_code":"HR","state_type":"STATE","state_lgd_code":"6","district_lgd_code":"80","district_name":"Gurugram","subdistrict_lgd_code":"620","subdistrict_name":"Wazirabad Tehsil","subdistrict_type":"Tehsil / Taluk","village_lgd_code":"61402","village_name":"Badshahpur","khasra_plot_no":"Murabba 45, Killa 12/2/D404","recorded_area":"4.0","recorded_area_unit":"Kanal-Marla","normalized_area_sqm":"2023.43","gis_area_sqm":"2023.43","land_use_category":"MIXED_USE","land_use_raw":"Gair Mumkin Plotted Commercial","status":"PENDING_MUTATION","data_freshness_status":"STALE","scenario_index":"4921","use_case_description":"Bank mortgage and active encumbrance","mutation_workflow_status":"SUBMITTED","revenue_record_id":"ROR-HR-2025-1008-0404","revenue_record_type":"Jamabandi Nakal (Haryana Jamabandi)","khata_khewat_no":"KHT-58","khatauni_no":"KHN-158","owner_name":"Satish Chand Mittal","owner_name_local":"सतीश चंद मित्तल","co_owners":"","tenure_type":"Bhumiswami / Freehold","mutation_status":"PENDING","active_mutation_id":"MUT-HR-00000404","tax_demand_status":"PAID","annual_tax_inr":"185.5","deed_number":"DEED-HR-2024-408-0404","deed_type":"Sale Deed / Conveyance","sro_office":"Sub-Registrar Office, Wazirabad Tehsil","execution_date":"2024-05-10","registered_owner":"Sunita Sharma / Aditi Verma","seller_name":"Previous Landholder","consideration_amount_inr":"3500000.0","stamp_duty_inr":"210000.0","survey_sketch_id":"FMB-HR-08-0404","cadastral_sheet_no":"SHT-HR-08","surveyed_area_sqm":"2023.43","survey_status":"PENDING","urban_authority":"Wazirabad Tehsil Urban Development & Town Planning Authority","zone_name":"Commercial Core","permitted_land_use":"MIXED_USE","building_permission_status":"PENDING","violations_reported":"True","is_encumbered":"True","encumbrance_certificate_number":"EC-HR-00000404-0404","encumbrance_type":"GOVT_REVENUE_LIEN","financial_institution":"","mortgage_amount":"0.0","created_at":"2026-01-15T09:00:00Z","updated_at":"2026-09-24T11:30:00Z"}},{"type":"Feature","geometry":{"type":"Polygon","coordinates":[[[76.34852954900576,28.177356957597834],[76.41250752797157,28.163067368277485],[76.40935786892607,28.20998166553179],[76.36276095240974,28.2187884003907],[76.34852954900576,28.177356957597834]]]},"properties":{"ulpin":"06743186729390","parcel_id":"14564058-d9c1-4691-aa2f-7335e5ae0c30","state":"Haryana","state_code":"HR","state_type":"STATE","state_lgd_code":"6","district_lgd_code":"80","district_name":"Gurugram","subdistrict_lgd_code":"620","subdistrict_name":"Wazirabad Tehsil","subdistrict_type":"Tehsil / Taluk","village_lgd_code":"61402","village_name":"Badshahpur","khasra_plot_no":"Murabba 45, Killa 12/2/D405","recorded_area":"4.0","recorded_area_unit":"Kanal-Marla","normalized_area_sqm":"2023.43","gis_area_sqm":"2023.43","land_use_category":"OTHER","land_use_raw":"Gair Mumkin Plotted Commercial","status":"SUBDIVIDED","data_freshness_status":"UNKNOWN","scenario_index":"4922","use_case_description":"Government revenue lien and tax demand","mutation_workflow_status":"UNDER_VERIFICATION","revenue_record_id":"ROR-HR-2025-1008-0405","revenue_record_type":"Jamabandi Nakal (Haryana Jamabandi)","khata_khewat_no":"KHT-58","khatauni_no":"KHN-158","owner_name":"Satish Chand Mittal","owner_name_local":"सतीश चंद मित्तल","co_owners":"","tenure_type":"Leasehold","mutation_status":"UNMUTATED_TRANSACTION","active_mutation_id":"MUT-HR-00000405","tax_demand_status":"PAID","annual_tax_inr":"185.5","deed_number":"DEED-HR-2024-408-0405","deed_type":"Sale Deed / Conveyance","sro_office":"Sub-Registrar Office, Wazirabad Tehsil","execution_date":"2024-05-10","registered_owner":"Sunita Sharma / Aditi Verma","seller_name":"Previous Landholder","consideration_amount_inr":"3500000.0","stamp_duty_inr":"210000.0","survey_sketch_id":"FMB-HR-08-0405","cadastral_sheet_no":"SHT-HR-08","surveyed_area_sqm":"2023.43","survey_status":"DISPUTED","urban_authority":"Wazirabad Tehsil Urban Development & Town Planning Authority","zone_name":"Commercial Core","permitted_land_use":"OTHER","building_permission_status":"REJECTED","violations_reported":"False","is_encumbered":"True","encumbrance_certificate_number":"EC-HR-00000405-0405","encumbrance_type":"COURT_ATTACHMENT","financial_institution":"","mortgage_amount":"0.0","created_at":"2026-01-15T09:00:00Z","updated_at":"2026-09-24T11:30:00Z"}},{"type":"Feature","geometry":{"type":"Polygon","coordinates":[[[75.60353503131381,29.167901434319493],[75.64908547457127,29.168542243336425],[75.65620762678645,29.225629842189473],[75.60455683523217,29.231848135485308],[75.60353503131381,29.167901434319493]]]},"properties":{"ulpin":"06070940513128","parcel_id":"9f40eaa7-47c4-415c-867a-51520405c6fe","state":"Haryana","state_code":"HR","state_type":"STATE","state_lgd_code":"6","district_lgd_code":"80","district_name":"Gurugram","subdistrict_lgd_code":"620","subdistrict_name":"Wazirabad Tehsil","subdistrict_type":"Tehsil / Taluk","village_lgd_code":"61402","village_name":"Badshahpur","khasra_plot_no":"Murabba 45, Killa 12/2/D406","recorded_area":"4.0","recorded_area_unit":"Kanal-Marla","normalized_area_sqm":"2023.43","gis_area_sqm":"2023.43","land_use_category":"RESIDENTIAL","land_use_raw":"Gair Mumkin Plotted Commercial","status":"AMALGAMATED","data_freshness_status":"CURRENT","scenario_index":"4923","use_case_description":"Court attachment and disputed possession","mutation_workflow_status":"NOTICE_PERIOD","revenue_record_id":"ROR-HR-2025-1008-0406","revenue_record_type":"Jamabandi Nakal (Haryana Jamabandi)","khata_khewat_no":"KHT-58","khatauni_no":"KHN-158","owner_name":"Satish Chand Mittal","owner_name_local":"सतीश चंद मित्तल","co_owners":"","tenure_type":"Government Grant","mutation_status":"REJECTED","active_mutation_id":"MUT-HR-00000406","tax_demand_status":"PAID","annual_tax_inr":"185.5","deed_number":"DEED-HR-2024-408-0406","deed_type":"Sale Deed / Conveyance","sro_office":"Sub-Registrar Office, Wazirabad Tehsil","execution_date":"2024-05-10","registered_owner":"Sunita Sharma / Aditi Verma","seller_name":"Previous Landholder","consideration_amount_inr":"3500000.0","stamp_duty_inr":"210000.0","survey_sketch_id":"FMB-HR-08-0406","cadastral_sheet_no":"SHT-HR-08","surveyed_area_sqm":"2023.43","survey_status":"RESURVEY_REQUIRED","urban_authority":"Wazirabad Tehsil Urban Development & Town Planning Authority","zone_name":"Commercial Core","permitted_land_use":"RESIDENTIAL","building_permission_status":"NOT_APPLICABLE","violations_reported":"False","is_encumbered":"True","encumbrance_certificate_number":"EC-HR-00000406-0406","encumbrance_type":"TRIBAL_NON_ALIENATION","financial_institution":"","mortgage_amount":"0.0","created_at":"2026-01-15T09:00:00Z","updated_at":"2026-09-24T11:30:00Z"}},{"type":"Feature","geometry":{"type":"Polygon","coordinates":[[[75.80198725899115,28.168505865499174],[75.85426708035257,28.17070607393813],[75.86597393270695,28.211802363879613],[75.79487724598589,28.209343910379395],[75.80198725899115,28.168505865499174]]]},"properties":{"ulpin":"06536458741754","parcel_id":"52bc5345-895e-4b73-919e-c5884f102c89","state":"Haryana","state_code":"HR","state_type":"STATE","state_lgd_code":"6","district_lgd_code":"80","district_name":"Gurugram","subdistrict_lgd_code":"620","subdistrict_name":"Wazirabad Tehsil","subdistrict_type":"Tehsil / Taluk","village_lgd_code":"61402","village_name":"Badshahpur","khasra_plot_no":"Murabba 45, Killa 12/2/D407","recorded_area":"4.0","recorded_area_unit":"Kanal-Marla","normalized_area_sqm":"2023.43","gis_area_sqm":"2023.43","land_use_category":"COMMERCIAL","land_use_raw":"Gair Mumkin Plotted Commercial","status":"DISPUTED","data_freshness_status":"STALE","scenario_index":"4924","use_case_description":"Tribal non-alienation protection review","mutation_workflow_status":"HEARING_SCHEDULED","revenue_record_id":"ROR-HR-2025-1008-0407","revenue_record_type":"Jamabandi Nakal (Haryana Jamabandi)","khata_khewat_no":"KHT-58","khatauni_no":"KHN-158","owner_name":"Satish Chand Mittal","owner_name_local":"सतीश चंद मित्तल","co_owners":"","tenure_type":"Waqf / Religious Trust","mutation_status":"DISPUTED","active_mutation_id":"MUT-HR-00000407","tax_demand_status":"PAID","annual_tax_inr":"185.5","deed_number":"DEED-HR-2024-408-0407","deed_type":"Sale Deed / Conveyance","sro_office":"Sub-Registrar Office, Wazirabad Tehsil","execution_date":"2024-05-10","registered_owner":"Registry Variance Owner 407","seller_name":"Previous Landholder","consideration_amount_inr":"3500000.0","stamp_duty_inr":"210000.0","survey_sketch_id":"FMB-HR-08-0407","cadastral_sheet_no":"SHT-HR-08","surveyed_area_sqm":"2023.43","survey_status":"SURVEYED","urban_authority":"Wazirabad Tehsil Urban Development & Town Planning Authority","zone_name":"Commercial Core","permitted_land_use":"COMMERCIAL","building_permission_status":"SANCTIONED","violations_reported":"False","is_encumbered":"True","encumbrance_certificate_number":"EC-HR-00000407-0407","encumbrance_type":"LEASE_CHARGE","financial_institution":"","mortgage_amount":"0.0","created_at":"2026-01-15T09:00:00Z","updated_at":"2026-09-24T11:30:00Z"}},{"type":"Feature","geometry":{"type":"Polygon","coordinates":[[[74.9489864619867,28.330501440871046],[75.01673615500017,28.326505871938263],[75.00742502948061,28.387515374232827],[74.95575810439846,28.385875482481236],[74.9489864619867,28.330501440871046]]]},"properties":{"ulpin":"06362233195798","parcel_id":"89af46b5-2987-4347-b579-e556c54ed6d5","state":"Haryana","state_code":"HR","state_type":"STATE","state_lgd_code":"6","district_lgd_code":"80","district_name":"Gurugram","subdistrict_lgd_code":"620","subdistrict_name":"Wazirabad Tehsil","subdistrict_type":"Tehsil / Taluk","village_lgd_code":"61402","village_name":"Badshahpur","khasra_plot_no":"Murabba 45, Killa 12/2/D408","recorded_area":"4.0","recorded_area_unit":"Kanal-Marla","normalized_area_sqm":"2023.43","gis_area_sqm":"2023.43","land_use_category":"INDUSTRIAL","land_use_raw":"Gair Mumkin Plotted Commercial","status":"ARCHIVED","data_freshness_status":"UNKNOWN","scenario_index":"4925","use_case_description":"Cadastral area discrepancy requiring resurvey","mutation_workflow_status":"APPROVED","revenue_record_id":"ROR-HR-2025-1008-0408","revenue_record_type":"Jamabandi Nakal (Haryana Jamabandi)","khata_khewat_no":"KHT-58","khatauni_no":"KHN-158","owner_name":"Satish Chand Mittal","owner_name_local":"सतीश चंद मित्तल","co_owners":"","tenure_type":"Tribal Community Tenure","mutation_status":"NONE","active_mutation_id":"MUT-HR-00000408","tax_demand_status":"PAID","annual_tax_inr":"185.5","deed_number":"DEED-HR-2024-408-0408","deed_type":"Sale Deed / Conveyance","sro_office":"Sub-Registrar Office, Wazirabad Tehsil","execution_date":"2024-05-10","registered_owner":"Sunita Sharma / Aditi Verma","seller_name":"Previous Landholder","consideration_amount_inr":"3500000.0","stamp_duty_inr":"210000.0","survey_sketch_id":"FMB-HR-08-0408","cadastral_sheet_no":"SHT-HR-08","surveyed_area_sqm":"2023.43","survey_status":"PENDING","urban_authority":"Wazirabad Tehsil Urban Development & Town Planning Authority","zone_name":"Commercial Core","permitted_land_use":"INDUSTRIAL","building_permission_status":"PENDING","violations_reported":"False","is_encumbered":"False","encumbrance_certificate_number":"EC-HR-2024-108-0408","encumbrance_type":"NIL","financial_institution":"","mortgage_amount":"0.0","created_at":"2026-01-15T09:00:00Z","updated_at":"2026-09-24T11:30:00Z"}},{"type":"Feature","geometry":{"type":"Polygon","coordinates":[[[75.37032027630985,29.232808967560597],[75.42697503301345,29.219364814818217],[75.43226266536502,29.278174506151668],[75.37032027630985,29.27099286997283],[75.37032027630985,29.232808967560597]]]},"properties":{"ulpin":"06611578805687","parcel_id":"ecb49928-7de2-4192-af90-f34fcd78ef74","state":"Haryana","state_code":"HR","state_type":"STATE","state_lgd_code":"6","district_lgd_code":"80","district_name":"Gurugram","subdistrict_lgd_code":"620","subdistrict_name":"Wazirabad Tehsil","subdistrict_type":"Tehsil / Taluk","village_lgd_code":"61402","village_name":"Badshahpur","khasra_plot_no":"Murabba 45, Killa 12/2/D409","recorded_area":"4.0","recorded_area_unit":"Kanal-Marla","normalized_area_sqm":"2023.43","gis_area_sqm":"2023.43","land_use_category":"AGRICULTURAL","land_use_raw":"Gair Mumkin Plotted Commercial","status":"ACTIVE","data_freshness_status":"CURRENT","scenario_index":"4926","use_case_description":"Subdivision or amalgamation history review","mutation_workflow_status":"REJECTED","revenue_record_id":"ROR-HR-2025-1008-0409","revenue_record_type":"Jamabandi Nakal (Haryana Jamabandi)","khata_khewat_no":"KHT-58","khatauni_no":"KHN-158","owner_name":"Satish Chand Mittal","owner_name_local":"सतीश चंद मित्तल","co_owners":"","tenure_type":"Bhumiswami / Raiyati with Transferable Rights","mutation_status":"MUTATED","active_mutation_id":"","tax_demand_status":"PAID","annual_tax_inr":"185.5","deed_number":"DEED-HR-2024-408-0409","deed_type":"Sale Deed / Conveyance","sro_office":"Sub-Registrar Office, Wazirabad Tehsil","execution_date":"2024-05-10","registered_owner":"Sunita Sharma / Aditi Verma","seller_name":"Previous Landholder","consideration_amount_inr":"3500000.0","stamp_duty_inr":"210000.0","survey_sketch_id":"FMB-HR-08-0409","cadastral_sheet_no":"SHT-HR-08","surveyed_area_sqm":"2023.43","survey_status":"DISPUTED","urban_authority":"Wazirabad Tehsil Urban Development & Town Planning Authority","zone_name":"Commercial Core","permitted_land_use":"AGRICULTURAL","building_permission_status":"REJECTED","violations_reported":"False","is_encumbered":"True","encumbrance_certificate_number":"EC-HR-00000409-0409","encumbrance_type":"BANK_MORTGAGE","financial_institution":"","mortgage_amount":"0.0","created_at":"2026-01-15T09:00:00Z","updated_at":"2026-09-24T11:30:00Z"}},{"type":"Feature","geometry":{"type":"Polygon","coordinates":[[[76.19531577725478,28.17284135399806],[76.25432011790464,28.173160232091373],[76.24957499992772,28.212270592421778],[76.1995822739958,28.220178428197],[76.19531577725478,28.17284135399806]]]},"properties":{"ulpin":"06117808826094","parcel_id":"d19ee8a2-dc46-4eb1-9883-ce45dd70b431","state":"Haryana","state_code":"HR","state_type":"STATE","state_lgd_code":"6","district_lgd_code":"80","district_name":"Gurugram","subdistrict_lgd_code":"620","subdistrict_name":"Wazirabad Tehsil","subdistrict_type":"Tehsil / Taluk","village_lgd_code":"61402","village_name":"Badshahpur","khasra_plot_no":"Murabba 45, Killa 12/2/D410","recorded_area":"4.0","recorded_area_unit":"Kanal-Marla","normalized_area_sqm":"2023.43","gis_area_sqm":"2023.43","land_use_category":"INSTITUTIONAL","land_use_raw":"Gair Mumkin Plotted Commercial","status":"PENDING_MUTATION","data_freshness_status":"STALE","scenario_index":"4927","use_case_description":"Archived historical record for audit retrieval","mutation_workflow_status":"SLA_BREACHED","revenue_record_id":"ROR-HR-2025-1008-0410","revenue_record_type":"Jamabandi Nakal (Haryana Jamabandi)","khata_khewat_no":"KHT-58","khatauni_no":"KHN-158","owner_name":"Satish Chand Mittal","owner_name_local":"सतीश चंद मित्तल","co_owners":"","tenure_type":"Bhumiswami / Freehold","mutation_status":"PENDING","active_mutation_id":"MUT-HR-00000410","tax_demand_status":"PAID","annual_tax_inr":"185.5","deed_number":"DEED-HR-2024-408-0410","deed_type":"Sale Deed / Conveyance","sro_office":"Sub-Registrar Office, Wazirabad Tehsil","execution_date":"2024-05-10","registered_owner":"Sunita Sharma / Aditi Verma","seller_name":"Previous Landholder","consideration_amount_inr":"3500000.0","stamp_duty_inr":"210000.0","survey_sketch_id":"FMB-HR-08-0410","cadastral_sheet_no":"SHT-HR-08","surveyed_area_sqm":"2023.43","survey_status":"RESURVEY_REQUIRED","urban_authority":"Wazirabad Tehsil Urban Development & Town Planning Authority","zone_name":"Commercial Core","permitted_land_use":"INSTITUTIONAL","building_permission_status":"NOT_APPLICABLE","violations_reported":"False","is_encumbered":"True","encumbrance_certificate_number":"EC-HR-00000410-0410","encumbrance_type":"GOVT_REVENUE_LIEN","financial_institution":"","mortgage_amount":"0.0","created_at":"2026-01-15T09:00:00Z","updated_at":"2026-09-24T11:30:00Z"}},{"type":"Feature","geometry":{"type":"Polygon","coordinates":[[[75.16859708613359,29.244087300383473],[75.22668641250226,29.23479172984849],[75.23793573202828,29.299215739746643],[75.17684363662126,29.299212690007913],[75.16859708613359,29.244087300383473]]]},"properties":{"ulpin":"06347500797918","parcel_id":"7c7ab98a-56a2-497e-97d2-93d4a7609641","state":"Haryana","state_code":"HR","state_type":"STATE","state_lgd_code":"6","district_lgd_code":"80","district_name":"Gurugram","subdistrict_lgd_code":"620","subdistrict_name":"Wazirabad Tehsil","subdistrict_type":"Tehsil / Taluk","village_lgd_code":"61402","village_name":"Badshahpur","khasra_plot_no":"Murabba 45, Killa 12/2/D411","recorded_area":"4.0","recorded_area_unit":"Kanal-Marla","normalized_area_sqm":"2023.43","gis_area_sqm":"2023.43","land_use_category":"FOREST_GREEN_BELT","land_use_raw":"Gair Mumkin Plotted Commercial","status":"SUBDIVIDED","data_freshness_status":"UNKNOWN","scenario_index":"4928","use_case_description":"Bank mortgage and active encumbrance","mutation_workflow_status":"SUBMITTED","revenue_record_id":"ROR-HR-2025-1008-0411","revenue_record_type":"Jamabandi Nakal (Haryana Jamabandi)","khata_khewat_no":"KHT-58","khatauni_no":"KHN-158","owner_name":"Satish Chand Mittal","owner_name_local":"सतीश चंद मित्तल","co_owners":"","tenure_type":"Leasehold","mutation_status":"UNMUTATED_TRANSACTION","active_mutation_id":"MUT-HR-00000411","tax_demand_status":"PAID","annual_tax_inr":"185.5","deed_number":"DEED-HR-2024-408-0411","deed_type":"Sale Deed / Conveyance","sro_office":"Sub-Registrar Office, Wazirabad Tehsil","execution_date":"2024-05-10","registered_owner":"Sunita Sharma / Aditi Verma","seller_name":"Previous Landholder","consideration_amount_inr":"3500000.0","stamp_duty_inr":"210000.0","survey_sketch_id":"FMB-HR-08-0411","cadastral_sheet_no":"SHT-HR-08","surveyed_area_sqm":"2023.43","survey_status":"SURVEYED","urban_authority":"Wazirabad Tehsil Urban Development & Town Planning Authority","zone_name":"Commercial Core","permitted_land_use":"FOREST_GREEN_BELT","building_permission_status":"SANCTIONED","violations_reported":"True","is_encumbered":"True","encumbrance_certificate_number":"EC-HR-00000411-0411","encumbrance_type":"COURT_ATTACHMENT","financial_institution":"","mortgage_amount":"0.0","created_at":"2026-01-15T09:00:00Z","updated_at":"2026-09-24T11:30:00Z"}},{"type":"Feature","geometry":{"type":"Polygon","coordinates":[[[75.05490066213473,29.106084707099125],[75.1181670835009,29.117022668175355],[75.10802157716145,29.17840361761319],[75.06340925149152,29.166643689823115],[75.05490066213473,29.106084707099125]]]},"properties":{"ulpin":"06542411857299","parcel_id":"e0a08e26-9792-4b90-a142-b833c0b0e20b","state":"Haryana","state_code":"HR","state_type":"STATE","state_lgd_code":"6","district_lgd_code":"80","district_name":"Gurugram","subdistrict_lgd_code":"620","subdistrict_name":"Wazirabad Tehsil","subdistrict_type":"Tehsil / Taluk","village_lgd_code":"61402","village_name":"Badshahpur","khasra_plot_no":"Murabba 45, Killa 12/2/D412","recorded_area":"4.0","recorded_area_unit":"Kanal-Marla","normalized_area_sqm":"2023.43","gis_area_sqm":"2023.43","land_use_category":"WATER_BODY","land_use_raw":"Gair Mumkin Plotted Commercial","status":"AMALGAMATED","data_freshness_status":"CURRENT","scenario_index":"4929","use_case_description":"Government revenue lien and tax demand","mutation_workflow_status":"UNDER_VERIFICATION","revenue_record_id":"ROR-HR-2025-1008-0412","revenue_record_type":"Jamabandi Nakal (Haryana Jamabandi)","khata_khewat_no":"KHT-58","khatauni_no":"KHN-158","owner_name":"Satish Chand Mittal","owner_name_local":"सतीश चंद मित्तल","co_owners":"","tenure_type":"Government Grant","mutation_status":"REJECTED","active_mutation_id":"MUT-HR-00000412","tax_demand_status":"PAID","annual_tax_inr":"185.5","deed_number":"DEED-HR-2024-408-0412","deed_type":"Sale Deed / Conveyance","sro_office":"Sub-Registrar Office, Wazirabad Tehsil","execution_date":"2024-05-10","registered_owner":"Registry Variance Owner 412","seller_name":"Previous Landholder","consideration_amount_inr":"3500000.0","stamp_duty_inr":"210000.0","survey_sketch_id":"FMB-HR-08-0412","cadastral_sheet_no":"SHT-HR-08","surveyed_area_sqm":"2023.43","survey_status":"PENDING","urban_authority":"Wazirabad Tehsil Urban Development & Town Planning Authority","zone_name":"Commercial Core","permitted_land_use":"WATER_BODY","building_permission_status":"PENDING","violations_reported":"False","is_encumbered":"True","encumbrance_certificate_number":"EC-HR-00000412-0412","encumbrance_type":"TRIBAL_NON_ALIENATION","financial_institution":"","mortgage_amount":"0.0","created_at":"2026-01-15T09:00:00Z","updated_at":"2026-09-24T11:30:00Z"}},{"type":"Feature","geometry":{"type":"Polygon","coordinates":[[[76.3090641243192,29.498503069931232],[76.36254202998533,29.50325709690893],[76.36121003879079,29.55283624303856],[76.3022284109438,29.553973839597514],[76.3090641243192,29.498503069931232]]]},"properties":{"ulpin":"06453820258467","parcel_id":"931714a6-2de5-4082-86c1-1056ad6d363f","state":"Haryana","state_code":"HR","state_type":"STATE","state_lgd_code":"6","district_lgd_code":"80","district_name":"Gurugram","subdistrict_lgd_code":"620","subdistrict_name":"Wazirabad Tehsil","subdistrict_type":"Tehsil / Taluk","village_lgd_code":"61402","village_name":"Badshahpur","khasra_plot_no":"Murabba 45, Killa 12/2/D413","recorded_area":"4.0","recorded_area_unit":"Kanal-Marla","normalized_area_sqm":"2023.43","gis_area_sqm":"2023.43","land_use_category":"MIXED_USE","land_use_raw":"Gair Mumkin Plotted Commercial","status":"DISPUTED","data_freshness_status":"STALE","scenario_index":"4930","use_case_description":"Court attachment and disputed possession","mutation_workflow_status":"NOTICE_PERIOD","revenue_record_id":"ROR-HR-2025-1008-0413","revenue_record_type":"Jamabandi Nakal (Haryana Jamabandi)","khata_khewat_no":"KHT-58","khatauni_no":"KHN-158","owner_name":"Satish Chand Mittal","owner_name_local":"सतीश चंद मित्तल","co_owners":"","tenure_type":"Waqf / Religious Trust","mutation_status":"DISPUTED","active_mutation_id":"MUT-HR-00000413","tax_demand_status":"PAID","annual_tax_inr":"185.5","deed_number":"DEED-HR-2024-408-0413","deed_type":"Sale Deed / Conveyance","sro_office":"Sub-Registrar Office, Wazirabad Tehsil","execution_date":"2024-05-10","registered_owner":"Sunita Sharma / Aditi Verma","seller_name":"Previous Landholder","consideration_amount_inr":"3500000.0","stamp_duty_inr":"210000.0","survey_sketch_id":"FMB-HR-08-0413","cadastral_sheet_no":"SHT-HR-08","surveyed_area_sqm":"2023.43","survey_status":"DISPUTED","urban_authority":"Wazirabad Tehsil Urban Development & Town Planning Authority","zone_name":"Commercial Core","permitted_land_use":"MIXED_USE","building_permission_status":"REJECTED","violations_reported":"False","is_encumbered":"True","encumbrance_certificate_number":"EC-HR-00000413-0413","encumbrance_type":"LEASE_CHARGE","financial_institution":"","mortgage_amount":"0.0","created_at":"2026-01-15T09:00:00Z","updated_at":"2026-09-24T11:30:00Z"}},{"type":"Feature","geometry":{"type":"Polygon","coordinates":[[[76.31154023852321,28.269101901696555],[76.3504039560384,28.257958970674114],[76.3479786144259,28.311339161398898],[76.30217006530563,28.31231946489265],[76.31154023852321,28.269101901696555]]]},"properties":{"ulpin":"06147974893472","parcel_id":"9d4d9aa2-bb15-4f8d-a559-82ff9c9a0f46","state":"Haryana","state_code":"HR","state_type":"STATE","state_lgd_code":"6","district_lgd_code":"80","district_name":"Gurugram","subdistrict_lgd_code":"620","subdistrict_name":"Wazirabad Tehsil","subdistrict_type":"Tehsil / Taluk","village_lgd_code":"61402","village_name":"Badshahpur","khasra_plot_no":"Murabba 45, Killa 12/2/D414","recorded_area":"4.0","recorded_area_unit":"Kanal-Marla","normalized_area_sqm":"2023.43","gis_area_sqm":"2023.43","land_use_category":"OTHER","land_use_raw":"Gair Mumkin Plotted Commercial","status":"ARCHIVED","data_freshness_status":"UNKNOWN","scenario_index":"4931","use_case_description":"Tribal non-alienation protection review","mutation_workflow_status":"HEARING_SCHEDULED","revenue_record_id":"ROR-HR-2025-1008-0414","revenue_record_type":"Jamabandi Nakal (Haryana Jamabandi)","khata_khewat_no":"KHT-58","khatauni_no":"KHN-158","owner_name":"Satish Chand Mittal","owner_name_local":"सतीश चंद मित्तल","co_owners":"","tenure_type":"Tribal Community Tenure","mutation_status":"NONE","active_mutation_id":"MUT-HR-00000414","tax_demand_status":"PAID","annual_tax_inr":"185.5","deed_number":"DEED-HR-2024-408-0414","deed_type":"Sale Deed / Conveyance","sro_office":"Sub-Registrar Office, Wazirabad Tehsil","execution_date":"2024-05-10","registered_owner":"Sunita Sharma / Aditi Verma","seller_name":"Previous Landholder","consideration_amount_inr":"3500000.0","stamp_duty_inr":"210000.0","survey_sketch_id":"FMB-HR-08-0414","cadastral_sheet_no":"SHT-HR-08","surveyed_area_sqm":"2023.43","survey_status":"RESURVEY_REQUIRED","urban_authority":"Wazirabad Tehsil Urban Development & Town Planning Authority","zone_name":"Commercial Core","permitted_land_use":"OTHER","building_permission_status":"NOT_APPLICABLE","violations_reported":"False","is_encumbered":"False","encumbrance_certificate_number":"EC-HR-2024-108-0414","encumbrance_type":"NIL","financial_institution":"","mortgage_amount":"0.0","created_at":"2026-01-15T09:00:00Z","updated_at":"2026-09-24T11:30:00Z"}},{"type":"Feature","geometry":{"type":"Polygon","coordinates":[[[76.3999432942452,27.982296658942136],[76.45791088411082,27.982296658942136],[76.45527879836797,28.03033538894552],[76.4072614568041,28.023351078455132],[76.3999432942452,27.982296658942136]]]},"properties":{"ulpin":"06942648172618","parcel_id":"29afb861-2deb-45c6-8f7f-d020dae57f12","state":"Haryana","state_code":"HR","state_type":"STATE","state_lgd_code":"6","district_lgd_code":"80","district_name":"Gurugram","subdistrict_lgd_code":"620","subdistrict_name":"Wazirabad Tehsil","subdistrict_type":"Tehsil / Taluk","village_lgd_code":"61402","village_name":"Badshahpur","khasra_plot_no":"Murabba 45, Killa 12/2/D415","recorded_area":"4.0","recorded_area_unit":"Kanal-Marla","normalized_area_sqm":"2023.43","gis_area_sqm":"2023.43","land_use_category":"RESIDENTIAL","land_use_raw":"Gair Mumkin Plotted Commercial","status":"ACTIVE","data_freshness_status":"CURRENT","scenario_index":"4932","use_case_description":"Lease charge and institutional tenancy","mutation_workflow_status":"APPROVED","revenue_record_id":"ROR-HR-2025-1008-0415","revenue_record_type":"Jamabandi Nakal (Haryana Jamabandi)","khata_khewat_no":"KHT-58","khatauni_no":"KHN-158","owner_name":"Satish Chand Mittal","owner_name_local":"सतीश चंद मित्तल","co_owners":"","tenure_type":"Bhumiswami / Raiyati with Transferable Rights","mutation_status":"MUTATED","active_mutation_id":"","tax_demand_status":"PAID","annual_tax_inr":"185.5","deed_number":"DEED-HR-2024-408-0415","deed_type":"Sale Deed / Conveyance","sro_office":"Sub-Registrar Office, Wazirabad Tehsil","execution_date":"2024-05-10","registered_owner":"Sunita Sharma / Aditi Verma","seller_name":"Previous Landholder","consideration_amount_inr":"3500000.0","stamp_duty_inr":"210000.0","survey_sketch_id":"FMB-HR-08-0415","cadastral_sheet_no":"SHT-HR-08","surveyed_area_sqm":"2023.43","survey_status":"SURVEYED","urban_authority":"Wazirabad Tehsil Urban Development & Town Planning Authority","zone_name":"Commercial Core","permitted_land_use":"RESIDENTIAL","building_permission_status":"SANCTIONED","violations_reported":"False","is_encumbered":"True","encumbrance_certificate_number":"EC-HR-00000415-0415","encumbrance_type":"BANK_MORTGAGE","financial_institution":"","mortgage_amount":"0.0","created_at":"2026-01-15T09:00:00Z","updated_at":"2026-09-24T11:30:00Z"}},{"type":"Feature","geometry":{"type":"Polygon","coordinates":[[[75.13746822661577,28.335625132449362],[75.21321591957492,28.328335664516768],[75.20032297155252,28.389394732383614],[75.13527412632303,28.379092143225318],[75.13746822661577,28.335625132449362]]]},"properties":{"ulpin":"06225553958076","parcel_id":"a51afd64-ed3d-469c-af6c-863b7faa17b8","state":"Haryana","state_code":"HR","state_type":"STATE","state_lgd_code":"6","district_lgd_code":"80","district_name":"Gurugram","subdistrict_lgd_code":"620","subdistrict_name":"Wazirabad Tehsil","subdistrict_type":"Tehsil / Taluk","village_lgd_code":"61402","village_name":"Badshahpur","khasra_plot_no":"Murabba 45, Killa 12/2/D416","recorded_area":"4.0","recorded_area_unit":"Kanal-Marla","normalized_area_sqm":"2023.43","gis_area_sqm":"2023.43","land_use_category":"COMMERCIAL","land_use_raw":"Gair Mumkin Plotted Commercial","status":"PENDING_MUTATION","data_freshness_status":"STALE","scenario_index":"4933","use_case_description":"Subdivision or amalgamation history review","mutation_workflow_status":"REJECTED","revenue_record_id":"ROR-HR-2025-1008-0416","revenue_record_type":"Jamabandi Nakal (Haryana Jamabandi)","khata_khewat_no":"KHT-58","khatauni_no":"KHN-158","owner_name":"Satish Chand Mittal","owner_name_local":"सतीश चंद मित्तल","co_owners":"","tenure_type":"Bhumiswami / Freehold","mutation_status":"PENDING","active_mutation_id":"MUT-HR-00000416","tax_demand_status":"PAID","annual_tax_inr":"185.5","deed_number":"DEED-HR-2024-408-0416","deed_type":"Sale Deed / Conveyance","sro_office":"Sub-Registrar Office, Wazirabad Tehsil","execution_date":"2024-05-10","registered_owner":"Sunita Sharma / Aditi Verma","seller_name":"Previous Landholder","consideration_amount_inr":"3500000.0","stamp_duty_inr":"210000.0","survey_sketch_id":"FMB-HR-08-0416","cadastral_sheet_no":"SHT-HR-08","surveyed_area_sqm":"2023.43","survey_status":"PENDING","urban_authority":"Wazirabad Tehsil Urban Development & Town Planning Authority","zone_name":"Commercial Core","permitted_land_use":"COMMERCIAL","building_permission_status":"PENDING","violations_reported":"False","is_encumbered":"True","encumbrance_certificate_number":"EC-HR-00000416-0416","encumbrance_type":"GOVT_REVENUE_LIEN","financial_institution":"","mortgage_amount":"0.0","created_at":"2026-01-15T09:00:00Z","updated_at":"2026-09-24T11:30:00Z"}},{"type":"Feature","geometry":{"type":"Polygon","coordinates":[[[76.30217006530563,28.31231946489265],[76.3479786144259,28.311339161398898],[76.34857940183457,28.36137173578382],[76.31132924173515,28.35629764319549],[76.30217006530563,28.31231946489265]]]},"properties":{"ulpin":"06687975468186","parcel_id":"de47a4bb-f92a-46cb-a09d-f840652de9f8","state":"Haryana","state_code":"HR","state_type":"STATE","state_lgd_code":"6","district_lgd_code":"80","district_name":"Gurugram","subdistrict_lgd_code":"620","subdistrict_name":"Wazirabad Tehsil","subdistrict_type":"Tehsil / Taluk","village_lgd_code":"61402","village_name":"Badshahpur","khasra_plot_no":"Murabba 45, Killa 12/2/D417","recorded_area":"4.0","recorded_area_unit":"Kanal-Marla","normalized_area_sqm":"2023.43","gis_area_sqm":"2023.43","land_use_category":"INDUSTRIAL","land_use_raw":"Gair Mumkin Plotted Commercial","status":"SUBDIVIDED","data_freshness_status":"UNKNOWN","scenario_index":"4934","use_case_description":"Archived historical record for audit retrieval","mutation_workflow_status":"SLA_BREACHED","revenue_record_id":"ROR-HR-2025-1008-0417","revenue_record_type":"Jamabandi Nakal (Haryana Jamabandi)","khata_khewat_no":"KHT-58","khatauni_no":"KHN-158","owner_name":"Satish Chand Mittal","owner_name_local":"सतीश चंद मित्तल","co_owners":"","tenure_type":"Leasehold","mutation_status":"UNMUTATED_TRANSACTION","active_mutation_id":"MUT-HR-00000417","tax_demand_status":"PAID","annual_tax_inr":"185.5","deed_number":"DEED-HR-2024-408-0417","deed_type":"Sale Deed / Conveyance","sro_office":"Sub-Registrar Office, Wazirabad Tehsil","execution_date":"2024-05-10","registered_owner":"Registry Variance Owner 417","seller_name":"Previous Landholder","consideration_amount_inr":"3500000.0","stamp_duty_inr":"210000.0","survey_sketch_id":"FMB-HR-08-0417","cadastral_sheet_no":"SHT-HR-08","surveyed_area_sqm":"2023.43","survey_status":"DISPUTED","urban_authority":"Wazirabad Tehsil Urban Development & Town Planning Authority","zone_name":"Commercial Core","permitted_land_use":"INDUSTRIAL","building_permission_status":"REJECTED","violations_reported":"False","is_encumbered":"True","encumbrance_certificate_number":"EC-HR-00000417-0417","encumbrance_type":"COURT_ATTACHMENT","financial_institution":"","mortgage_amount":"0.0","created_at":"2026-01-15T09:00:00Z","updated_at":"2026-09-24T11:30:00Z"}},{"type":"Feature","geometry":{"type":"Polygon","coordinates":[[[76.25432011790464,28.173160232091373],[76.30722280190014,28.1746228068517],[76.29653118542421,28.21202013235509],[76.24957499992772,28.212270592421778],[76.25432011790464,28.173160232091373]]]},"properties":{"ulpin":"06187671395921","parcel_id":"11ff020a-60c4-4f30-b635-1f2f3dc966a8","state":"Haryana","state_code":"HR","state_type":"STATE","state_lgd_code":"6","district_lgd_code":"80","district_name":"Gurugram","subdistrict_lgd_code":"620","subdistrict_name":"Wazirabad Tehsil","subdistrict_type":"Tehsil / Taluk","village_lgd_code":"61402","village_name":"Badshahpur","khasra_plot_no":"Murabba 45, Killa 12/2/D418","recorded_area":"4.0","recorded_area_unit":"Kanal-Marla","normalized_area_sqm":"2023.43","gis_area_sqm":"2023.43","land_use_category":"AGRICULTURAL","land_use_raw":"Gair Mumkin Plotted Commercial","status":"AMALGAMATED","data_freshness_status":"CURRENT","scenario_index":"4935","use_case_description":"Bank mortgage and active encumbrance","mutation_workflow_status":"SUBMITTED","revenue_record_id":"ROR-HR-2025-1008-0418","revenue_record_type":"Jamabandi Nakal (Haryana Jamabandi)","khata_khewat_no":"KHT-58","khatauni_no":"KHN-158","owner_name":"Satish Chand Mittal","owner_name_local":"सतीश चंद मित्तल","co_owners":"","tenure_type":"Government Grant","mutation_status":"REJECTED","active_mutation_id":"MUT-HR-00000418","tax_demand_status":"PAID","annual_tax_inr":"185.5","deed_number":"DEED-HR-2024-408-0418","deed_type":"Sale Deed / Conveyance","sro_office":"Sub-Registrar Office, Wazirabad Tehsil","execution_date":"2024-05-10","registered_owner":"Sunita Sharma / Aditi Verma","seller_name":"Previous Landholder","consideration_amount_inr":"3500000.0","stamp_duty_inr":"210000.0","survey_sketch_id":"FMB-HR-08-0418","cadastral_sheet_no":"SHT-HR-08","surveyed_area_sqm":"2023.43","survey_status":"RESURVEY_REQUIRED","urban_authority":"Wazirabad Tehsil Urban Development & Town Planning Authority","zone_name":"Commercial Core","permitted_land_use":"AGRICULTURAL","building_permission_status":"NOT_APPLICABLE","violations_reported":"True","is_encumbered":"True","encumbrance_certificate_number":"EC-HR-00000418-0418","encumbrance_type":"TRIBAL_NON_ALIENATION","financial_institution":"","mortgage_amount":"0.0","created_at":"2026-01-15T09:00:00Z","updated_at":"2026-09-24T11:30:00Z"}},{"type":"Feature","geometry":{"type":"Polygon","coordinates":[[[75.23949755460829,29.113458593266238],[75.30282334697195,29.111611759098746],[75.29565072143252,29.169294977580417],[75.2364681440189,29.17951322080672],[75.23949755460829,29.113458593266238]]]},"properties":{"ulpin":"06606159706234","parcel_id":"afba91f0-a8f2-4c62-bb73-849dcfae3370","state":"Haryana","state_code":"HR","state_type":"STATE","state_lgd_code":"6","district_lgd_code":"80","district_name":"Gurugram","subdistrict_lgd_code":"620","subdistrict_name":"Wazirabad Tehsil","subdistrict_type":"Tehsil / Taluk","village_lgd_code":"61402","village_name":"Badshahpur","khasra_plot_no":"Murabba 45, Killa 12/2/D419","recorded_area":"4.0","recorded_area_unit":"Kanal-Marla","normalized_area_sqm":"2023.43","gis_area_sqm":"2023.43","land_use_category":"INSTITUTIONAL","land_use_raw":"Gair Mumkin Plotted Commercial","status":"DISPUTED","data_freshness_status":"STALE","scenario_index":"4936","use_case_description":"Government revenue lien and tax demand","mutation_workflow_status":"UNDER_VERIFICATION","revenue_record_id":"ROR-HR-2025-1008-0419","revenue_record_type":"Jamabandi Nakal (Haryana Jamabandi)","khata_khewat_no":"KHT-58","khatauni_no":"KHN-158","owner_name":"Satish Chand Mittal","owner_name_local":"सतीश चंद मित्तल","co_owners":"","tenure_type":"Waqf / Religious Trust","mutation_status":"DISPUTED","active_mutation_id":"MUT-HR-00000419","tax_demand_status":"PAID","annual_tax_inr":"185.5","deed_number":"DEED-HR-2024-408-0419","deed_type":"Sale Deed / Conveyance","sro_office":"Sub-Registrar Office, Wazirabad Tehsil","execution_date":"2024-05-10","registered_owner":"Sunita Sharma / Aditi Verma","seller_name":"Previous Landholder","consideration_amount_inr":"3500000.0","stamp_duty_inr":"210000.0","survey_sketch_id":"FMB-HR-08-0419","cadastral_sheet_no":"SHT-HR-08","surveyed_area_sqm":"2023.43","survey_status":"SURVEYED","urban_authority":"Wazirabad Tehsil Urban Development & Town Planning Authority","zone_name":"Commercial Core","permitted_land_use":"INSTITUTIONAL","building_permission_status":"SANCTIONED","violations_reported":"False","is_encumbered":"True","encumbrance_certificate_number":"EC-HR-00000419-0419","encumbrance_type":"LEASE_CHARGE","financial_institution":"","mortgage_amount":"0.0","created_at":"2026-01-15T09:00:00Z","updated_at":"2026-09-24T11:30:00Z"}}]}