{"type":"FeatureCollection","features":[{"type":"Feature","geometry":{"type":"Polygon","coordinates":[[[74.70570770220513,32.75713742365471],[74.83166572572443,32.75713742365471],[74.83166572572443,32.93373216775624],[74.69478616606412,32.917841028500256],[74.70570770220513,32.75713742365471]]]},"properties":{"ulpin":"01820122814404","parcel_id":"9d1e365d-05b2-455b-b965-bf9d3e061c86","state":"Jammu & Kashmir","state_code":"JK","state_type":"UT","state_lgd_code":"1","district_lgd_code":"10","district_name":"Srinagar","subdistrict_lgd_code":"101","subdistrict_name":"Srinagar South","subdistrict_type":"Tehsil / Taluk","village_lgd_code":"12104","village_name":"Rajbagh","khasra_plot_no":"Khasra 408/Min/D1","recorded_area":"2.0","recorded_area_unit":"Kanal-Marla","normalized_area_sqm":"1011.71","gis_area_sqm":"1011.71","land_use_category":"MIXED_USE","land_use_raw":"Residential Plotted","status":"PENDING_MUTATION","data_freshness_status":"STALE","scenario_index":"19771","use_case_description":"Tribal non-alienation protection review","mutation_workflow_status":"HEARING_SCHEDULED","revenue_record_id":"ROR-JK-2025-1033-0001","revenue_record_type":"Jamabandi (Aapki Zameen Aapki Nigrani)","khata_khewat_no":"KHT-83","khatauni_no":"KHN-183","owner_name":"Tariq Ahmad Mir","owner_name_local":"طارق احمد میر","co_owners":"","tenure_type":"Bhumiswami / Freehold","mutation_status":"PENDING","active_mutation_id":"MUT-JK-00000001","tax_demand_status":"PAID","annual_tax_inr":"185.5","deed_number":"DEED-JK-2024-433-0001","deed_type":"Sale Deed / Conveyance","sro_office":"Sub-Registrar Office, Srinagar South","execution_date":"2024-05-10","registered_owner":"Tariq Ahmad Mir","seller_name":"Previous Landholder","consideration_amount_inr":"3500000.0","stamp_duty_inr":"210000.0","survey_sketch_id":"FMB-JK-33-0001","cadastral_sheet_no":"SHT-JK-33","surveyed_area_sqm":"1011.71","survey_status":"RESURVEY_REQUIRED","urban_authority":"Srinagar South Urban Development & Town Planning Authority","zone_name":"Residential Zone","permitted_land_use":"MIXED_USE","building_permission_status":"NOT_APPLICABLE","violations_reported":"False","is_encumbered":"True","encumbrance_certificate_number":"EC-JK-00000001-0001","encumbrance_type":"GOVT_REVENUE_LIEN","financial_institution":"","mortgage_amount":"0.0","created_at":"2026-01-15T09:00:00Z","updated_at":"2026-09-24T11:30:00Z"}},{"type":"Feature","geometry":{"type":"Polygon","coordinates":[[[76.80278103002537,32.79432737807872],[76.97751787727931,32.80159474200337],[76.97751787727931,32.97020606385576],[76.81476572865367,32.99253433145041],[76.80278103002537,32.79432737807872]]]},"properties":{"ulpin":"01911666489123","parcel_id":"6a645acd-4d89-4451-af72-63ee23e3dd64","state":"Jammu & Kashmir","state_code":"JK","state_type":"UT","state_lgd_code":"1","district_lgd_code":"10","district_name":"Srinagar","subdistrict_lgd_code":"101","subdistrict_name":"Srinagar South","subdistrict_type":"Tehsil / Taluk","village_lgd_code":"12104","village_name":"Rajbagh","khasra_plot_no":"Khasra 408/Min/D2","recorded_area":"2.0","recorded_area_unit":"Kanal-Marla","normalized_area_sqm":"1011.71","gis_area_sqm":"1011.71","land_use_category":"OTHER","land_use_raw":"Residential Plotted","status":"SUBDIVIDED","data_freshness_status":"UNKNOWN","scenario_index":"19772","use_case_description":"Lease charge and institutional tenancy","mutation_workflow_status":"APPROVED","revenue_record_id":"ROR-JK-2025-1033-0002","revenue_record_type":"Jamabandi (Aapki Zameen Aapki Nigrani)","khata_khewat_no":"KHT-83","khatauni_no":"KHN-183","owner_name":"Tariq Ahmad Mir","owner_name_local":"طارق احمد میر","co_owners":"","tenure_type":"Leasehold","mutation_status":"UNMUTATED_TRANSACTION","active_mutation_id":"MUT-JK-00000002","tax_demand_status":"PAID","annual_tax_inr":"185.5","deed_number":"DEED-JK-2024-433-0002","deed_type":"Sale Deed / Conveyance","sro_office":"Sub-Registrar Office, Srinagar South","execution_date":"2024-05-10","registered_owner":"Tariq Ahmad Mir","seller_name":"Previous Landholder","consideration_amount_inr":"3500000.0","stamp_duty_inr":"210000.0","survey_sketch_id":"FMB-JK-33-0002","cadastral_sheet_no":"SHT-JK-33","surveyed_area_sqm":"1011.71","survey_status":"SURVEYED","urban_authority":"Srinagar South Urban Development & Town Planning Authority","zone_name":"Residential Zone","permitted_land_use":"OTHER","building_permission_status":"SANCTIONED","violations_reported":"False","is_encumbered":"True","encumbrance_certificate_number":"EC-JK-00000002-0002","encumbrance_type":"COURT_ATTACHMENT","financial_institution":"","mortgage_amount":"0.0","created_at":"2026-01-15T09:00:00Z","updated_at":"2026-09-24T11:30:00Z"}},{"type":"Feature","geometry":{"type":"Polygon","coordinates":[[[76.48049601326402,32.02497120190489],[76.67956126640006,32.02497120190489],[76.66319608122555,32.20385098402459],[76.52411766433961,32.17637815732318],[76.48049601326402,32.02497120190489]]]},"properties":{"ulpin":"01111170635559","parcel_id":"08059848-822f-4ded-be32-b60921ee8ddc","state":"Jammu & Kashmir","state_code":"JK","state_type":"UT","state_lgd_code":"1","district_lgd_code":"10","district_name":"Srinagar","subdistrict_lgd_code":"101","subdistrict_name":"Srinagar South","subdistrict_type":"Tehsil / Taluk","village_lgd_code":"12104","village_name":"Rajbagh","khasra_plot_no":"Khasra 408/Min/D3","recorded_area":"2.0","recorded_area_unit":"Kanal-Marla","normalized_area_sqm":"1011.71","gis_area_sqm":"1011.71","land_use_category":"RESIDENTIAL","land_use_raw":"Residential Plotted","status":"AMALGAMATED","data_freshness_status":"CURRENT","scenario_index":"19773","use_case_description":"Subdivision or amalgamation history review","mutation_workflow_status":"REJECTED","revenue_record_id":"ROR-JK-2025-1033-0003","revenue_record_type":"Jamabandi (Aapki Zameen Aapki Nigrani)","khata_khewat_no":"KHT-83","khatauni_no":"KHN-183","owner_name":"Tariq Ahmad Mir","owner_name_local":"طارق احمد میر","co_owners":"","tenure_type":"Government Grant","mutation_status":"REJECTED","active_mutation_id":"MUT-JK-00000003","tax_demand_status":"PAID","annual_tax_inr":"185.5","deed_number":"DEED-JK-2024-433-0003","deed_type":"Sale Deed / Conveyance","sro_office":"Sub-Registrar Office, Srinagar South","execution_date":"2024-05-10","registered_owner":"Tariq Ahmad Mir","seller_name":"Previous Landholder","consideration_amount_inr":"3500000.0","stamp_duty_inr":"210000.0","survey_sketch_id":"FMB-JK-33-0003","cadastral_sheet_no":"SHT-JK-33","surveyed_area_sqm":"1011.71","survey_status":"PENDING","urban_authority":"Srinagar South Urban Development & Town Planning Authority","zone_name":"Residential Zone","permitted_land_use":"RESIDENTIAL","building_permission_status":"PENDING","violations_reported":"False","is_encumbered":"True","encumbrance_certificate_number":"EC-JK-00000003-0003","encumbrance_type":"TRIBAL_NON_ALIENATION","financial_institution":"","mortgage_amount":"0.0","created_at":"2026-01-15T09:00:00Z","updated_at":"2026-09-24T11:30:00Z"}},{"type":"Feature","geometry":{"type":"Polygon","coordinates":[[[74.87361472581556,34.66697231586109],[75.00046021741915,34.67616302031324],[75.00046021741915,34.82285461868671],[74.86173713155388,34.805041758869606],[74.87361472581556,34.66697231586109]]]},"properties":{"ulpin":"01059400852809","parcel_id":"ab6f7776-8eed-4d90-a096-e790394c6825","state":"Jammu & Kashmir","state_code":"JK","state_type":"UT","state_lgd_code":"1","district_lgd_code":"10","district_name":"Srinagar","subdistrict_lgd_code":"101","subdistrict_name":"Srinagar South","subdistrict_type":"Tehsil / Taluk","village_lgd_code":"12104","village_name":"Rajbagh","khasra_plot_no":"Khasra 408/Min/D4","recorded_area":"2.0","recorded_area_unit":"Kanal-Marla","normalized_area_sqm":"1011.71","gis_area_sqm":"1011.71","land_use_category":"COMMERCIAL","land_use_raw":"Residential Plotted","status":"DISPUTED","data_freshness_status":"STALE","scenario_index":"19774","use_case_description":"Archived historical record for audit retrieval","mutation_workflow_status":"SLA_BREACHED","revenue_record_id":"ROR-JK-2025-1033-0004","revenue_record_type":"Jamabandi (Aapki Zameen Aapki Nigrani)","khata_khewat_no":"KHT-83","khatauni_no":"KHN-183","owner_name":"Tariq Ahmad Mir","owner_name_local":"طارق احمد میر","co_owners":"","tenure_type":"Waqf / Religious Trust","mutation_status":"DISPUTED","active_mutation_id":"MUT-JK-00000004","tax_demand_status":"PAID","annual_tax_inr":"185.5","deed_number":"DEED-JK-2024-433-0004","deed_type":"Sale Deed / Conveyance","sro_office":"Sub-Registrar Office, Srinagar South","execution_date":"2024-05-10","registered_owner":"Registry Variance Owner 4","seller_name":"Previous Landholder","consideration_amount_inr":"3500000.0","stamp_duty_inr":"210000.0","survey_sketch_id":"FMB-JK-33-0004","cadastral_sheet_no":"SHT-JK-33","surveyed_area_sqm":"1011.71","survey_status":"DISPUTED","urban_authority":"Srinagar South Urban Development & Town Planning Authority","zone_name":"Residential Zone","permitted_land_use":"COMMERCIAL","building_permission_status":"REJECTED","violations_reported":"False","is_encumbered":"True","encumbrance_certificate_number":"EC-JK-00000004-0004","encumbrance_type":"LEASE_CHARGE","financial_institution":"","mortgage_amount":"0.0","created_at":"2026-01-15T09:00:00Z","updated_at":"2026-09-24T11:30:00Z"}},{"type":"Feature","geometry":{"type":"Polygon","coordinates":[[[76.56989074324036,34.66464011121923],[76.76959432686851,34.67785187566888],[76.76959432686851,34.851989613696134],[76.55763654288434,34.82085582799244],[76.56989074324036,34.66464011121923]]]},"properties":{"ulpin":"01174585394938","parcel_id":"227d8c0f-eab2-447e-a334-c6cab02759d4","state":"Jammu & Kashmir","state_code":"JK","state_type":"UT","state_lgd_code":"1","district_lgd_code":"10","district_name":"Srinagar","subdistrict_lgd_code":"101","subdistrict_name":"Srinagar South","subdistrict_type":"Tehsil / Taluk","village_lgd_code":"12104","village_name":"Rajbagh","khasra_plot_no":"Khasra 408/Min/D5","recorded_area":"2.0","recorded_area_unit":"Kanal-Marla","normalized_area_sqm":"1011.71","gis_area_sqm":"1011.71","land_use_category":"INDUSTRIAL","land_use_raw":"Residential Plotted","status":"ARCHIVED","data_freshness_status":"UNKNOWN","scenario_index":"19775","use_case_description":"Cadastral area discrepancy requiring resurvey","mutation_workflow_status":"SUBMITTED","revenue_record_id":"ROR-JK-2025-1033-0005","revenue_record_type":"Jamabandi (Aapki Zameen Aapki Nigrani)","khata_khewat_no":"KHT-83","khatauni_no":"KHN-183","owner_name":"Tariq Ahmad Mir","owner_name_local":"طارق احمد میر","co_owners":"","tenure_type":"Tribal Community Tenure","mutation_status":"NONE","active_mutation_id":"MUT-JK-00000005","tax_demand_status":"PAID","annual_tax_inr":"185.5","deed_number":"DEED-JK-2024-433-0005","deed_type":"Sale Deed / Conveyance","sro_office":"Sub-Registrar Office, Srinagar South","execution_date":"2024-05-10","registered_owner":"Tariq Ahmad Mir","seller_name":"Previous Landholder","consideration_amount_inr":"3500000.0","stamp_duty_inr":"210000.0","survey_sketch_id":"FMB-JK-33-0005","cadastral_sheet_no":"SHT-JK-33","surveyed_area_sqm":"1011.71","survey_status":"RESURVEY_REQUIRED","urban_authority":"Srinagar South Urban Development & Town Planning Authority","zone_name":"Residential Zone","permitted_land_use":"INDUSTRIAL","building_permission_status":"NOT_APPLICABLE","violations_reported":"True","is_encumbered":"False","encumbrance_certificate_number":"EC-JK-2024-133-0005","encumbrance_type":"NIL","financial_institution":"","mortgage_amount":"0.0","created_at":"2026-01-15T09:00:00Z","updated_at":"2026-09-24T11:30:00Z"}},{"type":"Feature","geometry":{"type":"Polygon","coordinates":[[[74.55831942355319,32.915257644168086],[74.69478616606412,32.917841028500256],[74.67558368966391,33.046122362185244],[74.56395034142503,33.0545889579005],[74.55831942355319,32.915257644168086]]]},"properties":{"ulpin":"01986272299592","parcel_id":"eb9f7cb7-5bcf-4e83-8a00-9101811c7c42","state":"Jammu & Kashmir","state_code":"JK","state_type":"UT","state_lgd_code":"1","district_lgd_code":"10","district_name":"Srinagar","subdistrict_lgd_code":"101","subdistrict_name":"Srinagar South","subdistrict_type":"Tehsil / Taluk","village_lgd_code":"12104","village_name":"Rajbagh","khasra_plot_no":"Khasra 408/Min/D6","recorded_area":"2.0","recorded_area_unit":"Kanal-Marla","normalized_area_sqm":"1011.71","gis_area_sqm":"1011.71","land_use_category":"AGRICULTURAL","land_use_raw":"Residential Plotted","status":"ACTIVE","data_freshness_status":"CURRENT","scenario_index":"19776","use_case_description":"Government revenue lien and tax demand","mutation_workflow_status":"UNDER_VERIFICATION","revenue_record_id":"ROR-JK-2025-1033-0006","revenue_record_type":"Jamabandi (Aapki Zameen Aapki Nigrani)","khata_khewat_no":"KHT-83","khatauni_no":"KHN-183","owner_name":"Tariq Ahmad Mir","owner_name_local":"طارق احمد میر","co_owners":"","tenure_type":"Bhumiswami / Raiyati with Transferable Rights","mutation_status":"MUTATED","active_mutation_id":"","tax_demand_status":"PAID","annual_tax_inr":"185.5","deed_number":"DEED-JK-2024-433-0006","deed_type":"Sale Deed / Conveyance","sro_office":"Sub-Registrar Office, Srinagar South","execution_date":"2024-05-10","registered_owner":"Tariq Ahmad Mir","seller_name":"Previous Landholder","consideration_amount_inr":"3500000.0","stamp_duty_inr":"210000.0","survey_sketch_id":"FMB-JK-33-0006","cadastral_sheet_no":"SHT-JK-33","surveyed_area_sqm":"1011.71","survey_status":"SURVEYED","urban_authority":"Srinagar South Urban Development & Town Planning Authority","zone_name":"Residential Zone","permitted_land_use":"AGRICULTURAL","building_permission_status":"SANCTIONED","violations_reported":"False","is_encumbered":"True","encumbrance_certificate_number":"EC-JK-00000006-0006","encumbrance_type":"BANK_MORTGAGE","financial_institution":"","mortgage_amount":"0.0","created_at":"2026-01-15T09:00:00Z","updated_at":"2026-09-24T11:30:00Z"}},{"type":"Feature","geometry":{"type":"Polygon","coordinates":[[[74.53893850286495,35.07874549756363],[74.71872730677687,35.09512020945661],[74.71362362474103,35.21458544631014],[74.57079199736036,35.21664786316635],[74.53893850286495,35.07874549756363]]]},"properties":{"ulpin":"01762018145639","parcel_id":"891267f4-ba72-4d47-bd8b-7c94a15f8568","state":"Jammu & Kashmir","state_code":"JK","state_type":"UT","state_lgd_code":"1","district_lgd_code":"10","district_name":"Srinagar","subdistrict_lgd_code":"101","subdistrict_name":"Srinagar South","subdistrict_type":"Tehsil / Taluk","village_lgd_code":"12104","village_name":"Rajbagh","khasra_plot_no":"Khasra 408/Min/D7","recorded_area":"2.0","recorded_area_unit":"Kanal-Marla","normalized_area_sqm":"1011.71","gis_area_sqm":"1011.71","land_use_category":"INSTITUTIONAL","land_use_raw":"Residential Plotted","status":"PENDING_MUTATION","data_freshness_status":"STALE","scenario_index":"19777","use_case_description":"Court attachment and disputed possession","mutation_workflow_status":"NOTICE_PERIOD","revenue_record_id":"ROR-JK-2025-1033-0007","revenue_record_type":"Jamabandi (Aapki Zameen Aapki Nigrani)","khata_khewat_no":"KHT-83","khatauni_no":"KHN-183","owner_name":"Tariq Ahmad Mir","owner_name_local":"طارق احمد میر","co_owners":"","tenure_type":"Bhumiswami / Freehold","mutation_status":"PENDING","active_mutation_id":"MUT-JK-00000007","tax_demand_status":"PAID","annual_tax_inr":"185.5","deed_number":"DEED-JK-2024-433-0007","deed_type":"Sale Deed / Conveyance","sro_office":"Sub-Registrar Office, Srinagar South","execution_date":"2024-05-10","registered_owner":"Tariq Ahmad Mir","seller_name":"Previous Landholder","consideration_amount_inr":"3500000.0","stamp_duty_inr":"210000.0","survey_sketch_id":"FMB-JK-33-0007","cadastral_sheet_no":"SHT-JK-33","surveyed_area_sqm":"1011.71","survey_status":"PENDING","urban_authority":"Srinagar South Urban Development & Town Planning Authority","zone_name":"Residential Zone","permitted_land_use":"INSTITUTIONAL","building_permission_status":"PENDING","violations_reported":"False","is_encumbered":"True","encumbrance_certificate_number":"EC-JK-00000007-0007","encumbrance_type":"GOVT_REVENUE_LIEN","financial_institution":"","mortgage_amount":"0.0","created_at":"2026-01-15T09:00:00Z","updated_at":"2026-09-24T11:30:00Z"}},{"type":"Feature","geometry":{"type":"Polygon","coordinates":[[[76.40359466965911,35.479100522812786],[76.56726576779029,35.502881027713215],[76.55992530951694,35.64157421064406],[76.41893972472242,35.664610157726926],[76.40359466965911,35.479100522812786]]]},"properties":{"ulpin":"01205768931776","parcel_id":"ab61ef66-eb5a-40a9-8d24-ebeced0e7e02","state":"Jammu & Kashmir","state_code":"JK","state_type":"UT","state_lgd_code":"1","district_lgd_code":"10","district_name":"Srinagar","subdistrict_lgd_code":"101","subdistrict_name":"Srinagar South","subdistrict_type":"Tehsil / Taluk","village_lgd_code":"12104","village_name":"Rajbagh","khasra_plot_no":"Khasra 408/Min/D8","recorded_area":"2.0","recorded_area_unit":"Kanal-Marla","normalized_area_sqm":"1011.71","gis_area_sqm":"1011.71","land_use_category":"FOREST_GREEN_BELT","land_use_raw":"Residential Plotted","status":"SUBDIVIDED","data_freshness_status":"UNKNOWN","scenario_index":"19778","use_case_description":"Tribal non-alienation protection review","mutation_workflow_status":"HEARING_SCHEDULED","revenue_record_id":"ROR-JK-2025-1033-0008","revenue_record_type":"Jamabandi (Aapki Zameen Aapki Nigrani)","khata_khewat_no":"KHT-83","khatauni_no":"KHN-183","owner_name":"Tariq Ahmad Mir","owner_name_local":"طارق احمد میر","co_owners":"","tenure_type":"Leasehold","mutation_status":"UNMUTATED_TRANSACTION","active_mutation_id":"MUT-JK-00000008","tax_demand_status":"PAID","annual_tax_inr":"185.5","deed_number":"DEED-JK-2024-433-0008","deed_type":"Sale Deed / Conveyance","sro_office":"Sub-Registrar Office, Srinagar South","execution_date":"2024-05-10","registered_owner":"Tariq Ahmad Mir","seller_name":"Previous Landholder","consideration_amount_inr":"3500000.0","stamp_duty_inr":"210000.0","survey_sketch_id":"FMB-JK-33-0008","cadastral_sheet_no":"SHT-JK-33","surveyed_area_sqm":"1011.71","survey_status":"DISPUTED","urban_authority":"Srinagar South Urban Development & Town Planning Authority","zone_name":"Residential Zone","permitted_land_use":"FOREST_GREEN_BELT","building_permission_status":"REJECTED","violations_reported":"False","is_encumbered":"True","encumbrance_certificate_number":"EC-JK-00000008-0008","encumbrance_type":"COURT_ATTACHMENT","financial_institution":"","mortgage_amount":"0.0","created_at":"2026-01-15T09:00:00Z","updated_at":"2026-09-24T11:30:00Z"}},{"type":"Feature","geometry":{"type":"Polygon","coordinates":[[[75.16384250526589,33.35341964134679],[75.32672965809378,33.35544577394578],[75.2871560589355,33.47777927047996],[75.16384250526589,33.48929706544577],[75.16384250526589,33.35341964134679]]]},"properties":{"ulpin":"01360600363748","parcel_id":"7fb44eb5-9b8c-45d1-8fb4-8cfe399ebbf9","state":"Jammu & Kashmir","state_code":"JK","state_type":"UT","state_lgd_code":"1","district_lgd_code":"10","district_name":"Srinagar","subdistrict_lgd_code":"101","subdistrict_name":"Srinagar South","subdistrict_type":"Tehsil / Taluk","village_lgd_code":"12104","village_name":"Rajbagh","khasra_plot_no":"Khasra 408/Min/D9","recorded_area":"2.0","recorded_area_unit":"Kanal-Marla","normalized_area_sqm":"1011.71","gis_area_sqm":"1011.71","land_use_category":"WATER_BODY","land_use_raw":"Residential Plotted","status":"AMALGAMATED","data_freshness_status":"CURRENT","scenario_index":"19779","use_case_description":"Lease charge and institutional tenancy","mutation_workflow_status":"APPROVED","revenue_record_id":"ROR-JK-2025-1033-0009","revenue_record_type":"Jamabandi (Aapki Zameen Aapki Nigrani)","khata_khewat_no":"KHT-83","khatauni_no":"KHN-183","owner_name":"Tariq Ahmad Mir","owner_name_local":"طارق احمد میر","co_owners":"","tenure_type":"Government Grant","mutation_status":"REJECTED","active_mutation_id":"MUT-JK-00000009","tax_demand_status":"PAID","annual_tax_inr":"185.5","deed_number":"DEED-JK-2024-433-0009","deed_type":"Sale Deed / Conveyance","sro_office":"Sub-Registrar Office, Srinagar South","execution_date":"2024-05-10","registered_owner":"Registry Variance Owner 9","seller_name":"Previous Landholder","consideration_amount_inr":"3500000.0","stamp_duty_inr":"210000.0","survey_sketch_id":"FMB-JK-33-0009","cadastral_sheet_no":"SHT-JK-33","surveyed_area_sqm":"1011.71","survey_status":"RESURVEY_REQUIRED","urban_authority":"Srinagar South Urban Development & Town Planning Authority","zone_name":"Residential Zone","permitted_land_use":"WATER_BODY","building_permission_status":"NOT_APPLICABLE","violations_reported":"False","is_encumbered":"True","encumbrance_certificate_number":"EC-JK-00000009-0009","encumbrance_type":"TRIBAL_NON_ALIENATION","financial_institution":"","mortgage_amount":"0.0","created_at":"2026-01-15T09:00:00Z","updated_at":"2026-09-24T11:30:00Z"}},{"type":"Feature","geometry":{"type":"Polygon","coordinates":[[[75.2930945397389,32.81375440351252],[75.46996924248347,32.79138534497725],[75.47865362441593,32.92465022058892],[75.29563545404676,32.92124310674046],[75.2930945397389,32.81375440351252]]]},"properties":{"ulpin":"01861683742248","parcel_id":"2a8a8c45-018b-4068-b2ab-34eea602a722","state":"Jammu & Kashmir","state_code":"JK","state_type":"UT","state_lgd_code":"1","district_lgd_code":"10","district_name":"Srinagar","subdistrict_lgd_code":"101","subdistrict_name":"Srinagar South","subdistrict_type":"Tehsil / Taluk","village_lgd_code":"12104","village_name":"Rajbagh","khasra_plot_no":"Khasra 408/Min/D10","recorded_area":"2.0","recorded_area_unit":"Kanal-Marla","normalized_area_sqm":"1011.71","gis_area_sqm":"1011.71","land_use_category":"MIXED_USE","land_use_raw":"Residential Plotted","status":"DISPUTED","data_freshness_status":"STALE","scenario_index":"19780","use_case_description":"Subdivision or amalgamation history review","mutation_workflow_status":"REJECTED","revenue_record_id":"ROR-JK-2025-1033-0010","revenue_record_type":"Jamabandi (Aapki Zameen Aapki Nigrani)","khata_khewat_no":"KHT-83","khatauni_no":"KHN-183","owner_name":"Tariq Ahmad Mir","owner_name_local":"طارق احمد میر","co_owners":"","tenure_type":"Waqf / Religious Trust","mutation_status":"DISPUTED","active_mutation_id":"MUT-JK-00000010","tax_demand_status":"PAID","annual_tax_inr":"185.5","deed_number":"DEED-JK-2024-433-0010","deed_type":"Sale Deed / Conveyance","sro_office":"Sub-Registrar Office, Srinagar South","execution_date":"2024-05-10","registered_owner":"Tariq Ahmad Mir","seller_name":"Previous Landholder","consideration_amount_inr":"3500000.0","stamp_duty_inr":"210000.0","survey_sketch_id":"FMB-JK-33-0010","cadastral_sheet_no":"SHT-JK-33","surveyed_area_sqm":"1011.71","survey_status":"SURVEYED","urban_authority":"Srinagar South Urban Development & Town Planning Authority","zone_name":"Residential Zone","permitted_land_use":"MIXED_USE","building_permission_status":"SANCTIONED","violations_reported":"False","is_encumbered":"True","encumbrance_certificate_number":"EC-JK-00000010-0010","encumbrance_type":"LEASE_CHARGE","financial_institution":"","mortgage_amount":"0.0","created_at":"2026-01-15T09:00:00Z","updated_at":"2026-09-24T11:30:00Z"}},{"type":"Feature","geometry":{"type":"Polygon","coordinates":[[[76.49999067237506,32.66156394611088],[76.64593164618695,32.66835756467544],[76.67446767160499,32.833513374344385],[76.52100291670892,32.79741380366074],[76.49999067237506,32.66156394611088]]]},"properties":{"ulpin":"01962043288490","parcel_id":"176cf420-87a7-43b9-8035-6b94cc1073b8","state":"Jammu & Kashmir","state_code":"JK","state_type":"UT","state_lgd_code":"1","district_lgd_code":"10","district_name":"Srinagar","subdistrict_lgd_code":"101","subdistrict_name":"Srinagar South","subdistrict_type":"Tehsil / Taluk","village_lgd_code":"12104","village_name":"Rajbagh","khasra_plot_no":"Khasra 408/Min/D11","recorded_area":"2.0","recorded_area_unit":"Kanal-Marla","normalized_area_sqm":"1011.71","gis_area_sqm":"1011.71","land_use_category":"OTHER","land_use_raw":"Residential Plotted","status":"ARCHIVED","data_freshness_status":"UNKNOWN","scenario_index":"19781","use_case_description":"Tribal non-alienation protection review","mutation_workflow_status":"SLA_BREACHED","revenue_record_id":"ROR-JK-2025-1033-0011","revenue_record_type":"Jamabandi (Aapki Zameen Aapki Nigrani)","khata_khewat_no":"KHT-83","khatauni_no":"KHN-183","owner_name":"Tariq Ahmad Mir","owner_name_local":"طارق احمد میر","co_owners":"","tenure_type":"Tribal Community Tenure","mutation_status":"NONE","active_mutation_id":"MUT-JK-00000011","tax_demand_status":"PAID","annual_tax_inr":"185.5","deed_number":"DEED-JK-2024-433-0011","deed_type":"Sale Deed / Conveyance","sro_office":"Sub-Registrar Office, Srinagar South","execution_date":"2024-05-10","registered_owner":"Tariq Ahmad Mir","seller_name":"Previous Landholder","consideration_amount_inr":"3500000.0","stamp_duty_inr":"210000.0","survey_sketch_id":"FMB-JK-33-0011","cadastral_sheet_no":"SHT-JK-33","surveyed_area_sqm":"1011.71","survey_status":"PENDING","urban_authority":"Srinagar South Urban Development & Town Planning Authority","zone_name":"Residential Zone","permitted_land_use":"OTHER","building_permission_status":"PENDING","violations_reported":"False","is_encumbered":"False","encumbrance_certificate_number":"EC-JK-2024-133-0011","encumbrance_type":"NIL","financial_institution":"","mortgage_amount":"0.0","created_at":"2026-01-15T09:00:00Z","updated_at":"2026-09-24T11:30:00Z"}},{"type":"Feature","geometry":{"type":"Polygon","coordinates":[[[75.46996924248347,32.79138534497725],[75.60128377626042,32.80470874439704],[75.58539657849427,32.96280142597654],[75.47865362441593,32.92465022058892],[75.46996924248347,32.79138534497725]]]},"properties":{"ulpin":"01865372887730","parcel_id":"bdae3b70-1a6f-4fd7-b5b5-245a5a6177f2","state":"Jammu & Kashmir","state_code":"JK","state_type":"UT","state_lgd_code":"1","district_lgd_code":"10","district_name":"Srinagar","subdistrict_lgd_code":"101","subdistrict_name":"Srinagar South","subdistrict_type":"Tehsil / Taluk","village_lgd_code":"12104","village_name":"Rajbagh","khasra_plot_no":"Khasra 408/Min/D12","recorded_area":"2.0","recorded_area_unit":"Kanal-Marla","normalized_area_sqm":"1011.71","gis_area_sqm":"1011.71","land_use_category":"RESIDENTIAL","land_use_raw":"Residential Plotted","status":"ACTIVE","data_freshness_status":"CURRENT","scenario_index":"19782","use_case_description":"Bank mortgage and active encumbrance","mutation_workflow_status":"SUBMITTED","revenue_record_id":"ROR-JK-2025-1033-0012","revenue_record_type":"Jamabandi (Aapki Zameen Aapki Nigrani)","khata_khewat_no":"KHT-83","khatauni_no":"KHN-183","owner_name":"Tariq Ahmad Mir","owner_name_local":"طارق احمد میر","co_owners":"","tenure_type":"Bhumiswami / Raiyati with Transferable Rights","mutation_status":"MUTATED","active_mutation_id":"","tax_demand_status":"PAID","annual_tax_inr":"185.5","deed_number":"DEED-JK-2024-433-0012","deed_type":"Sale Deed / Conveyance","sro_office":"Sub-Registrar Office, Srinagar South","execution_date":"2024-05-10","registered_owner":"Tariq Ahmad Mir","seller_name":"Previous Landholder","consideration_amount_inr":"3500000.0","stamp_duty_inr":"210000.0","survey_sketch_id":"FMB-JK-33-0012","cadastral_sheet_no":"SHT-JK-33","surveyed_area_sqm":"1011.71","survey_status":"DISPUTED","urban_authority":"Srinagar South Urban Development & Town Planning Authority","zone_name":"Residential Zone","permitted_land_use":"RESIDENTIAL","building_permission_status":"REJECTED","violations_reported":"True","is_encumbered":"True","encumbrance_certificate_number":"EC-JK-00000012-0012","encumbrance_type":"BANK_MORTGAGE","financial_institution":"","mortgage_amount":"0.0","created_at":"2026-01-15T09:00:00Z","updated_at":"2026-09-24T11:30:00Z"}},{"type":"Feature","geometry":{"type":"Polygon","coordinates":[[[76.83533114526482,32.32353278075193],[76.97751787727931,32.323369358896265],[76.97751787727931,32.50255163837623],[76.81383255375192,32.487951791832],[76.83533114526482,32.32353278075193]]]},"properties":{"ulpin":"01112134016214","parcel_id":"65307f13-5f7d-481d-a794-e2ef6b25155c","state":"Jammu & Kashmir","state_code":"JK","state_type":"UT","state_lgd_code":"1","district_lgd_code":"10","district_name":"Srinagar","subdistrict_lgd_code":"101","subdistrict_name":"Srinagar South","subdistrict_type":"Tehsil / Taluk","village_lgd_code":"12104","village_name":"Rajbagh","khasra_plot_no":"Khasra 408/Min/D13","recorded_area":"2.0","recorded_area_unit":"Kanal-Marla","normalized_area_sqm":"1011.71","gis_area_sqm":"1011.71","land_use_category":"COMMERCIAL","land_use_raw":"Residential Plotted","status":"PENDING_MUTATION","data_freshness_status":"STALE","scenario_index":"19783","use_case_description":"Government revenue lien and tax demand","mutation_workflow_status":"UNDER_VERIFICATION","revenue_record_id":"ROR-JK-2025-1033-0013","revenue_record_type":"Jamabandi (Aapki Zameen Aapki Nigrani)","khata_khewat_no":"KHT-83","khatauni_no":"KHN-183","owner_name":"Tariq Ahmad Mir","owner_name_local":"طارق احمد میر","co_owners":"","tenure_type":"Bhumiswami / Freehold","mutation_status":"PENDING","active_mutation_id":"MUT-JK-00000013","tax_demand_status":"PAID","annual_tax_inr":"185.5","deed_number":"DEED-JK-2024-433-0013","deed_type":"Sale Deed / Conveyance","sro_office":"Sub-Registrar Office, Srinagar South","execution_date":"2024-05-10","registered_owner":"Tariq Ahmad Mir","seller_name":"Previous Landholder","consideration_amount_inr":"3500000.0","stamp_duty_inr":"210000.0","survey_sketch_id":"FMB-JK-33-0013","cadastral_sheet_no":"SHT-JK-33","surveyed_area_sqm":"1011.71","survey_status":"RESURVEY_REQUIRED","urban_authority":"Srinagar South Urban Development & Town Planning Authority","zone_name":"Residential Zone","permitted_land_use":"COMMERCIAL","building_permission_status":"NOT_APPLICABLE","violations_reported":"False","is_encumbered":"True","encumbrance_certificate_number":"EC-JK-00000013-0013","encumbrance_type":"GOVT_REVENUE_LIEN","financial_institution":"","mortgage_amount":"0.0","created_at":"2026-01-15T09:00:00Z","updated_at":"2026-09-24T11:30:00Z"}},{"type":"Feature","geometry":{"type":"Polygon","coordinates":[[[75.54358166769359,35.27220053386236],[75.69445072443159,35.2786360984851],[75.69663566616966,35.41430302284451],[75.56153132002332,35.42488948380318],[75.54358166769359,35.27220053386236]]]},"properties":{"ulpin":"01284886169612","parcel_id":"7bb2fc85-fccc-4079-9723-eb3c244413b1","state":"Jammu & Kashmir","state_code":"JK","state_type":"UT","state_lgd_code":"1","district_lgd_code":"10","district_name":"Srinagar","subdistrict_lgd_code":"101","subdistrict_name":"Srinagar South","subdistrict_type":"Tehsil / Taluk","village_lgd_code":"12104","village_name":"Rajbagh","khasra_plot_no":"Khasra 408/Min/D14","recorded_area":"2.0","recorded_area_unit":"Kanal-Marla","normalized_area_sqm":"1011.71","gis_area_sqm":"1011.71","land_use_category":"INDUSTRIAL","land_use_raw":"Residential Plotted","status":"SUBDIVIDED","data_freshness_status":"UNKNOWN","scenario_index":"19784","use_case_description":"Court attachment and disputed possession","mutation_workflow_status":"NOTICE_PERIOD","revenue_record_id":"ROR-JK-2025-1033-0014","revenue_record_type":"Jamabandi (Aapki Zameen Aapki Nigrani)","khata_khewat_no":"KHT-83","khatauni_no":"KHN-183","owner_name":"Tariq Ahmad Mir","owner_name_local":"طارق احمد میر","co_owners":"","tenure_type":"Leasehold","mutation_status":"UNMUTATED_TRANSACTION","active_mutation_id":"MUT-JK-00000014","tax_demand_status":"PAID","annual_tax_inr":"185.5","deed_number":"DEED-JK-2024-433-0014","deed_type":"Sale Deed / Conveyance","sro_office":"Sub-Registrar Office, Srinagar South","execution_date":"2024-05-10","registered_owner":"Registry Variance Owner 14","seller_name":"Previous Landholder","consideration_amount_inr":"3500000.0","stamp_duty_inr":"210000.0","survey_sketch_id":"FMB-JK-33-0014","cadastral_sheet_no":"SHT-JK-33","surveyed_area_sqm":"1011.71","survey_status":"SURVEYED","urban_authority":"Srinagar South Urban Development & Town Planning Authority","zone_name":"Residential Zone","permitted_land_use":"INDUSTRIAL","building_permission_status":"SANCTIONED","violations_reported":"False","is_encumbered":"True","encumbrance_certificate_number":"EC-JK-00000014-0014","encumbrance_type":"COURT_ATTACHMENT","financial_institution":"","mortgage_amount":"0.0","created_at":"2026-01-15T09:00:00Z","updated_at":"2026-09-24T11:30:00Z"}},{"type":"Feature","geometry":{"type":"Polygon","coordinates":[[[74.28526668736126,33.677257846893504],[74.40817945576052,33.66578946586601],[74.40670740482021,33.839663595303904],[74.28526668736126,33.839663595303904],[74.28526668736126,33.677257846893504]]]},"properties":{"ulpin":"01619906180107","parcel_id":"c690e185-fa9f-45a8-a6c5-389d1b4ff0c8","state":"Jammu & Kashmir","state_code":"JK","state_type":"UT","state_lgd_code":"1","district_lgd_code":"10","district_name":"Srinagar","subdistrict_lgd_code":"101","subdistrict_name":"Srinagar South","subdistrict_type":"Tehsil / Taluk","village_lgd_code":"12104","village_name":"Rajbagh","khasra_plot_no":"Khasra 408/Min/D15","recorded_area":"2.0","recorded_area_unit":"Kanal-Marla","normalized_area_sqm":"1011.71","gis_area_sqm":"1011.71","land_use_category":"AGRICULTURAL","land_use_raw":"Residential Plotted","status":"AMALGAMATED","data_freshness_status":"CURRENT","scenario_index":"19785","use_case_description":"Tribal non-alienation protection review","mutation_workflow_status":"HEARING_SCHEDULED","revenue_record_id":"ROR-JK-2025-1033-0015","revenue_record_type":"Jamabandi (Aapki Zameen Aapki Nigrani)","khata_khewat_no":"KHT-83","khatauni_no":"KHN-183","owner_name":"Tariq Ahmad Mir","owner_name_local":"طارق احمد میر","co_owners":"","tenure_type":"Government Grant","mutation_status":"REJECTED","active_mutation_id":"MUT-JK-00000015","tax_demand_status":"PAID","annual_tax_inr":"185.5","deed_number":"DEED-JK-2024-433-0015","deed_type":"Sale Deed / Conveyance","sro_office":"Sub-Registrar Office, Srinagar South","execution_date":"2024-05-10","registered_owner":"Tariq Ahmad Mir","seller_name":"Previous Landholder","consideration_amount_inr":"3500000.0","stamp_duty_inr":"210000.0","survey_sketch_id":"FMB-JK-33-0015","cadastral_sheet_no":"SHT-JK-33","surveyed_area_sqm":"1011.71","survey_status":"PENDING","urban_authority":"Srinagar South Urban Development & Town Planning Authority","zone_name":"Residential Zone","permitted_land_use":"AGRICULTURAL","building_permission_status":"PENDING","violations_reported":"False","is_encumbered":"True","encumbrance_certificate_number":"EC-JK-00000015-0015","encumbrance_type":"TRIBAL_NON_ALIENATION","financial_institution":"","mortgage_amount":"0.0","created_at":"2026-01-15T09:00:00Z","updated_at":"2026-09-24T11:30:00Z"}},{"type":"Feature","geometry":{"type":"Polygon","coordinates":[[[75.16384250526589,32.7975720999674],[75.2930945397389,32.81375440351252],[75.29563545404676,32.92124310674046],[75.16384250526589,32.938520026736995],[75.16384250526589,32.7975720999674]]]},"properties":{"ulpin":"01468761201445","parcel_id":"87c2e8b7-ec09-4239-a55a-da8785bfa283","state":"Jammu & Kashmir","state_code":"JK","state_type":"UT","state_lgd_code":"1","district_lgd_code":"10","district_name":"Srinagar","subdistrict_lgd_code":"101","subdistrict_name":"Srinagar South","subdistrict_type":"Tehsil / Taluk","village_lgd_code":"12104","village_name":"Rajbagh","khasra_plot_no":"Khasra 408/Min/D16","recorded_area":"2.0","recorded_area_unit":"Kanal-Marla","normalized_area_sqm":"1011.71","gis_area_sqm":"1011.71","land_use_category":"INSTITUTIONAL","land_use_raw":"Residential Plotted","status":"DISPUTED","data_freshness_status":"STALE","scenario_index":"19786","use_case_description":"Lease charge and institutional tenancy","mutation_workflow_status":"APPROVED","revenue_record_id":"ROR-JK-2025-1033-0016","revenue_record_type":"Jamabandi (Aapki Zameen Aapki Nigrani)","khata_khewat_no":"KHT-83","khatauni_no":"KHN-183","owner_name":"Tariq Ahmad Mir","owner_name_local":"طارق احمد میر","co_owners":"","tenure_type":"Waqf / Religious Trust","mutation_status":"DISPUTED","active_mutation_id":"MUT-JK-00000016","tax_demand_status":"PAID","annual_tax_inr":"185.5","deed_number":"DEED-JK-2024-433-0016","deed_type":"Sale Deed / Conveyance","sro_office":"Sub-Registrar Office, Srinagar South","execution_date":"2024-05-10","registered_owner":"Tariq Ahmad Mir","seller_name":"Previous Landholder","consideration_amount_inr":"3500000.0","stamp_duty_inr":"210000.0","survey_sketch_id":"FMB-JK-33-0016","cadastral_sheet_no":"SHT-JK-33","surveyed_area_sqm":"1011.71","survey_status":"DISPUTED","urban_authority":"Srinagar South Urban Development & Town Planning Authority","zone_name":"Residential Zone","permitted_land_use":"INSTITUTIONAL","building_permission_status":"REJECTED","violations_reported":"False","is_encumbered":"True","encumbrance_certificate_number":"EC-JK-00000016-0016","encumbrance_type":"LEASE_CHARGE","financial_institution":"","mortgage_amount":"0.0","created_at":"2026-01-15T09:00:00Z","updated_at":"2026-09-24T11:30:00Z"}},{"type":"Feature","geometry":{"type":"Polygon","coordinates":[[[76.66344635752176,33.12045799521109],[76.80920242336025,33.14262244294344],[76.82706650666945,33.275905234201296],[76.65179849504514,33.27357007527419],[76.66344635752176,33.12045799521109]]]},"properties":{"ulpin":"01078240640136","parcel_id":"b496728e-1ed7-48a1-9501-90b6d6ed5016","state":"Jammu & Kashmir","state_code":"JK","state_type":"UT","state_lgd_code":"1","district_lgd_code":"10","district_name":"Srinagar","subdistrict_lgd_code":"101","subdistrict_name":"Srinagar South","subdistrict_type":"Tehsil / Taluk","village_lgd_code":"12104","village_name":"Rajbagh","khasra_plot_no":"Khasra 408/Min/D17","recorded_area":"2.0","recorded_area_unit":"Kanal-Marla","normalized_area_sqm":"1011.71","gis_area_sqm":"1011.71","land_use_category":"FOREST_GREEN_BELT","land_use_raw":"Residential Plotted","status":"ARCHIVED","data_freshness_status":"UNKNOWN","scenario_index":"19787","use_case_description":"Pending sale mutation within statutory SLA","mutation_workflow_status":"REJECTED","revenue_record_id":"ROR-JK-2025-1033-0017","revenue_record_type":"Jamabandi (Aapki Zameen Aapki Nigrani)","khata_khewat_no":"KHT-83","khatauni_no":"KHN-183","owner_name":"Tariq Ahmad Mir","owner_name_local":"طارق احمد میر","co_owners":"","tenure_type":"Tribal Community Tenure","mutation_status":"NONE","active_mutation_id":"MUT-JK-00000017","tax_demand_status":"PAID","annual_tax_inr":"185.5","deed_number":"DEED-JK-2024-433-0017","deed_type":"Sale Deed / Conveyance","sro_office":"Sub-Registrar Office, Srinagar South","execution_date":"2024-05-10","registered_owner":"Tariq Ahmad Mir","seller_name":"Previous Landholder","consideration_amount_inr":"3500000.0","stamp_duty_inr":"210000.0","survey_sketch_id":"FMB-JK-33-0017","cadastral_sheet_no":"SHT-JK-33","surveyed_area_sqm":"1011.71","survey_status":"RESURVEY_REQUIRED","urban_authority":"Srinagar South Urban Development & Town Planning Authority","zone_name":"Residential Zone","permitted_land_use":"FOREST_GREEN_BELT","building_permission_status":"NOT_APPLICABLE","violations_reported":"False","is_encumbered":"False","encumbrance_certificate_number":"EC-JK-2024-133-0017","encumbrance_type":"NIL","financial_institution":"","mortgage_amount":"0.0","created_at":"2026-01-15T09:00:00Z","updated_at":"2026-09-24T11:30:00Z"}},{"type":"Feature","geometry":{"type":"Polygon","coordinates":[[[76.03196053402428,34.82982251227477],[76.20655910667753,34.82819479011094],[76.19086538044219,34.98979869062791],[76.03196053402428,34.98492765286898],[76.03196053402428,34.82982251227477]]]},"properties":{"ulpin":"01960998976910","parcel_id":"402041c5-bb46-46c3-a069-a7fe8a27606b","state":"Jammu & Kashmir","state_code":"JK","state_type":"UT","state_lgd_code":"1","district_lgd_code":"10","district_name":"Srinagar","subdistrict_lgd_code":"101","subdistrict_name":"Srinagar South","subdistrict_type":"Tehsil / Taluk","village_lgd_code":"12104","village_name":"Rajbagh","khasra_plot_no":"Khasra 408/Min/D18","recorded_area":"2.0","recorded_area_unit":"Kanal-Marla","normalized_area_sqm":"1011.71","gis_area_sqm":"1011.71","land_use_category":"WATER_BODY","land_use_raw":"Residential Plotted","status":"ACTIVE","data_freshness_status":"CURRENT","scenario_index":"19788","use_case_description":"Archived historical record for audit retrieval","mutation_workflow_status":"SLA_BREACHED","revenue_record_id":"ROR-JK-2025-1033-0018","revenue_record_type":"Jamabandi (Aapki Zameen Aapki Nigrani)","khata_khewat_no":"KHT-83","khatauni_no":"KHN-183","owner_name":"Tariq Ahmad Mir","owner_name_local":"طارق احمد میر","co_owners":"","tenure_type":"Bhumiswami / Raiyati with Transferable Rights","mutation_status":"MUTATED","active_mutation_id":"","tax_demand_status":"PAID","annual_tax_inr":"185.5","deed_number":"DEED-JK-2024-433-0018","deed_type":"Sale Deed / Conveyance","sro_office":"Sub-Registrar Office, Srinagar South","execution_date":"2024-05-10","registered_owner":"Tariq Ahmad Mir","seller_name":"Previous Landholder","consideration_amount_inr":"3500000.0","stamp_duty_inr":"210000.0","survey_sketch_id":"FMB-JK-33-0018","cadastral_sheet_no":"SHT-JK-33","surveyed_area_sqm":"1011.71","survey_status":"SURVEYED","urban_authority":"Srinagar South Urban Development & Town Planning Authority","zone_name":"Residential Zone","permitted_land_use":"WATER_BODY","building_permission_status":"SANCTIONED","violations_reported":"False","is_encumbered":"True","encumbrance_certificate_number":"EC-JK-00000018-0018","encumbrance_type":"BANK_MORTGAGE","financial_institution":"","mortgage_amount":"0.0","created_at":"2026-01-15T09:00:00Z","updated_at":"2026-09-24T11:30:00Z"}},{"type":"Feature","geometry":{"type":"Polygon","coordinates":[[[74.57243048179097,34.55410920116546],[74.68603549987893,34.55410920116546],[74.70768205173493,34.70505487648024],[74.54295244825025,34.67936775911418],[74.57243048179097,34.55410920116546]]]},"properties":{"ulpin":"01729828698576","parcel_id":"c3e4f859-feb1-4387-8c49-d886ff438cbe","state":"Jammu & Kashmir","state_code":"JK","state_type":"UT","state_lgd_code":"1","district_lgd_code":"10","district_name":"Srinagar","subdistrict_lgd_code":"101","subdistrict_name":"Srinagar South","subdistrict_type":"Tehsil / Taluk","village_lgd_code":"12104","village_name":"Rajbagh","khasra_plot_no":"Khasra 408/Min/D19","recorded_area":"2.0","recorded_area_unit":"Kanal-Marla","normalized_area_sqm":"1011.71","gis_area_sqm":"1011.71","land_use_category":"MIXED_USE","land_use_raw":"Residential Plotted","status":"PENDING_MUTATION","data_freshness_status":"STALE","scenario_index":"19789","use_case_description":"Bank mortgage and active encumbrance","mutation_workflow_status":"SUBMITTED","revenue_record_id":"ROR-JK-2025-1033-0019","revenue_record_type":"Jamabandi (Aapki Zameen Aapki Nigrani)","khata_khewat_no":"KHT-83","khatauni_no":"KHN-183","owner_name":"Tariq Ahmad Mir","owner_name_local":"طارق احمد میر","co_owners":"","tenure_type":"Bhumiswami / Freehold","mutation_status":"PENDING","active_mutation_id":"MUT-JK-00000019","tax_demand_status":"PAID","annual_tax_inr":"185.5","deed_number":"DEED-JK-2024-433-0019","deed_type":"Sale Deed / Conveyance","sro_office":"Sub-Registrar Office, Srinagar South","execution_date":"2024-05-10","registered_owner":"Registry Variance Owner 19","seller_name":"Previous Landholder","consideration_amount_inr":"3500000.0","stamp_duty_inr":"210000.0","survey_sketch_id":"FMB-JK-33-0019","cadastral_sheet_no":"SHT-JK-33","surveyed_area_sqm":"1011.71","survey_status":"PENDING","urban_authority":"Srinagar South Urban Development & Town Planning Authority","zone_name":"Residential Zone","permitted_land_use":"MIXED_USE","building_permission_status":"PENDING","violations_reported":"True","is_encumbered":"True","encumbrance_certificate_number":"EC-JK-00000019-0019","encumbrance_type":"GOVT_REVENUE_LIEN","financial_institution":"","mortgage_amount":"0.0","created_at":"2026-01-15T09:00:00Z","updated_at":"2026-09-24T11:30:00Z"}},{"type":"Feature","geometry":{"type":"Polygon","coordinates":[[[76.18886080676486,35.67857736175056],[76.41893972472242,35.664610157726926],[76.39114686549829,35.82671779202917],[76.22496718955041,35.82671779202917],[76.18886080676486,35.67857736175056]]]},"properties":{"ulpin":"01786398676973","parcel_id":"a5f79609-674b-4b88-a887-28624f897e19","state":"Jammu & Kashmir","state_code":"JK","state_type":"UT","state_lgd_code":"1","district_lgd_code":"10","district_name":"Srinagar","subdistrict_lgd_code":"101","subdistrict_name":"Srinagar South","subdistrict_type":"Tehsil / Taluk","village_lgd_code":"12104","village_name":"Rajbagh","khasra_plot_no":"Khasra 408/Min/D20","recorded_area":"2.0","recorded_area_unit":"Kanal-Marla","normalized_area_sqm":"1011.71","gis_area_sqm":"1011.71","land_use_category":"OTHER","land_use_raw":"Residential Plotted","status":"SUBDIVIDED","data_freshness_status":"UNKNOWN","scenario_index":"19790","use_case_description":"Government revenue lien and tax demand","mutation_workflow_status":"UNDER_VERIFICATION","revenue_record_id":"ROR-JK-2025-1033-0020","revenue_record_type":"Jamabandi (Aapki Zameen Aapki Nigrani)","khata_khewat_no":"KHT-83","khatauni_no":"KHN-183","owner_name":"Tariq Ahmad Mir","owner_name_local":"طارق احمد میر","co_owners":"","tenure_type":"Leasehold","mutation_status":"UNMUTATED_TRANSACTION","active_mutation_id":"MUT-JK-00000020","tax_demand_status":"PAID","annual_tax_inr":"185.5","deed_number":"DEED-JK-2024-433-0020","deed_type":"Sale Deed / Conveyance","sro_office":"Sub-Registrar Office, Srinagar South","execution_date":"2024-05-10","registered_owner":"Tariq Ahmad Mir","seller_name":"Previous Landholder","consideration_amount_inr":"3500000.0","stamp_duty_inr":"210000.0","survey_sketch_id":"FMB-JK-33-0020","cadastral_sheet_no":"SHT-JK-33","surveyed_area_sqm":"1011.71","survey_status":"DISPUTED","urban_authority":"Srinagar South Urban Development & Town Planning Authority","zone_name":"Residential Zone","permitted_land_use":"OTHER","building_permission_status":"REJECTED","violations_reported":"False","is_encumbered":"True","encumbrance_certificate_number":"EC-JK-00000020-0020","encumbrance_type":"COURT_ATTACHMENT","financial_institution":"","mortgage_amount":"0.0","created_at":"2026-01-15T09:00:00Z","updated_at":"2026-09-24T11:30:00Z"}},{"type":"Feature","geometry":{"type":"Polygon","coordinates":[[[74.82991864462029,34.93272869836133],[75.00046021741915,34.92862865018014],[75.00046021741915,35.06610025993427],[74.86313545524979,35.084007199711955],[74.82991864462029,34.93272869836133]]]},"properties":{"ulpin":"01301660915302","parcel_id":"3d0f4b99-ba53-47a2-bb76-9bcec5a711ea","state":"Jammu & Kashmir","state_code":"JK","state_type":"UT","state_lgd_code":"1","district_lgd_code":"10","district_name":"Srinagar","subdistrict_lgd_code":"101","subdistrict_name":"Srinagar South","subdistrict_type":"Tehsil / Taluk","village_lgd_code":"12104","village_name":"Rajbagh","khasra_plot_no":"Khasra 408/Min/D21","recorded_area":"2.0","recorded_area_unit":"Kanal-Marla","normalized_area_sqm":"1011.71","gis_area_sqm":"1011.71","land_use_category":"RESIDENTIAL","land_use_raw":"Residential Plotted","status":"AMALGAMATED","data_freshness_status":"CURRENT","scenario_index":"19791","use_case_description":"Court attachment and disputed possession","mutation_workflow_status":"NOTICE_PERIOD","revenue_record_id":"ROR-JK-2025-1033-0021","revenue_record_type":"Jamabandi (Aapki Zameen Aapki Nigrani)","khata_khewat_no":"KHT-83","khatauni_no":"KHN-183","owner_name":"Tariq Ahmad Mir","owner_name_local":"طارق احمد میر","co_owners":"","tenure_type":"Government Grant","mutation_status":"REJECTED","active_mutation_id":"MUT-JK-00000021","tax_demand_status":"PAID","annual_tax_inr":"185.5","deed_number":"DEED-JK-2024-433-0021","deed_type":"Sale Deed / Conveyance","sro_office":"Sub-Registrar Office, Srinagar South","execution_date":"2024-05-10","registered_owner":"Tariq Ahmad Mir","seller_name":"Previous Landholder","consideration_amount_inr":"3500000.0","stamp_duty_inr":"210000.0","survey_sketch_id":"FMB-JK-33-0021","cadastral_sheet_no":"SHT-JK-33","surveyed_area_sqm":"1011.71","survey_status":"RESURVEY_REQUIRED","urban_authority":"Srinagar South Urban Development & Town Planning Authority","zone_name":"Residential Zone","permitted_land_use":"RESIDENTIAL","building_permission_status":"NOT_APPLICABLE","violations_reported":"False","is_encumbered":"True","encumbrance_certificate_number":"EC-JK-00000021-0021","encumbrance_type":"TRIBAL_NON_ALIENATION","financial_institution":"","mortgage_amount":"0.0","created_at":"2026-01-15T09:00:00Z","updated_at":"2026-09-24T11:30:00Z"}},{"type":"Feature","geometry":{"type":"Polygon","coordinates":[[[75.2871560589355,33.47777927047996],[75.45188853918145,33.49115197723439],[75.47411443226653,33.62068604423149],[75.29496377475513,33.63092916213798],[75.2871560589355,33.47777927047996]]]},"properties":{"ulpin":"01689470291712","parcel_id":"bb6a6f4e-eb2b-4541-ad38-79c182aef504","state":"Jammu & Kashmir","state_code":"JK","state_type":"UT","state_lgd_code":"1","district_lgd_code":"10","district_name":"Srinagar","subdistrict_lgd_code":"101","subdistrict_name":"Srinagar South","subdistrict_type":"Tehsil / Taluk","village_lgd_code":"12104","village_name":"Rajbagh","khasra_plot_no":"Khasra 408/Min/D22","recorded_area":"2.0","recorded_area_unit":"Kanal-Marla","normalized_area_sqm":"1011.71","gis_area_sqm":"1011.71","land_use_category":"COMMERCIAL","land_use_raw":"Residential Plotted","status":"DISPUTED","data_freshness_status":"STALE","scenario_index":"19792","use_case_description":"Tribal non-alienation protection review","mutation_workflow_status":"HEARING_SCHEDULED","revenue_record_id":"ROR-JK-2025-1033-0022","revenue_record_type":"Jamabandi (Aapki Zameen Aapki Nigrani)","khata_khewat_no":"KHT-83","khatauni_no":"KHN-183","owner_name":"Tariq Ahmad Mir","owner_name_local":"طارق احمد میر","co_owners":"","tenure_type":"Waqf / Religious Trust","mutation_status":"DISPUTED","active_mutation_id":"MUT-JK-00000022","tax_demand_status":"PAID","annual_tax_inr":"185.5","deed_number":"DEED-JK-2024-433-0022","deed_type":"Sale Deed / Conveyance","sro_office":"Sub-Registrar Office, Srinagar South","execution_date":"2024-05-10","registered_owner":"Tariq Ahmad Mir","seller_name":"Previous Landholder","consideration_amount_inr":"3500000.0","stamp_duty_inr":"210000.0","survey_sketch_id":"FMB-JK-33-0022","cadastral_sheet_no":"SHT-JK-33","surveyed_area_sqm":"1011.71","survey_status":"SURVEYED","urban_authority":"Srinagar South Urban Development & Town Planning Authority","zone_name":"Residential Zone","permitted_land_use":"COMMERCIAL","building_permission_status":"SANCTIONED","violations_reported":"False","is_encumbered":"True","encumbrance_certificate_number":"EC-JK-00000022-0022","encumbrance_type":"LEASE_CHARGE","financial_institution":"","mortgage_amount":"0.0","created_at":"2026-01-15T09:00:00Z","updated_at":"2026-09-24T11:30:00Z"}},{"type":"Feature","geometry":{"type":"Polygon","coordinates":[[[76.39212476110974,34.32982355281882],[76.56966499406336,34.32982355281882],[76.59299629554445,34.51533844869626],[76.42644246045923,34.513441163613436],[76.39212476110974,34.32982355281882]]]},"properties":{"ulpin":"01553837235577","parcel_id":"018aafef-cb41-4585-8cd8-ea6b38f84c07","state":"Jammu & Kashmir","state_code":"JK","state_type":"UT","state_lgd_code":"1","district_lgd_code":"10","district_name":"Srinagar","subdistrict_lgd_code":"101","subdistrict_name":"Srinagar South","subdistrict_type":"Tehsil / Taluk","village_lgd_code":"12104","village_name":"Rajbagh","khasra_plot_no":"Khasra 408/Min/D23","recorded_area":"2.0","recorded_area_unit":"Kanal-Marla","normalized_area_sqm":"1011.71","gis_area_sqm":"1011.71","land_use_category":"INDUSTRIAL","land_use_raw":"Residential Plotted","status":"ARCHIVED","data_freshness_status":"UNKNOWN","scenario_index":"19793","use_case_description":"Bank mortgage and active encumbrance","mutation_workflow_status":"APPROVED","revenue_record_id":"ROR-JK-2025-1033-0023","revenue_record_type":"Jamabandi (Aapki Zameen Aapki Nigrani)","khata_khewat_no":"KHT-83","khatauni_no":"KHN-183","owner_name":"Tariq Ahmad Mir","owner_name_local":"طارق احمد میر","co_owners":"","tenure_type":"Tribal Community Tenure","mutation_status":"NONE","active_mutation_id":"MUT-JK-00000023","tax_demand_status":"PAID","annual_tax_inr":"185.5","deed_number":"DEED-JK-2024-433-0023","deed_type":"Sale Deed / Conveyance","sro_office":"Sub-Registrar Office, Srinagar South","execution_date":"2024-05-10","registered_owner":"Tariq Ahmad Mir","seller_name":"Previous Landholder","consideration_amount_inr":"3500000.0","stamp_duty_inr":"210000.0","survey_sketch_id":"FMB-JK-33-0023","cadastral_sheet_no":"SHT-JK-33","surveyed_area_sqm":"1011.71","survey_status":"PENDING","urban_authority":"Srinagar South Urban Development & Town Planning Authority","zone_name":"Residential Zone","permitted_land_use":"INDUSTRIAL","building_permission_status":"PENDING","violations_reported":"False","is_encumbered":"False","encumbrance_certificate_number":"EC-JK-2024-133-0023","encumbrance_type":"NIL","financial_institution":"","mortgage_amount":"0.0","created_at":"2026-01-15T09:00:00Z","updated_at":"2026-09-24T11:30:00Z"}},{"type":"Feature","geometry":{"type":"Polygon","coordinates":[[[74.54295244825025,34.67936775911418],[74.70768205173493,34.70505487648024],[74.69709506544292,34.812903490214914],[74.53323282011011,34.83023098001989],[74.54295244825025,34.67936775911418]]]},"properties":{"ulpin":"01637689517192","parcel_id":"e0ca9a27-1135-4559-8e53-507ac0a1e1b6","state":"Jammu & Kashmir","state_code":"JK","state_type":"UT","state_lgd_code":"1","district_lgd_code":"10","district_name":"Srinagar","subdistrict_lgd_code":"101","subdistrict_name":"Srinagar South","subdistrict_type":"Tehsil / Taluk","village_lgd_code":"12104","village_name":"Rajbagh","khasra_plot_no":"Khasra 408/Min/D24","recorded_area":"2.0","recorded_area_unit":"Kanal-Marla","normalized_area_sqm":"1011.71","gis_area_sqm":"1011.71","land_use_category":"AGRICULTURAL","land_use_raw":"Residential Plotted","status":"ACTIVE","data_freshness_status":"CURRENT","scenario_index":"19794","use_case_description":"Subdivision or amalgamation history review","mutation_workflow_status":"REJECTED","revenue_record_id":"ROR-JK-2025-1033-0024","revenue_record_type":"Jamabandi (Aapki Zameen Aapki Nigrani)","khata_khewat_no":"KHT-83","khatauni_no":"KHN-183","owner_name":"Tariq Ahmad Mir","owner_name_local":"طارق احمد میر","co_owners":"","tenure_type":"Bhumiswami / Raiyati with Transferable Rights","mutation_status":"MUTATED","active_mutation_id":"","tax_demand_status":"PAID","annual_tax_inr":"185.5","deed_number":"DEED-JK-2024-433-0024","deed_type":"Sale Deed / Conveyance","sro_office":"Sub-Registrar Office, Srinagar South","execution_date":"2024-05-10","registered_owner":"Registry Variance Owner 24","seller_name":"Previous Landholder","consideration_amount_inr":"3500000.0","stamp_duty_inr":"210000.0","survey_sketch_id":"FMB-JK-33-0024","cadastral_sheet_no":"SHT-JK-33","surveyed_area_sqm":"1011.71","survey_status":"DISPUTED","urban_authority":"Srinagar South Urban Development & Town Planning Authority","zone_name":"Residential Zone","permitted_land_use":"AGRICULTURAL","building_permission_status":"REJECTED","violations_reported":"False","is_encumbered":"True","encumbrance_certificate_number":"EC-JK-00000024-0024","encumbrance_type":"BANK_MORTGAGE","financial_institution":"","mortgage_amount":"0.0","created_at":"2026-01-15T09:00:00Z","updated_at":"2026-09-24T11:30:00Z"}},{"type":"Feature","geometry":{"type":"Polygon","coordinates":[[[74.68917096578858,33.379749123647244],[74.83166572572443,33.36453115628218],[74.83166572572443,33.539084779886096],[74.70382639400883,33.54917008313806],[74.68917096578858,33.379749123647244]]]},"properties":{"ulpin":"01296118460962","parcel_id":"7464f835-c5db-44fd-818e-9a66fad2112b","state":"Jammu & Kashmir","state_code":"JK","state_type":"UT","state_lgd_code":"1","district_lgd_code":"10","district_name":"Srinagar","subdistrict_lgd_code":"101","subdistrict_name":"Srinagar South","subdistrict_type":"Tehsil / Taluk","village_lgd_code":"12104","village_name":"Rajbagh","khasra_plot_no":"Khasra 408/Min/D25","recorded_area":"2.0","recorded_area_unit":"Kanal-Marla","normalized_area_sqm":"1011.71","gis_area_sqm":"1011.71","land_use_category":"INSTITUTIONAL","land_use_raw":"Residential Plotted","status":"PENDING_MUTATION","data_freshness_status":"STALE","scenario_index":"19795","use_case_description":"Archived historical record for audit retrieval","mutation_workflow_status":"SLA_BREACHED","revenue_record_id":"ROR-JK-2025-1033-0025","revenue_record_type":"Jamabandi (Aapki Zameen Aapki Nigrani)","khata_khewat_no":"KHT-83","khatauni_no":"KHN-183","owner_name":"Tariq Ahmad Mir","owner_name_local":"طارق احمد میر","co_owners":"","tenure_type":"Bhumiswami / Freehold","mutation_status":"PENDING","active_mutation_id":"MUT-JK-00000025","tax_demand_status":"PAID","annual_tax_inr":"185.5","deed_number":"DEED-JK-2024-433-0025","deed_type":"Sale Deed / Conveyance","sro_office":"Sub-Registrar Office, Srinagar South","execution_date":"2024-05-10","registered_owner":"Tariq Ahmad Mir","seller_name":"Previous Landholder","consideration_amount_inr":"3500000.0","stamp_duty_inr":"210000.0","survey_sketch_id":"FMB-JK-33-0025","cadastral_sheet_no":"SHT-JK-33","surveyed_area_sqm":"1011.71","survey_status":"RESURVEY_REQUIRED","urban_authority":"Srinagar South Urban Development & Town Planning Authority","zone_name":"Residential Zone","permitted_land_use":"INSTITUTIONAL","building_permission_status":"NOT_APPLICABLE","violations_reported":"False","is_encumbered":"True","encumbrance_certificate_number":"EC-JK-00000025-0025","encumbrance_type":"GOVT_REVENUE_LIEN","financial_institution":"","mortgage_amount":"0.0","created_at":"2026-01-15T09:00:00Z","updated_at":"2026-09-24T11:30:00Z"}},{"type":"Feature","geometry":{"type":"Polygon","coordinates":[[[74.53323282011011,34.83023098001989],[74.69709506544292,34.812903490214914],[74.69836546494096,34.939566262263426],[74.57843557611879,34.941783138207605],[74.53323282011011,34.83023098001989]]]},"properties":{"ulpin":"01205170770432","parcel_id":"213865a3-e294-449b-b6d7-13f79d849f5d","state":"Jammu & Kashmir","state_code":"JK","state_type":"UT","state_lgd_code":"1","district_lgd_code":"10","district_name":"Srinagar","subdistrict_lgd_code":"101","subdistrict_name":"Srinagar South","subdistrict_type":"Tehsil / Taluk","village_lgd_code":"12104","village_name":"Rajbagh","khasra_plot_no":"Khasra 408/Min/D26","recorded_area":"2.0","recorded_area_unit":"Kanal-Marla","normalized_area_sqm":"1011.71","gis_area_sqm":"1011.71","land_use_category":"FOREST_GREEN_BELT","land_use_raw":"Residential Plotted","status":"SUBDIVIDED","data_freshness_status":"UNKNOWN","scenario_index":"19796","use_case_description":"Bank mortgage and active encumbrance","mutation_workflow_status":"SUBMITTED","revenue_record_id":"ROR-JK-2025-1033-0026","revenue_record_type":"Jamabandi (Aapki Zameen Aapki Nigrani)","khata_khewat_no":"KHT-83","khatauni_no":"KHN-183","owner_name":"Tariq Ahmad Mir","owner_name_local":"طارق احمد میر","co_owners":"","tenure_type":"Leasehold","mutation_status":"UNMUTATED_TRANSACTION","active_mutation_id":"MUT-JK-00000026","tax_demand_status":"PAID","annual_tax_inr":"185.5","deed_number":"DEED-JK-2024-433-0026","deed_type":"Sale Deed / Conveyance","sro_office":"Sub-Registrar Office, Srinagar South","execution_date":"2024-05-10","registered_owner":"Tariq Ahmad Mir","seller_name":"Previous Landholder","consideration_amount_inr":"3500000.0","stamp_duty_inr":"210000.0","survey_sketch_id":"FMB-JK-33-0026","cadastral_sheet_no":"SHT-JK-33","surveyed_area_sqm":"1011.71","survey_status":"SURVEYED","urban_authority":"Srinagar South Urban Development & Town Planning Authority","zone_name":"Residential Zone","permitted_land_use":"FOREST_GREEN_BELT","building_permission_status":"SANCTIONED","violations_reported":"True","is_encumbered":"True","encumbrance_certificate_number":"EC-JK-00000026-0026","encumbrance_type":"COURT_ATTACHMENT","financial_institution":"","mortgage_amount":"0.0","created_at":"2026-01-15T09:00:00Z","updated_at":"2026-09-24T11:30:00Z"}},{"type":"Feature","geometry":{"type":"Polygon","coordinates":[[[74.71872730677687,35.09512020945661],[74.86313545524979,35.084007199711955],[74.87588550113206,35.21633996611924],[74.71362362474103,35.21458544631014],[74.71872730677687,35.09512020945661]]]},"properties":{"ulpin":"01430236464064","parcel_id":"131d8746-8161-4468-bd1a-aae6cdf14780","state":"Jammu & Kashmir","state_code":"JK","state_type":"UT","state_lgd_code":"1","district_lgd_code":"10","district_name":"Srinagar","subdistrict_lgd_code":"101","subdistrict_name":"Srinagar South","subdistrict_type":"Tehsil / Taluk","village_lgd_code":"12104","village_name":"Rajbagh","khasra_plot_no":"Khasra 408/Min/D27","recorded_area":"2.0","recorded_area_unit":"Kanal-Marla","normalized_area_sqm":"1011.71","gis_area_sqm":"1011.71","land_use_category":"WATER_BODY","land_use_raw":"Residential Plotted","status":"AMALGAMATED","data_freshness_status":"CURRENT","scenario_index":"19797","use_case_description":"Government revenue lien and tax demand","mutation_workflow_status":"UNDER_VERIFICATION","revenue_record_id":"ROR-JK-2025-1033-0027","revenue_record_type":"Jamabandi (Aapki Zameen Aapki Nigrani)","khata_khewat_no":"KHT-83","khatauni_no":"KHN-183","owner_name":"Tariq Ahmad Mir","owner_name_local":"طارق احمد میر","co_owners":"","tenure_type":"Government Grant","mutation_status":"REJECTED","active_mutation_id":"MUT-JK-00000027","tax_demand_status":"PAID","annual_tax_inr":"185.5","deed_number":"DEED-JK-2024-433-0027","deed_type":"Sale Deed / Conveyance","sro_office":"Sub-Registrar Office, Srinagar South","execution_date":"2024-05-10","registered_owner":"Tariq Ahmad Mir","seller_name":"Previous Landholder","consideration_amount_inr":"3500000.0","stamp_duty_inr":"210000.0","survey_sketch_id":"FMB-JK-33-0027","cadastral_sheet_no":"SHT-JK-33","surveyed_area_sqm":"1011.71","survey_status":"PENDING","urban_authority":"Srinagar South Urban Development & Town Planning Authority","zone_name":"Residential Zone","permitted_land_use":"WATER_BODY","building_permission_status":"PENDING","violations_reported":"False","is_encumbered":"True","encumbrance_certificate_number":"EC-JK-00000027-0027","encumbrance_type":"TRIBAL_NON_ALIENATION","financial_institution":"","mortgage_amount":"0.0","created_at":"2026-01-15T09:00:00Z","updated_at":"2026-09-24T11:30:00Z"}},{"type":"Feature","geometry":{"type":"Polygon","coordinates":[[[76.03196053402428,35.186669697954095],[76.20804884527519,35.180444743534245],[76.19406930318264,35.310283015366664],[76.03196053402428,35.305210976179026],[76.03196053402428,35.186669697954095]]]},"properties":{"ulpin":"01953648200632","parcel_id":"92028df0-c285-46d5-83c6-2fa7143e9aa0","state":"Jammu & Kashmir","state_code":"JK","state_type":"UT","state_lgd_code":"1","district_lgd_code":"10","district_name":"Srinagar","subdistrict_lgd_code":"101","subdistrict_name":"Srinagar South","subdistrict_type":"Tehsil / Taluk","village_lgd_code":"12104","village_name":"Rajbagh","khasra_plot_no":"Khasra 408/Min/D28","recorded_area":"2.0","recorded_area_unit":"Kanal-Marla","normalized_area_sqm":"1011.71","gis_area_sqm":"1011.71","land_use_category":"MIXED_USE","land_use_raw":"Residential Plotted","status":"DISPUTED","data_freshness_status":"STALE","scenario_index":"19798","use_case_description":"Court attachment and disputed possession","mutation_workflow_status":"NOTICE_PERIOD","revenue_record_id":"ROR-JK-2025-1033-0028","revenue_record_type":"Jamabandi (Aapki Zameen Aapki Nigrani)","khata_khewat_no":"KHT-83","khatauni_no":"KHN-183","owner_name":"Tariq Ahmad Mir","owner_name_local":"طارق احمد میر","co_owners":"","tenure_type":"Waqf / Religious Trust","mutation_status":"DISPUTED","active_mutation_id":"MUT-JK-00000028","tax_demand_status":"PAID","annual_tax_inr":"185.5","deed_number":"DEED-JK-2024-433-0028","deed_type":"Sale Deed / Conveyance","sro_office":"Sub-Registrar Office, Srinagar South","execution_date":"2024-05-10","registered_owner":"Tariq Ahmad Mir","seller_name":"Previous Landholder","consideration_amount_inr":"3500000.0","stamp_duty_inr":"210000.0","survey_sketch_id":"FMB-JK-33-0028","cadastral_sheet_no":"SHT-JK-33","surveyed_area_sqm":"1011.71","survey_status":"DISPUTED","urban_authority":"Srinagar South Urban Development & Town Planning Authority","zone_name":"Residential Zone","permitted_land_use":"MIXED_USE","building_permission_status":"REJECTED","violations_reported":"False","is_encumbered":"True","encumbrance_certificate_number":"EC-JK-00000028-0028","encumbrance_type":"LEASE_CHARGE","financial_institution":"","mortgage_amount":"0.0","created_at":"2026-01-15T09:00:00Z","updated_at":"2026-09-24T11:30:00Z"}},{"type":"Feature","geometry":{"type":"Polygon","coordinates":[[[76.34556076713936,32.975400322238755],[76.50958128804423,32.98346286446701],[76.49306618507393,33.12536572538064],[76.34556076713936,33.14741980268388],[76.34556076713936,32.975400322238755]]]},"properties":{"ulpin":"01309431021401","parcel_id":"e421b839-04dc-40ec-bf1a-755edd51f3c2","state":"Jammu & Kashmir","state_code":"JK","state_type":"UT","state_lgd_code":"1","district_lgd_code":"10","district_name":"Srinagar","subdistrict_lgd_code":"101","subdistrict_name":"Srinagar South","subdistrict_type":"Tehsil / Taluk","village_lgd_code":"12104","village_name":"Rajbagh","khasra_plot_no":"Khasra 408/Min/D29","recorded_area":"2.0","recorded_area_unit":"Kanal-Marla","normalized_area_sqm":"1011.71","gis_area_sqm":"1011.71","land_use_category":"OTHER","land_use_raw":"Residential Plotted","status":"ARCHIVED","data_freshness_status":"UNKNOWN","scenario_index":"19799","use_case_description":"Archived historical record for audit retrieval","mutation_workflow_status":"HEARING_SCHEDULED","revenue_record_id":"ROR-JK-2025-1033-0029","revenue_record_type":"Jamabandi (Aapki Zameen Aapki Nigrani)","khata_khewat_no":"KHT-83","khatauni_no":"KHN-183","owner_name":"Tariq Ahmad Mir","owner_name_local":"طارق احمد میر","co_owners":"","tenure_type":"Tribal Community Tenure","mutation_status":"NONE","active_mutation_id":"MUT-JK-00000029","tax_demand_status":"PAID","annual_tax_inr":"185.5","deed_number":"DEED-JK-2024-433-0029","deed_type":"Sale Deed / Conveyance","sro_office":"Sub-Registrar Office, Srinagar South","execution_date":"2024-05-10","registered_owner":"Registry Variance Owner 29","seller_name":"Previous Landholder","consideration_amount_inr":"3500000.0","stamp_duty_inr":"210000.0","survey_sketch_id":"FMB-JK-33-0029","cadastral_sheet_no":"SHT-JK-33","surveyed_area_sqm":"1011.71","survey_status":"RESURVEY_REQUIRED","urban_authority":"Srinagar South Urban Development & Town Planning Authority","zone_name":"Residential Zone","permitted_land_use":"OTHER","building_permission_status":"NOT_APPLICABLE","violations_reported":"False","is_encumbered":"False","encumbrance_certificate_number":"EC-JK-2024-133-0029","encumbrance_type":"NIL","financial_institution":"","mortgage_amount":"0.0","created_at":"2026-01-15T09:00:00Z","updated_at":"2026-09-24T11:30:00Z"}},{"type":"Feature","geometry":{"type":"Polygon","coordinates":[[[76.03196053402428,35.305210976179026],[76.19406930318264,35.310283015366664],[76.1973626066116,35.490784242646214],[76.03196053402428,35.4964138018013],[76.03196053402428,35.305210976179026]]]},"properties":{"ulpin":"01978755637705","parcel_id":"e3fdc74f-b372-4ce9-ad09-33e2e14c4dc3","state":"Jammu & Kashmir","state_code":"JK","state_type":"UT","state_lgd_code":"1","district_lgd_code":"10","district_name":"Srinagar","subdistrict_lgd_code":"101","subdistrict_name":"Srinagar South","subdistrict_type":"Tehsil / Taluk","village_lgd_code":"12104","village_name":"Rajbagh","khasra_plot_no":"Khasra 408/Min/D30","recorded_area":"2.0","recorded_area_unit":"Kanal-Marla","normalized_area_sqm":"1011.71","gis_area_sqm":"1011.71","land_use_category":"RESIDENTIAL","land_use_raw":"Residential Plotted","status":"ACTIVE","data_freshness_status":"CURRENT","scenario_index":"19800","use_case_description":"Lease charge and institutional tenancy","mutation_workflow_status":"APPROVED","revenue_record_id":"ROR-JK-2025-1033-0030","revenue_record_type":"Jamabandi (Aapki Zameen Aapki Nigrani)","khata_khewat_no":"KHT-83","khatauni_no":"KHN-183","owner_name":"Tariq Ahmad Mir","owner_name_local":"طارق احمد میر","co_owners":"","tenure_type":"Bhumiswami / Raiyati with Transferable Rights","mutation_status":"MUTATED","active_mutation_id":"","tax_demand_status":"PAID","annual_tax_inr":"185.5","deed_number":"DEED-JK-2024-433-0030","deed_type":"Sale Deed / Conveyance","sro_office":"Sub-Registrar Office, Srinagar South","execution_date":"2024-05-10","registered_owner":"Tariq Ahmad Mir","seller_name":"Previous Landholder","consideration_amount_inr":"3500000.0","stamp_duty_inr":"210000.0","survey_sketch_id":"FMB-JK-33-0030","cadastral_sheet_no":"SHT-JK-33","surveyed_area_sqm":"1011.71","survey_status":"SURVEYED","urban_authority":"Srinagar South Urban Development & Town Planning Authority","zone_name":"Residential Zone","permitted_land_use":"RESIDENTIAL","building_permission_status":"SANCTIONED","violations_reported":"False","is_encumbered":"True","encumbrance_certificate_number":"EC-JK-00000030-0030","encumbrance_type":"BANK_MORTGAGE","financial_institution":"","mortgage_amount":"0.0","created_at":"2026-01-15T09:00:00Z","updated_at":"2026-09-24T11:30:00Z"}},{"type":"Feature","geometry":{"type":"Polygon","coordinates":[[[76.64593164618695,32.66835756467544],[76.81251496366808,32.6563964395034],[76.80278103002537,32.79432737807872],[76.67446767160499,32.833513374344385],[76.64593164618695,32.66835756467544]]]},"properties":{"ulpin":"01837611406275","parcel_id":"a135dffa-705e-4460-93f6-43382ffb72bd","state":"Jammu & Kashmir","state_code":"JK","state_type":"UT","state_lgd_code":"1","district_lgd_code":"10","district_name":"Srinagar","subdistrict_lgd_code":"101","subdistrict_name":"Srinagar South","subdistrict_type":"Tehsil / Taluk","village_lgd_code":"12104","village_name":"Rajbagh","khasra_plot_no":"Khasra 408/Min/D31","recorded_area":"2.0","recorded_area_unit":"Kanal-Marla","normalized_area_sqm":"1011.71","gis_area_sqm":"1011.71","land_use_category":"COMMERCIAL","land_use_raw":"Residential Plotted","status":"PENDING_MUTATION","data_freshness_status":"STALE","scenario_index":"19801","use_case_description":"Subdivision or amalgamation history review","mutation_workflow_status":"REJECTED","revenue_record_id":"ROR-JK-2025-1033-0031","revenue_record_type":"Jamabandi (Aapki Zameen Aapki Nigrani)","khata_khewat_no":"KHT-83","khatauni_no":"KHN-183","owner_name":"Tariq Ahmad Mir","owner_name_local":"طارق احمد میر","co_owners":"","tenure_type":"Bhumiswami / Freehold","mutation_status":"PENDING","active_mutation_id":"MUT-JK-00000031","tax_demand_status":"PAID","annual_tax_inr":"185.5","deed_number":"DEED-JK-2024-433-0031","deed_type":"Sale Deed / Conveyance","sro_office":"Sub-Registrar Office, Srinagar South","execution_date":"2024-05-10","registered_owner":"Tariq Ahmad Mir","seller_name":"Previous Landholder","consideration_amount_inr":"3500000.0","stamp_duty_inr":"210000.0","survey_sketch_id":"FMB-JK-33-0031","cadastral_sheet_no":"SHT-JK-33","surveyed_area_sqm":"1011.71","survey_status":"PENDING","urban_authority":"Srinagar South Urban Development & Town Planning Authority","zone_name":"Residential Zone","permitted_land_use":"COMMERCIAL","building_permission_status":"PENDING","violations_reported":"False","is_encumbered":"True","encumbrance_certificate_number":"EC-JK-00000031-0031","encumbrance_type":"GOVT_REVENUE_LIEN","financial_institution":"","mortgage_amount":"0.0","created_at":"2026-01-15T09:00:00Z","updated_at":"2026-09-24T11:30:00Z"}},{"type":"Feature","geometry":{"type":"Polygon","coordinates":[[[75.40639711165616,35.5679725505269],[75.57700959761634,35.606477413619324],[75.54343422931699,35.749495389638305],[75.42588666333187,35.749495389638305],[75.40639711165616,35.5679725505269]]]},"properties":{"ulpin":"01778755409426","parcel_id":"ee2b5d43-5194-41be-b44e-4cc95fef8d94","state":"Jammu & Kashmir","state_code":"JK","state_type":"UT","state_lgd_code":"1","district_lgd_code":"10","district_name":"Srinagar","subdistrict_lgd_code":"101","subdistrict_name":"Srinagar South","subdistrict_type":"Tehsil / Taluk","village_lgd_code":"12104","village_name":"Rajbagh","khasra_plot_no":"Khasra 408/Min/D32","recorded_area":"2.0","recorded_area_unit":"Kanal-Marla","normalized_area_sqm":"1011.71","gis_area_sqm":"1011.71","land_use_category":"INDUSTRIAL","land_use_raw":"Residential Plotted","status":"SUBDIVIDED","data_freshness_status":"UNKNOWN","scenario_index":"19802","use_case_description":"Archived historical record for audit retrieval","mutation_workflow_status":"SLA_BREACHED","revenue_record_id":"ROR-JK-2025-1033-0032","revenue_record_type":"Jamabandi (Aapki Zameen Aapki Nigrani)","khata_khewat_no":"KHT-83","khatauni_no":"KHN-183","owner_name":"Tariq Ahmad Mir","owner_name_local":"طارق احمد میر","co_owners":"","tenure_type":"Leasehold","mutation_status":"UNMUTATED_TRANSACTION","active_mutation_id":"MUT-JK-00000032","tax_demand_status":"PAID","annual_tax_inr":"185.5","deed_number":"DEED-JK-2024-433-0032","deed_type":"Sale Deed / Conveyance","sro_office":"Sub-Registrar Office, Srinagar South","execution_date":"2024-05-10","registered_owner":"Tariq Ahmad Mir","seller_name":"Previous Landholder","consideration_amount_inr":"3500000.0","stamp_duty_inr":"210000.0","survey_sketch_id":"FMB-JK-33-0032","cadastral_sheet_no":"SHT-JK-33","surveyed_area_sqm":"1011.71","survey_status":"DISPUTED","urban_authority":"Srinagar South Urban Development & Town Planning Authority","zone_name":"Residential Zone","permitted_land_use":"INDUSTRIAL","building_permission_status":"REJECTED","violations_reported":"False","is_encumbered":"True","encumbrance_certificate_number":"EC-JK-00000032-0032","encumbrance_type":"COURT_ATTACHMENT","financial_institution":"","mortgage_amount":"0.0","created_at":"2026-01-15T09:00:00Z","updated_at":"2026-09-24T11:30:00Z"}},{"type":"Feature","geometry":{"type":"Polygon","coordinates":[[[75.30577919221147,33.74848618556786],[75.45766080528716,33.77044186289313],[75.46482882373314,33.88895053642799],[75.2925491485462,33.88895053642799],[75.30577919221147,33.74848618556786]]]},"properties":{"ulpin":"01720163320739","parcel_id":"50957245-a57d-4df5-bb5a-e98c2bed70e7","state":"Jammu & Kashmir","state_code":"JK","state_type":"UT","state_lgd_code":"1","district_lgd_code":"10","district_name":"Srinagar","subdistrict_lgd_code":"101","subdistrict_name":"Srinagar South","subdistrict_type":"Tehsil / Taluk","village_lgd_code":"12104","village_name":"Rajbagh","khasra_plot_no":"Khasra 408/Min/D33","recorded_area":"2.0","recorded_area_unit":"Kanal-Marla","normalized_area_sqm":"1011.71","gis_area_sqm":"1011.71","land_use_category":"AGRICULTURAL","land_use_raw":"Residential Plotted","status":"AMALGAMATED","data_freshness_status":"CURRENT","scenario_index":"19803","use_case_description":"Bank mortgage and active encumbrance","mutation_workflow_status":"SUBMITTED","revenue_record_id":"ROR-JK-2025-1033-0033","revenue_record_type":"Jamabandi (Aapki Zameen Aapki Nigrani)","khata_khewat_no":"KHT-83","khatauni_no":"KHN-183","owner_name":"Tariq Ahmad Mir","owner_name_local":"طارق احمد میر","co_owners":"","tenure_type":"Government Grant","mutation_status":"REJECTED","active_mutation_id":"MUT-JK-00000033","tax_demand_status":"PAID","annual_tax_inr":"185.5","deed_number":"DEED-JK-2024-433-0033","deed_type":"Sale Deed / Conveyance","sro_office":"Sub-Registrar Office, Srinagar South","execution_date":"2024-05-10","registered_owner":"Tariq Ahmad Mir","seller_name":"Previous Landholder","consideration_amount_inr":"3500000.0","stamp_duty_inr":"210000.0","survey_sketch_id":"FMB-JK-33-0033","cadastral_sheet_no":"SHT-JK-33","surveyed_area_sqm":"1011.71","survey_status":"RESURVEY_REQUIRED","urban_authority":"Srinagar South Urban Development & Town Planning Authority","zone_name":"Residential Zone","permitted_land_use":"AGRICULTURAL","building_permission_status":"NOT_APPLICABLE","violations_reported":"True","is_encumbered":"True","encumbrance_certificate_number":"EC-JK-00000033-0033","encumbrance_type":"TRIBAL_NON_ALIENATION","financial_institution":"","mortgage_amount":"0.0","created_at":"2026-01-15T09:00:00Z","updated_at":"2026-09-24T11:30:00Z"}},{"type":"Feature","geometry":{"type":"Polygon","coordinates":[[[75.16384250526589,33.61302031896148],[75.29496377475513,33.63092916213798],[75.30577919221147,33.74848618556786],[75.16384250526589,33.768358697182016],[75.16384250526589,33.61302031896148]]]},"properties":{"ulpin":"01509153267665","parcel_id":"0db179d2-e5f6-4476-a625-d00f7bd1e7bb","state":"Jammu & Kashmir","state_code":"JK","state_type":"UT","state_lgd_code":"1","district_lgd_code":"10","district_name":"Srinagar","subdistrict_lgd_code":"101","subdistrict_name":"Srinagar South","subdistrict_type":"Tehsil / Taluk","village_lgd_code":"12104","village_name":"Rajbagh","khasra_plot_no":"Khasra 408/Min/D34","recorded_area":"2.0","recorded_area_unit":"Kanal-Marla","normalized_area_sqm":"1011.71","gis_area_sqm":"1011.71","land_use_category":"INSTITUTIONAL","land_use_raw":"Residential Plotted","status":"DISPUTED","data_freshness_status":"STALE","scenario_index":"19804","use_case_description":"Government revenue lien and tax demand","mutation_workflow_status":"UNDER_VERIFICATION","revenue_record_id":"ROR-JK-2025-1033-0034","revenue_record_type":"Jamabandi (Aapki Zameen Aapki Nigrani)","khata_khewat_no":"KHT-83","khatauni_no":"KHN-183","owner_name":"Tariq Ahmad Mir","owner_name_local":"طارق احمد میر","co_owners":"","tenure_type":"Waqf / Religious Trust","mutation_status":"DISPUTED","active_mutation_id":"MUT-JK-00000034","tax_demand_status":"PAID","annual_tax_inr":"185.5","deed_number":"DEED-JK-2024-433-0034","deed_type":"Sale Deed / Conveyance","sro_office":"Sub-Registrar Office, Srinagar South","execution_date":"2024-05-10","registered_owner":"Registry Variance Owner 34","seller_name":"Previous Landholder","consideration_amount_inr":"3500000.0","stamp_duty_inr":"210000.0","survey_sketch_id":"FMB-JK-33-0034","cadastral_sheet_no":"SHT-JK-33","surveyed_area_sqm":"1011.71","survey_status":"SURVEYED","urban_authority":"Srinagar South Urban Development & Town Planning Authority","zone_name":"Residential Zone","permitted_land_use":"INSTITUTIONAL","building_permission_status":"SANCTIONED","violations_reported":"False","is_encumbered":"True","encumbrance_certificate_number":"EC-JK-00000034-0034","encumbrance_type":"LEASE_CHARGE","financial_institution":"","mortgage_amount":"0.0","created_at":"2026-01-15T09:00:00Z","updated_at":"2026-09-24T11:30:00Z"}},{"type":"Feature","geometry":{"type":"Polygon","coordinates":[[[75.56153132002332,35.42488948380318],[75.69663566616966,35.41430302284451],[75.69679456402929,35.59994573257447],[75.57700959761634,35.606477413619324],[75.56153132002332,35.42488948380318]]]},"properties":{"ulpin":"01363148272805","parcel_id":"c2d1f071-35cf-4423-bbf8-1882b622c0a1","state":"Jammu & Kashmir","state_code":"JK","state_type":"UT","state_lgd_code":"1","district_lgd_code":"10","district_name":"Srinagar","subdistrict_lgd_code":"101","subdistrict_name":"Srinagar South","subdistrict_type":"Tehsil / Taluk","village_lgd_code":"12104","village_name":"Rajbagh","khasra_plot_no":"Khasra 408/Min/D35","recorded_area":"2.0","recorded_area_unit":"Kanal-Marla","normalized_area_sqm":"1011.71","gis_area_sqm":"1011.71","land_use_category":"FOREST_GREEN_BELT","land_use_raw":"Residential Plotted","status":"ARCHIVED","data_freshness_status":"UNKNOWN","scenario_index":"19805","use_case_description":"Cadastral area discrepancy requiring resurvey","mutation_workflow_status":"NOTICE_PERIOD","revenue_record_id":"ROR-JK-2025-1033-0035","revenue_record_type":"Jamabandi (Aapki Zameen Aapki Nigrani)","khata_khewat_no":"KHT-83","khatauni_no":"KHN-183","owner_name":"Tariq Ahmad Mir","owner_name_local":"طارق احمد میر","co_owners":"","tenure_type":"Tribal Community Tenure","mutation_status":"NONE","active_mutation_id":"MUT-JK-00000035","tax_demand_status":"PAID","annual_tax_inr":"185.5","deed_number":"DEED-JK-2024-433-0035","deed_type":"Sale Deed / Conveyance","sro_office":"Sub-Registrar Office, Srinagar South","execution_date":"2024-05-10","registered_owner":"Tariq Ahmad Mir","seller_name":"Previous Landholder","consideration_amount_inr":"3500000.0","stamp_duty_inr":"210000.0","survey_sketch_id":"FMB-JK-33-0035","cadastral_sheet_no":"SHT-JK-33","surveyed_area_sqm":"1011.71","survey_status":"PENDING","urban_authority":"Srinagar South Urban Development & Town Planning Authority","zone_name":"Residential Zone","permitted_land_use":"FOREST_GREEN_BELT","building_permission_status":"PENDING","violations_reported":"False","is_encumbered":"False","encumbrance_certificate_number":"EC-JK-2024-133-0035","encumbrance_type":"NIL","financial_institution":"","mortgage_amount":"0.0","created_at":"2026-01-15T09:00:00Z","updated_at":"2026-09-24T11:30:00Z"}},{"type":"Feature","geometry":{"type":"Polygon","coordinates":[[[75.61374681546926,33.072618930506835],[75.74931835690934,33.09860702272565],[75.74931835690934,33.205043323778526],[75.58639212596815,33.231153510160574],[75.61374681546926,33.072618930506835]]]},"properties":{"ulpin":"01362998302142","parcel_id":"6c4a06f4-e250-4cad-9444-d089b5182fc5","state":"Jammu & Kashmir","state_code":"JK","state_type":"UT","state_lgd_code":"1","district_lgd_code":"10","district_name":"Srinagar","subdistrict_lgd_code":"101","subdistrict_name":"Srinagar South","subdistrict_type":"Tehsil / Taluk","village_lgd_code":"12104","village_name":"Rajbagh","khasra_plot_no":"Khasra 408/Min/D36","recorded_area":"2.0","recorded_area_unit":"Kanal-Marla","normalized_area_sqm":"1011.71","gis_area_sqm":"1011.71","land_use_category":"WATER_BODY","land_use_raw":"Residential Plotted","status":"ACTIVE","data_freshness_status":"CURRENT","scenario_index":"19806","use_case_description":"Tribal non-alienation protection review","mutation_workflow_status":"HEARING_SCHEDULED","revenue_record_id":"ROR-JK-2025-1033-0036","revenue_record_type":"Jamabandi (Aapki Zameen Aapki Nigrani)","khata_khewat_no":"KHT-83","khatauni_no":"KHN-183","owner_name":"Tariq Ahmad Mir","owner_name_local":"طارق احمد میر","co_owners":"","tenure_type":"Bhumiswami / Raiyati with Transferable Rights","mutation_status":"MUTATED","active_mutation_id":"","tax_demand_status":"PAID","annual_tax_inr":"185.5","deed_number":"DEED-JK-2024-433-0036","deed_type":"Sale Deed / Conveyance","sro_office":"Sub-Registrar Office, Srinagar South","execution_date":"2024-05-10","registered_owner":"Tariq Ahmad Mir","seller_name":"Previous Landholder","consideration_amount_inr":"3500000.0","stamp_duty_inr":"210000.0","survey_sketch_id":"FMB-JK-33-0036","cadastral_sheet_no":"SHT-JK-33","surveyed_area_sqm":"1011.71","survey_status":"DISPUTED","urban_authority":"Srinagar South Urban Development & Town Planning Authority","zone_name":"Residential Zone","permitted_land_use":"WATER_BODY","building_permission_status":"REJECTED","violations_reported":"False","is_encumbered":"True","encumbrance_certificate_number":"EC-JK-00000036-0036","encumbrance_type":"BANK_MORTGAGE","financial_institution":"","mortgage_amount":"0.0","created_at":"2026-01-15T09:00:00Z","updated_at":"2026-09-24T11:30:00Z"}},{"type":"Feature","geometry":{"type":"Polygon","coordinates":[[[76.03196053402428,34.51060213964243],[76.20638575722236,34.48300256528712],[76.2451756689645,34.67857253767313],[76.03196053402428,34.644770103075686],[76.03196053402428,34.51060213964243]]]},"properties":{"ulpin":"01533231322870","parcel_id":"d748ebdc-a017-43d3-b363-c719fdb06ebb","state":"Jammu & Kashmir","state_code":"JK","state_type":"UT","state_lgd_code":"1","district_lgd_code":"10","district_name":"Srinagar","subdistrict_lgd_code":"101","subdistrict_name":"Srinagar South","subdistrict_type":"Tehsil / Taluk","village_lgd_code":"12104","village_name":"Rajbagh","khasra_plot_no":"Khasra 408/Min/D37","recorded_area":"2.0","recorded_area_unit":"Kanal-Marla","normalized_area_sqm":"1011.71","gis_area_sqm":"1011.71","land_use_category":"MIXED_USE","land_use_raw":"Residential Plotted","status":"PENDING_MUTATION","data_freshness_status":"STALE","scenario_index":"19807","use_case_description":"Lease charge and institutional tenancy","mutation_workflow_status":"APPROVED","revenue_record_id":"ROR-JK-2025-1033-0037","revenue_record_type":"Jamabandi (Aapki Zameen Aapki Nigrani)","khata_khewat_no":"KHT-83","khatauni_no":"KHN-183","owner_name":"Tariq Ahmad Mir","owner_name_local":"طارق احمد میر","co_owners":"","tenure_type":"Bhumiswami / Freehold","mutation_status":"PENDING","active_mutation_id":"MUT-JK-00000037","tax_demand_status":"PAID","annual_tax_inr":"185.5","deed_number":"DEED-JK-2024-433-0037","deed_type":"Sale Deed / Conveyance","sro_office":"Sub-Registrar Office, Srinagar South","execution_date":"2024-05-10","registered_owner":"Tariq Ahmad Mir","seller_name":"Previous Landholder","consideration_amount_inr":"3500000.0","stamp_duty_inr":"210000.0","survey_sketch_id":"FMB-JK-33-0037","cadastral_sheet_no":"SHT-JK-33","surveyed_area_sqm":"1011.71","survey_status":"RESURVEY_REQUIRED","urban_authority":"Srinagar South Urban Development & Town Planning Authority","zone_name":"Residential Zone","permitted_land_use":"MIXED_USE","building_permission_status":"NOT_APPLICABLE","violations_reported":"False","is_encumbered":"True","encumbrance_certificate_number":"EC-JK-00000037-0037","encumbrance_type":"GOVT_REVENUE_LIEN","financial_institution":"","mortgage_amount":"0.0","created_at":"2026-01-15T09:00:00Z","updated_at":"2026-09-24T11:30:00Z"}},{"type":"Feature","geometry":{"type":"Polygon","coordinates":[[[75.29563545404676,32.92124310674046],[75.47865362441593,32.92465022058892],[75.4554671108797,33.06837722565129],[75.29593518518574,33.09842494487442],[75.29563545404676,32.92124310674046]]]},"properties":{"ulpin":"01132107602334","parcel_id":"44a7b0a6-30f0-4520-ab04-82c98dfd0ac9","state":"Jammu & Kashmir","state_code":"JK","state_type":"UT","state_lgd_code":"1","district_lgd_code":"10","district_name":"Srinagar","subdistrict_lgd_code":"101","subdistrict_name":"Srinagar South","subdistrict_type":"Tehsil / Taluk","village_lgd_code":"12104","village_name":"Rajbagh","khasra_plot_no":"Khasra 408/Min/D38","recorded_area":"2.0","recorded_area_unit":"Kanal-Marla","normalized_area_sqm":"1011.71","gis_area_sqm":"1011.71","land_use_category":"OTHER","land_use_raw":"Residential Plotted","status":"SUBDIVIDED","data_freshness_status":"UNKNOWN","scenario_index":"19808","use_case_description":"Subdivision or amalgamation history review","mutation_workflow_status":"REJECTED","revenue_record_id":"ROR-JK-2025-1033-0038","revenue_record_type":"Jamabandi (Aapki Zameen Aapki Nigrani)","khata_khewat_no":"KHT-83","khatauni_no":"KHN-183","owner_name":"Tariq Ahmad Mir","owner_name_local":"طارق احمد میر","co_owners":"","tenure_type":"Leasehold","mutation_status":"UNMUTATED_TRANSACTION","active_mutation_id":"MUT-JK-00000038","tax_demand_status":"PAID","annual_tax_inr":"185.5","deed_number":"DEED-JK-2024-433-0038","deed_type":"Sale Deed / Conveyance","sro_office":"Sub-Registrar Office, Srinagar South","execution_date":"2024-05-10","registered_owner":"Tariq Ahmad Mir","seller_name":"Previous Landholder","consideration_amount_inr":"3500000.0","stamp_duty_inr":"210000.0","survey_sketch_id":"FMB-JK-33-0038","cadastral_sheet_no":"SHT-JK-33","surveyed_area_sqm":"1011.71","survey_status":"SURVEYED","urban_authority":"Srinagar South Urban Development & Town Planning Authority","zone_name":"Residential Zone","permitted_land_use":"OTHER","building_permission_status":"SANCTIONED","violations_reported":"False","is_encumbered":"True","encumbrance_certificate_number":"EC-JK-00000038-0038","encumbrance_type":"COURT_ATTACHMENT","financial_institution":"","mortgage_amount":"0.0","created_at":"2026-01-15T09:00:00Z","updated_at":"2026-09-24T11:30:00Z"}},{"type":"Feature","geometry":{"type":"Polygon","coordinates":[[[76.34556076713936,32.64535462663703],[76.49999067237506,32.66156394611088],[76.52100291670892,32.79741380366074],[76.34556076713936,32.83982545513609],[76.34556076713936,32.64535462663703]]]},"properties":{"ulpin":"01829044343446","parcel_id":"2b61b0b0-cf94-4a62-8398-d4b08845f862","state":"Jammu & Kashmir","state_code":"JK","state_type":"UT","state_lgd_code":"1","district_lgd_code":"10","district_name":"Srinagar","subdistrict_lgd_code":"101","subdistrict_name":"Srinagar South","subdistrict_type":"Tehsil / Taluk","village_lgd_code":"12104","village_name":"Rajbagh","khasra_plot_no":"Khasra 408/Min/D39","recorded_area":"2.0","recorded_area_unit":"Kanal-Marla","normalized_area_sqm":"1011.71","gis_area_sqm":"1011.71","land_use_category":"RESIDENTIAL","land_use_raw":"Residential Plotted","status":"AMALGAMATED","data_freshness_status":"CURRENT","scenario_index":"19809","use_case_description":"Archived historical record for audit retrieval","mutation_workflow_status":"SLA_BREACHED","revenue_record_id":"ROR-JK-2025-1033-0039","revenue_record_type":"Jamabandi (Aapki Zameen Aapki Nigrani)","khata_khewat_no":"KHT-83","khatauni_no":"KHN-183","owner_name":"Tariq Ahmad Mir","owner_name_local":"طارق احمد میر","co_owners":"","tenure_type":"Government Grant","mutation_status":"REJECTED","active_mutation_id":"MUT-JK-00000039","tax_demand_status":"PAID","annual_tax_inr":"185.5","deed_number":"DEED-JK-2024-433-0039","deed_type":"Sale Deed / Conveyance","sro_office":"Sub-Registrar Office, Srinagar South","execution_date":"2024-05-10","registered_owner":"Registry Variance Owner 39","seller_name":"Previous Landholder","consideration_amount_inr":"3500000.0","stamp_duty_inr":"210000.0","survey_sketch_id":"FMB-JK-33-0039","cadastral_sheet_no":"SHT-JK-33","surveyed_area_sqm":"1011.71","survey_status":"PENDING","urban_authority":"Srinagar South Urban Development & Town Planning Authority","zone_name":"Residential Zone","permitted_land_use":"RESIDENTIAL","building_permission_status":"PENDING","violations_reported":"False","is_encumbered":"True","encumbrance_certificate_number":"EC-JK-00000039-0039","encumbrance_type":"TRIBAL_NON_ALIENATION","financial_institution":"","mortgage_amount":"0.0","created_at":"2026-01-15T09:00:00Z","updated_at":"2026-09-24T11:30:00Z"}},{"type":"Feature","geometry":{"type":"Polygon","coordinates":[[[76.20655910667753,34.82819479011094],[76.40845542573857,34.827204395671465],[76.41399134222334,35.010955642533474],[76.19086538044219,34.98979869062791],[76.20655910667753,34.82819479011094]]]},"properties":{"ulpin":"01290471315303","parcel_id":"36641a39-9559-4cb9-841d-0a5968529167","state":"Jammu & Kashmir","state_code":"JK","state_type":"UT","state_lgd_code":"1","district_lgd_code":"10","district_name":"Srinagar","subdistrict_lgd_code":"101","subdistrict_name":"Srinagar South","subdistrict_type":"Tehsil / Taluk","village_lgd_code":"12104","village_name":"Rajbagh","khasra_plot_no":"Khasra 408/Min/D40","recorded_area":"2.0","recorded_area_unit":"Kanal-Marla","normalized_area_sqm":"1011.71","gis_area_sqm":"1011.71","land_use_category":"COMMERCIAL","land_use_raw":"Residential Plotted","status":"DISPUTED","data_freshness_status":"STALE","scenario_index":"19810","use_case_description":"Bank mortgage and active encumbrance","mutation_workflow_status":"SUBMITTED","revenue_record_id":"ROR-JK-2025-1033-0040","revenue_record_type":"Jamabandi (Aapki Zameen Aapki Nigrani)","khata_khewat_no":"KHT-83","khatauni_no":"KHN-183","owner_name":"Tariq Ahmad Mir","owner_name_local":"طارق احمد میر","co_owners":"","tenure_type":"Waqf / Religious Trust","mutation_status":"DISPUTED","active_mutation_id":"MUT-JK-00000040","tax_demand_status":"PAID","annual_tax_inr":"185.5","deed_number":"DEED-JK-2024-433-0040","deed_type":"Sale Deed / Conveyance","sro_office":"Sub-Registrar Office, Srinagar South","execution_date":"2024-05-10","registered_owner":"Tariq Ahmad Mir","seller_name":"Previous Landholder","consideration_amount_inr":"3500000.0","stamp_duty_inr":"210000.0","survey_sketch_id":"FMB-JK-33-0040","cadastral_sheet_no":"SHT-JK-33","surveyed_area_sqm":"1011.71","survey_status":"DISPUTED","urban_authority":"Srinagar South Urban Development & Town Planning Authority","zone_name":"Residential Zone","permitted_land_use":"COMMERCIAL","building_permission_status":"REJECTED","violations_reported":"True","is_encumbered":"True","encumbrance_certificate_number":"EC-JK-00000040-0040","encumbrance_type":"LEASE_CHARGE","financial_institution":"","mortgage_amount":"0.0","created_at":"2026-01-15T09:00:00Z","updated_at":"2026-09-24T11:30:00Z"}},{"type":"Feature","geometry":{"type":"Polygon","coordinates":[[[76.42262525715161,35.17335894243608],[76.58527695387566,35.16252811908526],[76.56390787978147,35.34406246165695],[76.39898514327365,35.32961122803649],[76.42262525715161,35.17335894243608]]]},"properties":{"ulpin":"01859133355443","parcel_id":"c41359b8-50ab-4b1d-b448-cbb0c8bc8423","state":"Jammu & Kashmir","state_code":"JK","state_type":"UT","state_lgd_code":"1","district_lgd_code":"10","district_name":"Srinagar","subdistrict_lgd_code":"101","subdistrict_name":"Srinagar South","subdistrict_type":"Tehsil / Taluk","village_lgd_code":"12104","village_name":"Rajbagh","khasra_plot_no":"Khasra 408/Min/D41","recorded_area":"2.0","recorded_area_unit":"Kanal-Marla","normalized_area_sqm":"1011.71","gis_area_sqm":"1011.71","land_use_category":"INDUSTRIAL","land_use_raw":"Residential Plotted","status":"ARCHIVED","data_freshness_status":"UNKNOWN","scenario_index":"19811","use_case_description":"Tribal non-alienation protection review","mutation_workflow_status":"UNDER_VERIFICATION","revenue_record_id":"ROR-JK-2025-1033-0041","revenue_record_type":"Jamabandi (Aapki Zameen Aapki Nigrani)","khata_khewat_no":"KHT-83","khatauni_no":"KHN-183","owner_name":"Tariq Ahmad Mir","owner_name_local":"طارق احمد میر","co_owners":"","tenure_type":"Tribal Community Tenure","mutation_status":"NONE","active_mutation_id":"MUT-JK-00000041","tax_demand_status":"PAID","annual_tax_inr":"185.5","deed_number":"DEED-JK-2024-433-0041","deed_type":"Sale Deed / Conveyance","sro_office":"Sub-Registrar Office, Srinagar South","execution_date":"2024-05-10","registered_owner":"Tariq Ahmad Mir","seller_name":"Previous Landholder","consideration_amount_inr":"3500000.0","stamp_duty_inr":"210000.0","survey_sketch_id":"FMB-JK-33-0041","cadastral_sheet_no":"SHT-JK-33","surveyed_area_sqm":"1011.71","survey_status":"RESURVEY_REQUIRED","urban_authority":"Srinagar South Urban Development & Town Planning Authority","zone_name":"Residential Zone","permitted_land_use":"INDUSTRIAL","building_permission_status":"NOT_APPLICABLE","violations_reported":"False","is_encumbered":"False","encumbrance_certificate_number":"EC-JK-2024-133-0041","encumbrance_type":"NIL","financial_institution":"","mortgage_amount":"0.0","created_at":"2026-01-15T09:00:00Z","updated_at":"2026-09-24T11:30:00Z"}},{"type":"Feature","geometry":{"type":"Polygon","coordinates":[[[74.71567703620276,35.60162754618152],[74.85840076406133,35.61387704270418],[74.85428215567522,35.724565885629836],[74.6897954420127,35.735811077151375],[74.71567703620276,35.60162754618152]]]},"properties":{"ulpin":"01922742014356","parcel_id":"b64a0026-3016-46c3-ba19-dcac7c5dfa5d","state":"Jammu & Kashmir","state_code":"JK","state_type":"UT","state_lgd_code":"1","district_lgd_code":"10","district_name":"Srinagar","subdistrict_lgd_code":"101","subdistrict_name":"Srinagar South","subdistrict_type":"Tehsil / Taluk","village_lgd_code":"12104","village_name":"Rajbagh","khasra_plot_no":"Khasra 408/Min/D42","recorded_area":"2.0","recorded_area_unit":"Kanal-Marla","normalized_area_sqm":"1011.71","gis_area_sqm":"1011.71","land_use_category":"AGRICULTURAL","land_use_raw":"Residential Plotted","status":"ACTIVE","data_freshness_status":"CURRENT","scenario_index":"19812","use_case_description":"Court attachment and disputed possession","mutation_workflow_status":"NOTICE_PERIOD","revenue_record_id":"ROR-JK-2025-1033-0042","revenue_record_type":"Jamabandi (Aapki Zameen Aapki Nigrani)","khata_khewat_no":"KHT-83","khatauni_no":"KHN-183","owner_name":"Tariq Ahmad Mir","owner_name_local":"طارق احمد میر","co_owners":"","tenure_type":"Bhumiswami / Raiyati with Transferable Rights","mutation_status":"MUTATED","active_mutation_id":"","tax_demand_status":"PAID","annual_tax_inr":"185.5","deed_number":"DEED-JK-2024-433-0042","deed_type":"Sale Deed / Conveyance","sro_office":"Sub-Registrar Office, Srinagar South","execution_date":"2024-05-10","registered_owner":"Tariq Ahmad Mir","seller_name":"Previous Landholder","consideration_amount_inr":"3500000.0","stamp_duty_inr":"210000.0","survey_sketch_id":"FMB-JK-33-0042","cadastral_sheet_no":"SHT-JK-33","surveyed_area_sqm":"1011.71","survey_status":"SURVEYED","urban_authority":"Srinagar South Urban Development & Town Planning Authority","zone_name":"Residential Zone","permitted_land_use":"AGRICULTURAL","building_permission_status":"SANCTIONED","violations_reported":"False","is_encumbered":"True","encumbrance_certificate_number":"EC-JK-00000042-0042","encumbrance_type":"BANK_MORTGAGE","financial_institution":"","mortgage_amount":"0.0","created_at":"2026-01-15T09:00:00Z","updated_at":"2026-09-24T11:30:00Z"}},{"type":"Feature","geometry":{"type":"Polygon","coordinates":[[[76.81251496366808,32.6563964395034],[76.97751787727931,32.68355650600071],[76.97751787727931,32.80159474200337],[76.80278103002537,32.79432737807872],[76.81251496366808,32.6563964395034]]]},"properties":{"ulpin":"01488869048228","parcel_id":"118570c4-1f99-452f-8a7f-2a2eca3638bf","state":"Jammu & Kashmir","state_code":"JK","state_type":"UT","state_lgd_code":"1","district_lgd_code":"10","district_name":"Srinagar","subdistrict_lgd_code":"101","subdistrict_name":"Srinagar South","subdistrict_type":"Tehsil / Taluk","village_lgd_code":"12104","village_name":"Rajbagh","khasra_plot_no":"Khasra 408/Min/D43","recorded_area":"2.0","recorded_area_unit":"Kanal-Marla","normalized_area_sqm":"1011.71","gis_area_sqm":"1011.71","land_use_category":"INSTITUTIONAL","land_use_raw":"Residential Plotted","status":"PENDING_MUTATION","data_freshness_status":"STALE","scenario_index":"19813","use_case_description":"Tribal non-alienation protection review","mutation_workflow_status":"HEARING_SCHEDULED","revenue_record_id":"ROR-JK-2025-1033-0043","revenue_record_type":"Jamabandi (Aapki Zameen Aapki Nigrani)","khata_khewat_no":"KHT-83","khatauni_no":"KHN-183","owner_name":"Tariq Ahmad Mir","owner_name_local":"طارق احمد میر","co_owners":"","tenure_type":"Bhumiswami / Freehold","mutation_status":"PENDING","active_mutation_id":"MUT-JK-00000043","tax_demand_status":"PAID","annual_tax_inr":"185.5","deed_number":"DEED-JK-2024-433-0043","deed_type":"Sale Deed / Conveyance","sro_office":"Sub-Registrar Office, Srinagar South","execution_date":"2024-05-10","registered_owner":"Tariq Ahmad Mir","seller_name":"Previous Landholder","consideration_amount_inr":"3500000.0","stamp_duty_inr":"210000.0","survey_sketch_id":"FMB-JK-33-0043","cadastral_sheet_no":"SHT-JK-33","surveyed_area_sqm":"1011.71","survey_status":"PENDING","urban_authority":"Srinagar South Urban Development & Town Planning Authority","zone_name":"Residential Zone","permitted_land_use":"INSTITUTIONAL","building_permission_status":"PENDING","violations_reported":"False","is_encumbered":"True","encumbrance_certificate_number":"EC-JK-00000043-0043","encumbrance_type":"GOVT_REVENUE_LIEN","financial_institution":"","mortgage_amount":"0.0","created_at":"2026-01-15T09:00:00Z","updated_at":"2026-09-24T11:30:00Z"}},{"type":"Feature","geometry":{"type":"Polygon","coordinates":[[[75.61463327760366,33.74512930462768],[75.74931835690934,33.74072747526951],[75.74931835690934,33.88895053642799],[75.60086972987986,33.88895053642799],[75.61463327760366,33.74512930462768]]]},"properties":{"ulpin":"01339969648812","parcel_id":"c3601a70-1269-4d39-be03-337c103407a6","state":"Jammu & Kashmir","state_code":"JK","state_type":"UT","state_lgd_code":"1","district_lgd_code":"10","district_name":"Srinagar","subdistrict_lgd_code":"101","subdistrict_name":"Srinagar South","subdistrict_type":"Tehsil / Taluk","village_lgd_code":"12104","village_name":"Rajbagh","khasra_plot_no":"Khasra 408/Min/D44","recorded_area":"2.0","recorded_area_unit":"Kanal-Marla","normalized_area_sqm":"1011.71","gis_area_sqm":"1011.71","land_use_category":"FOREST_GREEN_BELT","land_use_raw":"Residential Plotted","status":"SUBDIVIDED","data_freshness_status":"UNKNOWN","scenario_index":"19814","use_case_description":"Lease charge and institutional tenancy","mutation_workflow_status":"APPROVED","revenue_record_id":"ROR-JK-2025-1033-0044","revenue_record_type":"Jamabandi (Aapki Zameen Aapki Nigrani)","khata_khewat_no":"KHT-83","khatauni_no":"KHN-183","owner_name":"Tariq Ahmad Mir","owner_name_local":"طارق احمد میر","co_owners":"","tenure_type":"Leasehold","mutation_status":"UNMUTATED_TRANSACTION","active_mutation_id":"MUT-JK-00000044","tax_demand_status":"PAID","annual_tax_inr":"185.5","deed_number":"DEED-JK-2024-433-0044","deed_type":"Sale Deed / Conveyance","sro_office":"Sub-Registrar Office, Srinagar South","execution_date":"2024-05-10","registered_owner":"Registry Variance Owner 44","seller_name":"Previous Landholder","consideration_amount_inr":"3500000.0","stamp_duty_inr":"210000.0","survey_sketch_id":"FMB-JK-33-0044","cadastral_sheet_no":"SHT-JK-33","surveyed_area_sqm":"1011.71","survey_status":"DISPUTED","urban_authority":"Srinagar South Urban Development & Town Planning Authority","zone_name":"Residential Zone","permitted_land_use":"FOREST_GREEN_BELT","building_permission_status":"REJECTED","violations_reported":"False","is_encumbered":"True","encumbrance_certificate_number":"EC-JK-00000044-0044","encumbrance_type":"COURT_ATTACHMENT","financial_institution":"","mortgage_amount":"0.0","created_at":"2026-01-15T09:00:00Z","updated_at":"2026-09-24T11:30:00Z"}},{"type":"Feature","geometry":{"type":"Polygon","coordinates":[[[75.4625077744909,33.224287830037845],[75.58639212596815,33.231153510160574],[75.59568678110352,33.3644053479875],[75.43801016925202,33.361116689333066],[75.4625077744909,33.224287830037845]]]},"properties":{"ulpin":"01767098337340","parcel_id":"93108afe-f146-422e-a852-db402b19fc7c","state":"Jammu & Kashmir","state_code":"JK","state_type":"UT","state_lgd_code":"1","district_lgd_code":"10","district_name":"Srinagar","subdistrict_lgd_code":"101","subdistrict_name":"Srinagar South","subdistrict_type":"Tehsil / Taluk","village_lgd_code":"12104","village_name":"Rajbagh","khasra_plot_no":"Khasra 408/Min/D45","recorded_area":"2.0","recorded_area_unit":"Kanal-Marla","normalized_area_sqm":"1011.71","gis_area_sqm":"1011.71","land_use_category":"WATER_BODY","land_use_raw":"Residential Plotted","status":"AMALGAMATED","data_freshness_status":"CURRENT","scenario_index":"19815","use_case_description":"Subdivision or amalgamation history review","mutation_workflow_status":"REJECTED","revenue_record_id":"ROR-JK-2025-1033-0045","revenue_record_type":"Jamabandi (Aapki Zameen Aapki Nigrani)","khata_khewat_no":"KHT-83","khatauni_no":"KHN-183","owner_name":"Tariq Ahmad Mir","owner_name_local":"طارق احمد میر","co_owners":"","tenure_type":"Government Grant","mutation_status":"REJECTED","active_mutation_id":"MUT-JK-00000045","tax_demand_status":"PAID","annual_tax_inr":"185.5","deed_number":"DEED-JK-2024-433-0045","deed_type":"Sale Deed / Conveyance","sro_office":"Sub-Registrar Office, Srinagar South","execution_date":"2024-05-10","registered_owner":"Tariq Ahmad Mir","seller_name":"Previous Landholder","consideration_amount_inr":"3500000.0","stamp_duty_inr":"210000.0","survey_sketch_id":"FMB-JK-33-0045","cadastral_sheet_no":"SHT-JK-33","surveyed_area_sqm":"1011.71","survey_status":"RESURVEY_REQUIRED","urban_authority":"Srinagar South Urban Development & Town Planning Authority","zone_name":"Residential Zone","permitted_land_use":"WATER_BODY","building_permission_status":"NOT_APPLICABLE","violations_reported":"False","is_encumbered":"True","encumbrance_certificate_number":"EC-JK-00000045-0045","encumbrance_type":"TRIBAL_NON_ALIENATION","financial_institution":"","mortgage_amount":"0.0","created_at":"2026-01-15T09:00:00Z","updated_at":"2026-09-24T11:30:00Z"}},{"type":"Feature","geometry":{"type":"Polygon","coordinates":[[[75.39441585217084,34.96426870346432],[75.53372272893692,34.93504619425192],[75.55668599934796,35.12612056831754],[75.43137341102872,35.12310231531859],[75.39441585217084,34.96426870346432]]]},"properties":{"ulpin":"01247723562582","parcel_id":"ca4c495f-fe73-4876-a12c-a00df2107bcf","state":"Jammu & Kashmir","state_code":"JK","state_type":"UT","state_lgd_code":"1","district_lgd_code":"10","district_name":"Srinagar","subdistrict_lgd_code":"101","subdistrict_name":"Srinagar South","subdistrict_type":"Tehsil / Taluk","village_lgd_code":"12104","village_name":"Rajbagh","khasra_plot_no":"Khasra 408/Min/D46","recorded_area":"2.0","recorded_area_unit":"Kanal-Marla","normalized_area_sqm":"1011.71","gis_area_sqm":"1011.71","land_use_category":"MIXED_USE","land_use_raw":"Residential Plotted","status":"DISPUTED","data_freshness_status":"STALE","scenario_index":"19816","use_case_description":"Archived historical record for audit retrieval","mutation_workflow_status":"SLA_BREACHED","revenue_record_id":"ROR-JK-2025-1033-0046","revenue_record_type":"Jamabandi (Aapki Zameen Aapki Nigrani)","khata_khewat_no":"KHT-83","khatauni_no":"KHN-183","owner_name":"Tariq Ahmad Mir","owner_name_local":"طارق احمد میر","co_owners":"","tenure_type":"Waqf / Religious Trust","mutation_status":"DISPUTED","active_mutation_id":"MUT-JK-00000046","tax_demand_status":"PAID","annual_tax_inr":"185.5","deed_number":"DEED-JK-2024-433-0046","deed_type":"Sale Deed / Conveyance","sro_office":"Sub-Registrar Office, Srinagar South","execution_date":"2024-05-10","registered_owner":"Tariq Ahmad Mir","seller_name":"Previous Landholder","consideration_amount_inr":"3500000.0","stamp_duty_inr":"210000.0","survey_sketch_id":"FMB-JK-33-0046","cadastral_sheet_no":"SHT-JK-33","surveyed_area_sqm":"1011.71","survey_status":"SURVEYED","urban_authority":"Srinagar South Urban Development & Town Planning Authority","zone_name":"Residential Zone","permitted_land_use":"MIXED_USE","building_permission_status":"SANCTIONED","violations_reported":"False","is_encumbered":"True","encumbrance_certificate_number":"EC-JK-00000046-0046","encumbrance_type":"LEASE_CHARGE","financial_institution":"","mortgage_amount":"0.0","created_at":"2026-01-15T09:00:00Z","updated_at":"2026-09-24T11:30:00Z"}},{"type":"Feature","geometry":{"type":"Polygon","coordinates":[[[75.47411443226653,33.62068604423149],[75.59986522480534,33.62005369506917],[75.61463327760366,33.74512930462768],[75.45766080528716,33.77044186289313],[75.47411443226653,33.62068604423149]]]},"properties":{"ulpin":"01313075964063","parcel_id":"62b5f392-12cb-4262-b1de-6e9533790f09","state":"Jammu & Kashmir","state_code":"JK","state_type":"UT","state_lgd_code":"1","district_lgd_code":"10","district_name":"Srinagar","subdistrict_lgd_code":"101","subdistrict_name":"Srinagar South","subdistrict_type":"Tehsil / Taluk","village_lgd_code":"12104","village_name":"Rajbagh","khasra_plot_no":"Khasra 408/Min/D47","recorded_area":"2.0","recorded_area_unit":"Kanal-Marla","normalized_area_sqm":"1011.71","gis_area_sqm":"1011.71","land_use_category":"OTHER","land_use_raw":"Residential Plotted","status":"ARCHIVED","data_freshness_status":"UNKNOWN","scenario_index":"19817","use_case_description":"Pending sale mutation within statutory SLA","mutation_workflow_status":"SUBMITTED","revenue_record_id":"ROR-JK-2025-1033-0047","revenue_record_type":"Jamabandi (Aapki Zameen Aapki Nigrani)","khata_khewat_no":"KHT-83","khatauni_no":"KHN-183","owner_name":"Tariq Ahmad Mir","owner_name_local":"طارق احمد میر","co_owners":"","tenure_type":"Tribal Community Tenure","mutation_status":"NONE","active_mutation_id":"MUT-JK-00000047","tax_demand_status":"PAID","annual_tax_inr":"185.5","deed_number":"DEED-JK-2024-433-0047","deed_type":"Sale Deed / Conveyance","sro_office":"Sub-Registrar Office, Srinagar South","execution_date":"2024-05-10","registered_owner":"Tariq Ahmad Mir","seller_name":"Previous Landholder","consideration_amount_inr":"3500000.0","stamp_duty_inr":"210000.0","survey_sketch_id":"FMB-JK-33-0047","cadastral_sheet_no":"SHT-JK-33","surveyed_area_sqm":"1011.71","survey_status":"PENDING","urban_authority":"Srinagar South Urban Development & Town Planning Authority","zone_name":"Residential Zone","permitted_land_use":"OTHER","building_permission_status":"PENDING","violations_reported":"True","is_encumbered":"False","encumbrance_certificate_number":"EC-JK-2024-133-0047","encumbrance_type":"NIL","financial_institution":"","mortgage_amount":"0.0","created_at":"2026-01-15T09:00:00Z","updated_at":"2026-09-24T11:30:00Z"}},{"type":"Feature","geometry":{"type":"Polygon","coordinates":[[[74.55432379579,35.61074747477426],[74.71567703620276,35.60162754618152],[74.6897954420127,35.735811077151375],[74.54493124095059,35.71204421308383],[74.55432379579,35.61074747477426]]]},"properties":{"ulpin":"01966307788807","parcel_id":"b80822d5-85a5-4df0-a2fa-96447f0eb4cb","state":"Jammu & Kashmir","state_code":"JK","state_type":"UT","state_lgd_code":"1","district_lgd_code":"10","district_name":"Srinagar","subdistrict_lgd_code":"101","subdistrict_name":"Srinagar South","subdistrict_type":"Tehsil / Taluk","village_lgd_code":"12104","village_name":"Rajbagh","khasra_plot_no":"Khasra 408/Min/D48","recorded_area":"2.0","recorded_area_unit":"Kanal-Marla","normalized_area_sqm":"1011.71","gis_area_sqm":"1011.71","land_use_category":"RESIDENTIAL","land_use_raw":"Residential Plotted","status":"ACTIVE","data_freshness_status":"CURRENT","scenario_index":"19818","use_case_description":"Government revenue lien and tax demand","mutation_workflow_status":"UNDER_VERIFICATION","revenue_record_id":"ROR-JK-2025-1033-0048","revenue_record_type":"Jamabandi (Aapki Zameen Aapki Nigrani)","khata_khewat_no":"KHT-83","khatauni_no":"KHN-183","owner_name":"Tariq Ahmad Mir","owner_name_local":"طارق احمد میر","co_owners":"","tenure_type":"Bhumiswami / Raiyati with Transferable Rights","mutation_status":"MUTATED","active_mutation_id":"","tax_demand_status":"PAID","annual_tax_inr":"185.5","deed_number":"DEED-JK-2024-433-0048","deed_type":"Sale Deed / Conveyance","sro_office":"Sub-Registrar Office, Srinagar South","execution_date":"2024-05-10","registered_owner":"Tariq Ahmad Mir","seller_name":"Previous Landholder","consideration_amount_inr":"3500000.0","stamp_duty_inr":"210000.0","survey_sketch_id":"FMB-JK-33-0048","cadastral_sheet_no":"SHT-JK-33","surveyed_area_sqm":"1011.71","survey_status":"DISPUTED","urban_authority":"Srinagar South Urban Development & Town Planning Authority","zone_name":"Residential Zone","permitted_land_use":"RESIDENTIAL","building_permission_status":"REJECTED","violations_reported":"False","is_encumbered":"True","encumbrance_certificate_number":"EC-JK-00000048-0048","encumbrance_type":"BANK_MORTGAGE","financial_institution":"","mortgage_amount":"0.0","created_at":"2026-01-15T09:00:00Z","updated_at":"2026-09-24T11:30:00Z"}},{"type":"Feature","geometry":{"type":"Polygon","coordinates":[[[74.28526668736126,32.90434081995175],[74.43055147871202,32.90359945734708],[74.40988968627222,33.07575943378992],[74.28526668736126,33.081451889689845],[74.28526668736126,32.90434081995175]]]},"properties":{"ulpin":"01054726015422","parcel_id":"7957b614-701d-461d-a2c2-c725c47b7f0f","state":"Jammu & Kashmir","state_code":"JK","state_type":"UT","state_lgd_code":"1","district_lgd_code":"10","district_name":"Srinagar","subdistrict_lgd_code":"101","subdistrict_name":"Srinagar South","subdistrict_type":"Tehsil / Taluk","village_lgd_code":"12104","village_name":"Rajbagh","khasra_plot_no":"Khasra 408/Min/D49","recorded_area":"2.0","recorded_area_unit":"Kanal-Marla","normalized_area_sqm":"1011.71","gis_area_sqm":"1011.71","land_use_category":"COMMERCIAL","land_use_raw":"Residential Plotted","status":"PENDING_MUTATION","data_freshness_status":"STALE","scenario_index":"19819","use_case_description":"Court attachment and disputed possession","mutation_workflow_status":"NOTICE_PERIOD","revenue_record_id":"ROR-JK-2025-1033-0049","revenue_record_type":"Jamabandi (Aapki Zameen Aapki Nigrani)","khata_khewat_no":"KHT-83","khatauni_no":"KHN-183","owner_name":"Tariq Ahmad Mir","owner_name_local":"طارق احمد میر","co_owners":"","tenure_type":"Bhumiswami / Freehold","mutation_status":"PENDING","active_mutation_id":"MUT-JK-00000049","tax_demand_status":"PAID","annual_tax_inr":"185.5","deed_number":"DEED-JK-2024-433-0049","deed_type":"Sale Deed / Conveyance","sro_office":"Sub-Registrar Office, Srinagar South","execution_date":"2024-05-10","registered_owner":"Registry Variance Owner 49","seller_name":"Previous Landholder","consideration_amount_inr":"3500000.0","stamp_duty_inr":"210000.0","survey_sketch_id":"FMB-JK-33-0049","cadastral_sheet_no":"SHT-JK-33","surveyed_area_sqm":"1011.71","survey_status":"RESURVEY_REQUIRED","urban_authority":"Srinagar South Urban Development & Town Planning Authority","zone_name":"Residential Zone","permitted_land_use":"COMMERCIAL","building_permission_status":"NOT_APPLICABLE","violations_reported":"False","is_encumbered":"True","encumbrance_certificate_number":"EC-JK-00000049-0049","encumbrance_type":"GOVT_REVENUE_LIEN","financial_institution":"","mortgage_amount":"0.0","created_at":"2026-01-15T09:00:00Z","updated_at":"2026-09-24T11:30:00Z"}},{"type":"Feature","geometry":{"type":"Polygon","coordinates":[[[75.41414833108567,35.40226809106604],[75.56153132002332,35.42488948380318],[75.57700959761634,35.606477413619324],[75.40639711165616,35.5679725505269],[75.41414833108567,35.40226809106604]]]},"properties":{"ulpin":"01940483459828","parcel_id":"9561801d-957b-4cc9-b016-005716c273d6","state":"Jammu & Kashmir","state_code":"JK","state_type":"UT","state_lgd_code":"1","district_lgd_code":"10","district_name":"Srinagar","subdistrict_lgd_code":"101","subdistrict_name":"Srinagar South","subdistrict_type":"Tehsil / Taluk","village_lgd_code":"12104","village_name":"Rajbagh","khasra_plot_no":"Khasra 408/Min/D50","recorded_area":"2.0","recorded_area_unit":"Kanal-Marla","normalized_area_sqm":"1011.71","gis_area_sqm":"1011.71","land_use_category":"INDUSTRIAL","land_use_raw":"Residential Plotted","status":"SUBDIVIDED","data_freshness_status":"UNKNOWN","scenario_index":"19820","use_case_description":"Tribal non-alienation protection review","mutation_workflow_status":"HEARING_SCHEDULED","revenue_record_id":"ROR-JK-2025-1033-0050","revenue_record_type":"Jamabandi (Aapki Zameen Aapki Nigrani)","khata_khewat_no":"KHT-83","khatauni_no":"KHN-183","owner_name":"Tariq Ahmad Mir","owner_name_local":"طارق احمد میر","co_owners":"","tenure_type":"Leasehold","mutation_status":"UNMUTATED_TRANSACTION","active_mutation_id":"MUT-JK-00000050","tax_demand_status":"PAID","annual_tax_inr":"185.5","deed_number":"DEED-JK-2024-433-0050","deed_type":"Sale Deed / Conveyance","sro_office":"Sub-Registrar Office, Srinagar South","execution_date":"2024-05-10","registered_owner":"Tariq Ahmad Mir","seller_name":"Previous Landholder","consideration_amount_inr":"3500000.0","stamp_duty_inr":"210000.0","survey_sketch_id":"FMB-JK-33-0050","cadastral_sheet_no":"SHT-JK-33","surveyed_area_sqm":"1011.71","survey_status":"SURVEYED","urban_authority":"Srinagar South Urban Development & Town Planning Authority","zone_name":"Residential Zone","permitted_land_use":"INDUSTRIAL","building_permission_status":"SANCTIONED","violations_reported":"False","is_encumbered":"True","encumbrance_certificate_number":"EC-JK-00000050-0050","encumbrance_type":"COURT_ATTACHMENT","financial_institution":"","mortgage_amount":"0.0","created_at":"2026-01-15T09:00:00Z","updated_at":"2026-09-24T11:30:00Z"}},{"type":"Feature","geometry":{"type":"Polygon","coordinates":[[[76.41893972472242,35.664610157726926],[76.55992530951694,35.64157421064406],[76.56826566870512,35.82671779202917],[76.39114686549829,35.82671779202917],[76.41893972472242,35.664610157726926]]]},"properties":{"ulpin":"01336513644418","parcel_id":"26e2f97c-9b06-42c4-8697-270612493363","state":"Jammu & Kashmir","state_code":"JK","state_type":"UT","state_lgd_code":"1","district_lgd_code":"10","district_name":"Srinagar","subdistrict_lgd_code":"101","subdistrict_name":"Srinagar South","subdistrict_type":"Tehsil / Taluk","village_lgd_code":"12104","village_name":"Rajbagh","khasra_plot_no":"Khasra 408/Min/D51","recorded_area":"2.0","recorded_area_unit":"Kanal-Marla","normalized_area_sqm":"1011.71","gis_area_sqm":"1011.71","land_use_category":"AGRICULTURAL","land_use_raw":"Residential Plotted","status":"AMALGAMATED","data_freshness_status":"CURRENT","scenario_index":"19821","use_case_description":"Lease charge and institutional tenancy","mutation_workflow_status":"APPROVED","revenue_record_id":"ROR-JK-2025-1033-0051","revenue_record_type":"Jamabandi (Aapki Zameen Aapki Nigrani)","khata_khewat_no":"KHT-83","khatauni_no":"KHN-183","owner_name":"Tariq Ahmad Mir","owner_name_local":"طارق احمد میر","co_owners":"","tenure_type":"Government Grant","mutation_status":"REJECTED","active_mutation_id":"MUT-JK-00000051","tax_demand_status":"PAID","annual_tax_inr":"185.5","deed_number":"DEED-JK-2024-433-0051","deed_type":"Sale Deed / Conveyance","sro_office":"Sub-Registrar Office, Srinagar South","execution_date":"2024-05-10","registered_owner":"Tariq Ahmad Mir","seller_name":"Previous Landholder","consideration_amount_inr":"3500000.0","stamp_duty_inr":"210000.0","survey_sketch_id":"FMB-JK-33-0051","cadastral_sheet_no":"SHT-JK-33","surveyed_area_sqm":"1011.71","survey_status":"PENDING","urban_authority":"Srinagar South Urban Development & Town Planning Authority","zone_name":"Residential Zone","permitted_land_use":"AGRICULTURAL","building_permission_status":"PENDING","violations_reported":"False","is_encumbered":"True","encumbrance_certificate_number":"EC-JK-00000051-0051","encumbrance_type":"TRIBAL_NON_ALIENATION","financial_institution":"","mortgage_amount":"0.0","created_at":"2026-01-15T09:00:00Z","updated_at":"2026-09-24T11:30:00Z"}},{"type":"Feature","geometry":{"type":"Polygon","coordinates":[[[76.41877248308565,34.67657052311754],[76.56989074324036,34.66464011121923],[76.55763654288434,34.82085582799244],[76.40845542573857,34.827204395671465],[76.41877248308565,34.67657052311754]]]},"properties":{"ulpin":"01894598689706","parcel_id":"33c9fbbd-ecde-40f5-b6c3-990133b7afd1","state":"Jammu & Kashmir","state_code":"JK","state_type":"UT","state_lgd_code":"1","district_lgd_code":"10","district_name":"Srinagar","subdistrict_lgd_code":"101","subdistrict_name":"Srinagar South","subdistrict_type":"Tehsil / Taluk","village_lgd_code":"12104","village_name":"Rajbagh","khasra_plot_no":"Khasra 408/Min/D52","recorded_area":"2.0","recorded_area_unit":"Kanal-Marla","normalized_area_sqm":"1011.71","gis_area_sqm":"1011.71","land_use_category":"INSTITUTIONAL","land_use_raw":"Residential Plotted","status":"DISPUTED","data_freshness_status":"STALE","scenario_index":"19822","use_case_description":"Subdivision or amalgamation history review","mutation_workflow_status":"REJECTED","revenue_record_id":"ROR-JK-2025-1033-0052","revenue_record_type":"Jamabandi (Aapki Zameen Aapki Nigrani)","khata_khewat_no":"KHT-83","khatauni_no":"KHN-183","owner_name":"Tariq Ahmad Mir","owner_name_local":"طارق احمد میر","co_owners":"","tenure_type":"Waqf / Religious Trust","mutation_status":"DISPUTED","active_mutation_id":"MUT-JK-00000052","tax_demand_status":"PAID","annual_tax_inr":"185.5","deed_number":"DEED-JK-2024-433-0052","deed_type":"Sale Deed / Conveyance","sro_office":"Sub-Registrar Office, Srinagar South","execution_date":"2024-05-10","registered_owner":"Tariq Ahmad Mir","seller_name":"Previous Landholder","consideration_amount_inr":"3500000.0","stamp_duty_inr":"210000.0","survey_sketch_id":"FMB-JK-33-0052","cadastral_sheet_no":"SHT-JK-33","surveyed_area_sqm":"1011.71","survey_status":"DISPUTED","urban_authority":"Srinagar South Urban Development & Town Planning Authority","zone_name":"Residential Zone","permitted_land_use":"INSTITUTIONAL","building_permission_status":"REJECTED","violations_reported":"False","is_encumbered":"True","encumbrance_certificate_number":"EC-JK-00000052-0052","encumbrance_type":"LEASE_CHARGE","financial_institution":"","mortgage_amount":"0.0","created_at":"2026-01-15T09:00:00Z","updated_at":"2026-09-24T11:30:00Z"}},{"type":"Feature","geometry":{"type":"Polygon","coordinates":[[[75.27673402432268,34.79272682623585],[75.41252817559777,34.799627254446506],[75.39441585217084,34.96426870346432],[75.27673402432268,34.96330551548531],[75.27673402432268,34.79272682623585]]]},"properties":{"ulpin":"01793896934510","parcel_id":"3bd6e966-5c3c-45eb-9d70-34bf8e744067","state":"Jammu & Kashmir","state_code":"JK","state_type":"UT","state_lgd_code":"1","district_lgd_code":"10","district_name":"Srinagar","subdistrict_lgd_code":"101","subdistrict_name":"Srinagar South","subdistrict_type":"Tehsil / Taluk","village_lgd_code":"12104","village_name":"Rajbagh","khasra_plot_no":"Khasra 408/Min/D53","recorded_area":"2.0","recorded_area_unit":"Kanal-Marla","normalized_area_sqm":"1011.71","gis_area_sqm":"1011.71","land_use_category":"FOREST_GREEN_BELT","land_use_raw":"Residential Plotted","status":"ARCHIVED","data_freshness_status":"UNKNOWN","scenario_index":"19823","use_case_description":"Bank mortgage and active encumbrance","mutation_workflow_status":"SLA_BREACHED","revenue_record_id":"ROR-JK-2025-1033-0053","revenue_record_type":"Jamabandi (Aapki Zameen Aapki Nigrani)","khata_khewat_no":"KHT-83","khatauni_no":"KHN-183","owner_name":"Tariq Ahmad Mir","owner_name_local":"طارق احمد میر","co_owners":"","tenure_type":"Tribal Community Tenure","mutation_status":"NONE","active_mutation_id":"MUT-JK-00000053","tax_demand_status":"PAID","annual_tax_inr":"185.5","deed_number":"DEED-JK-2024-433-0053","deed_type":"Sale Deed / Conveyance","sro_office":"Sub-Registrar Office, Srinagar South","execution_date":"2024-05-10","registered_owner":"Tariq Ahmad Mir","seller_name":"Previous Landholder","consideration_amount_inr":"3500000.0","stamp_duty_inr":"210000.0","survey_sketch_id":"FMB-JK-33-0053","cadastral_sheet_no":"SHT-JK-33","surveyed_area_sqm":"1011.71","survey_status":"RESURVEY_REQUIRED","urban_authority":"Srinagar South Urban Development & Town Planning Authority","zone_name":"Residential Zone","permitted_land_use":"FOREST_GREEN_BELT","building_permission_status":"NOT_APPLICABLE","violations_reported":"False","is_encumbered":"False","encumbrance_certificate_number":"EC-JK-2024-133-0053","encumbrance_type":"NIL","financial_institution":"","mortgage_amount":"0.0","created_at":"2026-01-15T09:00:00Z","updated_at":"2026-09-24T11:30:00Z"}},{"type":"Feature","geometry":{"type":"Polygon","coordinates":[[[74.40745360906743,35.08480910832653],[74.53893850286495,35.07874549756363],[74.57079199736036,35.21664786316635],[74.40745360906743,35.19584499678033],[74.40745360906743,35.08480910832653]]]},"properties":{"ulpin":"01780441494327","parcel_id":"75800884-fc60-4263-adb3-7cc008913b92","state":"Jammu & Kashmir","state_code":"JK","state_type":"UT","state_lgd_code":"1","district_lgd_code":"10","district_name":"Srinagar","subdistrict_lgd_code":"101","subdistrict_name":"Srinagar South","subdistrict_type":"Tehsil / Taluk","village_lgd_code":"12104","village_name":"Rajbagh","khasra_plot_no":"Khasra 408/Min/D54","recorded_area":"2.0","recorded_area_unit":"Kanal-Marla","normalized_area_sqm":"1011.71","gis_area_sqm":"1011.71","land_use_category":"WATER_BODY","land_use_raw":"Residential Plotted","status":"ACTIVE","data_freshness_status":"CURRENT","scenario_index":"19824","use_case_description":"Bank mortgage and active encumbrance","mutation_workflow_status":"SUBMITTED","revenue_record_id":"ROR-JK-2025-1033-0054","revenue_record_type":"Jamabandi (Aapki Zameen Aapki Nigrani)","khata_khewat_no":"KHT-83","khatauni_no":"KHN-183","owner_name":"Tariq Ahmad Mir","owner_name_local":"طارق احمد میر","co_owners":"","tenure_type":"Bhumiswami / Raiyati with Transferable Rights","mutation_status":"MUTATED","active_mutation_id":"","tax_demand_status":"PAID","annual_tax_inr":"185.5","deed_number":"DEED-JK-2024-433-0054","deed_type":"Sale Deed / Conveyance","sro_office":"Sub-Registrar Office, Srinagar South","execution_date":"2024-05-10","registered_owner":"Registry Variance Owner 54","seller_name":"Previous Landholder","consideration_amount_inr":"3500000.0","stamp_duty_inr":"210000.0","survey_sketch_id":"FMB-JK-33-0054","cadastral_sheet_no":"SHT-JK-33","surveyed_area_sqm":"1011.71","survey_status":"SURVEYED","urban_authority":"Srinagar South Urban Development & Town Planning Authority","zone_name":"Residential Zone","permitted_land_use":"WATER_BODY","building_permission_status":"SANCTIONED","violations_reported":"True","is_encumbered":"True","encumbrance_certificate_number":"EC-JK-00000054-0054","encumbrance_type":"BANK_MORTGAGE","financial_institution":"","mortgage_amount":"0.0","created_at":"2026-01-15T09:00:00Z","updated_at":"2026-09-24T11:30:00Z"}},{"type":"Feature","geometry":{"type":"Polygon","coordinates":[[[76.52100291670892,32.79741380366074],[76.67446767160499,32.833513374344385],[76.6737839014425,32.95630565096152],[76.50958128804423,32.98346286446701],[76.52100291670892,32.79741380366074]]]},"properties":{"ulpin":"01524779257487","parcel_id":"608d7fcb-545f-464a-a2b2-330e60fc0ad4","state":"Jammu & Kashmir","state_code":"JK","state_type":"UT","state_lgd_code":"1","district_lgd_code":"10","district_name":"Srinagar","subdistrict_lgd_code":"101","subdistrict_name":"Srinagar South","subdistrict_type":"Tehsil / Taluk","village_lgd_code":"12104","village_name":"Rajbagh","khasra_plot_no":"Khasra 408/Min/D55","recorded_area":"2.0","recorded_area_unit":"Kanal-Marla","normalized_area_sqm":"1011.71","gis_area_sqm":"1011.71","land_use_category":"MIXED_USE","land_use_raw":"Residential Plotted","status":"PENDING_MUTATION","data_freshness_status":"STALE","scenario_index":"19825","use_case_description":"Government revenue lien and tax demand","mutation_workflow_status":"UNDER_VERIFICATION","revenue_record_id":"ROR-JK-2025-1033-0055","revenue_record_type":"Jamabandi (Aapki Zameen Aapki Nigrani)","khata_khewat_no":"KHT-83","khatauni_no":"KHN-183","owner_name":"Tariq Ahmad Mir","owner_name_local":"طارق احمد میر","co_owners":"","tenure_type":"Bhumiswami / Freehold","mutation_status":"PENDING","active_mutation_id":"MUT-JK-00000055","tax_demand_status":"PAID","annual_tax_inr":"185.5","deed_number":"DEED-JK-2024-433-0055","deed_type":"Sale Deed / Conveyance","sro_office":"Sub-Registrar Office, Srinagar South","execution_date":"2024-05-10","registered_owner":"Tariq Ahmad Mir","seller_name":"Previous Landholder","consideration_amount_inr":"3500000.0","stamp_duty_inr":"210000.0","survey_sketch_id":"FMB-JK-33-0055","cadastral_sheet_no":"SHT-JK-33","surveyed_area_sqm":"1011.71","survey_status":"PENDING","urban_authority":"Srinagar South Urban Development & Town Planning Authority","zone_name":"Residential Zone","permitted_land_use":"MIXED_USE","building_permission_status":"PENDING","violations_reported":"False","is_encumbered":"True","encumbrance_certificate_number":"EC-JK-00000055-0055","encumbrance_type":"GOVT_REVENUE_LIEN","financial_institution":"","mortgage_amount":"0.0","created_at":"2026-01-15T09:00:00Z","updated_at":"2026-09-24T11:30:00Z"}},{"type":"Feature","geometry":{"type":"Polygon","coordinates":[[[76.20804884527519,35.180444743534245],[76.42262525715161,35.17335894243608],[76.39898514327365,35.32961122803649],[76.19406930318264,35.310283015366664],[76.20804884527519,35.180444743534245]]]},"properties":{"ulpin":"01998063723869","parcel_id":"e4582d0f-4322-4192-a6ff-2ca06f0ace42","state":"Jammu & Kashmir","state_code":"JK","state_type":"UT","state_lgd_code":"1","district_lgd_code":"10","district_name":"Srinagar","subdistrict_lgd_code":"101","subdistrict_name":"Srinagar South","subdistrict_type":"Tehsil / Taluk","village_lgd_code":"12104","village_name":"Rajbagh","khasra_plot_no":"Khasra 408/Min/D56","recorded_area":"2.0","recorded_area_unit":"Kanal-Marla","normalized_area_sqm":"1011.71","gis_area_sqm":"1011.71","land_use_category":"OTHER","land_use_raw":"Residential Plotted","status":"SUBDIVIDED","data_freshness_status":"UNKNOWN","scenario_index":"19826","use_case_description":"Court attachment and disputed possession","mutation_workflow_status":"NOTICE_PERIOD","revenue_record_id":"ROR-JK-2025-1033-0056","revenue_record_type":"Jamabandi (Aapki Zameen Aapki Nigrani)","khata_khewat_no":"KHT-83","khatauni_no":"KHN-183","owner_name":"Tariq Ahmad Mir","owner_name_local":"طارق احمد میر","co_owners":"","tenure_type":"Leasehold","mutation_status":"UNMUTATED_TRANSACTION","active_mutation_id":"MUT-JK-00000056","tax_demand_status":"PAID","annual_tax_inr":"185.5","deed_number":"DEED-JK-2024-433-0056","deed_type":"Sale Deed / Conveyance","sro_office":"Sub-Registrar Office, Srinagar South","execution_date":"2024-05-10","registered_owner":"Tariq Ahmad Mir","seller_name":"Previous Landholder","consideration_amount_inr":"3500000.0","stamp_duty_inr":"210000.0","survey_sketch_id":"FMB-JK-33-0056","cadastral_sheet_no":"SHT-JK-33","surveyed_area_sqm":"1011.71","survey_status":"DISPUTED","urban_authority":"Srinagar South Urban Development & Town Planning Authority","zone_name":"Residential Zone","permitted_land_use":"OTHER","building_permission_status":"REJECTED","violations_reported":"False","is_encumbered":"True","encumbrance_certificate_number":"EC-JK-00000056-0056","encumbrance_type":"COURT_ATTACHMENT","financial_institution":"","mortgage_amount":"0.0","created_at":"2026-01-15T09:00:00Z","updated_at":"2026-09-24T11:30:00Z"}},{"type":"Feature","geometry":{"type":"Polygon","coordinates":[[[76.66319608122555,32.20385098402459],[76.82479226956745,32.17392470864459],[76.83533114526482,32.32353278075193],[76.66064363196914,32.32002635461949],[76.66319608122555,32.20385098402459]]]},"properties":{"ulpin":"01442732946431","parcel_id":"861afe2b-3d4a-4cf9-8baf-101703dcf24b","state":"Jammu & Kashmir","state_code":"JK","state_type":"UT","state_lgd_code":"1","district_lgd_code":"10","district_name":"Srinagar","subdistrict_lgd_code":"101","subdistrict_name":"Srinagar South","subdistrict_type":"Tehsil / Taluk","village_lgd_code":"12104","village_name":"Rajbagh","khasra_plot_no":"Khasra 408/Min/D57","recorded_area":"2.0","recorded_area_unit":"Kanal-Marla","normalized_area_sqm":"1011.71","gis_area_sqm":"1011.71","land_use_category":"RESIDENTIAL","land_use_raw":"Residential Plotted","status":"AMALGAMATED","data_freshness_status":"CURRENT","scenario_index":"19827","use_case_description":"Tribal non-alienation protection review","mutation_workflow_status":"HEARING_SCHEDULED","revenue_record_id":"ROR-JK-2025-1033-0057","revenue_record_type":"Jamabandi (Aapki Zameen Aapki Nigrani)","khata_khewat_no":"KHT-83","khatauni_no":"KHN-183","owner_name":"Tariq Ahmad Mir","owner_name_local":"طارق احمد میر","co_owners":"","tenure_type":"Government Grant","mutation_status":"REJECTED","active_mutation_id":"MUT-JK-00000057","tax_demand_status":"PAID","annual_tax_inr":"185.5","deed_number":"DEED-JK-2024-433-0057","deed_type":"Sale Deed / Conveyance","sro_office":"Sub-Registrar Office, Srinagar South","execution_date":"2024-05-10","registered_owner":"Tariq Ahmad Mir","seller_name":"Previous Landholder","consideration_amount_inr":"3500000.0","stamp_duty_inr":"210000.0","survey_sketch_id":"FMB-JK-33-0057","cadastral_sheet_no":"SHT-JK-33","surveyed_area_sqm":"1011.71","survey_status":"RESURVEY_REQUIRED","urban_authority":"Srinagar South Urban Development & Town Planning Authority","zone_name":"Residential Zone","permitted_land_use":"RESIDENTIAL","building_permission_status":"NOT_APPLICABLE","violations_reported":"False","is_encumbered":"True","encumbrance_certificate_number":"EC-JK-00000057-0057","encumbrance_type":"TRIBAL_NON_ALIENATION","financial_institution":"","mortgage_amount":"0.0","created_at":"2026-01-15T09:00:00Z","updated_at":"2026-09-24T11:30:00Z"}},{"type":"Feature","geometry":{"type":"Polygon","coordinates":[[[75.70760343552222,34.77910604468377],[75.83412168582907,34.753470476807706],[75.83412168582907,34.95810509179183],[75.69284105797499,34.937278068348355],[75.70760343552222,34.77910604468377]]]},"properties":{"ulpin":"01926099693222","parcel_id":"27889c02-38c3-46a3-aa06-8800cde0a633","state":"Jammu & Kashmir","state_code":"JK","state_type":"UT","state_lgd_code":"1","district_lgd_code":"10","district_name":"Srinagar","subdistrict_lgd_code":"101","subdistrict_name":"Srinagar South","subdistrict_type":"Tehsil / Taluk","village_lgd_code":"12104","village_name":"Rajbagh","khasra_plot_no":"Khasra 408/Min/D58","recorded_area":"2.0","recorded_area_unit":"Kanal-Marla","normalized_area_sqm":"1011.71","gis_area_sqm":"1011.71","land_use_category":"COMMERCIAL","land_use_raw":"Residential Plotted","status":"DISPUTED","data_freshness_status":"STALE","scenario_index":"19828","use_case_description":"Lease charge and institutional tenancy","mutation_workflow_status":"APPROVED","revenue_record_id":"ROR-JK-2025-1033-0058","revenue_record_type":"Jamabandi (Aapki Zameen Aapki Nigrani)","khata_khewat_no":"KHT-83","khatauni_no":"KHN-183","owner_name":"Tariq Ahmad Mir","owner_name_local":"طارق احمد میر","co_owners":"","tenure_type":"Waqf / Religious Trust","mutation_status":"DISPUTED","active_mutation_id":"MUT-JK-00000058","tax_demand_status":"PAID","annual_tax_inr":"185.5","deed_number":"DEED-JK-2024-433-0058","deed_type":"Sale Deed / Conveyance","sro_office":"Sub-Registrar Office, Srinagar South","execution_date":"2024-05-10","registered_owner":"Tariq Ahmad Mir","seller_name":"Previous Landholder","consideration_amount_inr":"3500000.0","stamp_duty_inr":"210000.0","survey_sketch_id":"FMB-JK-33-0058","cadastral_sheet_no":"SHT-JK-33","surveyed_area_sqm":"1011.71","survey_status":"SURVEYED","urban_authority":"Srinagar South Urban Development & Town Planning Authority","zone_name":"Residential Zone","permitted_land_use":"COMMERCIAL","building_permission_status":"SANCTIONED","violations_reported":"False","is_encumbered":"True","encumbrance_certificate_number":"EC-JK-00000058-0058","encumbrance_type":"LEASE_CHARGE","financial_institution":"","mortgage_amount":"0.0","created_at":"2026-01-15T09:00:00Z","updated_at":"2026-09-24T11:30:00Z"}},{"type":"Feature","geometry":{"type":"Polygon","coordinates":[[[75.32672965809378,33.35544577394578],[75.43801016925202,33.361116689333066],[75.45188853918145,33.49115197723439],[75.2871560589355,33.47777927047996],[75.32672965809378,33.35544577394578]]]},"properties":{"ulpin":"01604998897060","parcel_id":"35364770-a666-4dc3-b74b-1f6a8a5d8cf8","state":"Jammu & Kashmir","state_code":"JK","state_type":"UT","state_lgd_code":"1","district_lgd_code":"10","district_name":"Srinagar","subdistrict_lgd_code":"101","subdistrict_name":"Srinagar South","subdistrict_type":"Tehsil / Taluk","village_lgd_code":"12104","village_name":"Rajbagh","khasra_plot_no":"Khasra 408/Min/D59","recorded_area":"2.0","recorded_area_unit":"Kanal-Marla","normalized_area_sqm":"1011.71","gis_area_sqm":"1011.71","land_use_category":"INDUSTRIAL","land_use_raw":"Residential Plotted","status":"ARCHIVED","data_freshness_status":"UNKNOWN","scenario_index":"19829","use_case_description":"Archived historical record for audit retrieval","mutation_workflow_status":"REJECTED","revenue_record_id":"ROR-JK-2025-1033-0059","revenue_record_type":"Jamabandi (Aapki Zameen Aapki Nigrani)","khata_khewat_no":"KHT-83","khatauni_no":"KHN-183","owner_name":"Tariq Ahmad Mir","owner_name_local":"طارق احمد میر","co_owners":"","tenure_type":"Tribal Community Tenure","mutation_status":"NONE","active_mutation_id":"MUT-JK-00000059","tax_demand_status":"PAID","annual_tax_inr":"185.5","deed_number":"DEED-JK-2024-433-0059","deed_type":"Sale Deed / Conveyance","sro_office":"Sub-Registrar Office, Srinagar South","execution_date":"2024-05-10","registered_owner":"Registry Variance Owner 59","seller_name":"Previous Landholder","consideration_amount_inr":"3500000.0","stamp_duty_inr":"210000.0","survey_sketch_id":"FMB-JK-33-0059","cadastral_sheet_no":"SHT-JK-33","surveyed_area_sqm":"1011.71","survey_status":"PENDING","urban_authority":"Srinagar South Urban Development & Town Planning Authority","zone_name":"Residential Zone","permitted_land_use":"INDUSTRIAL","building_permission_status":"PENDING","violations_reported":"False","is_encumbered":"False","encumbrance_certificate_number":"EC-JK-2024-133-0059","encumbrance_type":"NIL","financial_institution":"","mortgage_amount":"0.0","created_at":"2026-01-15T09:00:00Z","updated_at":"2026-09-24T11:30:00Z"}},{"type":"Feature","geometry":{"type":"Polygon","coordinates":[[[75.70949192737157,35.08047350244218],[75.83412168582907,35.127101498493914],[75.83412168582907,35.24248007153447],[75.69445072443159,35.2786360984851],[75.70949192737157,35.08047350244218]]]},"properties":{"ulpin":"01688132317186","parcel_id":"70ee5f11-9c0c-4172-af87-2409a54e0dca","state":"Jammu & Kashmir","state_code":"JK","state_type":"UT","state_lgd_code":"1","district_lgd_code":"10","district_name":"Srinagar","subdistrict_lgd_code":"101","subdistrict_name":"Srinagar South","subdistrict_type":"Tehsil / Taluk","village_lgd_code":"12104","village_name":"Rajbagh","khasra_plot_no":"Khasra 408/Min/D60","recorded_area":"2.0","recorded_area_unit":"Kanal-Marla","normalized_area_sqm":"1011.71","gis_area_sqm":"1011.71","land_use_category":"AGRICULTURAL","land_use_raw":"Residential Plotted","status":"ACTIVE","data_freshness_status":"CURRENT","scenario_index":"19830","use_case_description":"Archived historical record for audit retrieval","mutation_workflow_status":"SLA_BREACHED","revenue_record_id":"ROR-JK-2025-1033-0060","revenue_record_type":"Jamabandi (Aapki Zameen Aapki Nigrani)","khata_khewat_no":"KHT-83","khatauni_no":"KHN-183","owner_name":"Tariq Ahmad Mir","owner_name_local":"طارق احمد میر","co_owners":"","tenure_type":"Bhumiswami / Raiyati with Transferable Rights","mutation_status":"MUTATED","active_mutation_id":"","tax_demand_status":"PAID","annual_tax_inr":"185.5","deed_number":"DEED-JK-2024-433-0060","deed_type":"Sale Deed / Conveyance","sro_office":"Sub-Registrar Office, Srinagar South","execution_date":"2024-05-10","registered_owner":"Tariq Ahmad Mir","seller_name":"Previous Landholder","consideration_amount_inr":"3500000.0","stamp_duty_inr":"210000.0","survey_sketch_id":"FMB-JK-33-0060","cadastral_sheet_no":"SHT-JK-33","surveyed_area_sqm":"1011.71","survey_status":"DISPUTED","urban_authority":"Srinagar South Urban Development & Town Planning Authority","zone_name":"Residential Zone","permitted_land_use":"AGRICULTURAL","building_permission_status":"REJECTED","violations_reported":"False","is_encumbered":"True","encumbrance_certificate_number":"EC-JK-00000060-0060","encumbrance_type":"BANK_MORTGAGE","financial_institution":"","mortgage_amount":"0.0","created_at":"2026-01-15T09:00:00Z","updated_at":"2026-09-24T11:30:00Z"}},{"type":"Feature","geometry":{"type":"Polygon","coordinates":[[[75.41252817559777,34.799627254446506],[75.56840672942207,34.78218562707464],[75.53372272893692,34.93504619425192],[75.39441585217084,34.96426870346432],[75.41252817559777,34.799627254446506]]]},"properties":{"ulpin":"01143143756526","parcel_id":"88af8c0d-c5c1-4e10-b653-e259912b4f77","state":"Jammu & Kashmir","state_code":"JK","state_type":"UT","state_lgd_code":"1","district_lgd_code":"10","district_name":"Srinagar","subdistrict_lgd_code":"101","subdistrict_name":"Srinagar South","subdistrict_type":"Tehsil / Taluk","village_lgd_code":"12104","village_name":"Rajbagh","khasra_plot_no":"Khasra 408/Min/D61","recorded_area":"2.0","recorded_area_unit":"Kanal-Marla","normalized_area_sqm":"1011.71","gis_area_sqm":"1011.71","land_use_category":"INSTITUTIONAL","land_use_raw":"Residential Plotted","status":"PENDING_MUTATION","data_freshness_status":"STALE","scenario_index":"19831","use_case_description":"Bank mortgage and active encumbrance","mutation_workflow_status":"SUBMITTED","revenue_record_id":"ROR-JK-2025-1033-0061","revenue_record_type":"Jamabandi (Aapki Zameen Aapki Nigrani)","khata_khewat_no":"KHT-83","khatauni_no":"KHN-183","owner_name":"Tariq Ahmad Mir","owner_name_local":"طارق احمد میر","co_owners":"","tenure_type":"Bhumiswami / Freehold","mutation_status":"PENDING","active_mutation_id":"MUT-JK-00000061","tax_demand_status":"PAID","annual_tax_inr":"185.5","deed_number":"DEED-JK-2024-433-0061","deed_type":"Sale Deed / Conveyance","sro_office":"Sub-Registrar Office, Srinagar South","execution_date":"2024-05-10","registered_owner":"Tariq Ahmad Mir","seller_name":"Previous Landholder","consideration_amount_inr":"3500000.0","stamp_duty_inr":"210000.0","survey_sketch_id":"FMB-JK-33-0061","cadastral_sheet_no":"SHT-JK-33","surveyed_area_sqm":"1011.71","survey_status":"RESURVEY_REQUIRED","urban_authority":"Srinagar South Urban Development & Town Planning Authority","zone_name":"Residential Zone","permitted_land_use":"INSTITUTIONAL","building_permission_status":"NOT_APPLICABLE","violations_reported":"True","is_encumbered":"True","encumbrance_certificate_number":"EC-JK-00000061-0061","encumbrance_type":"GOVT_REVENUE_LIEN","financial_institution":"","mortgage_amount":"0.0","created_at":"2026-01-15T09:00:00Z","updated_at":"2026-09-24T11:30:00Z"}},{"type":"Feature","geometry":{"type":"Polygon","coordinates":[[[74.69836546494096,34.939566262263426],[74.82991864462029,34.93272869836133],[74.86313545524979,35.084007199711955],[74.71872730677687,35.09512020945661],[74.69836546494096,34.939566262263426]]]},"properties":{"ulpin":"01363020563057","parcel_id":"2100e654-aa95-4cad-b59a-f0aeac14ccf9","state":"Jammu & Kashmir","state_code":"JK","state_type":"UT","state_lgd_code":"1","district_lgd_code":"10","district_name":"Srinagar","subdistrict_lgd_code":"101","subdistrict_name":"Srinagar South","subdistrict_type":"Tehsil / Taluk","village_lgd_code":"12104","village_name":"Rajbagh","khasra_plot_no":"Khasra 408/Min/D62","recorded_area":"2.0","recorded_area_unit":"Kanal-Marla","normalized_area_sqm":"1011.71","gis_area_sqm":"1011.71","land_use_category":"FOREST_GREEN_BELT","land_use_raw":"Residential Plotted","status":"SUBDIVIDED","data_freshness_status":"UNKNOWN","scenario_index":"19832","use_case_description":"Government revenue lien and tax demand","mutation_workflow_status":"UNDER_VERIFICATION","revenue_record_id":"ROR-JK-2025-1033-0062","revenue_record_type":"Jamabandi (Aapki Zameen Aapki Nigrani)","khata_khewat_no":"KHT-83","khatauni_no":"KHN-183","owner_name":"Tariq Ahmad Mir","owner_name_local":"طارق احمد میر","co_owners":"","tenure_type":"Leasehold","mutation_status":"UNMUTATED_TRANSACTION","active_mutation_id":"MUT-JK-00000062","tax_demand_status":"PAID","annual_tax_inr":"185.5","deed_number":"DEED-JK-2024-433-0062","deed_type":"Sale Deed / Conveyance","sro_office":"Sub-Registrar Office, Srinagar South","execution_date":"2024-05-10","registered_owner":"Tariq Ahmad Mir","seller_name":"Previous Landholder","consideration_amount_inr":"3500000.0","stamp_duty_inr":"210000.0","survey_sketch_id":"FMB-JK-33-0062","cadastral_sheet_no":"SHT-JK-33","surveyed_area_sqm":"1011.71","survey_status":"SURVEYED","urban_authority":"Srinagar South Urban Development & Town Planning Authority","zone_name":"Residential Zone","permitted_land_use":"FOREST_GREEN_BELT","building_permission_status":"SANCTIONED","violations_reported":"False","is_encumbered":"True","encumbrance_certificate_number":"EC-JK-00000062-0062","encumbrance_type":"COURT_ATTACHMENT","financial_institution":"","mortgage_amount":"0.0","created_at":"2026-01-15T09:00:00Z","updated_at":"2026-09-24T11:30:00Z"}},{"type":"Feature","geometry":{"type":"Polygon","coordinates":[[[75.59568678110352,33.3644053479875],[75.74931835690934,33.36599082642967],[75.74931835690934,33.503661723456084],[75.6212724091769,33.48217024505777],[75.59568678110352,33.3644053479875]]]},"properties":{"ulpin":"01598465645620","parcel_id":"b1aad5a2-bab5-40fc-a8d4-f807801c54c8","state":"Jammu & Kashmir","state_code":"JK","state_type":"UT","state_lgd_code":"1","district_lgd_code":"10","district_name":"Srinagar","subdistrict_lgd_code":"101","subdistrict_name":"Srinagar South","subdistrict_type":"Tehsil / Taluk","village_lgd_code":"12104","village_name":"Rajbagh","khasra_plot_no":"Khasra 408/Min/D63","recorded_area":"2.0","recorded_area_unit":"Kanal-Marla","normalized_area_sqm":"1011.71","gis_area_sqm":"1011.71","land_use_category":"WATER_BODY","land_use_raw":"Residential Plotted","status":"AMALGAMATED","data_freshness_status":"CURRENT","scenario_index":"19833","use_case_description":"Court attachment and disputed possession","mutation_workflow_status":"NOTICE_PERIOD","revenue_record_id":"ROR-JK-2025-1033-0063","revenue_record_type":"Jamabandi (Aapki Zameen Aapki Nigrani)","khata_khewat_no":"KHT-83","khatauni_no":"KHN-183","owner_name":"Tariq Ahmad Mir","owner_name_local":"طارق احمد میر","co_owners":"","tenure_type":"Government Grant","mutation_status":"REJECTED","active_mutation_id":"MUT-JK-00000063","tax_demand_status":"PAID","annual_tax_inr":"185.5","deed_number":"DEED-JK-2024-433-0063","deed_type":"Sale Deed / Conveyance","sro_office":"Sub-Registrar Office, Srinagar South","execution_date":"2024-05-10","registered_owner":"Tariq Ahmad Mir","seller_name":"Previous Landholder","consideration_amount_inr":"3500000.0","stamp_duty_inr":"210000.0","survey_sketch_id":"FMB-JK-33-0063","cadastral_sheet_no":"SHT-JK-33","surveyed_area_sqm":"1011.71","survey_status":"PENDING","urban_authority":"Srinagar South Urban Development & Town Planning Authority","zone_name":"Residential Zone","permitted_land_use":"WATER_BODY","building_permission_status":"PENDING","violations_reported":"False","is_encumbered":"True","encumbrance_certificate_number":"EC-JK-00000063-0063","encumbrance_type":"TRIBAL_NON_ALIENATION","financial_institution":"","mortgage_amount":"0.0","created_at":"2026-01-15T09:00:00Z","updated_at":"2026-09-24T11:30:00Z"}},{"type":"Feature","geometry":{"type":"Polygon","coordinates":[[[75.60128377626042,32.80470874439704],[75.74931835690934,32.789994436914355],[75.74931835690934,32.95496625863291],[75.58539657849427,32.96280142597654],[75.60128377626042,32.80470874439704]]]},"properties":{"ulpin":"01058255069109","parcel_id":"d767b957-baed-4891-9d99-832b3b927ef0","state":"Jammu & Kashmir","state_code":"JK","state_type":"UT","state_lgd_code":"1","district_lgd_code":"10","district_name":"Srinagar","subdistrict_lgd_code":"101","subdistrict_name":"Srinagar South","subdistrict_type":"Tehsil / Taluk","village_lgd_code":"12104","village_name":"Rajbagh","khasra_plot_no":"Khasra 408/Min/D64","recorded_area":"2.0","recorded_area_unit":"Kanal-Marla","normalized_area_sqm":"1011.71","gis_area_sqm":"1011.71","land_use_category":"MIXED_USE","land_use_raw":"Residential Plotted","status":"DISPUTED","data_freshness_status":"STALE","scenario_index":"19834","use_case_description":"Tribal non-alienation protection review","mutation_workflow_status":"HEARING_SCHEDULED","revenue_record_id":"ROR-JK-2025-1033-0064","revenue_record_type":"Jamabandi (Aapki Zameen Aapki Nigrani)","khata_khewat_no":"KHT-83","khatauni_no":"KHN-183","owner_name":"Tariq Ahmad Mir","owner_name_local":"طارق احمد میر","co_owners":"","tenure_type":"Waqf / Religious Trust","mutation_status":"DISPUTED","active_mutation_id":"MUT-JK-00000064","tax_demand_status":"PAID","annual_tax_inr":"185.5","deed_number":"DEED-JK-2024-433-0064","deed_type":"Sale Deed / Conveyance","sro_office":"Sub-Registrar Office, Srinagar South","execution_date":"2024-05-10","registered_owner":"Registry Variance Owner 64","seller_name":"Previous Landholder","consideration_amount_inr":"3500000.0","stamp_duty_inr":"210000.0","survey_sketch_id":"FMB-JK-33-0064","cadastral_sheet_no":"SHT-JK-33","surveyed_area_sqm":"1011.71","survey_status":"DISPUTED","urban_authority":"Srinagar South Urban Development & Town Planning Authority","zone_name":"Residential Zone","permitted_land_use":"MIXED_USE","building_permission_status":"REJECTED","violations_reported":"False","is_encumbered":"True","encumbrance_certificate_number":"EC-JK-00000064-0064","encumbrance_type":"LEASE_CHARGE","financial_institution":"","mortgage_amount":"0.0","created_at":"2026-01-15T09:00:00Z","updated_at":"2026-09-24T11:30:00Z"}},{"type":"Feature","geometry":{"type":"Polygon","coordinates":[[[74.40745360906743,35.449975812223066],[74.57273101711628,35.47232165862366],[74.55432379579,35.61074747477426],[74.40745360906743,35.61031161089414],[74.40745360906743,35.449975812223066]]]},"properties":{"ulpin":"01200954303139","parcel_id":"d451a2b5-6428-40e6-917d-e2925810c3ce","state":"Jammu & Kashmir","state_code":"JK","state_type":"UT","state_lgd_code":"1","district_lgd_code":"10","district_name":"Srinagar","subdistrict_lgd_code":"101","subdistrict_name":"Srinagar South","subdistrict_type":"Tehsil / Taluk","village_lgd_code":"12104","village_name":"Rajbagh","khasra_plot_no":"Khasra 408/Min/D65","recorded_area":"2.0","recorded_area_unit":"Kanal-Marla","normalized_area_sqm":"1011.71","gis_area_sqm":"1011.71","land_use_category":"OTHER","land_use_raw":"Residential Plotted","status":"ARCHIVED","data_freshness_status":"UNKNOWN","scenario_index":"19835","use_case_description":"Cadastral area discrepancy requiring resurvey","mutation_workflow_status":"APPROVED","revenue_record_id":"ROR-JK-2025-1033-0065","revenue_record_type":"Jamabandi (Aapki Zameen Aapki Nigrani)","khata_khewat_no":"KHT-83","khatauni_no":"KHN-183","owner_name":"Tariq Ahmad Mir","owner_name_local":"طارق احمد میر","co_owners":"","tenure_type":"Tribal Community Tenure","mutation_status":"NONE","active_mutation_id":"MUT-JK-00000065","tax_demand_status":"PAID","annual_tax_inr":"185.5","deed_number":"DEED-JK-2024-433-0065","deed_type":"Sale Deed / Conveyance","sro_office":"Sub-Registrar Office, Srinagar South","execution_date":"2024-05-10","registered_owner":"Tariq Ahmad Mir","seller_name":"Previous Landholder","consideration_amount_inr":"3500000.0","stamp_duty_inr":"210000.0","survey_sketch_id":"FMB-JK-33-0065","cadastral_sheet_no":"SHT-JK-33","surveyed_area_sqm":"1011.71","survey_status":"RESURVEY_REQUIRED","urban_authority":"Srinagar South Urban Development & Town Planning Authority","zone_name":"Residential Zone","permitted_land_use":"OTHER","building_permission_status":"NOT_APPLICABLE","violations_reported":"False","is_encumbered":"False","encumbrance_certificate_number":"EC-JK-2024-133-0065","encumbrance_type":"NIL","financial_institution":"","mortgage_amount":"0.0","created_at":"2026-01-15T09:00:00Z","updated_at":"2026-09-24T11:30:00Z"}},{"type":"Feature","geometry":{"type":"Polygon","coordinates":[[[74.84237457872192,34.55410920116546],[75.00046021741915,34.55410920116546],[75.00046021741915,34.67616302031324],[74.87361472581556,34.66697231586109],[74.84237457872192,34.55410920116546]]]},"properties":{"ulpin":"01065684855825","parcel_id":"8a714d12-af23-4130-a21f-7e3e1fde8aec","state":"Jammu & Kashmir","state_code":"JK","state_type":"UT","state_lgd_code":"1","district_lgd_code":"10","district_name":"Srinagar","subdistrict_lgd_code":"101","subdistrict_name":"Srinagar South","subdistrict_type":"Tehsil / Taluk","village_lgd_code":"12104","village_name":"Rajbagh","khasra_plot_no":"Khasra 408/Min/D66","recorded_area":"2.0","recorded_area_unit":"Kanal-Marla","normalized_area_sqm":"1011.71","gis_area_sqm":"1011.71","land_use_category":"RESIDENTIAL","land_use_raw":"Residential Plotted","status":"ACTIVE","data_freshness_status":"CURRENT","scenario_index":"19836","use_case_description":"Subdivision or amalgamation history review","mutation_workflow_status":"REJECTED","revenue_record_id":"ROR-JK-2025-1033-0066","revenue_record_type":"Jamabandi (Aapki Zameen Aapki Nigrani)","khata_khewat_no":"KHT-83","khatauni_no":"KHN-183","owner_name":"Tariq Ahmad Mir","owner_name_local":"طارق احمد میر","co_owners":"","tenure_type":"Bhumiswami / Raiyati with Transferable Rights","mutation_status":"MUTATED","active_mutation_id":"","tax_demand_status":"PAID","annual_tax_inr":"185.5","deed_number":"DEED-JK-2024-433-0066","deed_type":"Sale Deed / Conveyance","sro_office":"Sub-Registrar Office, Srinagar South","execution_date":"2024-05-10","registered_owner":"Tariq Ahmad Mir","seller_name":"Previous Landholder","consideration_amount_inr":"3500000.0","stamp_duty_inr":"210000.0","survey_sketch_id":"FMB-JK-33-0066","cadastral_sheet_no":"SHT-JK-33","surveyed_area_sqm":"1011.71","survey_status":"SURVEYED","urban_authority":"Srinagar South Urban Development & Town Planning Authority","zone_name":"Residential Zone","permitted_land_use":"RESIDENTIAL","building_permission_status":"SANCTIONED","violations_reported":"False","is_encumbered":"True","encumbrance_certificate_number":"EC-JK-00000066-0066","encumbrance_type":"BANK_MORTGAGE","financial_institution":"","mortgage_amount":"0.0","created_at":"2026-01-15T09:00:00Z","updated_at":"2026-09-24T11:30:00Z"}},{"type":"Feature","geometry":{"type":"Polygon","coordinates":[[[74.40745360906743,34.55410920116546],[74.57243048179097,34.55410920116546],[74.54295244825025,34.67936775911418],[74.40745360906743,34.68449473438094],[74.40745360906743,34.55410920116546]]]},"properties":{"ulpin":"01177068990988","parcel_id":"88262795-d3c0-4383-9495-f9c5d9b44e90","state":"Jammu & Kashmir","state_code":"JK","state_type":"UT","state_lgd_code":"1","district_lgd_code":"10","district_name":"Srinagar","subdistrict_lgd_code":"101","subdistrict_name":"Srinagar South","subdistrict_type":"Tehsil / Taluk","village_lgd_code":"12104","village_name":"Rajbagh","khasra_plot_no":"Khasra 408/Min/D67","recorded_area":"2.0","recorded_area_unit":"Kanal-Marla","normalized_area_sqm":"1011.71","gis_area_sqm":"1011.71","land_use_category":"COMMERCIAL","land_use_raw":"Residential Plotted","status":"PENDING_MUTATION","data_freshness_status":"STALE","scenario_index":"19837","use_case_description":"Archived historical record for audit retrieval","mutation_workflow_status":"SLA_BREACHED","revenue_record_id":"ROR-JK-2025-1033-0067","revenue_record_type":"Jamabandi (Aapki Zameen Aapki Nigrani)","khata_khewat_no":"KHT-83","khatauni_no":"KHN-183","owner_name":"Tariq Ahmad Mir","owner_name_local":"طارق احمد میر","co_owners":"","tenure_type":"Bhumiswami / Freehold","mutation_status":"PENDING","active_mutation_id":"MUT-JK-00000067","tax_demand_status":"PAID","annual_tax_inr":"185.5","deed_number":"DEED-JK-2024-433-0067","deed_type":"Sale Deed / Conveyance","sro_office":"Sub-Registrar Office, Srinagar South","execution_date":"2024-05-10","registered_owner":"Tariq Ahmad Mir","seller_name":"Previous Landholder","consideration_amount_inr":"3500000.0","stamp_duty_inr":"210000.0","survey_sketch_id":"FMB-JK-33-0067","cadastral_sheet_no":"SHT-JK-33","surveyed_area_sqm":"1011.71","survey_status":"PENDING","urban_authority":"Srinagar South Urban Development & Town Planning Authority","zone_name":"Residential Zone","permitted_land_use":"COMMERCIAL","building_permission_status":"PENDING","violations_reported":"False","is_encumbered":"True","encumbrance_certificate_number":"EC-JK-00000067-0067","encumbrance_type":"GOVT_REVENUE_LIEN","financial_institution":"","mortgage_amount":"0.0","created_at":"2026-01-15T09:00:00Z","updated_at":"2026-09-24T11:30:00Z"}},{"type":"Feature","geometry":{"type":"Polygon","coordinates":[[[75.4078983843517,35.285419106057596],[75.54358166769359,35.27220053386236],[75.56153132002332,35.42488948380318],[75.41414833108567,35.40226809106604],[75.4078983843517,35.285419106057596]]]},"properties":{"ulpin":"01890465143633","parcel_id":"6c257a64-972f-48cc-ae75-89289d2ce8c6","state":"Jammu & Kashmir","state_code":"JK","state_type":"UT","state_lgd_code":"1","district_lgd_code":"10","district_name":"Srinagar","subdistrict_lgd_code":"101","subdistrict_name":"Srinagar South","subdistrict_type":"Tehsil / Taluk","village_lgd_code":"12104","village_name":"Rajbagh","khasra_plot_no":"Khasra 408/Min/D68","recorded_area":"2.0","recorded_area_unit":"Kanal-Marla","normalized_area_sqm":"1011.71","gis_area_sqm":"1011.71","land_use_category":"INDUSTRIAL","land_use_raw":"Residential Plotted","status":"SUBDIVIDED","data_freshness_status":"UNKNOWN","scenario_index":"19838","use_case_description":"Bank mortgage and active encumbrance","mutation_workflow_status":"SUBMITTED","revenue_record_id":"ROR-JK-2025-1033-0068","revenue_record_type":"Jamabandi (Aapki Zameen Aapki Nigrani)","khata_khewat_no":"KHT-83","khatauni_no":"KHN-183","owner_name":"Tariq Ahmad Mir","owner_name_local":"طارق احمد میر","co_owners":"","tenure_type":"Leasehold","mutation_status":"UNMUTATED_TRANSACTION","active_mutation_id":"MUT-JK-00000068","tax_demand_status":"PAID","annual_tax_inr":"185.5","deed_number":"DEED-JK-2024-433-0068","deed_type":"Sale Deed / Conveyance","sro_office":"Sub-Registrar Office, Srinagar South","execution_date":"2024-05-10","registered_owner":"Tariq Ahmad Mir","seller_name":"Previous Landholder","consideration_amount_inr":"3500000.0","stamp_duty_inr":"210000.0","survey_sketch_id":"FMB-JK-33-0068","cadastral_sheet_no":"SHT-JK-33","surveyed_area_sqm":"1011.71","survey_status":"DISPUTED","urban_authority":"Srinagar South Urban Development & Town Planning Authority","zone_name":"Residential Zone","permitted_land_use":"INDUSTRIAL","building_permission_status":"REJECTED","violations_reported":"True","is_encumbered":"True","encumbrance_certificate_number":"EC-JK-00000068-0068","encumbrance_type":"COURT_ATTACHMENT","financial_institution":"","mortgage_amount":"0.0","created_at":"2026-01-15T09:00:00Z","updated_at":"2026-09-24T11:30:00Z"}},{"type":"Feature","geometry":{"type":"Polygon","coordinates":[[[76.03196053402428,35.64329831067956],[76.18886080676486,35.67857736175056],[76.22496718955041,35.82671779202917],[76.03196053402428,35.82671779202917],[76.03196053402428,35.64329831067956]]]},"properties":{"ulpin":"01992197243967","parcel_id":"994002ca-105e-4d67-8619-062fef2a374e","state":"Jammu & Kashmir","state_code":"JK","state_type":"UT","state_lgd_code":"1","district_lgd_code":"10","district_name":"Srinagar","subdistrict_lgd_code":"101","subdistrict_name":"Srinagar South","subdistrict_type":"Tehsil / Taluk","village_lgd_code":"12104","village_name":"Rajbagh","khasra_plot_no":"Khasra 408/Min/D69","recorded_area":"2.0","recorded_area_unit":"Kanal-Marla","normalized_area_sqm":"1011.71","gis_area_sqm":"1011.71","land_use_category":"AGRICULTURAL","land_use_raw":"Residential Plotted","status":"AMALGAMATED","data_freshness_status":"CURRENT","scenario_index":"19839","use_case_description":"Government revenue lien and tax demand","mutation_workflow_status":"UNDER_VERIFICATION","revenue_record_id":"ROR-JK-2025-1033-0069","revenue_record_type":"Jamabandi (Aapki Zameen Aapki Nigrani)","khata_khewat_no":"KHT-83","khatauni_no":"KHN-183","owner_name":"Tariq Ahmad Mir","owner_name_local":"طارق احمد میر","co_owners":"","tenure_type":"Government Grant","mutation_status":"REJECTED","active_mutation_id":"MUT-JK-00000069","tax_demand_status":"PAID","annual_tax_inr":"185.5","deed_number":"DEED-JK-2024-433-0069","deed_type":"Sale Deed / Conveyance","sro_office":"Sub-Registrar Office, Srinagar South","execution_date":"2024-05-10","registered_owner":"Registry Variance Owner 69","seller_name":"Previous Landholder","consideration_amount_inr":"3500000.0","stamp_duty_inr":"210000.0","survey_sketch_id":"FMB-JK-33-0069","cadastral_sheet_no":"SHT-JK-33","surveyed_area_sqm":"1011.71","survey_status":"RESURVEY_REQUIRED","urban_authority":"Srinagar South Urban Development & Town Planning Authority","zone_name":"Residential Zone","permitted_land_use":"AGRICULTURAL","building_permission_status":"NOT_APPLICABLE","violations_reported":"False","is_encumbered":"True","encumbrance_certificate_number":"EC-JK-00000069-0069","encumbrance_type":"TRIBAL_NON_ALIENATION","financial_institution":"","mortgage_amount":"0.0","created_at":"2026-01-15T09:00:00Z","updated_at":"2026-09-24T11:30:00Z"}},{"type":"Feature","geometry":{"type":"Polygon","coordinates":[[[76.80920242336025,33.14262244294344],[76.97751787727931,33.126838151465904],[76.97751787727931,33.27923033457881],[76.82706650666945,33.275905234201296],[76.80920242336025,33.14262244294344]]]},"properties":{"ulpin":"01513588282069","parcel_id":"e741bc8b-65d0-403f-9947-caa103956d4f","state":"Jammu & Kashmir","state_code":"JK","state_type":"UT","state_lgd_code":"1","district_lgd_code":"10","district_name":"Srinagar","subdistrict_lgd_code":"101","subdistrict_name":"Srinagar South","subdistrict_type":"Tehsil / Taluk","village_lgd_code":"12104","village_name":"Rajbagh","khasra_plot_no":"Khasra 408/Min/D70","recorded_area":"2.0","recorded_area_unit":"Kanal-Marla","normalized_area_sqm":"1011.71","gis_area_sqm":"1011.71","land_use_category":"INSTITUTIONAL","land_use_raw":"Residential Plotted","status":"DISPUTED","data_freshness_status":"STALE","scenario_index":"19840","use_case_description":"Court attachment and disputed possession","mutation_workflow_status":"NOTICE_PERIOD","revenue_record_id":"ROR-JK-2025-1033-0070","revenue_record_type":"Jamabandi (Aapki Zameen Aapki Nigrani)","khata_khewat_no":"KHT-83","khatauni_no":"KHN-183","owner_name":"Tariq Ahmad Mir","owner_name_local":"طارق احمد میر","co_owners":"","tenure_type":"Waqf / Religious Trust","mutation_status":"DISPUTED","active_mutation_id":"MUT-JK-00000070","tax_demand_status":"PAID","annual_tax_inr":"185.5","deed_number":"DEED-JK-2024-433-0070","deed_type":"Sale Deed / Conveyance","sro_office":"Sub-Registrar Office, Srinagar South","execution_date":"2024-05-10","registered_owner":"Tariq Ahmad Mir","seller_name":"Previous Landholder","consideration_amount_inr":"3500000.0","stamp_duty_inr":"210000.0","survey_sketch_id":"FMB-JK-33-0070","cadastral_sheet_no":"SHT-JK-33","surveyed_area_sqm":"1011.71","survey_status":"SURVEYED","urban_authority":"Srinagar South Urban Development & Town Planning Authority","zone_name":"Residential Zone","permitted_land_use":"INSTITUTIONAL","building_permission_status":"SANCTIONED","violations_reported":"False","is_encumbered":"True","encumbrance_certificate_number":"EC-JK-00000070-0070","encumbrance_type":"LEASE_CHARGE","financial_institution":"","mortgage_amount":"0.0","created_at":"2026-01-15T09:00:00Z","updated_at":"2026-09-24T11:30:00Z"}},{"type":"Feature","geometry":{"type":"Polygon","coordinates":[[[75.41187504913596,34.61565839386184],[75.54224116482426,34.61565839386184],[75.56840672942207,34.78218562707464],[75.41252817559777,34.799627254446506],[75.41187504913596,34.61565839386184]]]},"properties":{"ulpin":"01344899344077","parcel_id":"01957d09-32d2-4a1e-947d-ee7165be4eb1","state":"Jammu & Kashmir","state_code":"JK","state_type":"UT","state_lgd_code":"1","district_lgd_code":"10","district_name":"Srinagar","subdistrict_lgd_code":"101","subdistrict_name":"Srinagar South","subdistrict_type":"Tehsil / Taluk","village_lgd_code":"12104","village_name":"Rajbagh","khasra_plot_no":"Khasra 408/Min/D71","recorded_area":"2.0","recorded_area_unit":"Kanal-Marla","normalized_area_sqm":"1011.71","gis_area_sqm":"1011.71","land_use_category":"FOREST_GREEN_BELT","land_use_raw":"Residential Plotted","status":"ARCHIVED","data_freshness_status":"UNKNOWN","scenario_index":"19841","use_case_description":"Tribal non-alienation protection review","mutation_workflow_status":"HEARING_SCHEDULED","revenue_record_id":"ROR-JK-2025-1033-0071","revenue_record_type":"Jamabandi (Aapki Zameen Aapki Nigrani)","khata_khewat_no":"KHT-83","khatauni_no":"KHN-183","owner_name":"Tariq Ahmad Mir","owner_name_local":"طارق احمد میر","co_owners":"","tenure_type":"Tribal Community Tenure","mutation_status":"NONE","active_mutation_id":"MUT-JK-00000071","tax_demand_status":"PAID","annual_tax_inr":"185.5","deed_number":"DEED-JK-2024-433-0071","deed_type":"Sale Deed / Conveyance","sro_office":"Sub-Registrar Office, Srinagar South","execution_date":"2024-05-10","registered_owner":"Tariq Ahmad Mir","seller_name":"Previous Landholder","consideration_amount_inr":"3500000.0","stamp_duty_inr":"210000.0","survey_sketch_id":"FMB-JK-33-0071","cadastral_sheet_no":"SHT-JK-33","surveyed_area_sqm":"1011.71","survey_status":"PENDING","urban_authority":"Srinagar South Urban Development & Town Planning Authority","zone_name":"Residential Zone","permitted_land_use":"FOREST_GREEN_BELT","building_permission_status":"PENDING","violations_reported":"False","is_encumbered":"False","encumbrance_certificate_number":"EC-JK-2024-133-0071","encumbrance_type":"NIL","financial_institution":"","mortgage_amount":"0.0","created_at":"2026-01-15T09:00:00Z","updated_at":"2026-09-24T11:30:00Z"}},{"type":"Feature","geometry":{"type":"Polygon","coordinates":[[[75.69663566616966,35.41430302284451],[75.83412168582907,35.423331755220836],[75.83412168582907,35.58936130711378],[75.69679456402929,35.59994573257447],[75.69663566616966,35.41430302284451]]]},"properties":{"ulpin":"01303549188288","parcel_id":"cc47b013-699f-4546-a9d9-93b317747fb7","state":"Jammu & Kashmir","state_code":"JK","state_type":"UT","state_lgd_code":"1","district_lgd_code":"10","district_name":"Srinagar","subdistrict_lgd_code":"101","subdistrict_name":"Srinagar South","subdistrict_type":"Tehsil / Taluk","village_lgd_code":"12104","village_name":"Rajbagh","khasra_plot_no":"Khasra 408/Min/D72","recorded_area":"2.0","recorded_area_unit":"Kanal-Marla","normalized_area_sqm":"1011.71","gis_area_sqm":"1011.71","land_use_category":"WATER_BODY","land_use_raw":"Residential Plotted","status":"ACTIVE","data_freshness_status":"CURRENT","scenario_index":"19842","use_case_description":"Lease charge and institutional tenancy","mutation_workflow_status":"APPROVED","revenue_record_id":"ROR-JK-2025-1033-0072","revenue_record_type":"Jamabandi (Aapki Zameen Aapki Nigrani)","khata_khewat_no":"KHT-83","khatauni_no":"KHN-183","owner_name":"Tariq Ahmad Mir","owner_name_local":"طارق احمد میر","co_owners":"","tenure_type":"Bhumiswami / Raiyati with Transferable Rights","mutation_status":"MUTATED","active_mutation_id":"","tax_demand_status":"PAID","annual_tax_inr":"185.5","deed_number":"DEED-JK-2024-433-0072","deed_type":"Sale Deed / Conveyance","sro_office":"Sub-Registrar Office, Srinagar South","execution_date":"2024-05-10","registered_owner":"Tariq Ahmad Mir","seller_name":"Previous Landholder","consideration_amount_inr":"3500000.0","stamp_duty_inr":"210000.0","survey_sketch_id":"FMB-JK-33-0072","cadastral_sheet_no":"SHT-JK-33","surveyed_area_sqm":"1011.71","survey_status":"DISPUTED","urban_authority":"Srinagar South Urban Development & Town Planning Authority","zone_name":"Residential Zone","permitted_land_use":"WATER_BODY","building_permission_status":"REJECTED","violations_reported":"False","is_encumbered":"True","encumbrance_certificate_number":"EC-JK-00000072-0072","encumbrance_type":"BANK_MORTGAGE","financial_institution":"","mortgage_amount":"0.0","created_at":"2026-01-15T09:00:00Z","updated_at":"2026-09-24T11:30:00Z"}},{"type":"Feature","geometry":{"type":"Polygon","coordinates":[[[76.50958128804423,32.98346286446701],[76.6737839014425,32.95630565096152],[76.66344635752176,33.12045799521109],[76.49306618507393,33.12536572538064],[76.50958128804423,32.98346286446701]]]},"properties":{"ulpin":"01846882949896","parcel_id":"a8af2442-6053-4c2b-ae1e-9150c520e4a6","state":"Jammu & Kashmir","state_code":"JK","state_type":"UT","state_lgd_code":"1","district_lgd_code":"10","district_name":"Srinagar","subdistrict_lgd_code":"101","subdistrict_name":"Srinagar South","subdistrict_type":"Tehsil / Taluk","village_lgd_code":"12104","village_name":"Rajbagh","khasra_plot_no":"Khasra 408/Min/D73","recorded_area":"2.0","recorded_area_unit":"Kanal-Marla","normalized_area_sqm":"1011.71","gis_area_sqm":"1011.71","land_use_category":"MIXED_USE","land_use_raw":"Residential Plotted","status":"PENDING_MUTATION","data_freshness_status":"STALE","scenario_index":"19843","use_case_description":"Subdivision or amalgamation history review","mutation_workflow_status":"REJECTED","revenue_record_id":"ROR-JK-2025-1033-0073","revenue_record_type":"Jamabandi (Aapki Zameen Aapki Nigrani)","khata_khewat_no":"KHT-83","khatauni_no":"KHN-183","owner_name":"Tariq Ahmad Mir","owner_name_local":"طارق احمد میر","co_owners":"","tenure_type":"Bhumiswami / Freehold","mutation_status":"PENDING","active_mutation_id":"MUT-JK-00000073","tax_demand_status":"PAID","annual_tax_inr":"185.5","deed_number":"DEED-JK-2024-433-0073","deed_type":"Sale Deed / Conveyance","sro_office":"Sub-Registrar Office, Srinagar South","execution_date":"2024-05-10","registered_owner":"Tariq Ahmad Mir","seller_name":"Previous Landholder","consideration_amount_inr":"3500000.0","stamp_duty_inr":"210000.0","survey_sketch_id":"FMB-JK-33-0073","cadastral_sheet_no":"SHT-JK-33","surveyed_area_sqm":"1011.71","survey_status":"RESURVEY_REQUIRED","urban_authority":"Srinagar South Urban Development & Town Planning Authority","zone_name":"Residential Zone","permitted_land_use":"MIXED_USE","building_permission_status":"NOT_APPLICABLE","violations_reported":"False","is_encumbered":"True","encumbrance_certificate_number":"EC-JK-00000073-0073","encumbrance_type":"GOVT_REVENUE_LIEN","financial_institution":"","mortgage_amount":"0.0","created_at":"2026-01-15T09:00:00Z","updated_at":"2026-09-24T11:30:00Z"}},{"type":"Feature","geometry":{"type":"Polygon","coordinates":[[[76.6737839014425,32.95630565096152],[76.81476572865367,32.99253433145041],[76.80920242336025,33.14262244294344],[76.66344635752176,33.12045799521109],[76.6737839014425,32.95630565096152]]]},"properties":{"ulpin":"01343444659781","parcel_id":"aac6012b-9bfc-4703-8887-4fadebf52eba","state":"Jammu & Kashmir","state_code":"JK","state_type":"UT","state_lgd_code":"1","district_lgd_code":"10","district_name":"Srinagar","subdistrict_lgd_code":"101","subdistrict_name":"Srinagar South","subdistrict_type":"Tehsil / Taluk","village_lgd_code":"12104","village_name":"Rajbagh","khasra_plot_no":"Khasra 408/Min/D74","recorded_area":"2.0","recorded_area_unit":"Kanal-Marla","normalized_area_sqm":"1011.71","gis_area_sqm":"1011.71","land_use_category":"OTHER","land_use_raw":"Residential Plotted","status":"SUBDIVIDED","data_freshness_status":"UNKNOWN","scenario_index":"19844","use_case_description":"Archived historical record for audit retrieval","mutation_workflow_status":"SLA_BREACHED","revenue_record_id":"ROR-JK-2025-1033-0074","revenue_record_type":"Jamabandi (Aapki Zameen Aapki Nigrani)","khata_khewat_no":"KHT-83","khatauni_no":"KHN-183","owner_name":"Tariq Ahmad Mir","owner_name_local":"طارق احمد میر","co_owners":"","tenure_type":"Leasehold","mutation_status":"UNMUTATED_TRANSACTION","active_mutation_id":"MUT-JK-00000074","tax_demand_status":"PAID","annual_tax_inr":"185.5","deed_number":"DEED-JK-2024-433-0074","deed_type":"Sale Deed / Conveyance","sro_office":"Sub-Registrar Office, Srinagar South","execution_date":"2024-05-10","registered_owner":"Registry Variance Owner 74","seller_name":"Previous Landholder","consideration_amount_inr":"3500000.0","stamp_duty_inr":"210000.0","survey_sketch_id":"FMB-JK-33-0074","cadastral_sheet_no":"SHT-JK-33","surveyed_area_sqm":"1011.71","survey_status":"SURVEYED","urban_authority":"Srinagar South Urban Development & Town Planning Authority","zone_name":"Residential Zone","permitted_land_use":"OTHER","building_permission_status":"SANCTIONED","violations_reported":"False","is_encumbered":"True","encumbrance_certificate_number":"EC-JK-00000074-0074","encumbrance_type":"COURT_ATTACHMENT","financial_institution":"","mortgage_amount":"0.0","created_at":"2026-01-15T09:00:00Z","updated_at":"2026-09-24T11:30:00Z"}},{"type":"Feature","geometry":{"type":"Polygon","coordinates":[[[74.70382639400883,33.54917008313806],[74.83166572572443,33.539084779886096],[74.83166572572443,33.698735233291025],[74.70285258784043,33.70959763578171],[74.70382639400883,33.54917008313806]]]},"properties":{"ulpin":"01348331582916","parcel_id":"982fa2e5-b594-45b9-a836-ad1ba6ba1f82","state":"Jammu & Kashmir","state_code":"JK","state_type":"UT","state_lgd_code":"1","district_lgd_code":"10","district_name":"Srinagar","subdistrict_lgd_code":"101","subdistrict_name":"Srinagar South","subdistrict_type":"Tehsil / Taluk","village_lgd_code":"12104","village_name":"Rajbagh","khasra_plot_no":"Khasra 408/Min/D75","recorded_area":"2.0","recorded_area_unit":"Kanal-Marla","normalized_area_sqm":"1011.71","gis_area_sqm":"1011.71","land_use_category":"RESIDENTIAL","land_use_raw":"Residential Plotted","status":"AMALGAMATED","data_freshness_status":"CURRENT","scenario_index":"19845","use_case_description":"Bank mortgage and active encumbrance","mutation_workflow_status":"SUBMITTED","revenue_record_id":"ROR-JK-2025-1033-0075","revenue_record_type":"Jamabandi (Aapki Zameen Aapki Nigrani)","khata_khewat_no":"KHT-83","khatauni_no":"KHN-183","owner_name":"Tariq Ahmad Mir","owner_name_local":"طارق احمد میر","co_owners":"","tenure_type":"Government Grant","mutation_status":"REJECTED","active_mutation_id":"MUT-JK-00000075","tax_demand_status":"PAID","annual_tax_inr":"185.5","deed_number":"DEED-JK-2024-433-0075","deed_type":"Sale Deed / Conveyance","sro_office":"Sub-Registrar Office, Srinagar South","execution_date":"2024-05-10","registered_owner":"Tariq Ahmad Mir","seller_name":"Previous Landholder","consideration_amount_inr":"3500000.0","stamp_duty_inr":"210000.0","survey_sketch_id":"FMB-JK-33-0075","cadastral_sheet_no":"SHT-JK-33","surveyed_area_sqm":"1011.71","survey_status":"PENDING","urban_authority":"Srinagar South Urban Development & Town Planning Authority","zone_name":"Residential Zone","permitted_land_use":"RESIDENTIAL","building_permission_status":"PENDING","violations_reported":"True","is_encumbered":"True","encumbrance_certificate_number":"EC-JK-00000075-0075","encumbrance_type":"TRIBAL_NON_ALIENATION","financial_institution":"","mortgage_amount":"0.0","created_at":"2026-01-15T09:00:00Z","updated_at":"2026-09-24T11:30:00Z"}},{"type":"Feature","geometry":{"type":"Polygon","coordinates":[[[75.27673402432268,34.61565839386184],[75.41187504913596,34.61565839386184],[75.41252817559777,34.799627254446506],[75.27673402432268,34.79272682623585],[75.27673402432268,34.61565839386184]]]},"properties":{"ulpin":"01555164622110","parcel_id":"f8c607dd-1476-4769-8c05-17d5a0ba5cfd","state":"Jammu & Kashmir","state_code":"JK","state_type":"UT","state_lgd_code":"1","district_lgd_code":"10","district_name":"Srinagar","subdistrict_lgd_code":"101","subdistrict_name":"Srinagar South","subdistrict_type":"Tehsil / Taluk","village_lgd_code":"12104","village_name":"Rajbagh","khasra_plot_no":"Khasra 408/Min/D76","recorded_area":"2.0","recorded_area_unit":"Kanal-Marla","normalized_area_sqm":"1011.71","gis_area_sqm":"1011.71","land_use_category":"COMMERCIAL","land_use_raw":"Residential Plotted","status":"DISPUTED","data_freshness_status":"STALE","scenario_index":"19846","use_case_description":"Government revenue lien and tax demand","mutation_workflow_status":"UNDER_VERIFICATION","revenue_record_id":"ROR-JK-2025-1033-0076","revenue_record_type":"Jamabandi (Aapki Zameen Aapki Nigrani)","khata_khewat_no":"KHT-83","khatauni_no":"KHN-183","owner_name":"Tariq Ahmad Mir","owner_name_local":"طارق احمد میر","co_owners":"","tenure_type":"Waqf / Religious Trust","mutation_status":"DISPUTED","active_mutation_id":"MUT-JK-00000076","tax_demand_status":"PAID","annual_tax_inr":"185.5","deed_number":"DEED-JK-2024-433-0076","deed_type":"Sale Deed / Conveyance","sro_office":"Sub-Registrar Office, Srinagar South","execution_date":"2024-05-10","registered_owner":"Tariq Ahmad Mir","seller_name":"Previous Landholder","consideration_amount_inr":"3500000.0","stamp_duty_inr":"210000.0","survey_sketch_id":"FMB-JK-33-0076","cadastral_sheet_no":"SHT-JK-33","surveyed_area_sqm":"1011.71","survey_status":"DISPUTED","urban_authority":"Srinagar South Urban Development & Town Planning Authority","zone_name":"Residential Zone","permitted_land_use":"COMMERCIAL","building_permission_status":"REJECTED","violations_reported":"False","is_encumbered":"True","encumbrance_certificate_number":"EC-JK-00000076-0076","encumbrance_type":"LEASE_CHARGE","financial_institution":"","mortgage_amount":"0.0","created_at":"2026-01-15T09:00:00Z","updated_at":"2026-09-24T11:30:00Z"}},{"type":"Feature","geometry":{"type":"Polygon","coordinates":[[[75.45555051205807,32.671345908945405],[75.58249634566629,32.671345908945405],[75.60128377626042,32.80470874439704],[75.46996924248347,32.79138534497725],[75.45555051205807,32.671345908945405]]]},"properties":{"ulpin":"01079427558755","parcel_id":"46323a89-3efa-481a-b086-fec72dd1c07f","state":"Jammu & Kashmir","state_code":"JK","state_type":"UT","state_lgd_code":"1","district_lgd_code":"10","district_name":"Srinagar","subdistrict_lgd_code":"101","subdistrict_name":"Srinagar South","subdistrict_type":"Tehsil / Taluk","village_lgd_code":"12104","village_name":"Rajbagh","khasra_plot_no":"Khasra 408/Min/D77","recorded_area":"2.0","recorded_area_unit":"Kanal-Marla","normalized_area_sqm":"1011.71","gis_area_sqm":"1011.71","land_use_category":"INDUSTRIAL","land_use_raw":"Residential Plotted","status":"ARCHIVED","data_freshness_status":"UNKNOWN","scenario_index":"19847","use_case_description":"Pending sale mutation within statutory SLA","mutation_workflow_status":"NOTICE_PERIOD","revenue_record_id":"ROR-JK-2025-1033-0077","revenue_record_type":"Jamabandi (Aapki Zameen Aapki Nigrani)","khata_khewat_no":"KHT-83","khatauni_no":"KHN-183","owner_name":"Tariq Ahmad Mir","owner_name_local":"طارق احمد میر","co_owners":"","tenure_type":"Tribal Community Tenure","mutation_status":"NONE","active_mutation_id":"MUT-JK-00000077","tax_demand_status":"PAID","annual_tax_inr":"185.5","deed_number":"DEED-JK-2024-433-0077","deed_type":"Sale Deed / Conveyance","sro_office":"Sub-Registrar Office, Srinagar South","execution_date":"2024-05-10","registered_owner":"Tariq Ahmad Mir","seller_name":"Previous Landholder","consideration_amount_inr":"3500000.0","stamp_duty_inr":"210000.0","survey_sketch_id":"FMB-JK-33-0077","cadastral_sheet_no":"SHT-JK-33","surveyed_area_sqm":"1011.71","survey_status":"RESURVEY_REQUIRED","urban_authority":"Srinagar South Urban Development & Town Planning Authority","zone_name":"Residential Zone","permitted_land_use":"INDUSTRIAL","building_permission_status":"NOT_APPLICABLE","violations_reported":"False","is_encumbered":"False","encumbrance_certificate_number":"EC-JK-2024-133-0077","encumbrance_type":"NIL","financial_institution":"","mortgage_amount":"0.0","created_at":"2026-01-15T09:00:00Z","updated_at":"2026-09-24T11:30:00Z"}},{"type":"Feature","geometry":{"type":"Polygon","coordinates":[[[74.40745360906743,35.7297957200577],[74.54493124095059,35.71204421308383],[74.53441030959902,35.85892215613964],[74.40745360906743,35.85892215613964],[74.40745360906743,35.7297957200577]]]},"properties":{"ulpin":"01109496239088","parcel_id":"e2785411-dcd5-407f-9798-a1a80f21aa9f","state":"Jammu & Kashmir","state_code":"JK","state_type":"UT","state_lgd_code":"1","district_lgd_code":"10","district_name":"Srinagar","subdistrict_lgd_code":"101","subdistrict_name":"Srinagar South","subdistrict_type":"Tehsil / Taluk","village_lgd_code":"12104","village_name":"Rajbagh","khasra_plot_no":"Khasra 408/Min/D78","recorded_area":"2.0","recorded_area_unit":"Kanal-Marla","normalized_area_sqm":"1011.71","gis_area_sqm":"1011.71","land_use_category":"AGRICULTURAL","land_use_raw":"Residential Plotted","status":"ACTIVE","data_freshness_status":"CURRENT","scenario_index":"19848","use_case_description":"Tribal non-alienation protection review","mutation_workflow_status":"HEARING_SCHEDULED","revenue_record_id":"ROR-JK-2025-1033-0078","revenue_record_type":"Jamabandi (Aapki Zameen Aapki Nigrani)","khata_khewat_no":"KHT-83","khatauni_no":"KHN-183","owner_name":"Tariq Ahmad Mir","owner_name_local":"طارق احمد میر","co_owners":"","tenure_type":"Bhumiswami / Raiyati with Transferable Rights","mutation_status":"MUTATED","active_mutation_id":"","tax_demand_status":"PAID","annual_tax_inr":"185.5","deed_number":"DEED-JK-2024-433-0078","deed_type":"Sale Deed / Conveyance","sro_office":"Sub-Registrar Office, Srinagar South","execution_date":"2024-05-10","registered_owner":"Tariq Ahmad Mir","seller_name":"Previous Landholder","consideration_amount_inr":"3500000.0","stamp_duty_inr":"210000.0","survey_sketch_id":"FMB-JK-33-0078","cadastral_sheet_no":"SHT-JK-33","surveyed_area_sqm":"1011.71","survey_status":"SURVEYED","urban_authority":"Srinagar South Urban Development & Town Planning Authority","zone_name":"Residential Zone","permitted_land_use":"AGRICULTURAL","building_permission_status":"SANCTIONED","violations_reported":"False","is_encumbered":"True","encumbrance_certificate_number":"EC-JK-00000078-0078","encumbrance_type":"BANK_MORTGAGE","financial_institution":"","mortgage_amount":"0.0","created_at":"2026-01-15T09:00:00Z","updated_at":"2026-09-24T11:30:00Z"}},{"type":"Feature","geometry":{"type":"Polygon","coordinates":[[[75.27673402432268,35.2540930407035],[75.4078983843517,35.285419106057596],[75.41414833108567,35.40226809106604],[75.27673402432268,35.42549100132903],[75.27673402432268,35.2540930407035]]]},"properties":{"ulpin":"01820431304492","parcel_id":"f2a6f499-1abe-4c75-a92d-afddb4d08b3e","state":"Jammu & Kashmir","state_code":"JK","state_type":"UT","state_lgd_code":"1","district_lgd_code":"10","district_name":"Srinagar","subdistrict_lgd_code":"101","subdistrict_name":"Srinagar South","subdistrict_type":"Tehsil / Taluk","village_lgd_code":"12104","village_name":"Rajbagh","khasra_plot_no":"Khasra 408/Min/D79","recorded_area":"2.0","recorded_area_unit":"Kanal-Marla","normalized_area_sqm":"1011.71","gis_area_sqm":"1011.71","land_use_category":"INSTITUTIONAL","land_use_raw":"Residential Plotted","status":"PENDING_MUTATION","data_freshness_status":"STALE","scenario_index":"19849","use_case_description":"Lease charge and institutional tenancy","mutation_workflow_status":"APPROVED","revenue_record_id":"ROR-JK-2025-1033-0079","revenue_record_type":"Jamabandi (Aapki Zameen Aapki Nigrani)","khata_khewat_no":"KHT-83","khatauni_no":"KHN-183","owner_name":"Tariq Ahmad Mir","owner_name_local":"طارق احمد میر","co_owners":"","tenure_type":"Bhumiswami / Freehold","mutation_status":"PENDING","active_mutation_id":"MUT-JK-00000079","tax_demand_status":"PAID","annual_tax_inr":"185.5","deed_number":"DEED-JK-2024-433-0079","deed_type":"Sale Deed / Conveyance","sro_office":"Sub-Registrar Office, Srinagar South","execution_date":"2024-05-10","registered_owner":"Registry Variance Owner 79","seller_name":"Previous Landholder","consideration_amount_inr":"3500000.0","stamp_duty_inr":"210000.0","survey_sketch_id":"FMB-JK-33-0079","cadastral_sheet_no":"SHT-JK-33","surveyed_area_sqm":"1011.71","survey_status":"PENDING","urban_authority":"Srinagar South Urban Development & Town Planning Authority","zone_name":"Residential Zone","permitted_land_use":"INSTITUTIONAL","building_permission_status":"PENDING","violations_reported":"False","is_encumbered":"True","encumbrance_certificate_number":"EC-JK-00000079-0079","encumbrance_type":"GOVT_REVENUE_LIEN","financial_institution":"","mortgage_amount":"0.0","created_at":"2026-01-15T09:00:00Z","updated_at":"2026-09-24T11:30:00Z"}},{"type":"Feature","geometry":{"type":"Polygon","coordinates":[[[76.20638575722236,34.48300256528712],[76.42644246045923,34.513441163613436],[76.41877248308565,34.67657052311754],[76.2451756689645,34.67857253767313],[76.20638575722236,34.48300256528712]]]},"properties":{"ulpin":"01671014908980","parcel_id":"a3e7c71d-a727-4160-a11f-b21a1d8875cb","state":"Jammu & Kashmir","state_code":"JK","state_type":"UT","state_lgd_code":"1","district_lgd_code":"10","district_name":"Srinagar","subdistrict_lgd_code":"101","subdistrict_name":"Srinagar South","subdistrict_type":"Tehsil / Taluk","village_lgd_code":"12104","village_name":"Rajbagh","khasra_plot_no":"Khasra 408/Min/D80","recorded_area":"2.0","recorded_area_unit":"Kanal-Marla","normalized_area_sqm":"1011.71","gis_area_sqm":"1011.71","land_use_category":"FOREST_GREEN_BELT","land_use_raw":"Residential Plotted","status":"SUBDIVIDED","data_freshness_status":"UNKNOWN","scenario_index":"19850","use_case_description":"Subdivision or amalgamation history review","mutation_workflow_status":"REJECTED","revenue_record_id":"ROR-JK-2025-1033-0080","revenue_record_type":"Jamabandi (Aapki Zameen Aapki Nigrani)","khata_khewat_no":"KHT-83","khatauni_no":"KHN-183","owner_name":"Tariq Ahmad Mir","owner_name_local":"طارق احمد میر","co_owners":"","tenure_type":"Leasehold","mutation_status":"UNMUTATED_TRANSACTION","active_mutation_id":"MUT-JK-00000080","tax_demand_status":"PAID","annual_tax_inr":"185.5","deed_number":"DEED-JK-2024-433-0080","deed_type":"Sale Deed / Conveyance","sro_office":"Sub-Registrar Office, Srinagar South","execution_date":"2024-05-10","registered_owner":"Tariq Ahmad Mir","seller_name":"Previous Landholder","consideration_amount_inr":"3500000.0","stamp_duty_inr":"210000.0","survey_sketch_id":"FMB-JK-33-0080","cadastral_sheet_no":"SHT-JK-33","surveyed_area_sqm":"1011.71","survey_status":"DISPUTED","urban_authority":"Srinagar South Urban Development & Town Planning Authority","zone_name":"Residential Zone","permitted_land_use":"FOREST_GREEN_BELT","building_permission_status":"REJECTED","violations_reported":"False","is_encumbered":"True","encumbrance_certificate_number":"EC-JK-00000080-0080","encumbrance_type":"COURT_ATTACHMENT","financial_institution":"","mortgage_amount":"0.0","created_at":"2026-01-15T09:00:00Z","updated_at":"2026-09-24T11:30:00Z"}},{"type":"Feature","geometry":{"type":"Polygon","coordinates":[[[74.68603549987893,34.55410920116546],[74.84237457872192,34.55410920116546],[74.87361472581556,34.66697231586109],[74.70768205173493,34.70505487648024],[74.68603549987893,34.55410920116546]]]},"properties":{"ulpin":"01890354753432","parcel_id":"d8740916-d551-4a2a-9b38-fd0f011ac6be","state":"Jammu & Kashmir","state_code":"JK","state_type":"UT","state_lgd_code":"1","district_lgd_code":"10","district_name":"Srinagar","subdistrict_lgd_code":"101","subdistrict_name":"Srinagar South","subdistrict_type":"Tehsil / Taluk","village_lgd_code":"12104","village_name":"Rajbagh","khasra_plot_no":"Khasra 408/Min/D81","recorded_area":"2.0","recorded_area_unit":"Kanal-Marla","normalized_area_sqm":"1011.71","gis_area_sqm":"1011.71","land_use_category":"WATER_BODY","land_use_raw":"Residential Plotted","status":"AMALGAMATED","data_freshness_status":"CURRENT","scenario_index":"19851","use_case_description":"Archived historical record for audit retrieval","mutation_workflow_status":"SLA_BREACHED","revenue_record_id":"ROR-JK-2025-1033-0081","revenue_record_type":"Jamabandi (Aapki Zameen Aapki Nigrani)","khata_khewat_no":"KHT-83","khatauni_no":"KHN-183","owner_name":"Tariq Ahmad Mir","owner_name_local":"طارق احمد میر","co_owners":"","tenure_type":"Government Grant","mutation_status":"REJECTED","active_mutation_id":"MUT-JK-00000081","tax_demand_status":"PAID","annual_tax_inr":"185.5","deed_number":"DEED-JK-2024-433-0081","deed_type":"Sale Deed / Conveyance","sro_office":"Sub-Registrar Office, Srinagar South","execution_date":"2024-05-10","registered_owner":"Tariq Ahmad Mir","seller_name":"Previous Landholder","consideration_amount_inr":"3500000.0","stamp_duty_inr":"210000.0","survey_sketch_id":"FMB-JK-33-0081","cadastral_sheet_no":"SHT-JK-33","surveyed_area_sqm":"1011.71","survey_status":"RESURVEY_REQUIRED","urban_authority":"Srinagar South Urban Development & Town Planning Authority","zone_name":"Residential Zone","permitted_land_use":"WATER_BODY","building_permission_status":"NOT_APPLICABLE","violations_reported":"False","is_encumbered":"True","encumbrance_certificate_number":"EC-JK-00000081-0081","encumbrance_type":"TRIBAL_NON_ALIENATION","financial_institution":"","mortgage_amount":"0.0","created_at":"2026-01-15T09:00:00Z","updated_at":"2026-09-24T11:30:00Z"}},{"type":"Feature","geometry":{"type":"Polygon","coordinates":[[[74.71478799759304,35.35633106731014],[74.83562618170544,35.34712864664143],[74.85319332609949,35.45833015162914],[74.71908361899884,35.48587025036096],[74.71478799759304,35.35633106731014]]]},"properties":{"ulpin":"01256879554875","parcel_id":"4c0d6f11-59bf-4bca-8591-57a40f53ba18","state":"Jammu & Kashmir","state_code":"JK","state_type":"UT","state_lgd_code":"1","district_lgd_code":"10","district_name":"Srinagar","subdistrict_lgd_code":"101","subdistrict_name":"Srinagar South","subdistrict_type":"Tehsil / Taluk","village_lgd_code":"12104","village_name":"Rajbagh","khasra_plot_no":"Khasra 408/Min/D82","recorded_area":"2.0","recorded_area_unit":"Kanal-Marla","normalized_area_sqm":"1011.71","gis_area_sqm":"1011.71","land_use_category":"MIXED_USE","land_use_raw":"Residential Plotted","status":"DISPUTED","data_freshness_status":"STALE","scenario_index":"19852","use_case_description":"Bank mortgage and active encumbrance","mutation_workflow_status":"SUBMITTED","revenue_record_id":"ROR-JK-2025-1033-0082","revenue_record_type":"Jamabandi (Aapki Zameen Aapki Nigrani)","khata_khewat_no":"KHT-83","khatauni_no":"KHN-183","owner_name":"Tariq Ahmad Mir","owner_name_local":"طارق احمد میر","co_owners":"","tenure_type":"Waqf / Religious Trust","mutation_status":"DISPUTED","active_mutation_id":"MUT-JK-00000082","tax_demand_status":"PAID","annual_tax_inr":"185.5","deed_number":"DEED-JK-2024-433-0082","deed_type":"Sale Deed / Conveyance","sro_office":"Sub-Registrar Office, Srinagar South","execution_date":"2024-05-10","registered_owner":"Tariq Ahmad Mir","seller_name":"Previous Landholder","consideration_amount_inr":"3500000.0","stamp_duty_inr":"210000.0","survey_sketch_id":"FMB-JK-33-0082","cadastral_sheet_no":"SHT-JK-33","surveyed_area_sqm":"1011.71","survey_status":"SURVEYED","urban_authority":"Srinagar South Urban Development & Town Planning Authority","zone_name":"Residential Zone","permitted_land_use":"MIXED_USE","building_permission_status":"SANCTIONED","violations_reported":"True","is_encumbered":"True","encumbrance_certificate_number":"EC-JK-00000082-0082","encumbrance_type":"LEASE_CHARGE","financial_institution":"","mortgage_amount":"0.0","created_at":"2026-01-15T09:00:00Z","updated_at":"2026-09-24T11:30:00Z"}},{"type":"Feature","geometry":{"type":"Polygon","coordinates":[[[75.6212724091769,33.48217024505777],[75.74931835690934,33.503661723456084],[75.74931835690934,33.62465279703678],[75.59986522480534,33.62005369506917],[75.6212724091769,33.48217024505777]]]},"properties":{"ulpin":"01636789144951","parcel_id":"c22c4437-990f-4e70-9e63-41bdd8910643","state":"Jammu & Kashmir","state_code":"JK","state_type":"UT","state_lgd_code":"1","district_lgd_code":"10","district_name":"Srinagar","subdistrict_lgd_code":"101","subdistrict_name":"Srinagar South","subdistrict_type":"Tehsil / Taluk","village_lgd_code":"12104","village_name":"Rajbagh","khasra_plot_no":"Khasra 408/Min/D83","recorded_area":"2.0","recorded_area_unit":"Kanal-Marla","normalized_area_sqm":"1011.71","gis_area_sqm":"1011.71","land_use_category":"OTHER","land_use_raw":"Residential Plotted","status":"ARCHIVED","data_freshness_status":"UNKNOWN","scenario_index":"19853","use_case_description":"Bank mortgage and active encumbrance","mutation_workflow_status":"UNDER_VERIFICATION","revenue_record_id":"ROR-JK-2025-1033-0083","revenue_record_type":"Jamabandi (Aapki Zameen Aapki Nigrani)","khata_khewat_no":"KHT-83","khatauni_no":"KHN-183","owner_name":"Tariq Ahmad Mir","owner_name_local":"طارق احمد میر","co_owners":"","tenure_type":"Tribal Community Tenure","mutation_status":"NONE","active_mutation_id":"MUT-JK-00000083","tax_demand_status":"PAID","annual_tax_inr":"185.5","deed_number":"DEED-JK-2024-433-0083","deed_type":"Sale Deed / Conveyance","sro_office":"Sub-Registrar Office, Srinagar South","execution_date":"2024-05-10","registered_owner":"Tariq Ahmad Mir","seller_name":"Previous Landholder","consideration_amount_inr":"3500000.0","stamp_duty_inr":"210000.0","survey_sketch_id":"FMB-JK-33-0083","cadastral_sheet_no":"SHT-JK-33","surveyed_area_sqm":"1011.71","survey_status":"PENDING","urban_authority":"Srinagar South Urban Development & Town Planning Authority","zone_name":"Residential Zone","permitted_land_use":"OTHER","building_permission_status":"PENDING","violations_reported":"False","is_encumbered":"False","encumbrance_certificate_number":"EC-JK-2024-133-0083","encumbrance_type":"NIL","financial_institution":"","mortgage_amount":"0.0","created_at":"2026-01-15T09:00:00Z","updated_at":"2026-09-24T11:30:00Z"}},{"type":"Feature","geometry":{"type":"Polygon","coordinates":[[[74.67558368966391,33.046122362185244],[74.83166572572443,33.06400940300401],[74.83166572572443,33.24149776151416],[74.68181683861232,33.20289497954883],[74.67558368966391,33.046122362185244]]]},"properties":{"ulpin":"01938112741544","parcel_id":"9ef87939-dd07-4d0f-8bb5-f568dd308828","state":"Jammu & Kashmir","state_code":"JK","state_type":"UT","state_lgd_code":"1","district_lgd_code":"10","district_name":"Srinagar","subdistrict_lgd_code":"101","subdistrict_name":"Srinagar South","subdistrict_type":"Tehsil / Taluk","village_lgd_code":"12104","village_name":"Rajbagh","khasra_plot_no":"Khasra 408/Min/D84","recorded_area":"2.0","recorded_area_unit":"Kanal-Marla","normalized_area_sqm":"1011.71","gis_area_sqm":"1011.71","land_use_category":"RESIDENTIAL","land_use_raw":"Residential Plotted","status":"ACTIVE","data_freshness_status":"CURRENT","scenario_index":"19854","use_case_description":"Court attachment and disputed possession","mutation_workflow_status":"NOTICE_PERIOD","revenue_record_id":"ROR-JK-2025-1033-0084","revenue_record_type":"Jamabandi (Aapki Zameen Aapki Nigrani)","khata_khewat_no":"KHT-83","khatauni_no":"KHN-183","owner_name":"Tariq Ahmad Mir","owner_name_local":"طارق احمد میر","co_owners":"","tenure_type":"Bhumiswami / Raiyati with Transferable Rights","mutation_status":"MUTATED","active_mutation_id":"","tax_demand_status":"PAID","annual_tax_inr":"185.5","deed_number":"DEED-JK-2024-433-0084","deed_type":"Sale Deed / Conveyance","sro_office":"Sub-Registrar Office, Srinagar South","execution_date":"2024-05-10","registered_owner":"Registry Variance Owner 84","seller_name":"Previous Landholder","consideration_amount_inr":"3500000.0","stamp_duty_inr":"210000.0","survey_sketch_id":"FMB-JK-33-0084","cadastral_sheet_no":"SHT-JK-33","surveyed_area_sqm":"1011.71","survey_status":"DISPUTED","urban_authority":"Srinagar South Urban Development & Town Planning Authority","zone_name":"Residential Zone","permitted_land_use":"RESIDENTIAL","building_permission_status":"REJECTED","violations_reported":"False","is_encumbered":"True","encumbrance_certificate_number":"EC-JK-00000084-0084","encumbrance_type":"BANK_MORTGAGE","financial_institution":"","mortgage_amount":"0.0","created_at":"2026-01-15T09:00:00Z","updated_at":"2026-09-24T11:30:00Z"}},{"type":"Feature","geometry":{"type":"Polygon","coordinates":[[[74.40745360906743,35.61031161089414],[74.55432379579,35.61074747477426],[74.54493124095059,35.71204421308383],[74.40745360906743,35.7297957200577],[74.40745360906743,35.61031161089414]]]},"properties":{"ulpin":"01704868821877","parcel_id":"81caf7aa-8085-408e-a9fd-3d1cccc27106","state":"Jammu & Kashmir","state_code":"JK","state_type":"UT","state_lgd_code":"1","district_lgd_code":"10","district_name":"Srinagar","subdistrict_lgd_code":"101","subdistrict_name":"Srinagar South","subdistrict_type":"Tehsil / Taluk","village_lgd_code":"12104","village_name":"Rajbagh","khasra_plot_no":"Khasra 408/Min/D85","recorded_area":"2.0","recorded_area_unit":"Kanal-Marla","normalized_area_sqm":"1011.71","gis_area_sqm":"1011.71","land_use_category":"COMMERCIAL","land_use_raw":"Residential Plotted","status":"PENDING_MUTATION","data_freshness_status":"STALE","scenario_index":"19855","use_case_description":"Tribal non-alienation protection review","mutation_workflow_status":"HEARING_SCHEDULED","revenue_record_id":"ROR-JK-2025-1033-0085","revenue_record_type":"Jamabandi (Aapki Zameen Aapki Nigrani)","khata_khewat_no":"KHT-83","khatauni_no":"KHN-183","owner_name":"Tariq Ahmad Mir","owner_name_local":"طارق احمد میر","co_owners":"","tenure_type":"Bhumiswami / Freehold","mutation_status":"PENDING","active_mutation_id":"MUT-JK-00000085","tax_demand_status":"PAID","annual_tax_inr":"185.5","deed_number":"DEED-JK-2024-433-0085","deed_type":"Sale Deed / Conveyance","sro_office":"Sub-Registrar Office, Srinagar South","execution_date":"2024-05-10","registered_owner":"Tariq Ahmad Mir","seller_name":"Previous Landholder","consideration_amount_inr":"3500000.0","stamp_duty_inr":"210000.0","survey_sketch_id":"FMB-JK-33-0085","cadastral_sheet_no":"SHT-JK-33","surveyed_area_sqm":"1011.71","survey_status":"RESURVEY_REQUIRED","urban_authority":"Srinagar South Urban Development & Town Planning Authority","zone_name":"Residential Zone","permitted_land_use":"COMMERCIAL","building_permission_status":"NOT_APPLICABLE","violations_reported":"False","is_encumbered":"True","encumbrance_certificate_number":"EC-JK-00000085-0085","encumbrance_type":"GOVT_REVENUE_LIEN","financial_institution":"","mortgage_amount":"0.0","created_at":"2026-01-15T09:00:00Z","updated_at":"2026-09-24T11:30:00Z"}},{"type":"Feature","geometry":{"type":"Polygon","coordinates":[[[76.81383255375192,32.487951791832],[76.97751787727931,32.50255163837623],[76.97751787727931,32.68355650600071],[76.81251496366808,32.6563964395034],[76.81383255375192,32.487951791832]]]},"properties":{"ulpin":"01152298454987","parcel_id":"53e77171-7d0f-4b6c-af02-dee4cfe2848b","state":"Jammu & Kashmir","state_code":"JK","state_type":"UT","state_lgd_code":"1","district_lgd_code":"10","district_name":"Srinagar","subdistrict_lgd_code":"101","subdistrict_name":"Srinagar South","subdistrict_type":"Tehsil / Taluk","village_lgd_code":"12104","village_name":"Rajbagh","khasra_plot_no":"Khasra 408/Min/D86","recorded_area":"2.0","recorded_area_unit":"Kanal-Marla","normalized_area_sqm":"1011.71","gis_area_sqm":"1011.71","land_use_category":"INDUSTRIAL","land_use_raw":"Residential Plotted","status":"SUBDIVIDED","data_freshness_status":"UNKNOWN","scenario_index":"19856","use_case_description":"Lease charge and institutional tenancy","mutation_workflow_status":"APPROVED","revenue_record_id":"ROR-JK-2025-1033-0086","revenue_record_type":"Jamabandi (Aapki Zameen Aapki Nigrani)","khata_khewat_no":"KHT-83","khatauni_no":"KHN-183","owner_name":"Tariq Ahmad Mir","owner_name_local":"طارق احمد میر","co_owners":"","tenure_type":"Leasehold","mutation_status":"UNMUTATED_TRANSACTION","active_mutation_id":"MUT-JK-00000086","tax_demand_status":"PAID","annual_tax_inr":"185.5","deed_number":"DEED-JK-2024-433-0086","deed_type":"Sale Deed / Conveyance","sro_office":"Sub-Registrar Office, Srinagar South","execution_date":"2024-05-10","registered_owner":"Tariq Ahmad Mir","seller_name":"Previous Landholder","consideration_amount_inr":"3500000.0","stamp_duty_inr":"210000.0","survey_sketch_id":"FMB-JK-33-0086","cadastral_sheet_no":"SHT-JK-33","surveyed_area_sqm":"1011.71","survey_status":"SURVEYED","urban_authority":"Srinagar South Urban Development & Town Planning Authority","zone_name":"Residential Zone","permitted_land_use":"INDUSTRIAL","building_permission_status":"SANCTIONED","violations_reported":"False","is_encumbered":"True","encumbrance_certificate_number":"EC-JK-00000086-0086","encumbrance_type":"COURT_ATTACHMENT","financial_institution":"","mortgage_amount":"0.0","created_at":"2026-01-15T09:00:00Z","updated_at":"2026-09-24T11:30:00Z"}},{"type":"Feature","geometry":{"type":"Polygon","coordinates":[[[75.45766080528716,33.77044186289313],[75.61463327760366,33.74512930462768],[75.60086972987986,33.88895053642799],[75.46482882373314,33.88895053642799],[75.45766080528716,33.77044186289313]]]},"properties":{"ulpin":"01512570186331","parcel_id":"9fdee84e-301e-4c1e-9f35-ee94ba9cb716","state":"Jammu & Kashmir","state_code":"JK","state_type":"UT","state_lgd_code":"1","district_lgd_code":"10","district_name":"Srinagar","subdistrict_lgd_code":"101","subdistrict_name":"Srinagar South","subdistrict_type":"Tehsil / Taluk","village_lgd_code":"12104","village_name":"Rajbagh","khasra_plot_no":"Khasra 408/Min/D87","recorded_area":"2.0","recorded_area_unit":"Kanal-Marla","normalized_area_sqm":"1011.71","gis_area_sqm":"1011.71","land_use_category":"AGRICULTURAL","land_use_raw":"Residential Plotted","status":"AMALGAMATED","data_freshness_status":"CURRENT","scenario_index":"19857","use_case_description":"Subdivision or amalgamation history review","mutation_workflow_status":"REJECTED","revenue_record_id":"ROR-JK-2025-1033-0087","revenue_record_type":"Jamabandi (Aapki Zameen Aapki Nigrani)","khata_khewat_no":"KHT-83","khatauni_no":"KHN-183","owner_name":"Tariq Ahmad Mir","owner_name_local":"طارق احمد میر","co_owners":"","tenure_type":"Government Grant","mutation_status":"REJECTED","active_mutation_id":"MUT-JK-00000087","tax_demand_status":"PAID","annual_tax_inr":"185.5","deed_number":"DEED-JK-2024-433-0087","deed_type":"Sale Deed / Conveyance","sro_office":"Sub-Registrar Office, Srinagar South","execution_date":"2024-05-10","registered_owner":"Tariq Ahmad Mir","seller_name":"Previous Landholder","consideration_amount_inr":"3500000.0","stamp_duty_inr":"210000.0","survey_sketch_id":"FMB-JK-33-0087","cadastral_sheet_no":"SHT-JK-33","surveyed_area_sqm":"1011.71","survey_status":"PENDING","urban_authority":"Srinagar South Urban Development & Town Planning Authority","zone_name":"Residential Zone","permitted_land_use":"AGRICULTURAL","building_permission_status":"PENDING","violations_reported":"False","is_encumbered":"True","encumbrance_certificate_number":"EC-JK-00000087-0087","encumbrance_type":"TRIBAL_NON_ALIENATION","financial_institution":"","mortgage_amount":"0.0","created_at":"2026-01-15T09:00:00Z","updated_at":"2026-09-24T11:30:00Z"}},{"type":"Feature","geometry":{"type":"Polygon","coordinates":[[[76.67956126640006,32.02497120190489],[76.82450078756979,32.02497120190489],[76.82479226956745,32.17392470864459],[76.66319608122555,32.20385098402459],[76.67956126640006,32.02497120190489]]]},"properties":{"ulpin":"01827136456026","parcel_id":"958e4908-c43f-4082-b222-83341ba1e528","state":"Jammu & Kashmir","state_code":"JK","state_type":"UT","state_lgd_code":"1","district_lgd_code":"10","district_name":"Srinagar","subdistrict_lgd_code":"101","subdistrict_name":"Srinagar South","subdistrict_type":"Tehsil / Taluk","village_lgd_code":"12104","village_name":"Rajbagh","khasra_plot_no":"Khasra 408/Min/D88","recorded_area":"2.0","recorded_area_unit":"Kanal-Marla","normalized_area_sqm":"1011.71","gis_area_sqm":"1011.71","land_use_category":"INSTITUTIONAL","land_use_raw":"Residential Plotted","status":"DISPUTED","data_freshness_status":"STALE","scenario_index":"19858","use_case_description":"Archived historical record for audit retrieval","mutation_workflow_status":"SLA_BREACHED","revenue_record_id":"ROR-JK-2025-1033-0088","revenue_record_type":"Jamabandi (Aapki Zameen Aapki Nigrani)","khata_khewat_no":"KHT-83","khatauni_no":"KHN-183","owner_name":"Tariq Ahmad Mir","owner_name_local":"طارق احمد میر","co_owners":"","tenure_type":"Waqf / Religious Trust","mutation_status":"DISPUTED","active_mutation_id":"MUT-JK-00000088","tax_demand_status":"PAID","annual_tax_inr":"185.5","deed_number":"DEED-JK-2024-433-0088","deed_type":"Sale Deed / Conveyance","sro_office":"Sub-Registrar Office, Srinagar South","execution_date":"2024-05-10","registered_owner":"Tariq Ahmad Mir","seller_name":"Previous Landholder","consideration_amount_inr":"3500000.0","stamp_duty_inr":"210000.0","survey_sketch_id":"FMB-JK-33-0088","cadastral_sheet_no":"SHT-JK-33","surveyed_area_sqm":"1011.71","survey_status":"DISPUTED","urban_authority":"Srinagar South Urban Development & Town Planning Authority","zone_name":"Residential Zone","permitted_land_use":"INSTITUTIONAL","building_permission_status":"REJECTED","violations_reported":"False","is_encumbered":"True","encumbrance_certificate_number":"EC-JK-00000088-0088","encumbrance_type":"LEASE_CHARGE","financial_institution":"","mortgage_amount":"0.0","created_at":"2026-01-15T09:00:00Z","updated_at":"2026-09-24T11:30:00Z"}},{"type":"Feature","geometry":{"type":"Polygon","coordinates":[[[76.67446767160499,32.833513374344385],[76.80278103002537,32.79432737807872],[76.81476572865367,32.99253433145041],[76.6737839014425,32.95630565096152],[76.67446767160499,32.833513374344385]]]},"properties":{"ulpin":"01877015431195","parcel_id":"1c8e3a1b-fe0d-420d-b567-e66db09dbe78","state":"Jammu & Kashmir","state_code":"JK","state_type":"UT","state_lgd_code":"1","district_lgd_code":"10","district_name":"Srinagar","subdistrict_lgd_code":"101","subdistrict_name":"Srinagar South","subdistrict_type":"Tehsil / Taluk","village_lgd_code":"12104","village_name":"Rajbagh","khasra_plot_no":"Khasra 408/Min/D89","recorded_area":"2.0","recorded_area_unit":"Kanal-Marla","normalized_area_sqm":"1011.71","gis_area_sqm":"1011.71","land_use_category":"FOREST_GREEN_BELT","land_use_raw":"Residential Plotted","status":"ARCHIVED","data_freshness_status":"UNKNOWN","scenario_index":"19859","use_case_description":"Archived historical record for audit retrieval","mutation_workflow_status":"SUBMITTED","revenue_record_id":"ROR-JK-2025-1033-0089","revenue_record_type":"Jamabandi (Aapki Zameen Aapki Nigrani)","khata_khewat_no":"KHT-83","khatauni_no":"KHN-183","owner_name":"Tariq Ahmad Mir","owner_name_local":"طارق احمد میر","co_owners":"","tenure_type":"Tribal Community Tenure","mutation_status":"NONE","active_mutation_id":"MUT-JK-00000089","tax_demand_status":"PAID","annual_tax_inr":"185.5","deed_number":"DEED-JK-2024-433-0089","deed_type":"Sale Deed / Conveyance","sro_office":"Sub-Registrar Office, Srinagar South","execution_date":"2024-05-10","registered_owner":"Registry Variance Owner 89","seller_name":"Previous Landholder","consideration_amount_inr":"3500000.0","stamp_duty_inr":"210000.0","survey_sketch_id":"FMB-JK-33-0089","cadastral_sheet_no":"SHT-JK-33","surveyed_area_sqm":"1011.71","survey_status":"RESURVEY_REQUIRED","urban_authority":"Srinagar South Urban Development & Town Planning Authority","zone_name":"Residential Zone","permitted_land_use":"FOREST_GREEN_BELT","building_permission_status":"NOT_APPLICABLE","violations_reported":"True","is_encumbered":"False","encumbrance_certificate_number":"EC-JK-2024-133-0089","encumbrance_type":"NIL","financial_institution":"","mortgage_amount":"0.0","created_at":"2026-01-15T09:00:00Z","updated_at":"2026-09-24T11:30:00Z"}},{"type":"Feature","geometry":{"type":"Polygon","coordinates":[[[75.69284105797499,34.937278068348355],[75.83412168582907,34.95810509179183],[75.83412168582907,35.127101498493914],[75.70949192737157,35.08047350244218],[75.69284105797499,34.937278068348355]]]},"properties":{"ulpin":"01324886292053","parcel_id":"454507ac-faf9-40c2-91d3-b649c9ad71ea","state":"Jammu & Kashmir","state_code":"JK","state_type":"UT","state_lgd_code":"1","district_lgd_code":"10","district_name":"Srinagar","subdistrict_lgd_code":"101","subdistrict_name":"Srinagar South","subdistrict_type":"Tehsil / Taluk","village_lgd_code":"12104","village_name":"Rajbagh","khasra_plot_no":"Khasra 408/Min/D90","recorded_area":"2.0","recorded_area_unit":"Kanal-Marla","normalized_area_sqm":"1011.71","gis_area_sqm":"1011.71","land_use_category":"WATER_BODY","land_use_raw":"Residential Plotted","status":"ACTIVE","data_freshness_status":"CURRENT","scenario_index":"19860","use_case_description":"Government revenue lien and tax demand","mutation_workflow_status":"UNDER_VERIFICATION","revenue_record_id":"ROR-JK-2025-1033-0090","revenue_record_type":"Jamabandi (Aapki Zameen Aapki Nigrani)","khata_khewat_no":"KHT-83","khatauni_no":"KHN-183","owner_name":"Tariq Ahmad Mir","owner_name_local":"طارق احمد میر","co_owners":"","tenure_type":"Bhumiswami / Raiyati with Transferable Rights","mutation_status":"MUTATED","active_mutation_id":"","tax_demand_status":"PAID","annual_tax_inr":"185.5","deed_number":"DEED-JK-2024-433-0090","deed_type":"Sale Deed / Conveyance","sro_office":"Sub-Registrar Office, Srinagar South","execution_date":"2024-05-10","registered_owner":"Tariq Ahmad Mir","seller_name":"Previous Landholder","consideration_amount_inr":"3500000.0","stamp_duty_inr":"210000.0","survey_sketch_id":"FMB-JK-33-0090","cadastral_sheet_no":"SHT-JK-33","surveyed_area_sqm":"1011.71","survey_status":"SURVEYED","urban_authority":"Srinagar South Urban Development & Town Planning Authority","zone_name":"Residential Zone","permitted_land_use":"WATER_BODY","building_permission_status":"SANCTIONED","violations_reported":"False","is_encumbered":"True","encumbrance_certificate_number":"EC-JK-00000090-0090","encumbrance_type":"BANK_MORTGAGE","financial_institution":"","mortgage_amount":"0.0","created_at":"2026-01-15T09:00:00Z","updated_at":"2026-09-24T11:30:00Z"}},{"type":"Feature","geometry":{"type":"Polygon","coordinates":[[[74.28526668736126,33.081451889689845],[74.40988968627222,33.07575943378992],[74.41624455495192,33.23797326052254],[74.28526668736126,33.230340402263735],[74.28526668736126,33.081451889689845]]]},"properties":{"ulpin":"01438626586040","parcel_id":"a3cc55c9-d401-4744-9921-7dd6647ebfe3","state":"Jammu & Kashmir","state_code":"JK","state_type":"UT","state_lgd_code":"1","district_lgd_code":"10","district_name":"Srinagar","subdistrict_lgd_code":"101","subdistrict_name":"Srinagar South","subdistrict_type":"Tehsil / Taluk","village_lgd_code":"12104","village_name":"Rajbagh","khasra_plot_no":"Khasra 408/Min/D91","recorded_area":"2.0","recorded_area_unit":"Kanal-Marla","normalized_area_sqm":"1011.71","gis_area_sqm":"1011.71","land_use_category":"MIXED_USE","land_use_raw":"Residential Plotted","status":"PENDING_MUTATION","data_freshness_status":"STALE","scenario_index":"19861","use_case_description":"Court attachment and disputed possession","mutation_workflow_status":"NOTICE_PERIOD","revenue_record_id":"ROR-JK-2025-1033-0091","revenue_record_type":"Jamabandi (Aapki Zameen Aapki Nigrani)","khata_khewat_no":"KHT-83","khatauni_no":"KHN-183","owner_name":"Tariq Ahmad Mir","owner_name_local":"طارق احمد میر","co_owners":"","tenure_type":"Bhumiswami / Freehold","mutation_status":"PENDING","active_mutation_id":"MUT-JK-00000091","tax_demand_status":"PAID","annual_tax_inr":"185.5","deed_number":"DEED-JK-2024-433-0091","deed_type":"Sale Deed / Conveyance","sro_office":"Sub-Registrar Office, Srinagar South","execution_date":"2024-05-10","registered_owner":"Tariq Ahmad Mir","seller_name":"Previous Landholder","consideration_amount_inr":"3500000.0","stamp_duty_inr":"210000.0","survey_sketch_id":"FMB-JK-33-0091","cadastral_sheet_no":"SHT-JK-33","surveyed_area_sqm":"1011.71","survey_status":"PENDING","urban_authority":"Srinagar South Urban Development & Town Planning Authority","zone_name":"Residential Zone","permitted_land_use":"MIXED_USE","building_permission_status":"PENDING","violations_reported":"False","is_encumbered":"True","encumbrance_certificate_number":"EC-JK-00000091-0091","encumbrance_type":"GOVT_REVENUE_LIEN","financial_institution":"","mortgage_amount":"0.0","created_at":"2026-01-15T09:00:00Z","updated_at":"2026-09-24T11:30:00Z"}},{"type":"Feature","geometry":{"type":"Polygon","coordinates":[[[75.16384250526589,32.938520026736995],[75.29563545404676,32.92124310674046],[75.29593518518574,33.09842494487442],[75.16384250526589,33.075367875430565],[75.16384250526589,32.938520026736995]]]},"properties":{"ulpin":"01315073127454","parcel_id":"fdfc7a7e-d83f-4610-86d7-09e820a73b49","state":"Jammu & Kashmir","state_code":"JK","state_type":"UT","state_lgd_code":"1","district_lgd_code":"10","district_name":"Srinagar","subdistrict_lgd_code":"101","subdistrict_name":"Srinagar South","subdistrict_type":"Tehsil / Taluk","village_lgd_code":"12104","village_name":"Rajbagh","khasra_plot_no":"Khasra 408/Min/D92","recorded_area":"2.0","recorded_area_unit":"Kanal-Marla","normalized_area_sqm":"1011.71","gis_area_sqm":"1011.71","land_use_category":"OTHER","land_use_raw":"Residential Plotted","status":"SUBDIVIDED","data_freshness_status":"UNKNOWN","scenario_index":"19862","use_case_description":"Tribal non-alienation protection review","mutation_workflow_status":"HEARING_SCHEDULED","revenue_record_id":"ROR-JK-2025-1033-0092","revenue_record_type":"Jamabandi (Aapki Zameen Aapki Nigrani)","khata_khewat_no":"KHT-83","khatauni_no":"KHN-183","owner_name":"Tariq Ahmad Mir","owner_name_local":"طارق احمد میر","co_owners":"","tenure_type":"Leasehold","mutation_status":"UNMUTATED_TRANSACTION","active_mutation_id":"MUT-JK-00000092","tax_demand_status":"PAID","annual_tax_inr":"185.5","deed_number":"DEED-JK-2024-433-0092","deed_type":"Sale Deed / Conveyance","sro_office":"Sub-Registrar Office, Srinagar South","execution_date":"2024-05-10","registered_owner":"Tariq Ahmad Mir","seller_name":"Previous Landholder","consideration_amount_inr":"3500000.0","stamp_duty_inr":"210000.0","survey_sketch_id":"FMB-JK-33-0092","cadastral_sheet_no":"SHT-JK-33","surveyed_area_sqm":"1011.71","survey_status":"DISPUTED","urban_authority":"Srinagar South Urban Development & Town Planning Authority","zone_name":"Residential Zone","permitted_land_use":"OTHER","building_permission_status":"REJECTED","violations_reported":"False","is_encumbered":"True","encumbrance_certificate_number":"EC-JK-00000092-0092","encumbrance_type":"COURT_ATTACHMENT","financial_institution":"","mortgage_amount":"0.0","created_at":"2026-01-15T09:00:00Z","updated_at":"2026-09-24T11:30:00Z"}},{"type":"Feature","geometry":{"type":"Polygon","coordinates":[[[74.28526668736126,33.50724075692229],[74.4131012295597,33.52052569357473],[74.40817945576052,33.66578946586601],[74.28526668736126,33.677257846893504],[74.28526668736126,33.50724075692229]]]},"properties":{"ulpin":"01342996636907","parcel_id":"2844bb9d-d696-4814-9a89-99b455598485","state":"Jammu & Kashmir","state_code":"JK","state_type":"UT","state_lgd_code":"1","district_lgd_code":"10","district_name":"Srinagar","subdistrict_lgd_code":"101","subdistrict_name":"Srinagar South","subdistrict_type":"Tehsil / Taluk","village_lgd_code":"12104","village_name":"Rajbagh","khasra_plot_no":"Khasra 408/Min/D93","recorded_area":"2.0","recorded_area_unit":"Kanal-Marla","normalized_area_sqm":"1011.71","gis_area_sqm":"1011.71","land_use_category":"RESIDENTIAL","land_use_raw":"Residential Plotted","status":"AMALGAMATED","data_freshness_status":"CURRENT","scenario_index":"19863","use_case_description":"Lease charge and institutional tenancy","mutation_workflow_status":"APPROVED","revenue_record_id":"ROR-JK-2025-1033-0093","revenue_record_type":"Jamabandi (Aapki Zameen Aapki Nigrani)","khata_khewat_no":"KHT-83","khatauni_no":"KHN-183","owner_name":"Tariq Ahmad Mir","owner_name_local":"طارق احمد میر","co_owners":"","tenure_type":"Government Grant","mutation_status":"REJECTED","active_mutation_id":"MUT-JK-00000093","tax_demand_status":"PAID","annual_tax_inr":"185.5","deed_number":"DEED-JK-2024-433-0093","deed_type":"Sale Deed / Conveyance","sro_office":"Sub-Registrar Office, Srinagar South","execution_date":"2024-05-10","registered_owner":"Tariq Ahmad Mir","seller_name":"Previous Landholder","consideration_amount_inr":"3500000.0","stamp_duty_inr":"210000.0","survey_sketch_id":"FMB-JK-33-0093","cadastral_sheet_no":"SHT-JK-33","surveyed_area_sqm":"1011.71","survey_status":"RESURVEY_REQUIRED","urban_authority":"Srinagar South Urban Development & Town Planning Authority","zone_name":"Residential Zone","permitted_land_use":"RESIDENTIAL","building_permission_status":"NOT_APPLICABLE","violations_reported":"False","is_encumbered":"True","encumbrance_certificate_number":"EC-JK-00000093-0093","encumbrance_type":"TRIBAL_NON_ALIENATION","financial_institution":"","mortgage_amount":"0.0","created_at":"2026-01-15T09:00:00Z","updated_at":"2026-09-24T11:30:00Z"}},{"type":"Feature","geometry":{"type":"Polygon","coordinates":[[[76.34556076713936,33.28650716595016],[76.4856649466984,33.31277822270821],[76.52306150163045,33.45213417331144],[76.34556076713936,33.45213417331144],[76.34556076713936,33.28650716595016]]]},"properties":{"ulpin":"01214663223348","parcel_id":"2a1d8c24-5542-4075-80d0-23b341debc0b","state":"Jammu & Kashmir","state_code":"JK","state_type":"UT","state_lgd_code":"1","district_lgd_code":"10","district_name":"Srinagar","subdistrict_lgd_code":"101","subdistrict_name":"Srinagar South","subdistrict_type":"Tehsil / Taluk","village_lgd_code":"12104","village_name":"Rajbagh","khasra_plot_no":"Khasra 408/Min/D94","recorded_area":"2.0","recorded_area_unit":"Kanal-Marla","normalized_area_sqm":"1011.71","gis_area_sqm":"1011.71","land_use_category":"COMMERCIAL","land_use_raw":"Residential Plotted","status":"DISPUTED","data_freshness_status":"STALE","scenario_index":"19864","use_case_description":"Subdivision or amalgamation history review","mutation_workflow_status":"REJECTED","revenue_record_id":"ROR-JK-2025-1033-0094","revenue_record_type":"Jamabandi (Aapki Zameen Aapki Nigrani)","khata_khewat_no":"KHT-83","khatauni_no":"KHN-183","owner_name":"Tariq Ahmad Mir","owner_name_local":"طارق احمد میر","co_owners":"","tenure_type":"Waqf / Religious Trust","mutation_status":"DISPUTED","active_mutation_id":"MUT-JK-00000094","tax_demand_status":"PAID","annual_tax_inr":"185.5","deed_number":"DEED-JK-2024-433-0094","deed_type":"Sale Deed / Conveyance","sro_office":"Sub-Registrar Office, Srinagar South","execution_date":"2024-05-10","registered_owner":"Registry Variance Owner 94","seller_name":"Previous Landholder","consideration_amount_inr":"3500000.0","stamp_duty_inr":"210000.0","survey_sketch_id":"FMB-JK-33-0094","cadastral_sheet_no":"SHT-JK-33","surveyed_area_sqm":"1011.71","survey_status":"SURVEYED","urban_authority":"Srinagar South Urban Development & Town Planning Authority","zone_name":"Residential Zone","permitted_land_use":"COMMERCIAL","building_permission_status":"SANCTIONED","violations_reported":"False","is_encumbered":"True","encumbrance_certificate_number":"EC-JK-00000094-0094","encumbrance_type":"LEASE_CHARGE","financial_institution":"","mortgage_amount":"0.0","created_at":"2026-01-15T09:00:00Z","updated_at":"2026-09-24T11:30:00Z"}},{"type":"Feature","geometry":{"type":"Polygon","coordinates":[[[75.58639212596815,33.231153510160574],[75.74931835690934,33.205043323778526],[75.74931835690934,33.36599082642967],[75.59568678110352,33.3644053479875],[75.58639212596815,33.231153510160574]]]},"properties":{"ulpin":"01379661692804","parcel_id":"a85c250d-4957-4f8b-9e29-4771cb292f6c","state":"Jammu & Kashmir","state_code":"JK","state_type":"UT","state_lgd_code":"1","district_lgd_code":"10","district_name":"Srinagar","subdistrict_lgd_code":"101","subdistrict_name":"Srinagar South","subdistrict_type":"Tehsil / Taluk","village_lgd_code":"12104","village_name":"Rajbagh","khasra_plot_no":"Khasra 408/Min/D95","recorded_area":"2.0","recorded_area_unit":"Kanal-Marla","normalized_area_sqm":"1011.71","gis_area_sqm":"1011.71","land_use_category":"INDUSTRIAL","land_use_raw":"Residential Plotted","status":"ARCHIVED","data_freshness_status":"UNKNOWN","scenario_index":"19865","use_case_description":"Cadastral area discrepancy requiring resurvey","mutation_workflow_status":"SLA_BREACHED","revenue_record_id":"ROR-JK-2025-1033-0095","revenue_record_type":"Jamabandi (Aapki Zameen Aapki Nigrani)","khata_khewat_no":"KHT-83","khatauni_no":"KHN-183","owner_name":"Tariq Ahmad Mir","owner_name_local":"طارق احمد میر","co_owners":"","tenure_type":"Tribal Community Tenure","mutation_status":"NONE","active_mutation_id":"MUT-JK-00000095","tax_demand_status":"PAID","annual_tax_inr":"185.5","deed_number":"DEED-JK-2024-433-0095","deed_type":"Sale Deed / Conveyance","sro_office":"Sub-Registrar Office, Srinagar South","execution_date":"2024-05-10","registered_owner":"Tariq Ahmad Mir","seller_name":"Previous Landholder","consideration_amount_inr":"3500000.0","stamp_duty_inr":"210000.0","survey_sketch_id":"FMB-JK-33-0095","cadastral_sheet_no":"SHT-JK-33","surveyed_area_sqm":"1011.71","survey_status":"PENDING","urban_authority":"Srinagar South Urban Development & Town Planning Authority","zone_name":"Residential Zone","permitted_land_use":"INDUSTRIAL","building_permission_status":"PENDING","violations_reported":"False","is_encumbered":"False","encumbrance_certificate_number":"EC-JK-2024-133-0095","encumbrance_type":"NIL","financial_institution":"","mortgage_amount":"0.0","created_at":"2026-01-15T09:00:00Z","updated_at":"2026-09-24T11:30:00Z"}},{"type":"Feature","geometry":{"type":"Polygon","coordinates":[[[74.57079199736036,35.21664786316635],[74.71362362474103,35.21458544631014],[74.71478799759304,35.35633106731014],[74.54698029859361,35.33774231967005],[74.57079199736036,35.21664786316635]]]},"properties":{"ulpin":"01483776945661","parcel_id":"c95ef278-98e2-4bbd-9e35-e0293597cff7","state":"Jammu & Kashmir","state_code":"JK","state_type":"UT","state_lgd_code":"1","district_lgd_code":"10","district_name":"Srinagar","subdistrict_lgd_code":"101","subdistrict_name":"Srinagar South","subdistrict_type":"Tehsil / Taluk","village_lgd_code":"12104","village_name":"Rajbagh","khasra_plot_no":"Khasra 408/Min/D96","recorded_area":"2.0","recorded_area_unit":"Kanal-Marla","normalized_area_sqm":"1011.71","gis_area_sqm":"1011.71","land_use_category":"AGRICULTURAL","land_use_raw":"Residential Plotted","status":"ACTIVE","data_freshness_status":"CURRENT","scenario_index":"19866","use_case_description":"Bank mortgage and active encumbrance","mutation_workflow_status":"SUBMITTED","revenue_record_id":"ROR-JK-2025-1033-0096","revenue_record_type":"Jamabandi (Aapki Zameen Aapki Nigrani)","khata_khewat_no":"KHT-83","khatauni_no":"KHN-183","owner_name":"Tariq Ahmad Mir","owner_name_local":"طارق احمد میر","co_owners":"","tenure_type":"Bhumiswami / Raiyati with Transferable Rights","mutation_status":"MUTATED","active_mutation_id":"","tax_demand_status":"PAID","annual_tax_inr":"185.5","deed_number":"DEED-JK-2024-433-0096","deed_type":"Sale Deed / Conveyance","sro_office":"Sub-Registrar Office, Srinagar South","execution_date":"2024-05-10","registered_owner":"Tariq Ahmad Mir","seller_name":"Previous Landholder","consideration_amount_inr":"3500000.0","stamp_duty_inr":"210000.0","survey_sketch_id":"FMB-JK-33-0096","cadastral_sheet_no":"SHT-JK-33","surveyed_area_sqm":"1011.71","survey_status":"DISPUTED","urban_authority":"Srinagar South Urban Development & Town Planning Authority","zone_name":"Residential Zone","permitted_land_use":"AGRICULTURAL","building_permission_status":"REJECTED","violations_reported":"True","is_encumbered":"True","encumbrance_certificate_number":"EC-JK-00000096-0096","encumbrance_type":"BANK_MORTGAGE","financial_institution":"","mortgage_amount":"0.0","created_at":"2026-01-15T09:00:00Z","updated_at":"2026-09-24T11:30:00Z"}},{"type":"Feature","geometry":{"type":"Polygon","coordinates":[[[74.43055147871202,32.90359945734708],[74.55831942355319,32.915257644168086],[74.56395034142503,33.0545889579005],[74.40988968627222,33.07575943378992],[74.43055147871202,32.90359945734708]]]},"properties":{"ulpin":"01555530571363","parcel_id":"24959e11-bd03-4394-aec4-59f8064f771c","state":"Jammu & Kashmir","state_code":"JK","state_type":"UT","state_lgd_code":"1","district_lgd_code":"10","district_name":"Srinagar","subdistrict_lgd_code":"101","subdistrict_name":"Srinagar South","subdistrict_type":"Tehsil / Taluk","village_lgd_code":"12104","village_name":"Rajbagh","khasra_plot_no":"Khasra 408/Min/D97","recorded_area":"2.0","recorded_area_unit":"Kanal-Marla","normalized_area_sqm":"1011.71","gis_area_sqm":"1011.71","land_use_category":"INSTITUTIONAL","land_use_raw":"Residential Plotted","status":"PENDING_MUTATION","data_freshness_status":"STALE","scenario_index":"19867","use_case_description":"Government revenue lien and tax demand","mutation_workflow_status":"UNDER_VERIFICATION","revenue_record_id":"ROR-JK-2025-1033-0097","revenue_record_type":"Jamabandi (Aapki Zameen Aapki Nigrani)","khata_khewat_no":"KHT-83","khatauni_no":"KHN-183","owner_name":"Tariq Ahmad Mir","owner_name_local":"طارق احمد میر","co_owners":"","tenure_type":"Bhumiswami / Freehold","mutation_status":"PENDING","active_mutation_id":"MUT-JK-00000097","tax_demand_status":"PAID","annual_tax_inr":"185.5","deed_number":"DEED-JK-2024-433-0097","deed_type":"Sale Deed / Conveyance","sro_office":"Sub-Registrar Office, Srinagar South","execution_date":"2024-05-10","registered_owner":"Tariq Ahmad Mir","seller_name":"Previous Landholder","consideration_amount_inr":"3500000.0","stamp_duty_inr":"210000.0","survey_sketch_id":"FMB-JK-33-0097","cadastral_sheet_no":"SHT-JK-33","surveyed_area_sqm":"1011.71","survey_status":"RESURVEY_REQUIRED","urban_authority":"Srinagar South Urban Development & Town Planning Authority","zone_name":"Residential Zone","permitted_land_use":"INSTITUTIONAL","building_permission_status":"NOT_APPLICABLE","violations_reported":"False","is_encumbered":"True","encumbrance_certificate_number":"EC-JK-00000097-0097","encumbrance_type":"GOVT_REVENUE_LIEN","financial_institution":"","mortgage_amount":"0.0","created_at":"2026-01-15T09:00:00Z","updated_at":"2026-09-24T11:30:00Z"}},{"type":"Feature","geometry":{"type":"Polygon","coordinates":[[[75.16384250526589,33.22675732596958],[75.289959728941,33.213949149311134],[75.32672965809378,33.35544577394578],[75.16384250526589,33.35341964134679],[75.16384250526589,33.22675732596958]]]},"properties":{"ulpin":"01610741095640","parcel_id":"6af634a6-1f27-4139-af56-d9c8bf4033ed","state":"Jammu & Kashmir","state_code":"JK","state_type":"UT","state_lgd_code":"1","district_lgd_code":"10","district_name":"Srinagar","subdistrict_lgd_code":"101","subdistrict_name":"Srinagar South","subdistrict_type":"Tehsil / Taluk","village_lgd_code":"12104","village_name":"Rajbagh","khasra_plot_no":"Khasra 408/Min/D98","recorded_area":"2.0","recorded_area_unit":"Kanal-Marla","normalized_area_sqm":"1011.71","gis_area_sqm":"1011.71","land_use_category":"FOREST_GREEN_BELT","land_use_raw":"Residential Plotted","status":"SUBDIVIDED","data_freshness_status":"UNKNOWN","scenario_index":"19868","use_case_description":"Court attachment and disputed possession","mutation_workflow_status":"NOTICE_PERIOD","revenue_record_id":"ROR-JK-2025-1033-0098","revenue_record_type":"Jamabandi (Aapki Zameen Aapki Nigrani)","khata_khewat_no":"KHT-83","khatauni_no":"KHN-183","owner_name":"Tariq Ahmad Mir","owner_name_local":"طارق احمد میر","co_owners":"","tenure_type":"Leasehold","mutation_status":"UNMUTATED_TRANSACTION","active_mutation_id":"MUT-JK-00000098","tax_demand_status":"PAID","annual_tax_inr":"185.5","deed_number":"DEED-JK-2024-433-0098","deed_type":"Sale Deed / Conveyance","sro_office":"Sub-Registrar Office, Srinagar South","execution_date":"2024-05-10","registered_owner":"Tariq Ahmad Mir","seller_name":"Previous Landholder","consideration_amount_inr":"3500000.0","stamp_duty_inr":"210000.0","survey_sketch_id":"FMB-JK-33-0098","cadastral_sheet_no":"SHT-JK-33","surveyed_area_sqm":"1011.71","survey_status":"SURVEYED","urban_authority":"Srinagar South Urban Development & Town Planning Authority","zone_name":"Residential Zone","permitted_land_use":"FOREST_GREEN_BELT","building_permission_status":"SANCTIONED","violations_reported":"False","is_encumbered":"True","encumbrance_certificate_number":"EC-JK-00000098-0098","encumbrance_type":"COURT_ATTACHMENT","financial_institution":"","mortgage_amount":"0.0","created_at":"2026-01-15T09:00:00Z","updated_at":"2026-09-24T11:30:00Z"}},{"type":"Feature","geometry":{"type":"Polygon","coordinates":[[[74.85840076406133,35.61387704270418],[75.00046021741915,35.6161795904122],[75.00046021741915,35.708059249584245],[74.85428215567522,35.724565885629836],[74.85840076406133,35.61387704270418]]]},"properties":{"ulpin":"01766132443259","parcel_id":"d5951c8a-ce8e-4e65-8ffd-edcbbebf3ab2","state":"Jammu & Kashmir","state_code":"JK","state_type":"UT","state_lgd_code":"1","district_lgd_code":"10","district_name":"Srinagar","subdistrict_lgd_code":"101","subdistrict_name":"Srinagar South","subdistrict_type":"Tehsil / Taluk","village_lgd_code":"12104","village_name":"Rajbagh","khasra_plot_no":"Khasra 408/Min/D99","recorded_area":"2.0","recorded_area_unit":"Kanal-Marla","normalized_area_sqm":"1011.71","gis_area_sqm":"1011.71","land_use_category":"WATER_BODY","land_use_raw":"Residential Plotted","status":"AMALGAMATED","data_freshness_status":"CURRENT","scenario_index":"19869","use_case_description":"Tribal non-alienation protection review","mutation_workflow_status":"HEARING_SCHEDULED","revenue_record_id":"ROR-JK-2025-1033-0099","revenue_record_type":"Jamabandi (Aapki Zameen Aapki Nigrani)","khata_khewat_no":"KHT-83","khatauni_no":"KHN-183","owner_name":"Tariq Ahmad Mir","owner_name_local":"طارق احمد میر","co_owners":"","tenure_type":"Government Grant","mutation_status":"REJECTED","active_mutation_id":"MUT-JK-00000099","tax_demand_status":"PAID","annual_tax_inr":"185.5","deed_number":"DEED-JK-2024-433-0099","deed_type":"Sale Deed / Conveyance","sro_office":"Sub-Registrar Office, Srinagar South","execution_date":"2024-05-10","registered_owner":"Registry Variance Owner 99","seller_name":"Previous Landholder","consideration_amount_inr":"3500000.0","stamp_duty_inr":"210000.0","survey_sketch_id":"FMB-JK-33-0099","cadastral_sheet_no":"SHT-JK-33","surveyed_area_sqm":"1011.71","survey_status":"PENDING","urban_authority":"Srinagar South Urban Development & Town Planning Authority","zone_name":"Residential Zone","permitted_land_use":"WATER_BODY","building_permission_status":"PENDING","violations_reported":"False","is_encumbered":"True","encumbrance_certificate_number":"EC-JK-00000099-0099","encumbrance_type":"TRIBAL_NON_ALIENATION","financial_institution":"","mortgage_amount":"0.0","created_at":"2026-01-15T09:00:00Z","updated_at":"2026-09-24T11:30:00Z"}},{"type":"Feature","geometry":{"type":"Polygon","coordinates":[[[74.4131012295597,33.52052569357473],[74.55555501503616,33.522823874596114],[74.5517566262632,33.706985273851366],[74.40817945576052,33.66578946586601],[74.4131012295597,33.52052569357473]]]},"properties":{"ulpin":"01736682971649","parcel_id":"8c3f7421-a25e-4846-8abb-034140d417ae","state":"Jammu & Kashmir","state_code":"JK","state_type":"UT","state_lgd_code":"1","district_lgd_code":"10","district_name":"Srinagar","subdistrict_lgd_code":"101","subdistrict_name":"Srinagar South","subdistrict_type":"Tehsil / Taluk","village_lgd_code":"12104","village_name":"Rajbagh","khasra_plot_no":"Khasra 408/Min/D100","recorded_area":"2.0","recorded_area_unit":"Kanal-Marla","normalized_area_sqm":"1011.71","gis_area_sqm":"1011.71","land_use_category":"MIXED_USE","land_use_raw":"Residential Plotted","status":"DISPUTED","data_freshness_status":"STALE","scenario_index":"19870","use_case_description":"Lease charge and institutional tenancy","mutation_workflow_status":"APPROVED","revenue_record_id":"ROR-JK-2025-1033-0100","revenue_record_type":"Jamabandi (Aapki Zameen Aapki Nigrani)","khata_khewat_no":"KHT-83","khatauni_no":"KHN-183","owner_name":"Tariq Ahmad Mir","owner_name_local":"طارق احمد میر","co_owners":"","tenure_type":"Waqf / Religious Trust","mutation_status":"DISPUTED","active_mutation_id":"MUT-JK-00000100","tax_demand_status":"PAID","annual_tax_inr":"185.5","deed_number":"DEED-JK-2024-433-0100","deed_type":"Sale Deed / Conveyance","sro_office":"Sub-Registrar Office, Srinagar South","execution_date":"2024-05-10","registered_owner":"Tariq Ahmad Mir","seller_name":"Previous Landholder","consideration_amount_inr":"3500000.0","stamp_duty_inr":"210000.0","survey_sketch_id":"FMB-JK-33-0100","cadastral_sheet_no":"SHT-JK-33","surveyed_area_sqm":"1011.71","survey_status":"DISPUTED","urban_authority":"Srinagar South Urban Development & Town Planning Authority","zone_name":"Residential Zone","permitted_land_use":"MIXED_USE","building_permission_status":"REJECTED","violations_reported":"False","is_encumbered":"True","encumbrance_certificate_number":"EC-JK-00000100-0100","encumbrance_type":"LEASE_CHARGE","financial_institution":"","mortgage_amount":"0.0","created_at":"2026-01-15T09:00:00Z","updated_at":"2026-09-24T11:30:00Z"}},{"type":"Feature","geometry":{"type":"Polygon","coordinates":[[[76.03196053402428,34.644770103075686],[76.2451756689645,34.67857253767313],[76.20655910667753,34.82819479011094],[76.03196053402428,34.82982251227477],[76.03196053402428,34.644770103075686]]]},"properties":{"ulpin":"01205747594680","parcel_id":"d6a7c5e6-1e8e-48fe-b558-df720388a10f","state":"Jammu & Kashmir","state_code":"JK","state_type":"UT","state_lgd_code":"1","district_lgd_code":"10","district_name":"Srinagar","subdistrict_lgd_code":"101","subdistrict_name":"Srinagar South","subdistrict_type":"Tehsil / Taluk","village_lgd_code":"12104","village_name":"Rajbagh","khasra_plot_no":"Khasra 408/Min/D101","recorded_area":"2.0","recorded_area_unit":"Kanal-Marla","normalized_area_sqm":"1011.71","gis_area_sqm":"1011.71","land_use_category":"OTHER","land_use_raw":"Residential Plotted","status":"ARCHIVED","data_freshness_status":"UNKNOWN","scenario_index":"19871","use_case_description":"Tribal non-alienation protection review","mutation_workflow_status":"REJECTED","revenue_record_id":"ROR-JK-2025-1033-0101","revenue_record_type":"Jamabandi (Aapki Zameen Aapki Nigrani)","khata_khewat_no":"KHT-83","khatauni_no":"KHN-183","owner_name":"Tariq Ahmad Mir","owner_name_local":"طارق احمد میر","co_owners":"","tenure_type":"Tribal Community Tenure","mutation_status":"NONE","active_mutation_id":"MUT-JK-00000101","tax_demand_status":"PAID","annual_tax_inr":"185.5","deed_number":"DEED-JK-2024-433-0101","deed_type":"Sale Deed / Conveyance","sro_office":"Sub-Registrar Office, Srinagar South","execution_date":"2024-05-10","registered_owner":"Tariq Ahmad Mir","seller_name":"Previous Landholder","consideration_amount_inr":"3500000.0","stamp_duty_inr":"210000.0","survey_sketch_id":"FMB-JK-33-0101","cadastral_sheet_no":"SHT-JK-33","surveyed_area_sqm":"1011.71","survey_status":"RESURVEY_REQUIRED","urban_authority":"Srinagar South Urban Development & Town Planning Authority","zone_name":"Residential Zone","permitted_land_use":"OTHER","building_permission_status":"NOT_APPLICABLE","violations_reported":"False","is_encumbered":"False","encumbrance_certificate_number":"EC-JK-2024-133-0101","encumbrance_type":"NIL","financial_institution":"","mortgage_amount":"0.0","created_at":"2026-01-15T09:00:00Z","updated_at":"2026-09-24T11:30:00Z"}},{"type":"Feature","geometry":{"type":"Polygon","coordinates":[[[74.71908361899884,35.48587025036096],[74.85319332609949,35.45833015162914],[74.85840076406133,35.61387704270418],[74.71567703620276,35.60162754618152],[74.71908361899884,35.48587025036096]]]},"properties":{"ulpin":"01956226526043","parcel_id":"b7ee774c-a4d9-442c-9335-51966c5e4057","state":"Jammu & Kashmir","state_code":"JK","state_type":"UT","state_lgd_code":"1","district_lgd_code":"10","district_name":"Srinagar","subdistrict_lgd_code":"101","subdistrict_name":"Srinagar South","subdistrict_type":"Tehsil / Taluk","village_lgd_code":"12104","village_name":"Rajbagh","khasra_plot_no":"Khasra 408/Min/D102","recorded_area":"2.0","recorded_area_unit":"Kanal-Marla","normalized_area_sqm":"1011.71","gis_area_sqm":"1011.71","land_use_category":"RESIDENTIAL","land_use_raw":"Residential Plotted","status":"ACTIVE","data_freshness_status":"CURRENT","scenario_index":"19872","use_case_description":"Archived historical record for audit retrieval","mutation_workflow_status":"SLA_BREACHED","revenue_record_id":"ROR-JK-2025-1033-0102","revenue_record_type":"Jamabandi (Aapki Zameen Aapki Nigrani)","khata_khewat_no":"KHT-83","khatauni_no":"KHN-183","owner_name":"Tariq Ahmad Mir","owner_name_local":"طارق احمد میر","co_owners":"","tenure_type":"Bhumiswami / Raiyati with Transferable Rights","mutation_status":"MUTATED","active_mutation_id":"","tax_demand_status":"PAID","annual_tax_inr":"185.5","deed_number":"DEED-JK-2024-433-0102","deed_type":"Sale Deed / Conveyance","sro_office":"Sub-Registrar Office, Srinagar South","execution_date":"2024-05-10","registered_owner":"Tariq Ahmad Mir","seller_name":"Previous Landholder","consideration_amount_inr":"3500000.0","stamp_duty_inr":"210000.0","survey_sketch_id":"FMB-JK-33-0102","cadastral_sheet_no":"SHT-JK-33","surveyed_area_sqm":"1011.71","survey_status":"SURVEYED","urban_authority":"Srinagar South Urban Development & Town Planning Authority","zone_name":"Residential Zone","permitted_land_use":"RESIDENTIAL","building_permission_status":"SANCTIONED","violations_reported":"False","is_encumbered":"True","encumbrance_certificate_number":"EC-JK-00000102-0102","encumbrance_type":"BANK_MORTGAGE","financial_institution":"","mortgage_amount":"0.0","created_at":"2026-01-15T09:00:00Z","updated_at":"2026-09-24T11:30:00Z"}},{"type":"Feature","geometry":{"type":"Polygon","coordinates":[[[74.57273101711628,35.47232165862366],[74.71908361899884,35.48587025036096],[74.71567703620276,35.60162754618152],[74.55432379579,35.61074747477426],[74.57273101711628,35.47232165862366]]]},"properties":{"ulpin":"01919964958374","parcel_id":"ede776ab-8940-4d50-998f-b3e220fdf435","state":"Jammu & Kashmir","state_code":"JK","state_type":"UT","state_lgd_code":"1","district_lgd_code":"10","district_name":"Srinagar","subdistrict_lgd_code":"101","subdistrict_name":"Srinagar South","subdistrict_type":"Tehsil / Taluk","village_lgd_code":"12104","village_name":"Rajbagh","khasra_plot_no":"Khasra 408/Min/D103","recorded_area":"2.0","recorded_area_unit":"Kanal-Marla","normalized_area_sqm":"1011.71","gis_area_sqm":"1011.71","land_use_category":"COMMERCIAL","land_use_raw":"Residential Plotted","status":"PENDING_MUTATION","data_freshness_status":"STALE","scenario_index":"19873","use_case_description":"Bank mortgage and active encumbrance","mutation_workflow_status":"SUBMITTED","revenue_record_id":"ROR-JK-2025-1033-0103","revenue_record_type":"Jamabandi (Aapki Zameen Aapki Nigrani)","khata_khewat_no":"KHT-83","khatauni_no":"KHN-183","owner_name":"Tariq Ahmad Mir","owner_name_local":"طارق احمد میر","co_owners":"","tenure_type":"Bhumiswami / Freehold","mutation_status":"PENDING","active_mutation_id":"MUT-JK-00000103","tax_demand_status":"PAID","annual_tax_inr":"185.5","deed_number":"DEED-JK-2024-433-0103","deed_type":"Sale Deed / Conveyance","sro_office":"Sub-Registrar Office, Srinagar South","execution_date":"2024-05-10","registered_owner":"Tariq Ahmad Mir","seller_name":"Previous Landholder","consideration_amount_inr":"3500000.0","stamp_duty_inr":"210000.0","survey_sketch_id":"FMB-JK-33-0103","cadastral_sheet_no":"SHT-JK-33","surveyed_area_sqm":"1011.71","survey_status":"PENDING","urban_authority":"Srinagar South Urban Development & Town Planning Authority","zone_name":"Residential Zone","permitted_land_use":"COMMERCIAL","building_permission_status":"PENDING","violations_reported":"True","is_encumbered":"True","encumbrance_certificate_number":"EC-JK-00000103-0103","encumbrance_type":"GOVT_REVENUE_LIEN","financial_institution":"","mortgage_amount":"0.0","created_at":"2026-01-15T09:00:00Z","updated_at":"2026-09-24T11:30:00Z"}},{"type":"Feature","geometry":{"type":"Polygon","coordinates":[[[74.41366268917929,33.35596049336386],[74.56670292701126,33.38095833042718],[74.55555501503616,33.522823874596114],[74.4131012295597,33.52052569357473],[74.41366268917929,33.35596049336386]]]},"properties":{"ulpin":"01246949456834","parcel_id":"b25d4dd5-aaa5-44d6-bb2a-476c53e9a0e4","state":"Jammu & Kashmir","state_code":"JK","state_type":"UT","state_lgd_code":"1","district_lgd_code":"10","district_name":"Srinagar","subdistrict_lgd_code":"101","subdistrict_name":"Srinagar South","subdistrict_type":"Tehsil / Taluk","village_lgd_code":"12104","village_name":"Rajbagh","khasra_plot_no":"Khasra 408/Min/D104","recorded_area":"2.0","recorded_area_unit":"Kanal-Marla","normalized_area_sqm":"1011.71","gis_area_sqm":"1011.71","land_use_category":"INDUSTRIAL","land_use_raw":"Residential Plotted","status":"SUBDIVIDED","data_freshness_status":"UNKNOWN","scenario_index":"19874","use_case_description":"Government revenue lien and tax demand","mutation_workflow_status":"UNDER_VERIFICATION","revenue_record_id":"ROR-JK-2025-1033-0104","revenue_record_type":"Jamabandi (Aapki Zameen Aapki Nigrani)","khata_khewat_no":"KHT-83","khatauni_no":"KHN-183","owner_name":"Tariq Ahmad Mir","owner_name_local":"طارق احمد میر","co_owners":"","tenure_type":"Leasehold","mutation_status":"UNMUTATED_TRANSACTION","active_mutation_id":"MUT-JK-00000104","tax_demand_status":"PAID","annual_tax_inr":"185.5","deed_number":"DEED-JK-2024-433-0104","deed_type":"Sale Deed / Conveyance","sro_office":"Sub-Registrar Office, Srinagar South","execution_date":"2024-05-10","registered_owner":"Registry Variance Owner 104","seller_name":"Previous Landholder","consideration_amount_inr":"3500000.0","stamp_duty_inr":"210000.0","survey_sketch_id":"FMB-JK-33-0104","cadastral_sheet_no":"SHT-JK-33","surveyed_area_sqm":"1011.71","survey_status":"DISPUTED","urban_authority":"Srinagar South Urban Development & Town Planning Authority","zone_name":"Residential Zone","permitted_land_use":"INDUSTRIAL","building_permission_status":"REJECTED","violations_reported":"False","is_encumbered":"True","encumbrance_certificate_number":"EC-JK-00000104-0104","encumbrance_type":"COURT_ATTACHMENT","financial_institution":"","mortgage_amount":"0.0","created_at":"2026-01-15T09:00:00Z","updated_at":"2026-09-24T11:30:00Z"}},{"type":"Feature","geometry":{"type":"Polygon","coordinates":[[[74.57843557611879,34.941783138207605],[74.69836546494096,34.939566262263426],[74.71872730677687,35.09512020945661],[74.53893850286495,35.07874549756363],[74.57843557611879,34.941783138207605]]]},"properties":{"ulpin":"01606636547128","parcel_id":"2efb94c2-9059-47cc-8827-1b1f20111649","state":"Jammu & Kashmir","state_code":"JK","state_type":"UT","state_lgd_code":"1","district_lgd_code":"10","district_name":"Srinagar","subdistrict_lgd_code":"101","subdistrict_name":"Srinagar South","subdistrict_type":"Tehsil / Taluk","village_lgd_code":"12104","village_name":"Rajbagh","khasra_plot_no":"Khasra 408/Min/D105","recorded_area":"2.0","recorded_area_unit":"Kanal-Marla","normalized_area_sqm":"1011.71","gis_area_sqm":"1011.71","land_use_category":"AGRICULTURAL","land_use_raw":"Residential Plotted","status":"AMALGAMATED","data_freshness_status":"CURRENT","scenario_index":"19875","use_case_description":"Court attachment and disputed possession","mutation_workflow_status":"NOTICE_PERIOD","revenue_record_id":"ROR-JK-2025-1033-0105","revenue_record_type":"Jamabandi (Aapki Zameen Aapki Nigrani)","khata_khewat_no":"KHT-83","khatauni_no":"KHN-183","owner_name":"Tariq Ahmad Mir","owner_name_local":"طارق احمد میر","co_owners":"","tenure_type":"Government Grant","mutation_status":"REJECTED","active_mutation_id":"MUT-JK-00000105","tax_demand_status":"PAID","annual_tax_inr":"185.5","deed_number":"DEED-JK-2024-433-0105","deed_type":"Sale Deed / Conveyance","sro_office":"Sub-Registrar Office, Srinagar South","execution_date":"2024-05-10","registered_owner":"Tariq Ahmad Mir","seller_name":"Previous Landholder","consideration_amount_inr":"3500000.0","stamp_duty_inr":"210000.0","survey_sketch_id":"FMB-JK-33-0105","cadastral_sheet_no":"SHT-JK-33","surveyed_area_sqm":"1011.71","survey_status":"RESURVEY_REQUIRED","urban_authority":"Srinagar South Urban Development & Town Planning Authority","zone_name":"Residential Zone","permitted_land_use":"AGRICULTURAL","building_permission_status":"NOT_APPLICABLE","violations_reported":"False","is_encumbered":"True","encumbrance_certificate_number":"EC-JK-00000105-0105","encumbrance_type":"TRIBAL_NON_ALIENATION","financial_institution":"","mortgage_amount":"0.0","created_at":"2026-01-15T09:00:00Z","updated_at":"2026-09-24T11:30:00Z"}},{"type":"Feature","geometry":{"type":"Polygon","coordinates":[[[76.40845542573857,34.827204395671465],[76.55763654288434,34.82085582799244],[76.56863103315021,35.0058958876242],[76.41399134222334,35.010955642533474],[76.40845542573857,34.827204395671465]]]},"properties":{"ulpin":"01575703573259","parcel_id":"d62ea213-b283-4bf7-a051-20a39007ac17","state":"Jammu & Kashmir","state_code":"JK","state_type":"UT","state_lgd_code":"1","district_lgd_code":"10","district_name":"Srinagar","subdistrict_lgd_code":"101","subdistrict_name":"Srinagar South","subdistrict_type":"Tehsil / Taluk","village_lgd_code":"12104","village_name":"Rajbagh","khasra_plot_no":"Khasra 408/Min/D106","recorded_area":"2.0","recorded_area_unit":"Kanal-Marla","normalized_area_sqm":"1011.71","gis_area_sqm":"1011.71","land_use_category":"INSTITUTIONAL","land_use_raw":"Residential Plotted","status":"DISPUTED","data_freshness_status":"STALE","scenario_index":"19876","use_case_description":"Tribal non-alienation protection review","mutation_workflow_status":"HEARING_SCHEDULED","revenue_record_id":"ROR-JK-2025-1033-0106","revenue_record_type":"Jamabandi (Aapki Zameen Aapki Nigrani)","khata_khewat_no":"KHT-83","khatauni_no":"KHN-183","owner_name":"Tariq Ahmad Mir","owner_name_local":"طارق احمد میر","co_owners":"","tenure_type":"Waqf / Religious Trust","mutation_status":"DISPUTED","active_mutation_id":"MUT-JK-00000106","tax_demand_status":"PAID","annual_tax_inr":"185.5","deed_number":"DEED-JK-2024-433-0106","deed_type":"Sale Deed / Conveyance","sro_office":"Sub-Registrar Office, Srinagar South","execution_date":"2024-05-10","registered_owner":"Tariq Ahmad Mir","seller_name":"Previous Landholder","consideration_amount_inr":"3500000.0","stamp_duty_inr":"210000.0","survey_sketch_id":"FMB-JK-33-0106","cadastral_sheet_no":"SHT-JK-33","surveyed_area_sqm":"1011.71","survey_status":"SURVEYED","urban_authority":"Srinagar South Urban Development & Town Planning Authority","zone_name":"Residential Zone","permitted_land_use":"INSTITUTIONAL","building_permission_status":"SANCTIONED","violations_reported":"False","is_encumbered":"True","encumbrance_certificate_number":"EC-JK-00000106-0106","encumbrance_type":"LEASE_CHARGE","financial_institution":"","mortgage_amount":"0.0","created_at":"2026-01-15T09:00:00Z","updated_at":"2026-09-24T11:30:00Z"}},{"type":"Feature","geometry":{"type":"Polygon","coordinates":[[[76.55992530951694,35.64157421064406],[76.76959432686851,35.67077970326904],[76.76959432686851,35.82671779202917],[76.56826566870512,35.82671779202917],[76.55992530951694,35.64157421064406]]]},"properties":{"ulpin":"01477775432583","parcel_id":"04b5c9f2-e776-4aa6-a715-d4abaeea014a","state":"Jammu & Kashmir","state_code":"JK","state_type":"UT","state_lgd_code":"1","district_lgd_code":"10","district_name":"Srinagar","subdistrict_lgd_code":"101","subdistrict_name":"Srinagar South","subdistrict_type":"Tehsil / Taluk","village_lgd_code":"12104","village_name":"Rajbagh","khasra_plot_no":"Khasra 408/Min/D107","recorded_area":"2.0","recorded_area_unit":"Kanal-Marla","normalized_area_sqm":"1011.71","gis_area_sqm":"1011.71","land_use_category":"FOREST_GREEN_BELT","land_use_raw":"Residential Plotted","status":"ARCHIVED","data_freshness_status":"UNKNOWN","scenario_index":"19877","use_case_description":"Pending sale mutation within statutory SLA","mutation_workflow_status":"APPROVED","revenue_record_id":"ROR-JK-2025-1033-0107","revenue_record_type":"Jamabandi (Aapki Zameen Aapki Nigrani)","khata_khewat_no":"KHT-83","khatauni_no":"KHN-183","owner_name":"Tariq Ahmad Mir","owner_name_local":"طارق احمد میر","co_owners":"","tenure_type":"Tribal Community Tenure","mutation_status":"NONE","active_mutation_id":"MUT-JK-00000107","tax_demand_status":"PAID","annual_tax_inr":"185.5","deed_number":"DEED-JK-2024-433-0107","deed_type":"Sale Deed / Conveyance","sro_office":"Sub-Registrar Office, Srinagar South","execution_date":"2024-05-10","registered_owner":"Tariq Ahmad Mir","seller_name":"Previous Landholder","consideration_amount_inr":"3500000.0","stamp_duty_inr":"210000.0","survey_sketch_id":"FMB-JK-33-0107","cadastral_sheet_no":"SHT-JK-33","surveyed_area_sqm":"1011.71","survey_status":"PENDING","urban_authority":"Srinagar South Urban Development & Town Planning Authority","zone_name":"Residential Zone","permitted_land_use":"FOREST_GREEN_BELT","building_permission_status":"PENDING","violations_reported":"False","is_encumbered":"False","encumbrance_certificate_number":"EC-JK-2024-133-0107","encumbrance_type":"NIL","financial_institution":"","mortgage_amount":"0.0","created_at":"2026-01-15T09:00:00Z","updated_at":"2026-09-24T11:30:00Z"}},{"type":"Feature","geometry":{"type":"Polygon","coordinates":[[[75.29496377475513,33.63092916213798],[75.47411443226653,33.62068604423149],[75.45766080528716,33.77044186289313],[75.30577919221147,33.74848618556786],[75.29496377475513,33.63092916213798]]]},"properties":{"ulpin":"01668720465919","parcel_id":"8d19d1bd-f1a8-4969-95da-2c09983ac30e","state":"Jammu & Kashmir","state_code":"JK","state_type":"UT","state_lgd_code":"1","district_lgd_code":"10","district_name":"Srinagar","subdistrict_lgd_code":"101","subdistrict_name":"Srinagar South","subdistrict_type":"Tehsil / Taluk","village_lgd_code":"12104","village_name":"Rajbagh","khasra_plot_no":"Khasra 408/Min/D108","recorded_area":"2.0","recorded_area_unit":"Kanal-Marla","normalized_area_sqm":"1011.71","gis_area_sqm":"1011.71","land_use_category":"WATER_BODY","land_use_raw":"Residential Plotted","status":"ACTIVE","data_freshness_status":"CURRENT","scenario_index":"19878","use_case_description":"Subdivision or amalgamation history review","mutation_workflow_status":"REJECTED","revenue_record_id":"ROR-JK-2025-1033-0108","revenue_record_type":"Jamabandi (Aapki Zameen Aapki Nigrani)","khata_khewat_no":"KHT-83","khatauni_no":"KHN-183","owner_name":"Tariq Ahmad Mir","owner_name_local":"طارق احمد میر","co_owners":"","tenure_type":"Bhumiswami / Raiyati with Transferable Rights","mutation_status":"MUTATED","active_mutation_id":"","tax_demand_status":"PAID","annual_tax_inr":"185.5","deed_number":"DEED-JK-2024-433-0108","deed_type":"Sale Deed / Conveyance","sro_office":"Sub-Registrar Office, Srinagar South","execution_date":"2024-05-10","registered_owner":"Tariq Ahmad Mir","seller_name":"Previous Landholder","consideration_amount_inr":"3500000.0","stamp_duty_inr":"210000.0","survey_sketch_id":"FMB-JK-33-0108","cadastral_sheet_no":"SHT-JK-33","surveyed_area_sqm":"1011.71","survey_status":"DISPUTED","urban_authority":"Srinagar South Urban Development & Town Planning Authority","zone_name":"Residential Zone","permitted_land_use":"WATER_BODY","building_permission_status":"REJECTED","violations_reported":"False","is_encumbered":"True","encumbrance_certificate_number":"EC-JK-00000108-0108","encumbrance_type":"BANK_MORTGAGE","financial_institution":"","mortgage_amount":"0.0","created_at":"2026-01-15T09:00:00Z","updated_at":"2026-09-24T11:30:00Z"}},{"type":"Feature","geometry":{"type":"Polygon","coordinates":[[[76.19406930318264,35.310283015366664],[76.39898514327365,35.32961122803649],[76.40359466965911,35.479100522812786],[76.1973626066116,35.490784242646214],[76.19406930318264,35.310283015366664]]]},"properties":{"ulpin":"01157319359490","parcel_id":"ded37096-ad4a-49cc-9670-9b0c8d8f91c5","state":"Jammu & Kashmir","state_code":"JK","state_type":"UT","state_lgd_code":"1","district_lgd_code":"10","district_name":"Srinagar","subdistrict_lgd_code":"101","subdistrict_name":"Srinagar South","subdistrict_type":"Tehsil / Taluk","village_lgd_code":"12104","village_name":"Rajbagh","khasra_plot_no":"Khasra 408/Min/D109","recorded_area":"2.0","recorded_area_unit":"Kanal-Marla","normalized_area_sqm":"1011.71","gis_area_sqm":"1011.71","land_use_category":"MIXED_USE","land_use_raw":"Residential Plotted","status":"PENDING_MUTATION","data_freshness_status":"STALE","scenario_index":"19879","use_case_description":"Archived historical record for audit retrieval","mutation_workflow_status":"SLA_BREACHED","revenue_record_id":"ROR-JK-2025-1033-0109","revenue_record_type":"Jamabandi (Aapki Zameen Aapki Nigrani)","khata_khewat_no":"KHT-83","khatauni_no":"KHN-183","owner_name":"Tariq Ahmad Mir","owner_name_local":"طارق احمد میر","co_owners":"","tenure_type":"Bhumiswami / Freehold","mutation_status":"PENDING","active_mutation_id":"MUT-JK-00000109","tax_demand_status":"PAID","annual_tax_inr":"185.5","deed_number":"DEED-JK-2024-433-0109","deed_type":"Sale Deed / Conveyance","sro_office":"Sub-Registrar Office, Srinagar South","execution_date":"2024-05-10","registered_owner":"Registry Variance Owner 109","seller_name":"Previous Landholder","consideration_amount_inr":"3500000.0","stamp_duty_inr":"210000.0","survey_sketch_id":"FMB-JK-33-0109","cadastral_sheet_no":"SHT-JK-33","surveyed_area_sqm":"1011.71","survey_status":"RESURVEY_REQUIRED","urban_authority":"Srinagar South Urban Development & Town Planning Authority","zone_name":"Residential Zone","permitted_land_use":"MIXED_USE","building_permission_status":"NOT_APPLICABLE","violations_reported":"False","is_encumbered":"True","encumbrance_certificate_number":"EC-JK-00000109-0109","encumbrance_type":"GOVT_REVENUE_LIEN","financial_institution":"","mortgage_amount":"0.0","created_at":"2026-01-15T09:00:00Z","updated_at":"2026-09-24T11:30:00Z"}},{"type":"Feature","geometry":{"type":"Polygon","coordinates":[[[75.27673402432268,35.42549100132903],[75.41414833108567,35.40226809106604],[75.40639711165616,35.5679725505269],[75.27673402432268,35.58845921042854],[75.27673402432268,35.42549100132903]]]},"properties":{"ulpin":"01595864592166","parcel_id":"d0db2085-84d5-4228-9dab-7ff022264027","state":"Jammu & Kashmir","state_code":"JK","state_type":"UT","state_lgd_code":"1","district_lgd_code":"10","district_name":"Srinagar","subdistrict_lgd_code":"101","subdistrict_name":"Srinagar South","subdistrict_type":"Tehsil / Taluk","village_lgd_code":"12104","village_name":"Rajbagh","khasra_plot_no":"Khasra 408/Min/D110","recorded_area":"2.0","recorded_area_unit":"Kanal-Marla","normalized_area_sqm":"1011.71","gis_area_sqm":"1011.71","land_use_category":"OTHER","land_use_raw":"Residential Plotted","status":"SUBDIVIDED","data_freshness_status":"UNKNOWN","scenario_index":"19880","use_case_description":"Bank mortgage and active encumbrance","mutation_workflow_status":"SUBMITTED","revenue_record_id":"ROR-JK-2025-1033-0110","revenue_record_type":"Jamabandi (Aapki Zameen Aapki Nigrani)","khata_khewat_no":"KHT-83","khatauni_no":"KHN-183","owner_name":"Tariq Ahmad Mir","owner_name_local":"طارق احمد میر","co_owners":"","tenure_type":"Leasehold","mutation_status":"UNMUTATED_TRANSACTION","active_mutation_id":"MUT-JK-00000110","tax_demand_status":"PAID","annual_tax_inr":"185.5","deed_number":"DEED-JK-2024-433-0110","deed_type":"Sale Deed / Conveyance","sro_office":"Sub-Registrar Office, Srinagar South","execution_date":"2024-05-10","registered_owner":"Tariq Ahmad Mir","seller_name":"Previous Landholder","consideration_amount_inr":"3500000.0","stamp_duty_inr":"210000.0","survey_sketch_id":"FMB-JK-33-0110","cadastral_sheet_no":"SHT-JK-33","surveyed_area_sqm":"1011.71","survey_status":"SURVEYED","urban_authority":"Srinagar South Urban Development & Town Planning Authority","zone_name":"Residential Zone","permitted_land_use":"OTHER","building_permission_status":"SANCTIONED","violations_reported":"True","is_encumbered":"True","encumbrance_certificate_number":"EC-JK-00000110-0110","encumbrance_type":"COURT_ATTACHMENT","financial_institution":"","mortgage_amount":"0.0","created_at":"2026-01-15T09:00:00Z","updated_at":"2026-09-24T11:30:00Z"}},{"type":"Feature","geometry":{"type":"Polygon","coordinates":[[[74.6897954420127,35.735811077151375],[74.85428215567522,35.724565885629836],[74.83268133225822,35.85892215613964],[74.68043989077636,35.85892215613964],[74.6897954420127,35.735811077151375]]]},"properties":{"ulpin":"01596182795801","parcel_id":"4f969477-e4c0-4db2-8982-987e8562be6e","state":"Jammu & Kashmir","state_code":"JK","state_type":"UT","state_lgd_code":"1","district_lgd_code":"10","district_name":"Srinagar","subdistrict_lgd_code":"101","subdistrict_name":"Srinagar South","subdistrict_type":"Tehsil / Taluk","village_lgd_code":"12104","village_name":"Rajbagh","khasra_plot_no":"Khasra 408/Min/D111","recorded_area":"2.0","recorded_area_unit":"Kanal-Marla","normalized_area_sqm":"1011.71","gis_area_sqm":"1011.71","land_use_category":"RESIDENTIAL","land_use_raw":"Residential Plotted","status":"AMALGAMATED","data_freshness_status":"CURRENT","scenario_index":"19881","use_case_description":"Government revenue lien and tax demand","mutation_workflow_status":"UNDER_VERIFICATION","revenue_record_id":"ROR-JK-2025-1033-0111","revenue_record_type":"Jamabandi (Aapki Zameen Aapki Nigrani)","khata_khewat_no":"KHT-83","khatauni_no":"KHN-183","owner_name":"Tariq Ahmad Mir","owner_name_local":"طارق احمد میر","co_owners":"","tenure_type":"Government Grant","mutation_status":"REJECTED","active_mutation_id":"MUT-JK-00000111","tax_demand_status":"PAID","annual_tax_inr":"185.5","deed_number":"DEED-JK-2024-433-0111","deed_type":"Sale Deed / Conveyance","sro_office":"Sub-Registrar Office, Srinagar South","execution_date":"2024-05-10","registered_owner":"Tariq Ahmad Mir","seller_name":"Previous Landholder","consideration_amount_inr":"3500000.0","stamp_duty_inr":"210000.0","survey_sketch_id":"FMB-JK-33-0111","cadastral_sheet_no":"SHT-JK-33","surveyed_area_sqm":"1011.71","survey_status":"PENDING","urban_authority":"Srinagar South Urban Development & Town Planning Authority","zone_name":"Residential Zone","permitted_land_use":"RESIDENTIAL","building_permission_status":"PENDING","violations_reported":"False","is_encumbered":"True","encumbrance_certificate_number":"EC-JK-00000111-0111","encumbrance_type":"TRIBAL_NON_ALIENATION","financial_institution":"","mortgage_amount":"0.0","created_at":"2026-01-15T09:00:00Z","updated_at":"2026-09-24T11:30:00Z"}},{"type":"Feature","geometry":{"type":"Polygon","coordinates":[[[76.65179849504514,33.27357007527419],[76.82706650666945,33.275905234201296],[76.83900542320167,33.45213417331144],[76.64711743301757,33.45213417331144],[76.65179849504514,33.27357007527419]]]},"properties":{"ulpin":"01106604998260","parcel_id":"8a64ca32-5932-4abc-a311-594dcf48ae1c","state":"Jammu & Kashmir","state_code":"JK","state_type":"UT","state_lgd_code":"1","district_lgd_code":"10","district_name":"Srinagar","subdistrict_lgd_code":"101","subdistrict_name":"Srinagar South","subdistrict_type":"Tehsil / Taluk","village_lgd_code":"12104","village_name":"Rajbagh","khasra_plot_no":"Khasra 408/Min/D112","recorded_area":"2.0","recorded_area_unit":"Kanal-Marla","normalized_area_sqm":"1011.71","gis_area_sqm":"1011.71","land_use_category":"COMMERCIAL","land_use_raw":"Residential Plotted","status":"DISPUTED","data_freshness_status":"STALE","scenario_index":"19882","use_case_description":"Court attachment and disputed possession","mutation_workflow_status":"NOTICE_PERIOD","revenue_record_id":"ROR-JK-2025-1033-0112","revenue_record_type":"Jamabandi (Aapki Zameen Aapki Nigrani)","khata_khewat_no":"KHT-83","khatauni_no":"KHN-183","owner_name":"Tariq Ahmad Mir","owner_name_local":"طارق احمد میر","co_owners":"","tenure_type":"Waqf / Religious Trust","mutation_status":"DISPUTED","active_mutation_id":"MUT-JK-00000112","tax_demand_status":"PAID","annual_tax_inr":"185.5","deed_number":"DEED-JK-2024-433-0112","deed_type":"Sale Deed / Conveyance","sro_office":"Sub-Registrar Office, Srinagar South","execution_date":"2024-05-10","registered_owner":"Tariq Ahmad Mir","seller_name":"Previous Landholder","consideration_amount_inr":"3500000.0","stamp_duty_inr":"210000.0","survey_sketch_id":"FMB-JK-33-0112","cadastral_sheet_no":"SHT-JK-33","surveyed_area_sqm":"1011.71","survey_status":"DISPUTED","urban_authority":"Srinagar South Urban Development & Town Planning Authority","zone_name":"Residential Zone","permitted_land_use":"COMMERCIAL","building_permission_status":"REJECTED","violations_reported":"False","is_encumbered":"True","encumbrance_certificate_number":"EC-JK-00000112-0112","encumbrance_type":"LEASE_CHARGE","financial_institution":"","mortgage_amount":"0.0","created_at":"2026-01-15T09:00:00Z","updated_at":"2026-09-24T11:30:00Z"}},{"type":"Feature","geometry":{"type":"Polygon","coordinates":[[[74.68181683861232,33.20289497954883],[74.83166572572443,33.24149776151416],[74.83166572572443,33.36453115628218],[74.68917096578858,33.379749123647244],[74.68181683861232,33.20289497954883]]]},"properties":{"ulpin":"01577973428416","parcel_id":"3d247cfe-d83e-449a-aac2-4e2b0912051f","state":"Jammu & Kashmir","state_code":"JK","state_type":"UT","state_lgd_code":"1","district_lgd_code":"10","district_name":"Srinagar","subdistrict_lgd_code":"101","subdistrict_name":"Srinagar South","subdistrict_type":"Tehsil / Taluk","village_lgd_code":"12104","village_name":"Rajbagh","khasra_plot_no":"Khasra 408/Min/D113","recorded_area":"2.0","recorded_area_unit":"Kanal-Marla","normalized_area_sqm":"1011.71","gis_area_sqm":"1011.71","land_use_category":"INDUSTRIAL","land_use_raw":"Residential Plotted","status":"ARCHIVED","data_freshness_status":"UNKNOWN","scenario_index":"19883","use_case_description":"Bank mortgage and active encumbrance","mutation_workflow_status":"HEARING_SCHEDULED","revenue_record_id":"ROR-JK-2025-1033-0113","revenue_record_type":"Jamabandi (Aapki Zameen Aapki Nigrani)","khata_khewat_no":"KHT-83","khatauni_no":"KHN-183","owner_name":"Tariq Ahmad Mir","owner_name_local":"طارق احمد میر","co_owners":"","tenure_type":"Tribal Community Tenure","mutation_status":"NONE","active_mutation_id":"MUT-JK-00000113","tax_demand_status":"PAID","annual_tax_inr":"185.5","deed_number":"DEED-JK-2024-433-0113","deed_type":"Sale Deed / Conveyance","sro_office":"Sub-Registrar Office, Srinagar South","execution_date":"2024-05-10","registered_owner":"Tariq Ahmad Mir","seller_name":"Previous Landholder","consideration_amount_inr":"3500000.0","stamp_duty_inr":"210000.0","survey_sketch_id":"FMB-JK-33-0113","cadastral_sheet_no":"SHT-JK-33","surveyed_area_sqm":"1011.71","survey_status":"RESURVEY_REQUIRED","urban_authority":"Srinagar South Urban Development & Town Planning Authority","zone_name":"Residential Zone","permitted_land_use":"INDUSTRIAL","building_permission_status":"NOT_APPLICABLE","violations_reported":"False","is_encumbered":"False","encumbrance_certificate_number":"EC-JK-2024-133-0113","encumbrance_type":"NIL","financial_institution":"","mortgage_amount":"0.0","created_at":"2026-01-15T09:00:00Z","updated_at":"2026-09-24T11:30:00Z"}},{"type":"Feature","geometry":{"type":"Polygon","coordinates":[[[76.41399134222334,35.010955642533474],[76.56863103315021,35.0058958876242],[76.58527695387566,35.16252811908526],[76.42262525715161,35.17335894243608],[76.41399134222334,35.010955642533474]]]},"properties":{"ulpin":"01571882103175","parcel_id":"66d35a72-1b9c-42b7-b856-0efc1ec917dc","state":"Jammu & Kashmir","state_code":"JK","state_type":"UT","state_lgd_code":"1","district_lgd_code":"10","district_name":"Srinagar","subdistrict_lgd_code":"101","subdistrict_name":"Srinagar South","subdistrict_type":"Tehsil / Taluk","village_lgd_code":"12104","village_name":"Rajbagh","khasra_plot_no":"Khasra 408/Min/D114","recorded_area":"2.0","recorded_area_unit":"Kanal-Marla","normalized_area_sqm":"1011.71","gis_area_sqm":"1011.71","land_use_category":"AGRICULTURAL","land_use_raw":"Residential Plotted","status":"ACTIVE","data_freshness_status":"CURRENT","scenario_index":"19884","use_case_description":"Lease charge and institutional tenancy","mutation_workflow_status":"APPROVED","revenue_record_id":"ROR-JK-2025-1033-0114","revenue_record_type":"Jamabandi (Aapki Zameen Aapki Nigrani)","khata_khewat_no":"KHT-83","khatauni_no":"KHN-183","owner_name":"Tariq Ahmad Mir","owner_name_local":"طارق احمد میر","co_owners":"","tenure_type":"Bhumiswami / Raiyati with Transferable Rights","mutation_status":"MUTATED","active_mutation_id":"","tax_demand_status":"PAID","annual_tax_inr":"185.5","deed_number":"DEED-JK-2024-433-0114","deed_type":"Sale Deed / Conveyance","sro_office":"Sub-Registrar Office, Srinagar South","execution_date":"2024-05-10","registered_owner":"Registry Variance Owner 114","seller_name":"Previous Landholder","consideration_amount_inr":"3500000.0","stamp_duty_inr":"210000.0","survey_sketch_id":"FMB-JK-33-0114","cadastral_sheet_no":"SHT-JK-33","surveyed_area_sqm":"1011.71","survey_status":"SURVEYED","urban_authority":"Srinagar South Urban Development & Town Planning Authority","zone_name":"Residential Zone","permitted_land_use":"AGRICULTURAL","building_permission_status":"SANCTIONED","violations_reported":"False","is_encumbered":"True","encumbrance_certificate_number":"EC-JK-00000114-0114","encumbrance_type":"BANK_MORTGAGE","financial_institution":"","mortgage_amount":"0.0","created_at":"2026-01-15T09:00:00Z","updated_at":"2026-09-24T11:30:00Z"}},{"type":"Feature","geometry":{"type":"Polygon","coordinates":[[[76.1973626066116,35.490784242646214],[76.40359466965911,35.479100522812786],[76.41893972472242,35.664610157726926],[76.18886080676486,35.67857736175056],[76.1973626066116,35.490784242646214]]]},"properties":{"ulpin":"01230567235674","parcel_id":"fcd64cd2-8470-404e-af90-20a19e9e6277","state":"Jammu & Kashmir","state_code":"JK","state_type":"UT","state_lgd_code":"1","district_lgd_code":"10","district_name":"Srinagar","subdistrict_lgd_code":"101","subdistrict_name":"Srinagar South","subdistrict_type":"Tehsil / Taluk","village_lgd_code":"12104","village_name":"Rajbagh","khasra_plot_no":"Khasra 408/Min/D115","recorded_area":"2.0","recorded_area_unit":"Kanal-Marla","normalized_area_sqm":"1011.71","gis_area_sqm":"1011.71","land_use_category":"INSTITUTIONAL","land_use_raw":"Residential Plotted","status":"PENDING_MUTATION","data_freshness_status":"STALE","scenario_index":"19885","use_case_description":"Subdivision or amalgamation history review","mutation_workflow_status":"REJECTED","revenue_record_id":"ROR-JK-2025-1033-0115","revenue_record_type":"Jamabandi (Aapki Zameen Aapki Nigrani)","khata_khewat_no":"KHT-83","khatauni_no":"KHN-183","owner_name":"Tariq Ahmad Mir","owner_name_local":"طارق احمد میر","co_owners":"","tenure_type":"Bhumiswami / Freehold","mutation_status":"PENDING","active_mutation_id":"MUT-JK-00000115","tax_demand_status":"PAID","annual_tax_inr":"185.5","deed_number":"DEED-JK-2024-433-0115","deed_type":"Sale Deed / Conveyance","sro_office":"Sub-Registrar Office, Srinagar South","execution_date":"2024-05-10","registered_owner":"Tariq Ahmad Mir","seller_name":"Previous Landholder","consideration_amount_inr":"3500000.0","stamp_duty_inr":"210000.0","survey_sketch_id":"FMB-JK-33-0115","cadastral_sheet_no":"SHT-JK-33","surveyed_area_sqm":"1011.71","survey_status":"PENDING","urban_authority":"Srinagar South Urban Development & Town Planning Authority","zone_name":"Residential Zone","permitted_land_use":"INSTITUTIONAL","building_permission_status":"PENDING","violations_reported":"False","is_encumbered":"True","encumbrance_certificate_number":"EC-JK-00000115-0115","encumbrance_type":"GOVT_REVENUE_LIEN","financial_institution":"","mortgage_amount":"0.0","created_at":"2026-01-15T09:00:00Z","updated_at":"2026-09-24T11:30:00Z"}},{"type":"Feature","geometry":{"type":"Polygon","coordinates":[[[74.28526668736126,33.230340402263735],[74.41624455495192,33.23797326052254],[74.41366268917929,33.35596049336386],[74.28526668736126,33.38633845358996],[74.28526668736126,33.230340402263735]]]},"properties":{"ulpin":"01236059715586","parcel_id":"ad620bc9-187d-4b5e-be64-46f6a7b3cc66","state":"Jammu & Kashmir","state_code":"JK","state_type":"UT","state_lgd_code":"1","district_lgd_code":"10","district_name":"Srinagar","subdistrict_lgd_code":"101","subdistrict_name":"Srinagar South","subdistrict_type":"Tehsil / Taluk","village_lgd_code":"12104","village_name":"Rajbagh","khasra_plot_no":"Khasra 408/Min/D116","recorded_area":"2.0","recorded_area_unit":"Kanal-Marla","normalized_area_sqm":"1011.71","gis_area_sqm":"1011.71","land_use_category":"FOREST_GREEN_BELT","land_use_raw":"Residential Plotted","status":"SUBDIVIDED","data_freshness_status":"UNKNOWN","scenario_index":"19886","use_case_description":"Archived historical record for audit retrieval","mutation_workflow_status":"SLA_BREACHED","revenue_record_id":"ROR-JK-2025-1033-0116","revenue_record_type":"Jamabandi (Aapki Zameen Aapki Nigrani)","khata_khewat_no":"KHT-83","khatauni_no":"KHN-183","owner_name":"Tariq Ahmad Mir","owner_name_local":"طارق احمد میر","co_owners":"","tenure_type":"Leasehold","mutation_status":"UNMUTATED_TRANSACTION","active_mutation_id":"MUT-JK-00000116","tax_demand_status":"PAID","annual_tax_inr":"185.5","deed_number":"DEED-JK-2024-433-0116","deed_type":"Sale Deed / Conveyance","sro_office":"Sub-Registrar Office, Srinagar South","execution_date":"2024-05-10","registered_owner":"Tariq Ahmad Mir","seller_name":"Previous Landholder","consideration_amount_inr":"3500000.0","stamp_duty_inr":"210000.0","survey_sketch_id":"FMB-JK-33-0116","cadastral_sheet_no":"SHT-JK-33","surveyed_area_sqm":"1011.71","survey_status":"DISPUTED","urban_authority":"Srinagar South Urban Development & Town Planning Authority","zone_name":"Residential Zone","permitted_land_use":"FOREST_GREEN_BELT","building_permission_status":"REJECTED","violations_reported":"False","is_encumbered":"True","encumbrance_certificate_number":"EC-JK-00000116-0116","encumbrance_type":"COURT_ATTACHMENT","financial_institution":"","mortgage_amount":"0.0","created_at":"2026-01-15T09:00:00Z","updated_at":"2026-09-24T11:30:00Z"}},{"type":"Feature","geometry":{"type":"Polygon","coordinates":[[[76.49840768168362,32.36576274407381],[76.66064363196914,32.32002635461949],[76.67167178292806,32.51020386704238],[76.49882653651954,32.52467824848291],[76.49840768168362,32.36576274407381]]]},"properties":{"ulpin":"01382950157975","parcel_id":"5dca5396-f281-4e62-b963-aa99f7b3a140","state":"Jammu & Kashmir","state_code":"JK","state_type":"UT","state_lgd_code":"1","district_lgd_code":"10","district_name":"Srinagar","subdistrict_lgd_code":"101","subdistrict_name":"Srinagar South","subdistrict_type":"Tehsil / Taluk","village_lgd_code":"12104","village_name":"Rajbagh","khasra_plot_no":"Khasra 408/Min/D117","recorded_area":"2.0","recorded_area_unit":"Kanal-Marla","normalized_area_sqm":"1011.71","gis_area_sqm":"1011.71","land_use_category":"WATER_BODY","land_use_raw":"Residential Plotted","status":"AMALGAMATED","data_freshness_status":"CURRENT","scenario_index":"19887","use_case_description":"Bank mortgage and active encumbrance","mutation_workflow_status":"SUBMITTED","revenue_record_id":"ROR-JK-2025-1033-0117","revenue_record_type":"Jamabandi (Aapki Zameen Aapki Nigrani)","khata_khewat_no":"KHT-83","khatauni_no":"KHN-183","owner_name":"Tariq Ahmad Mir","owner_name_local":"طارق احمد میر","co_owners":"","tenure_type":"Government Grant","mutation_status":"REJECTED","active_mutation_id":"MUT-JK-00000117","tax_demand_status":"PAID","annual_tax_inr":"185.5","deed_number":"DEED-JK-2024-433-0117","deed_type":"Sale Deed / Conveyance","sro_office":"Sub-Registrar Office, Srinagar South","execution_date":"2024-05-10","registered_owner":"Tariq Ahmad Mir","seller_name":"Previous Landholder","consideration_amount_inr":"3500000.0","stamp_duty_inr":"210000.0","survey_sketch_id":"FMB-JK-33-0117","cadastral_sheet_no":"SHT-JK-33","surveyed_area_sqm":"1011.71","survey_status":"RESURVEY_REQUIRED","urban_authority":"Srinagar South Urban Development & Town Planning Authority","zone_name":"Residential Zone","permitted_land_use":"WATER_BODY","building_permission_status":"NOT_APPLICABLE","violations_reported":"True","is_encumbered":"True","encumbrance_certificate_number":"EC-JK-00000117-0117","encumbrance_type":"TRIBAL_NON_ALIENATION","financial_institution":"","mortgage_amount":"0.0","created_at":"2026-01-15T09:00:00Z","updated_at":"2026-09-24T11:30:00Z"}},{"type":"Feature","geometry":{"type":"Polygon","coordinates":[[[75.58249634566629,32.671345908945405],[75.74931835690934,32.671345908945405],[75.74931835690934,32.789994436914355],[75.60128377626042,32.80470874439704],[75.58249634566629,32.671345908945405]]]},"properties":{"ulpin":"01141529188922","parcel_id":"5ce5fe17-ed95-45f7-a056-9429606a7f99","state":"Jammu & Kashmir","state_code":"JK","state_type":"UT","state_lgd_code":"1","district_lgd_code":"10","district_name":"Srinagar","subdistrict_lgd_code":"101","subdistrict_name":"Srinagar South","subdistrict_type":"Tehsil / Taluk","village_lgd_code":"12104","village_name":"Rajbagh","khasra_plot_no":"Khasra 408/Min/D118","recorded_area":"2.0","recorded_area_unit":"Kanal-Marla","normalized_area_sqm":"1011.71","gis_area_sqm":"1011.71","land_use_category":"MIXED_USE","land_use_raw":"Residential Plotted","status":"DISPUTED","data_freshness_status":"STALE","scenario_index":"19888","use_case_description":"Government revenue lien and tax demand","mutation_workflow_status":"UNDER_VERIFICATION","revenue_record_id":"ROR-JK-2025-1033-0118","revenue_record_type":"Jamabandi (Aapki Zameen Aapki Nigrani)","khata_khewat_no":"KHT-83","khatauni_no":"KHN-183","owner_name":"Tariq Ahmad Mir","owner_name_local":"طارق احمد میر","co_owners":"","tenure_type":"Waqf / Religious Trust","mutation_status":"DISPUTED","active_mutation_id":"MUT-JK-00000118","tax_demand_status":"PAID","annual_tax_inr":"185.5","deed_number":"DEED-JK-2024-433-0118","deed_type":"Sale Deed / Conveyance","sro_office":"Sub-Registrar Office, Srinagar South","execution_date":"2024-05-10","registered_owner":"Tariq Ahmad Mir","seller_name":"Previous Landholder","consideration_amount_inr":"3500000.0","stamp_duty_inr":"210000.0","survey_sketch_id":"FMB-JK-33-0118","cadastral_sheet_no":"SHT-JK-33","surveyed_area_sqm":"1011.71","survey_status":"SURVEYED","urban_authority":"Srinagar South Urban Development & Town Planning Authority","zone_name":"Residential Zone","permitted_land_use":"MIXED_USE","building_permission_status":"SANCTIONED","violations_reported":"False","is_encumbered":"True","encumbrance_certificate_number":"EC-JK-00000118-0118","encumbrance_type":"LEASE_CHARGE","financial_institution":"","mortgage_amount":"0.0","created_at":"2026-01-15T09:00:00Z","updated_at":"2026-09-24T11:30:00Z"}},{"type":"Feature","geometry":{"type":"Polygon","coordinates":[[[75.56840672942207,34.78218562707464],[75.70760343552222,34.77910604468377],[75.69284105797499,34.937278068348355],[75.53372272893692,34.93504619425192],[75.56840672942207,34.78218562707464]]]},"properties":{"ulpin":"01555845279273","parcel_id":"5216aa64-1c84-4a6c-a0a7-1b6425b5ec80","state":"Jammu & Kashmir","state_code":"JK","state_type":"UT","state_lgd_code":"1","district_lgd_code":"10","district_name":"Srinagar","subdistrict_lgd_code":"101","subdistrict_name":"Srinagar South","subdistrict_type":"Tehsil / Taluk","village_lgd_code":"12104","village_name":"Rajbagh","khasra_plot_no":"Khasra 408/Min/D119","recorded_area":"2.0","recorded_area_unit":"Kanal-Marla","normalized_area_sqm":"1011.71","gis_area_sqm":"1011.71","land_use_category":"OTHER","land_use_raw":"Residential Plotted","status":"ARCHIVED","data_freshness_status":"UNKNOWN","scenario_index":"19889","use_case_description":"Archived historical record for audit retrieval","mutation_workflow_status":"NOTICE_PERIOD","revenue_record_id":"ROR-JK-2025-1033-0119","revenue_record_type":"Jamabandi (Aapki Zameen Aapki Nigrani)","khata_khewat_no":"KHT-83","khatauni_no":"KHN-183","owner_name":"Tariq Ahmad Mir","owner_name_local":"طارق احمد میر","co_owners":"","tenure_type":"Tribal Community Tenure","mutation_status":"NONE","active_mutation_id":"MUT-JK-00000119","tax_demand_status":"PAID","annual_tax_inr":"185.5","deed_number":"DEED-JK-2024-433-0119","deed_type":"Sale Deed / Conveyance","sro_office":"Sub-Registrar Office, Srinagar South","execution_date":"2024-05-10","registered_owner":"Registry Variance Owner 119","seller_name":"Previous Landholder","consideration_amount_inr":"3500000.0","stamp_duty_inr":"210000.0","survey_sketch_id":"FMB-JK-33-0119","cadastral_sheet_no":"SHT-JK-33","surveyed_area_sqm":"1011.71","survey_status":"PENDING","urban_authority":"Srinagar South Urban Development & Town Planning Authority","zone_name":"Residential Zone","permitted_land_use":"OTHER","building_permission_status":"PENDING","violations_reported":"False","is_encumbered":"False","encumbrance_certificate_number":"EC-JK-2024-133-0119","encumbrance_type":"NIL","financial_institution":"","mortgage_amount":"0.0","created_at":"2026-01-15T09:00:00Z","updated_at":"2026-09-24T11:30:00Z"}},{"type":"Feature","geometry":{"type":"Polygon","coordinates":[[[76.34556076713936,32.320854210853874],[76.49840768168362,32.36576274407381],[76.49882653651954,32.52467824848291],[76.34556076713936,32.51006974579911],[76.34556076713936,32.320854210853874]]]},"properties":{"ulpin":"01602192957683","parcel_id":"fd112dcb-757e-4f91-95f1-1dc4387fe321","state":"Jammu & Kashmir","state_code":"JK","state_type":"UT","state_lgd_code":"1","district_lgd_code":"10","district_name":"Srinagar","subdistrict_lgd_code":"101","subdistrict_name":"Srinagar South","subdistrict_type":"Tehsil / Taluk","village_lgd_code":"12104","village_name":"Rajbagh","khasra_plot_no":"Khasra 408/Min/D120","recorded_area":"2.0","recorded_area_unit":"Kanal-Marla","normalized_area_sqm":"1011.71","gis_area_sqm":"1011.71","land_use_category":"RESIDENTIAL","land_use_raw":"Residential Plotted","status":"ACTIVE","data_freshness_status":"CURRENT","scenario_index":"19890","use_case_description":"Tribal non-alienation protection review","mutation_workflow_status":"HEARING_SCHEDULED","revenue_record_id":"ROR-JK-2025-1033-0120","revenue_record_type":"Jamabandi (Aapki Zameen Aapki Nigrani)","khata_khewat_no":"KHT-83","khatauni_no":"KHN-183","owner_name":"Tariq Ahmad Mir","owner_name_local":"طارق احمد میر","co_owners":"","tenure_type":"Bhumiswami / Raiyati with Transferable Rights","mutation_status":"MUTATED","active_mutation_id":"","tax_demand_status":"PAID","annual_tax_inr":"185.5","deed_number":"DEED-JK-2024-433-0120","deed_type":"Sale Deed / Conveyance","sro_office":"Sub-Registrar Office, Srinagar South","execution_date":"2024-05-10","registered_owner":"Tariq Ahmad Mir","seller_name":"Previous Landholder","consideration_amount_inr":"3500000.0","stamp_duty_inr":"210000.0","survey_sketch_id":"FMB-JK-33-0120","cadastral_sheet_no":"SHT-JK-33","surveyed_area_sqm":"1011.71","survey_status":"DISPUTED","urban_authority":"Srinagar South Urban Development & Town Planning Authority","zone_name":"Residential Zone","permitted_land_use":"RESIDENTIAL","building_permission_status":"REJECTED","violations_reported":"False","is_encumbered":"True","encumbrance_certificate_number":"EC-JK-00000120-0120","encumbrance_type":"BANK_MORTGAGE","financial_institution":"","mortgage_amount":"0.0","created_at":"2026-01-15T09:00:00Z","updated_at":"2026-09-24T11:30:00Z"}},{"type":"Feature","geometry":{"type":"Polygon","coordinates":[[[74.69709506544292,34.812903490214914],[74.86173713155388,34.805041758869606],[74.82991864462029,34.93272869836133],[74.69836546494096,34.939566262263426],[74.69709506544292,34.812903490214914]]]},"properties":{"ulpin":"01208190604237","parcel_id":"2984a193-064d-43b4-95f5-a07270366693","state":"Jammu & Kashmir","state_code":"JK","state_type":"UT","state_lgd_code":"1","district_lgd_code":"10","district_name":"Srinagar","subdistrict_lgd_code":"101","subdistrict_name":"Srinagar South","subdistrict_type":"Tehsil / Taluk","village_lgd_code":"12104","village_name":"Rajbagh","khasra_plot_no":"Khasra 408/Min/D121","recorded_area":"2.0","recorded_area_unit":"Kanal-Marla","normalized_area_sqm":"1011.71","gis_area_sqm":"1011.71","land_use_category":"COMMERCIAL","land_use_raw":"Residential Plotted","status":"PENDING_MUTATION","data_freshness_status":"STALE","scenario_index":"19891","use_case_description":"Lease charge and institutional tenancy","mutation_workflow_status":"APPROVED","revenue_record_id":"ROR-JK-2025-1033-0121","revenue_record_type":"Jamabandi (Aapki Zameen Aapki Nigrani)","khata_khewat_no":"KHT-83","khatauni_no":"KHN-183","owner_name":"Tariq Ahmad Mir","owner_name_local":"طارق احمد میر","co_owners":"","tenure_type":"Bhumiswami / Freehold","mutation_status":"PENDING","active_mutation_id":"MUT-JK-00000121","tax_demand_status":"PAID","annual_tax_inr":"185.5","deed_number":"DEED-JK-2024-433-0121","deed_type":"Sale Deed / Conveyance","sro_office":"Sub-Registrar Office, Srinagar South","execution_date":"2024-05-10","registered_owner":"Tariq Ahmad Mir","seller_name":"Previous Landholder","consideration_amount_inr":"3500000.0","stamp_duty_inr":"210000.0","survey_sketch_id":"FMB-JK-33-0121","cadastral_sheet_no":"SHT-JK-33","surveyed_area_sqm":"1011.71","survey_status":"RESURVEY_REQUIRED","urban_authority":"Srinagar South Urban Development & Town Planning Authority","zone_name":"Residential Zone","permitted_land_use":"COMMERCIAL","building_permission_status":"NOT_APPLICABLE","violations_reported":"False","is_encumbered":"True","encumbrance_certificate_number":"EC-JK-00000121-0121","encumbrance_type":"GOVT_REVENUE_LIEN","financial_institution":"","mortgage_amount":"0.0","created_at":"2026-01-15T09:00:00Z","updated_at":"2026-09-24T11:30:00Z"}},{"type":"Feature","geometry":{"type":"Polygon","coordinates":[[[76.52411766433961,32.17637815732318],[76.66319608122555,32.20385098402459],[76.66064363196914,32.32002635461949],[76.49840768168362,32.36576274407381],[76.52411766433961,32.17637815732318]]]},"properties":{"ulpin":"01252093217985","parcel_id":"e0d22889-c1ba-4359-bdfd-4257994d6db7","state":"Jammu & Kashmir","state_code":"JK","state_type":"UT","state_lgd_code":"1","district_lgd_code":"10","district_name":"Srinagar","subdistrict_lgd_code":"101","subdistrict_name":"Srinagar South","subdistrict_type":"Tehsil / Taluk","village_lgd_code":"12104","village_name":"Rajbagh","khasra_plot_no":"Khasra 408/Min/D122","recorded_area":"2.0","recorded_area_unit":"Kanal-Marla","normalized_area_sqm":"1011.71","gis_area_sqm":"1011.71","land_use_category":"INDUSTRIAL","land_use_raw":"Residential Plotted","status":"SUBDIVIDED","data_freshness_status":"UNKNOWN","scenario_index":"19892","use_case_description":"Subdivision or amalgamation history review","mutation_workflow_status":"REJECTED","revenue_record_id":"ROR-JK-2025-1033-0122","revenue_record_type":"Jamabandi (Aapki Zameen Aapki Nigrani)","khata_khewat_no":"KHT-83","khatauni_no":"KHN-183","owner_name":"Tariq Ahmad Mir","owner_name_local":"طارق احمد میر","co_owners":"","tenure_type":"Leasehold","mutation_status":"UNMUTATED_TRANSACTION","active_mutation_id":"MUT-JK-00000122","tax_demand_status":"PAID","annual_tax_inr":"185.5","deed_number":"DEED-JK-2024-433-0122","deed_type":"Sale Deed / Conveyance","sro_office":"Sub-Registrar Office, Srinagar South","execution_date":"2024-05-10","registered_owner":"Tariq Ahmad Mir","seller_name":"Previous Landholder","consideration_amount_inr":"3500000.0","stamp_duty_inr":"210000.0","survey_sketch_id":"FMB-JK-33-0122","cadastral_sheet_no":"SHT-JK-33","surveyed_area_sqm":"1011.71","survey_status":"SURVEYED","urban_authority":"Srinagar South Urban Development & Town Planning Authority","zone_name":"Residential Zone","permitted_land_use":"INDUSTRIAL","building_permission_status":"SANCTIONED","violations_reported":"False","is_encumbered":"True","encumbrance_certificate_number":"EC-JK-00000122-0122","encumbrance_type":"COURT_ATTACHMENT","financial_institution":"","mortgage_amount":"0.0","created_at":"2026-01-15T09:00:00Z","updated_at":"2026-09-24T11:30:00Z"}},{"type":"Feature","geometry":{"type":"Polygon","coordinates":[[[75.16384250526589,33.48929706544577],[75.2871560589355,33.47777927047996],[75.29496377475513,33.63092916213798],[75.16384250526589,33.61302031896148],[75.16384250526589,33.48929706544577]]]},"properties":{"ulpin":"01005038026103","parcel_id":"8ea71e7c-aa80-4fd0-969b-3f17ff9ca0f2","state":"Jammu & Kashmir","state_code":"JK","state_type":"UT","state_lgd_code":"1","district_lgd_code":"10","district_name":"Srinagar","subdistrict_lgd_code":"101","subdistrict_name":"Srinagar South","subdistrict_type":"Tehsil / Taluk","village_lgd_code":"12104","village_name":"Rajbagh","khasra_plot_no":"Khasra 408/Min/D123","recorded_area":"2.0","recorded_area_unit":"Kanal-Marla","normalized_area_sqm":"1011.71","gis_area_sqm":"1011.71","land_use_category":"AGRICULTURAL","land_use_raw":"Residential Plotted","status":"AMALGAMATED","data_freshness_status":"CURRENT","scenario_index":"19893","use_case_description":"Archived historical record for audit retrieval","mutation_workflow_status":"SLA_BREACHED","revenue_record_id":"ROR-JK-2025-1033-0123","revenue_record_type":"Jamabandi (Aapki Zameen Aapki Nigrani)","khata_khewat_no":"KHT-83","khatauni_no":"KHN-183","owner_name":"Tariq Ahmad Mir","owner_name_local":"طارق احمد میر","co_owners":"","tenure_type":"Government Grant","mutation_status":"REJECTED","active_mutation_id":"MUT-JK-00000123","tax_demand_status":"PAID","annual_tax_inr":"185.5","deed_number":"DEED-JK-2024-433-0123","deed_type":"Sale Deed / Conveyance","sro_office":"Sub-Registrar Office, Srinagar South","execution_date":"2024-05-10","registered_owner":"Tariq Ahmad Mir","seller_name":"Previous Landholder","consideration_amount_inr":"3500000.0","stamp_duty_inr":"210000.0","survey_sketch_id":"FMB-JK-33-0123","cadastral_sheet_no":"SHT-JK-33","surveyed_area_sqm":"1011.71","survey_status":"PENDING","urban_authority":"Srinagar South Urban Development & Town Planning Authority","zone_name":"Residential Zone","permitted_land_use":"AGRICULTURAL","building_permission_status":"PENDING","violations_reported":"False","is_encumbered":"True","encumbrance_certificate_number":"EC-JK-00000123-0123","encumbrance_type":"TRIBAL_NON_ALIENATION","financial_institution":"","mortgage_amount":"0.0","created_at":"2026-01-15T09:00:00Z","updated_at":"2026-09-24T11:30:00Z"}},{"type":"Feature","geometry":{"type":"Polygon","coordinates":[[[75.59986522480534,33.62005369506917],[75.74931835690934,33.62465279703678],[75.74931835690934,33.74072747526951],[75.61463327760366,33.74512930462768],[75.59986522480534,33.62005369506917]]]},"properties":{"ulpin":"01875140273873","parcel_id":"9597dcc8-df56-47ce-8c82-e666e7fc6d76","state":"Jammu & Kashmir","state_code":"JK","state_type":"UT","state_lgd_code":"1","district_lgd_code":"10","district_name":"Srinagar","subdistrict_lgd_code":"101","subdistrict_name":"Srinagar South","subdistrict_type":"Tehsil / Taluk","village_lgd_code":"12104","village_name":"Rajbagh","khasra_plot_no":"Khasra 408/Min/D124","recorded_area":"2.0","recorded_area_unit":"Kanal-Marla","normalized_area_sqm":"1011.71","gis_area_sqm":"1011.71","land_use_category":"INSTITUTIONAL","land_use_raw":"Residential Plotted","status":"DISPUTED","data_freshness_status":"STALE","scenario_index":"19894","use_case_description":"Bank mortgage and active encumbrance","mutation_workflow_status":"SUBMITTED","revenue_record_id":"ROR-JK-2025-1033-0124","revenue_record_type":"Jamabandi (Aapki Zameen Aapki Nigrani)","khata_khewat_no":"KHT-83","khatauni_no":"KHN-183","owner_name":"Tariq Ahmad Mir","owner_name_local":"طارق احمد میر","co_owners":"","tenure_type":"Waqf / Religious Trust","mutation_status":"DISPUTED","active_mutation_id":"MUT-JK-00000124","tax_demand_status":"PAID","annual_tax_inr":"185.5","deed_number":"DEED-JK-2024-433-0124","deed_type":"Sale Deed / Conveyance","sro_office":"Sub-Registrar Office, Srinagar South","execution_date":"2024-05-10","registered_owner":"Registry Variance Owner 124","seller_name":"Previous Landholder","consideration_amount_inr":"3500000.0","stamp_duty_inr":"210000.0","survey_sketch_id":"FMB-JK-33-0124","cadastral_sheet_no":"SHT-JK-33","surveyed_area_sqm":"1011.71","survey_status":"DISPUTED","urban_authority":"Srinagar South Urban Development & Town Planning Authority","zone_name":"Residential Zone","permitted_land_use":"INSTITUTIONAL","building_permission_status":"REJECTED","violations_reported":"True","is_encumbered":"True","encumbrance_certificate_number":"EC-JK-00000124-0124","encumbrance_type":"LEASE_CHARGE","financial_institution":"","mortgage_amount":"0.0","created_at":"2026-01-15T09:00:00Z","updated_at":"2026-09-24T11:30:00Z"}},{"type":"Feature","geometry":{"type":"Polygon","coordinates":[[[74.87588550113206,35.21633996611924],[75.00046021741915,35.22655576235352],[75.00046021741915,35.351277654479446],[74.83562618170544,35.34712864664143],[74.87588550113206,35.21633996611924]]]},"properties":{"ulpin":"01193903313559","parcel_id":"4091764b-bd8d-4cb4-b8c3-3bf4fb2a16c4","state":"Jammu & Kashmir","state_code":"JK","state_type":"UT","state_lgd_code":"1","district_lgd_code":"10","district_name":"Srinagar","subdistrict_lgd_code":"101","subdistrict_name":"Srinagar South","subdistrict_type":"Tehsil / Taluk","village_lgd_code":"12104","village_name":"Rajbagh","khasra_plot_no":"Khasra 408/Min/D125","recorded_area":"2.0","recorded_area_unit":"Kanal-Marla","normalized_area_sqm":"1011.71","gis_area_sqm":"1011.71","land_use_category":"FOREST_GREEN_BELT","land_use_raw":"Residential Plotted","status":"ARCHIVED","data_freshness_status":"UNKNOWN","scenario_index":"19895","use_case_description":"Cadastral area discrepancy requiring resurvey","mutation_workflow_status":"UNDER_VERIFICATION","revenue_record_id":"ROR-JK-2025-1033-0125","revenue_record_type":"Jamabandi (Aapki Zameen Aapki Nigrani)","khata_khewat_no":"KHT-83","khatauni_no":"KHN-183","owner_name":"Tariq Ahmad Mir","owner_name_local":"طارق احمد میر","co_owners":"","tenure_type":"Tribal Community Tenure","mutation_status":"NONE","active_mutation_id":"MUT-JK-00000125","tax_demand_status":"PAID","annual_tax_inr":"185.5","deed_number":"DEED-JK-2024-433-0125","deed_type":"Sale Deed / Conveyance","sro_office":"Sub-Registrar Office, Srinagar South","execution_date":"2024-05-10","registered_owner":"Tariq Ahmad Mir","seller_name":"Previous Landholder","consideration_amount_inr":"3500000.0","stamp_duty_inr":"210000.0","survey_sketch_id":"FMB-JK-33-0125","cadastral_sheet_no":"SHT-JK-33","surveyed_area_sqm":"1011.71","survey_status":"RESURVEY_REQUIRED","urban_authority":"Srinagar South Urban Development & Town Planning Authority","zone_name":"Residential Zone","permitted_land_use":"FOREST_GREEN_BELT","building_permission_status":"NOT_APPLICABLE","violations_reported":"False","is_encumbered":"False","encumbrance_certificate_number":"EC-JK-2024-133-0125","encumbrance_type":"NIL","financial_institution":"","mortgage_amount":"0.0","created_at":"2026-01-15T09:00:00Z","updated_at":"2026-09-24T11:30:00Z"}},{"type":"Feature","geometry":{"type":"Polygon","coordinates":[[[75.43137341102872,35.12310231531859],[75.55668599934796,35.12612056831754],[75.54358166769359,35.27220053386236],[75.4078983843517,35.285419106057596],[75.43137341102872,35.12310231531859]]]},"properties":{"ulpin":"01051581055765","parcel_id":"155eb26a-5636-48f0-a2c5-cfca421eb526","state":"Jammu & Kashmir","state_code":"JK","state_type":"UT","state_lgd_code":"1","district_lgd_code":"10","district_name":"Srinagar","subdistrict_lgd_code":"101","subdistrict_name":"Srinagar South","subdistrict_type":"Tehsil / Taluk","village_lgd_code":"12104","village_name":"Rajbagh","khasra_plot_no":"Khasra 408/Min/D126","recorded_area":"2.0","recorded_area_unit":"Kanal-Marla","normalized_area_sqm":"1011.71","gis_area_sqm":"1011.71","land_use_category":"WATER_BODY","land_use_raw":"Residential Plotted","status":"ACTIVE","data_freshness_status":"CURRENT","scenario_index":"19896","use_case_description":"Court attachment and disputed possession","mutation_workflow_status":"NOTICE_PERIOD","revenue_record_id":"ROR-JK-2025-1033-0126","revenue_record_type":"Jamabandi (Aapki Zameen Aapki Nigrani)","khata_khewat_no":"KHT-83","khatauni_no":"KHN-183","owner_name":"Tariq Ahmad Mir","owner_name_local":"طارق احمد میر","co_owners":"","tenure_type":"Bhumiswami / Raiyati with Transferable Rights","mutation_status":"MUTATED","active_mutation_id":"","tax_demand_status":"PAID","annual_tax_inr":"185.5","deed_number":"DEED-JK-2024-433-0126","deed_type":"Sale Deed / Conveyance","sro_office":"Sub-Registrar Office, Srinagar South","execution_date":"2024-05-10","registered_owner":"Tariq Ahmad Mir","seller_name":"Previous Landholder","consideration_amount_inr":"3500000.0","stamp_duty_inr":"210000.0","survey_sketch_id":"FMB-JK-33-0126","cadastral_sheet_no":"SHT-JK-33","surveyed_area_sqm":"1011.71","survey_status":"SURVEYED","urban_authority":"Srinagar South Urban Development & Town Planning Authority","zone_name":"Residential Zone","permitted_land_use":"WATER_BODY","building_permission_status":"SANCTIONED","violations_reported":"False","is_encumbered":"True","encumbrance_certificate_number":"EC-JK-00000126-0126","encumbrance_type":"BANK_MORTGAGE","financial_institution":"","mortgage_amount":"0.0","created_at":"2026-01-15T09:00:00Z","updated_at":"2026-09-24T11:30:00Z"}},{"type":"Feature","geometry":{"type":"Polygon","coordinates":[[[76.49306618507393,33.12536572538064],[76.66344635752176,33.12045799521109],[76.65179849504514,33.27357007527419],[76.4856649466984,33.31277822270821],[76.49306618507393,33.12536572538064]]]},"properties":{"ulpin":"01281951197176","parcel_id":"e120ebf8-045f-4d9b-9032-c9c936006938","state":"Jammu & Kashmir","state_code":"JK","state_type":"UT","state_lgd_code":"1","district_lgd_code":"10","district_name":"Srinagar","subdistrict_lgd_code":"101","subdistrict_name":"Srinagar South","subdistrict_type":"Tehsil / Taluk","village_lgd_code":"12104","village_name":"Rajbagh","khasra_plot_no":"Khasra 408/Min/D127","recorded_area":"2.0","recorded_area_unit":"Kanal-Marla","normalized_area_sqm":"1011.71","gis_area_sqm":"1011.71","land_use_category":"MIXED_USE","land_use_raw":"Residential Plotted","status":"PENDING_MUTATION","data_freshness_status":"STALE","scenario_index":"19897","use_case_description":"Tribal non-alienation protection review","mutation_workflow_status":"HEARING_SCHEDULED","revenue_record_id":"ROR-JK-2025-1033-0127","revenue_record_type":"Jamabandi (Aapki Zameen Aapki Nigrani)","khata_khewat_no":"KHT-83","khatauni_no":"KHN-183","owner_name":"Tariq Ahmad Mir","owner_name_local":"طارق احمد میر","co_owners":"","tenure_type":"Bhumiswami / Freehold","mutation_status":"PENDING","active_mutation_id":"MUT-JK-00000127","tax_demand_status":"PAID","annual_tax_inr":"185.5","deed_number":"DEED-JK-2024-433-0127","deed_type":"Sale Deed / Conveyance","sro_office":"Sub-Registrar Office, Srinagar South","execution_date":"2024-05-10","registered_owner":"Tariq Ahmad Mir","seller_name":"Previous Landholder","consideration_amount_inr":"3500000.0","stamp_duty_inr":"210000.0","survey_sketch_id":"FMB-JK-33-0127","cadastral_sheet_no":"SHT-JK-33","surveyed_area_sqm":"1011.71","survey_status":"PENDING","urban_authority":"Srinagar South Urban Development & Town Planning Authority","zone_name":"Residential Zone","permitted_land_use":"MIXED_USE","building_permission_status":"PENDING","violations_reported":"False","is_encumbered":"True","encumbrance_certificate_number":"EC-JK-00000127-0127","encumbrance_type":"GOVT_REVENUE_LIEN","financial_institution":"","mortgage_amount":"0.0","created_at":"2026-01-15T09:00:00Z","updated_at":"2026-09-24T11:30:00Z"}},{"type":"Feature","geometry":{"type":"Polygon","coordinates":[[[74.40745360906743,35.342247729317414],[74.54698029859361,35.33774231967005],[74.57273101711628,35.47232165862366],[74.40745360906743,35.449975812223066],[74.40745360906743,35.342247729317414]]]},"properties":{"ulpin":"01090402765508","parcel_id":"5c3a27e0-5c80-46e2-aeb6-3aad1fcd6e9f","state":"Jammu & Kashmir","state_code":"JK","state_type":"UT","state_lgd_code":"1","district_lgd_code":"10","district_name":"Srinagar","subdistrict_lgd_code":"101","subdistrict_name":"Srinagar South","subdistrict_type":"Tehsil / Taluk","village_lgd_code":"12104","village_name":"Rajbagh","khasra_plot_no":"Khasra 408/Min/D128","recorded_area":"2.0","recorded_area_unit":"Kanal-Marla","normalized_area_sqm":"1011.71","gis_area_sqm":"1011.71","land_use_category":"OTHER","land_use_raw":"Residential Plotted","status":"SUBDIVIDED","data_freshness_status":"UNKNOWN","scenario_index":"19898","use_case_description":"Lease charge and institutional tenancy","mutation_workflow_status":"APPROVED","revenue_record_id":"ROR-JK-2025-1033-0128","revenue_record_type":"Jamabandi (Aapki Zameen Aapki Nigrani)","khata_khewat_no":"KHT-83","khatauni_no":"KHN-183","owner_name":"Tariq Ahmad Mir","owner_name_local":"طارق احمد میر","co_owners":"","tenure_type":"Leasehold","mutation_status":"UNMUTATED_TRANSACTION","active_mutation_id":"MUT-JK-00000128","tax_demand_status":"PAID","annual_tax_inr":"185.5","deed_number":"DEED-JK-2024-433-0128","deed_type":"Sale Deed / Conveyance","sro_office":"Sub-Registrar Office, Srinagar South","execution_date":"2024-05-10","registered_owner":"Tariq Ahmad Mir","seller_name":"Previous Landholder","consideration_amount_inr":"3500000.0","stamp_duty_inr":"210000.0","survey_sketch_id":"FMB-JK-33-0128","cadastral_sheet_no":"SHT-JK-33","surveyed_area_sqm":"1011.71","survey_status":"DISPUTED","urban_authority":"Srinagar South Urban Development & Town Planning Authority","zone_name":"Residential Zone","permitted_land_use":"OTHER","building_permission_status":"REJECTED","violations_reported":"False","is_encumbered":"True","encumbrance_certificate_number":"EC-JK-00000128-0128","encumbrance_type":"COURT_ATTACHMENT","financial_institution":"","mortgage_amount":"0.0","created_at":"2026-01-15T09:00:00Z","updated_at":"2026-09-24T11:30:00Z"}},{"type":"Feature","geometry":{"type":"Polygon","coordinates":[[[75.27673402432268,35.12224325389766],[75.43137341102872,35.12310231531859],[75.4078983843517,35.285419106057596],[75.27673402432268,35.2540930407035],[75.27673402432268,35.12224325389766]]]},"properties":{"ulpin":"01805929926205","parcel_id":"8cac23cf-07ed-4911-9330-6e64bd3aa43a","state":"Jammu & Kashmir","state_code":"JK","state_type":"UT","state_lgd_code":"1","district_lgd_code":"10","district_name":"Srinagar","subdistrict_lgd_code":"101","subdistrict_name":"Srinagar South","subdistrict_type":"Tehsil / Taluk","village_lgd_code":"12104","village_name":"Rajbagh","khasra_plot_no":"Khasra 408/Min/D129","recorded_area":"2.0","recorded_area_unit":"Kanal-Marla","normalized_area_sqm":"1011.71","gis_area_sqm":"1011.71","land_use_category":"RESIDENTIAL","land_use_raw":"Residential Plotted","status":"AMALGAMATED","data_freshness_status":"CURRENT","scenario_index":"19899","use_case_description":"Subdivision or amalgamation history review","mutation_workflow_status":"REJECTED","revenue_record_id":"ROR-JK-2025-1033-0129","revenue_record_type":"Jamabandi (Aapki Zameen Aapki Nigrani)","khata_khewat_no":"KHT-83","khatauni_no":"KHN-183","owner_name":"Tariq Ahmad Mir","owner_name_local":"طارق احمد میر","co_owners":"","tenure_type":"Government Grant","mutation_status":"REJECTED","active_mutation_id":"MUT-JK-00000129","tax_demand_status":"PAID","annual_tax_inr":"185.5","deed_number":"DEED-JK-2024-433-0129","deed_type":"Sale Deed / Conveyance","sro_office":"Sub-Registrar Office, Srinagar South","execution_date":"2024-05-10","registered_owner":"Registry Variance Owner 129","seller_name":"Previous Landholder","consideration_amount_inr":"3500000.0","stamp_duty_inr":"210000.0","survey_sketch_id":"FMB-JK-33-0129","cadastral_sheet_no":"SHT-JK-33","surveyed_area_sqm":"1011.71","survey_status":"RESURVEY_REQUIRED","urban_authority":"Srinagar South Urban Development & Town Planning Authority","zone_name":"Residential Zone","permitted_land_use":"RESIDENTIAL","building_permission_status":"NOT_APPLICABLE","violations_reported":"False","is_encumbered":"True","encumbrance_certificate_number":"EC-JK-00000129-0129","encumbrance_type":"TRIBAL_NON_ALIENATION","financial_institution":"","mortgage_amount":"0.0","created_at":"2026-01-15T09:00:00Z","updated_at":"2026-09-24T11:30:00Z"}},{"type":"Feature","geometry":{"type":"Polygon","coordinates":[[[76.58527695387566,35.16252811908526],[76.76959432686851,35.17065790698543],[76.76959432686851,35.3486680451173],[76.56390787978147,35.34406246165695],[76.58527695387566,35.16252811908526]]]},"properties":{"ulpin":"01577941607792","parcel_id":"95a10c6b-549b-407d-8f9c-db22fc95e695","state":"Jammu & Kashmir","state_code":"JK","state_type":"UT","state_lgd_code":"1","district_lgd_code":"10","district_name":"Srinagar","subdistrict_lgd_code":"101","subdistrict_name":"Srinagar South","subdistrict_type":"Tehsil / Taluk","village_lgd_code":"12104","village_name":"Rajbagh","khasra_plot_no":"Khasra 408/Min/D130","recorded_area":"2.0","recorded_area_unit":"Kanal-Marla","normalized_area_sqm":"1011.71","gis_area_sqm":"1011.71","land_use_category":"COMMERCIAL","land_use_raw":"Residential Plotted","status":"DISPUTED","data_freshness_status":"STALE","scenario_index":"19900","use_case_description":"Archived historical record for audit retrieval","mutation_workflow_status":"SLA_BREACHED","revenue_record_id":"ROR-JK-2025-1033-0130","revenue_record_type":"Jamabandi (Aapki Zameen Aapki Nigrani)","khata_khewat_no":"KHT-83","khatauni_no":"KHN-183","owner_name":"Tariq Ahmad Mir","owner_name_local":"طارق احمد میر","co_owners":"","tenure_type":"Waqf / Religious Trust","mutation_status":"DISPUTED","active_mutation_id":"MUT-JK-00000130","tax_demand_status":"PAID","annual_tax_inr":"185.5","deed_number":"DEED-JK-2024-433-0130","deed_type":"Sale Deed / Conveyance","sro_office":"Sub-Registrar Office, Srinagar South","execution_date":"2024-05-10","registered_owner":"Tariq Ahmad Mir","seller_name":"Previous Landholder","consideration_amount_inr":"3500000.0","stamp_duty_inr":"210000.0","survey_sketch_id":"FMB-JK-33-0130","cadastral_sheet_no":"SHT-JK-33","surveyed_area_sqm":"1011.71","survey_status":"SURVEYED","urban_authority":"Srinagar South Urban Development & Town Planning Authority","zone_name":"Residential Zone","permitted_land_use":"COMMERCIAL","building_permission_status":"SANCTIONED","violations_reported":"False","is_encumbered":"True","encumbrance_certificate_number":"EC-JK-00000130-0130","encumbrance_type":"LEASE_CHARGE","financial_institution":"","mortgage_amount":"0.0","created_at":"2026-01-15T09:00:00Z","updated_at":"2026-09-24T11:30:00Z"}},{"type":"Feature","geometry":{"type":"Polygon","coordinates":[[[75.289959728941,33.213949149311134],[75.4625077744909,33.224287830037845],[75.43801016925202,33.361116689333066],[75.32672965809378,33.35544577394578],[75.289959728941,33.213949149311134]]]},"properties":{"ulpin":"01675027586723","parcel_id":"916bb68b-4cb7-421c-a52e-1f2b970ef3d6","state":"Jammu & Kashmir","state_code":"JK","state_type":"UT","state_lgd_code":"1","district_lgd_code":"10","district_name":"Srinagar","subdistrict_lgd_code":"101","subdistrict_name":"Srinagar South","subdistrict_type":"Tehsil / Taluk","village_lgd_code":"12104","village_name":"Rajbagh","khasra_plot_no":"Khasra 408/Min/D131","recorded_area":"2.0","recorded_area_unit":"Kanal-Marla","normalized_area_sqm":"1011.71","gis_area_sqm":"1011.71","land_use_category":"INDUSTRIAL","land_use_raw":"Residential Plotted","status":"ARCHIVED","data_freshness_status":"UNKNOWN","scenario_index":"19901","use_case_description":"Tribal non-alienation protection review","mutation_workflow_status":"SUBMITTED","revenue_record_id":"ROR-JK-2025-1033-0131","revenue_record_type":"Jamabandi (Aapki Zameen Aapki Nigrani)","khata_khewat_no":"KHT-83","khatauni_no":"KHN-183","owner_name":"Tariq Ahmad Mir","owner_name_local":"طارق احمد میر","co_owners":"","tenure_type":"Tribal Community Tenure","mutation_status":"NONE","active_mutation_id":"MUT-JK-00000131","tax_demand_status":"PAID","annual_tax_inr":"185.5","deed_number":"DEED-JK-2024-433-0131","deed_type":"Sale Deed / Conveyance","sro_office":"Sub-Registrar Office, Srinagar South","execution_date":"2024-05-10","registered_owner":"Tariq Ahmad Mir","seller_name":"Previous Landholder","consideration_amount_inr":"3500000.0","stamp_duty_inr":"210000.0","survey_sketch_id":"FMB-JK-33-0131","cadastral_sheet_no":"SHT-JK-33","surveyed_area_sqm":"1011.71","survey_status":"PENDING","urban_authority":"Srinagar South Urban Development & Town Planning Authority","zone_name":"Residential Zone","permitted_land_use":"INDUSTRIAL","building_permission_status":"PENDING","violations_reported":"True","is_encumbered":"False","encumbrance_certificate_number":"EC-JK-2024-133-0131","encumbrance_type":"NIL","financial_institution":"","mortgage_amount":"0.0","created_at":"2026-01-15T09:00:00Z","updated_at":"2026-09-24T11:30:00Z"}},{"type":"Feature","geometry":{"type":"Polygon","coordinates":[[[74.40745360906743,34.80213310796065],[74.53323282011011,34.83023098001989],[74.57843557611879,34.941783138207605],[74.40745360906743,34.94186645913248],[74.40745360906743,34.80213310796065]]]},"properties":{"ulpin":"01912098047041","parcel_id":"a15cdc00-a9b9-4591-8bd2-ff484cba4656","state":"Jammu & Kashmir","state_code":"JK","state_type":"UT","state_lgd_code":"1","district_lgd_code":"10","district_name":"Srinagar","subdistrict_lgd_code":"101","subdistrict_name":"Srinagar South","subdistrict_type":"Tehsil / Taluk","village_lgd_code":"12104","village_name":"Rajbagh","khasra_plot_no":"Khasra 408/Min/D132","recorded_area":"2.0","recorded_area_unit":"Kanal-Marla","normalized_area_sqm":"1011.71","gis_area_sqm":"1011.71","land_use_category":"AGRICULTURAL","land_use_raw":"Residential Plotted","status":"ACTIVE","data_freshness_status":"CURRENT","scenario_index":"19902","use_case_description":"Government revenue lien and tax demand","mutation_workflow_status":"UNDER_VERIFICATION","revenue_record_id":"ROR-JK-2025-1033-0132","revenue_record_type":"Jamabandi (Aapki Zameen Aapki Nigrani)","khata_khewat_no":"KHT-83","khatauni_no":"KHN-183","owner_name":"Tariq Ahmad Mir","owner_name_local":"طارق احمد میر","co_owners":"","tenure_type":"Bhumiswami / Raiyati with Transferable Rights","mutation_status":"MUTATED","active_mutation_id":"","tax_demand_status":"PAID","annual_tax_inr":"185.5","deed_number":"DEED-JK-2024-433-0132","deed_type":"Sale Deed / Conveyance","sro_office":"Sub-Registrar Office, Srinagar South","execution_date":"2024-05-10","registered_owner":"Tariq Ahmad Mir","seller_name":"Previous Landholder","consideration_amount_inr":"3500000.0","stamp_duty_inr":"210000.0","survey_sketch_id":"FMB-JK-33-0132","cadastral_sheet_no":"SHT-JK-33","surveyed_area_sqm":"1011.71","survey_status":"DISPUTED","urban_authority":"Srinagar South Urban Development & Town Planning Authority","zone_name":"Residential Zone","permitted_land_use":"AGRICULTURAL","building_permission_status":"REJECTED","violations_reported":"False","is_encumbered":"True","encumbrance_certificate_number":"EC-JK-00000132-0132","encumbrance_type":"BANK_MORTGAGE","financial_institution":"","mortgage_amount":"0.0","created_at":"2026-01-15T09:00:00Z","updated_at":"2026-09-24T11:30:00Z"}},{"type":"Feature","geometry":{"type":"Polygon","coordinates":[[[75.53372272893692,34.93504619425192],[75.69284105797499,34.937278068348355],[75.70949192737157,35.08047350244218],[75.55668599934796,35.12612056831754],[75.53372272893692,34.93504619425192]]]},"properties":{"ulpin":"01407956496044","parcel_id":"669c5558-dda2-4085-8927-8b8a04abd276","state":"Jammu & Kashmir","state_code":"JK","state_type":"UT","state_lgd_code":"1","district_lgd_code":"10","district_name":"Srinagar","subdistrict_lgd_code":"101","subdistrict_name":"Srinagar South","subdistrict_type":"Tehsil / Taluk","village_lgd_code":"12104","village_name":"Rajbagh","khasra_plot_no":"Khasra 408/Min/D133","recorded_area":"2.0","recorded_area_unit":"Kanal-Marla","normalized_area_sqm":"1011.71","gis_area_sqm":"1011.71","land_use_category":"INSTITUTIONAL","land_use_raw":"Residential Plotted","status":"PENDING_MUTATION","data_freshness_status":"STALE","scenario_index":"19903","use_case_description":"Court attachment and disputed possession","mutation_workflow_status":"NOTICE_PERIOD","revenue_record_id":"ROR-JK-2025-1033-0133","revenue_record_type":"Jamabandi (Aapki Zameen Aapki Nigrani)","khata_khewat_no":"KHT-83","khatauni_no":"KHN-183","owner_name":"Tariq Ahmad Mir","owner_name_local":"طارق احمد میر","co_owners":"","tenure_type":"Bhumiswami / Freehold","mutation_status":"PENDING","active_mutation_id":"MUT-JK-00000133","tax_demand_status":"PAID","annual_tax_inr":"185.5","deed_number":"DEED-JK-2024-433-0133","deed_type":"Sale Deed / Conveyance","sro_office":"Sub-Registrar Office, Srinagar South","execution_date":"2024-05-10","registered_owner":"Tariq Ahmad Mir","seller_name":"Previous Landholder","consideration_amount_inr":"3500000.0","stamp_duty_inr":"210000.0","survey_sketch_id":"FMB-JK-33-0133","cadastral_sheet_no":"SHT-JK-33","surveyed_area_sqm":"1011.71","survey_status":"RESURVEY_REQUIRED","urban_authority":"Srinagar South Urban Development & Town Planning Authority","zone_name":"Residential Zone","permitted_land_use":"INSTITUTIONAL","building_permission_status":"NOT_APPLICABLE","violations_reported":"False","is_encumbered":"True","encumbrance_certificate_number":"EC-JK-00000133-0133","encumbrance_type":"GOVT_REVENUE_LIEN","financial_institution":"","mortgage_amount":"0.0","created_at":"2026-01-15T09:00:00Z","updated_at":"2026-09-24T11:30:00Z"}},{"type":"Feature","geometry":{"type":"Polygon","coordinates":[[[76.82479226956745,32.17392470864459],[76.97751787727931,32.17209139350921],[76.97751787727931,32.323369358896265],[76.83533114526482,32.32353278075193],[76.82479226956745,32.17392470864459]]]},"properties":{"ulpin":"01553077595047","parcel_id":"83ef852e-88f1-42e3-a054-3fc587b9774c","state":"Jammu & Kashmir","state_code":"JK","state_type":"UT","state_lgd_code":"1","district_lgd_code":"10","district_name":"Srinagar","subdistrict_lgd_code":"101","subdistrict_name":"Srinagar South","subdistrict_type":"Tehsil / Taluk","village_lgd_code":"12104","village_name":"Rajbagh","khasra_plot_no":"Khasra 408/Min/D134","recorded_area":"2.0","recorded_area_unit":"Kanal-Marla","normalized_area_sqm":"1011.71","gis_area_sqm":"1011.71","land_use_category":"FOREST_GREEN_BELT","land_use_raw":"Residential Plotted","status":"SUBDIVIDED","data_freshness_status":"UNKNOWN","scenario_index":"19904","use_case_description":"Tribal non-alienation protection review","mutation_workflow_status":"HEARING_SCHEDULED","revenue_record_id":"ROR-JK-2025-1033-0134","revenue_record_type":"Jamabandi (Aapki Zameen Aapki Nigrani)","khata_khewat_no":"KHT-83","khatauni_no":"KHN-183","owner_name":"Tariq Ahmad Mir","owner_name_local":"طارق احمد میر","co_owners":"","tenure_type":"Leasehold","mutation_status":"UNMUTATED_TRANSACTION","active_mutation_id":"MUT-JK-00000134","tax_demand_status":"PAID","annual_tax_inr":"185.5","deed_number":"DEED-JK-2024-433-0134","deed_type":"Sale Deed / Conveyance","sro_office":"Sub-Registrar Office, Srinagar South","execution_date":"2024-05-10","registered_owner":"Registry Variance Owner 134","seller_name":"Previous Landholder","consideration_amount_inr":"3500000.0","stamp_duty_inr":"210000.0","survey_sketch_id":"FMB-JK-33-0134","cadastral_sheet_no":"SHT-JK-33","surveyed_area_sqm":"1011.71","survey_status":"SURVEYED","urban_authority":"Srinagar South Urban Development & Town Planning Authority","zone_name":"Residential Zone","permitted_land_use":"FOREST_GREEN_BELT","building_permission_status":"SANCTIONED","violations_reported":"False","is_encumbered":"True","encumbrance_certificate_number":"EC-JK-00000134-0134","encumbrance_type":"COURT_ATTACHMENT","financial_institution":"","mortgage_amount":"0.0","created_at":"2026-01-15T09:00:00Z","updated_at":"2026-09-24T11:30:00Z"}},{"type":"Feature","geometry":{"type":"Polygon","coordinates":[[[74.85319332609949,35.45833015162914],[75.00046021741915,35.452903419198925],[75.00046021741915,35.6161795904122],[74.85840076406133,35.61387704270418],[74.85319332609949,35.45833015162914]]]},"properties":{"ulpin":"01634809292176","parcel_id":"b243c721-d433-4981-a2ec-786b521c103c","state":"Jammu & Kashmir","state_code":"JK","state_type":"UT","state_lgd_code":"1","district_lgd_code":"10","district_name":"Srinagar","subdistrict_lgd_code":"101","subdistrict_name":"Srinagar South","subdistrict_type":"Tehsil / Taluk","village_lgd_code":"12104","village_name":"Rajbagh","khasra_plot_no":"Khasra 408/Min/D135","recorded_area":"2.0","recorded_area_unit":"Kanal-Marla","normalized_area_sqm":"1011.71","gis_area_sqm":"1011.71","land_use_category":"WATER_BODY","land_use_raw":"Residential Plotted","status":"AMALGAMATED","data_freshness_status":"CURRENT","scenario_index":"19905","use_case_description":"Lease charge and institutional tenancy","mutation_workflow_status":"APPROVED","revenue_record_id":"ROR-JK-2025-1033-0135","revenue_record_type":"Jamabandi (Aapki Zameen Aapki Nigrani)","khata_khewat_no":"KHT-83","khatauni_no":"KHN-183","owner_name":"Tariq Ahmad Mir","owner_name_local":"طارق احمد میر","co_owners":"","tenure_type":"Government Grant","mutation_status":"REJECTED","active_mutation_id":"MUT-JK-00000135","tax_demand_status":"PAID","annual_tax_inr":"185.5","deed_number":"DEED-JK-2024-433-0135","deed_type":"Sale Deed / Conveyance","sro_office":"Sub-Registrar Office, Srinagar South","execution_date":"2024-05-10","registered_owner":"Tariq Ahmad Mir","seller_name":"Previous Landholder","consideration_amount_inr":"3500000.0","stamp_duty_inr":"210000.0","survey_sketch_id":"FMB-JK-33-0135","cadastral_sheet_no":"SHT-JK-33","surveyed_area_sqm":"1011.71","survey_status":"PENDING","urban_authority":"Srinagar South Urban Development & Town Planning Authority","zone_name":"Residential Zone","permitted_land_use":"WATER_BODY","building_permission_status":"PENDING","violations_reported":"False","is_encumbered":"True","encumbrance_certificate_number":"EC-JK-00000135-0135","encumbrance_type":"TRIBAL_NON_ALIENATION","financial_institution":"","mortgage_amount":"0.0","created_at":"2026-01-15T09:00:00Z","updated_at":"2026-09-24T11:30:00Z"}},{"type":"Feature","geometry":{"type":"Polygon","coordinates":[[[74.56395034142503,33.0545889579005],[74.67558368966391,33.046122362185244],[74.68181683861232,33.20289497954883],[74.55221845872234,33.243582690806825],[74.56395034142503,33.0545889579005]]]},"properties":{"ulpin":"01368541751170","parcel_id":"b49e6c5c-7973-4fc7-8dc1-8978f5a4eff0","state":"Jammu & Kashmir","state_code":"JK","state_type":"UT","state_lgd_code":"1","district_lgd_code":"10","district_name":"Srinagar","subdistrict_lgd_code":"101","subdistrict_name":"Srinagar South","subdistrict_type":"Tehsil / Taluk","village_lgd_code":"12104","village_name":"Rajbagh","khasra_plot_no":"Khasra 408/Min/D136","recorded_area":"2.0","recorded_area_unit":"Kanal-Marla","normalized_area_sqm":"1011.71","gis_area_sqm":"1011.71","land_use_category":"MIXED_USE","land_use_raw":"Residential Plotted","status":"DISPUTED","data_freshness_status":"STALE","scenario_index":"19906","use_case_description":"Subdivision or amalgamation history review","mutation_workflow_status":"REJECTED","revenue_record_id":"ROR-JK-2025-1033-0136","revenue_record_type":"Jamabandi (Aapki Zameen Aapki Nigrani)","khata_khewat_no":"KHT-83","khatauni_no":"KHN-183","owner_name":"Tariq Ahmad Mir","owner_name_local":"طارق احمد میر","co_owners":"","tenure_type":"Waqf / Religious Trust","mutation_status":"DISPUTED","active_mutation_id":"MUT-JK-00000136","tax_demand_status":"PAID","annual_tax_inr":"185.5","deed_number":"DEED-JK-2024-433-0136","deed_type":"Sale Deed / Conveyance","sro_office":"Sub-Registrar Office, Srinagar South","execution_date":"2024-05-10","registered_owner":"Tariq Ahmad Mir","seller_name":"Previous Landholder","consideration_amount_inr":"3500000.0","stamp_duty_inr":"210000.0","survey_sketch_id":"FMB-JK-33-0136","cadastral_sheet_no":"SHT-JK-33","surveyed_area_sqm":"1011.71","survey_status":"DISPUTED","urban_authority":"Srinagar South Urban Development & Town Planning Authority","zone_name":"Residential Zone","permitted_land_use":"MIXED_USE","building_permission_status":"REJECTED","violations_reported":"False","is_encumbered":"True","encumbrance_certificate_number":"EC-JK-00000136-0136","encumbrance_type":"LEASE_CHARGE","financial_institution":"","mortgage_amount":"0.0","created_at":"2026-01-15T09:00:00Z","updated_at":"2026-09-24T11:30:00Z"}},{"type":"Feature","geometry":{"type":"Polygon","coordinates":[[[75.58539657849427,32.96280142597654],[75.74931835690934,32.95496625863291],[75.74931835690934,33.09860702272565],[75.61374681546926,33.072618930506835],[75.58539657849427,32.96280142597654]]]},"properties":{"ulpin":"01251680864256","parcel_id":"985de34d-1332-4b04-966a-983e47f463f1","state":"Jammu & Kashmir","state_code":"JK","state_type":"UT","state_lgd_code":"1","district_lgd_code":"10","district_name":"Srinagar","subdistrict_lgd_code":"101","subdistrict_name":"Srinagar South","subdistrict_type":"Tehsil / Taluk","village_lgd_code":"12104","village_name":"Rajbagh","khasra_plot_no":"Khasra 408/Min/D137","recorded_area":"2.0","recorded_area_unit":"Kanal-Marla","normalized_area_sqm":"1011.71","gis_area_sqm":"1011.71","land_use_category":"OTHER","land_use_raw":"Residential Plotted","status":"ARCHIVED","data_freshness_status":"UNKNOWN","scenario_index":"19907","use_case_description":"Pending sale mutation within statutory SLA","mutation_workflow_status":"SLA_BREACHED","revenue_record_id":"ROR-JK-2025-1033-0137","revenue_record_type":"Jamabandi (Aapki Zameen Aapki Nigrani)","khata_khewat_no":"KHT-83","khatauni_no":"KHN-183","owner_name":"Tariq Ahmad Mir","owner_name_local":"طارق احمد میر","co_owners":"","tenure_type":"Tribal Community Tenure","mutation_status":"NONE","active_mutation_id":"MUT-JK-00000137","tax_demand_status":"PAID","annual_tax_inr":"185.5","deed_number":"DEED-JK-2024-433-0137","deed_type":"Sale Deed / Conveyance","sro_office":"Sub-Registrar Office, Srinagar South","execution_date":"2024-05-10","registered_owner":"Tariq Ahmad Mir","seller_name":"Previous Landholder","consideration_amount_inr":"3500000.0","stamp_duty_inr":"210000.0","survey_sketch_id":"FMB-JK-33-0137","cadastral_sheet_no":"SHT-JK-33","surveyed_area_sqm":"1011.71","survey_status":"RESURVEY_REQUIRED","urban_authority":"Srinagar South Urban Development & Town Planning Authority","zone_name":"Residential Zone","permitted_land_use":"OTHER","building_permission_status":"NOT_APPLICABLE","violations_reported":"False","is_encumbered":"False","encumbrance_certificate_number":"EC-JK-2024-133-0137","encumbrance_type":"NIL","financial_institution":"","mortgage_amount":"0.0","created_at":"2026-01-15T09:00:00Z","updated_at":"2026-09-24T11:30:00Z"}},{"type":"Feature","geometry":{"type":"Polygon","coordinates":[[[76.34556076713936,32.02497120190489],[76.48049601326402,32.02497120190489],[76.52411766433961,32.17637815732318],[76.34556076713936,32.178248435914945],[76.34556076713936,32.02497120190489]]]},"properties":{"ulpin":"01263095207840","parcel_id":"baa05f6d-2403-4b94-aee3-231e4e4d1898","state":"Jammu & Kashmir","state_code":"JK","state_type":"UT","state_lgd_code":"1","district_lgd_code":"10","district_name":"Srinagar","subdistrict_lgd_code":"101","subdistrict_name":"Srinagar South","subdistrict_type":"Tehsil / Taluk","village_lgd_code":"12104","village_name":"Rajbagh","khasra_plot_no":"Khasra 408/Min/D138","recorded_area":"2.0","recorded_area_unit":"Kanal-Marla","normalized_area_sqm":"1011.71","gis_area_sqm":"1011.71","land_use_category":"RESIDENTIAL","land_use_raw":"Residential Plotted","status":"ACTIVE","data_freshness_status":"CURRENT","scenario_index":"19908","use_case_description":"Bank mortgage and active encumbrance","mutation_workflow_status":"SUBMITTED","revenue_record_id":"ROR-JK-2025-1033-0138","revenue_record_type":"Jamabandi (Aapki Zameen Aapki Nigrani)","khata_khewat_no":"KHT-83","khatauni_no":"KHN-183","owner_name":"Tariq Ahmad Mir","owner_name_local":"طارق احمد میر","co_owners":"","tenure_type":"Bhumiswami / Raiyati with Transferable Rights","mutation_status":"MUTATED","active_mutation_id":"","tax_demand_status":"PAID","annual_tax_inr":"185.5","deed_number":"DEED-JK-2024-433-0138","deed_type":"Sale Deed / Conveyance","sro_office":"Sub-Registrar Office, Srinagar South","execution_date":"2024-05-10","registered_owner":"Tariq Ahmad Mir","seller_name":"Previous Landholder","consideration_amount_inr":"3500000.0","stamp_duty_inr":"210000.0","survey_sketch_id":"FMB-JK-33-0138","cadastral_sheet_no":"SHT-JK-33","surveyed_area_sqm":"1011.71","survey_status":"SURVEYED","urban_authority":"Srinagar South Urban Development & Town Planning Authority","zone_name":"Residential Zone","permitted_land_use":"RESIDENTIAL","building_permission_status":"SANCTIONED","violations_reported":"True","is_encumbered":"True","encumbrance_certificate_number":"EC-JK-00000138-0138","encumbrance_type":"BANK_MORTGAGE","financial_institution":"","mortgage_amount":"0.0","created_at":"2026-01-15T09:00:00Z","updated_at":"2026-09-24T11:30:00Z"}},{"type":"Feature","geometry":{"type":"Polygon","coordinates":[[[74.54493124095059,35.71204421308383],[74.6897954420127,35.735811077151375],[74.68043989077636,35.85892215613964],[74.53441030959902,35.85892215613964],[74.54493124095059,35.71204421308383]]]},"properties":{"ulpin":"01814196816524","parcel_id":"21fa40f1-2d32-439a-b3b6-29607b82b3cb","state":"Jammu & Kashmir","state_code":"JK","state_type":"UT","state_lgd_code":"1","district_lgd_code":"10","district_name":"Srinagar","subdistrict_lgd_code":"101","subdistrict_name":"Srinagar South","subdistrict_type":"Tehsil / Taluk","village_lgd_code":"12104","village_name":"Rajbagh","khasra_plot_no":"Khasra 408/Min/D139","recorded_area":"2.0","recorded_area_unit":"Kanal-Marla","normalized_area_sqm":"1011.71","gis_area_sqm":"1011.71","land_use_category":"COMMERCIAL","land_use_raw":"Residential Plotted","status":"PENDING_MUTATION","data_freshness_status":"STALE","scenario_index":"19909","use_case_description":"Government revenue lien and tax demand","mutation_workflow_status":"UNDER_VERIFICATION","revenue_record_id":"ROR-JK-2025-1033-0139","revenue_record_type":"Jamabandi (Aapki Zameen Aapki Nigrani)","khata_khewat_no":"KHT-83","khatauni_no":"KHN-183","owner_name":"Tariq Ahmad Mir","owner_name_local":"طارق احمد میر","co_owners":"","tenure_type":"Bhumiswami / Freehold","mutation_status":"PENDING","active_mutation_id":"MUT-JK-00000139","tax_demand_status":"PAID","annual_tax_inr":"185.5","deed_number":"DEED-JK-2024-433-0139","deed_type":"Sale Deed / Conveyance","sro_office":"Sub-Registrar Office, Srinagar South","execution_date":"2024-05-10","registered_owner":"Registry Variance Owner 139","seller_name":"Previous Landholder","consideration_amount_inr":"3500000.0","stamp_duty_inr":"210000.0","survey_sketch_id":"FMB-JK-33-0139","cadastral_sheet_no":"SHT-JK-33","surveyed_area_sqm":"1011.71","survey_status":"PENDING","urban_authority":"Srinagar South Urban Development & Town Planning Authority","zone_name":"Residential Zone","permitted_land_use":"COMMERCIAL","building_permission_status":"PENDING","violations_reported":"False","is_encumbered":"True","encumbrance_certificate_number":"EC-JK-00000139-0139","encumbrance_type":"GOVT_REVENUE_LIEN","financial_institution":"","mortgage_amount":"0.0","created_at":"2026-01-15T09:00:00Z","updated_at":"2026-09-24T11:30:00Z"}},{"type":"Feature","geometry":{"type":"Polygon","coordinates":[[[74.54698029859361,35.33774231967005],[74.71478799759304,35.35633106731014],[74.71908361899884,35.48587025036096],[74.57273101711628,35.47232165862366],[74.54698029859361,35.33774231967005]]]},"properties":{"ulpin":"01773032525404","parcel_id":"20934a30-e9e3-430b-8d2c-50a59d25c6cf","state":"Jammu & Kashmir","state_code":"JK","state_type":"UT","state_lgd_code":"1","district_lgd_code":"10","district_name":"Srinagar","subdistrict_lgd_code":"101","subdistrict_name":"Srinagar South","subdistrict_type":"Tehsil / Taluk","village_lgd_code":"12104","village_name":"Rajbagh","khasra_plot_no":"Khasra 408/Min/D140","recorded_area":"2.0","recorded_area_unit":"Kanal-Marla","normalized_area_sqm":"1011.71","gis_area_sqm":"1011.71","land_use_category":"INDUSTRIAL","land_use_raw":"Residential Plotted","status":"SUBDIVIDED","data_freshness_status":"UNKNOWN","scenario_index":"19910","use_case_description":"Court attachment and disputed possession","mutation_workflow_status":"NOTICE_PERIOD","revenue_record_id":"ROR-JK-2025-1033-0140","revenue_record_type":"Jamabandi (Aapki Zameen Aapki Nigrani)","khata_khewat_no":"KHT-83","khatauni_no":"KHN-183","owner_name":"Tariq Ahmad Mir","owner_name_local":"طارق احمد میر","co_owners":"","tenure_type":"Leasehold","mutation_status":"UNMUTATED_TRANSACTION","active_mutation_id":"MUT-JK-00000140","tax_demand_status":"PAID","annual_tax_inr":"185.5","deed_number":"DEED-JK-2024-433-0140","deed_type":"Sale Deed / Conveyance","sro_office":"Sub-Registrar Office, Srinagar South","execution_date":"2024-05-10","registered_owner":"Tariq Ahmad Mir","seller_name":"Previous Landholder","consideration_amount_inr":"3500000.0","stamp_duty_inr":"210000.0","survey_sketch_id":"FMB-JK-33-0140","cadastral_sheet_no":"SHT-JK-33","surveyed_area_sqm":"1011.71","survey_status":"DISPUTED","urban_authority":"Srinagar South Urban Development & Town Planning Authority","zone_name":"Residential Zone","permitted_land_use":"INDUSTRIAL","building_permission_status":"REJECTED","violations_reported":"False","is_encumbered":"True","encumbrance_certificate_number":"EC-JK-00000140-0140","encumbrance_type":"COURT_ATTACHMENT","financial_institution":"","mortgage_amount":"0.0","created_at":"2026-01-15T09:00:00Z","updated_at":"2026-09-24T11:30:00Z"}},{"type":"Feature","geometry":{"type":"Polygon","coordinates":[[[76.55763654288434,34.82085582799244],[76.76959432686851,34.851989613696134],[76.76959432686851,34.98910962931378],[76.56863103315021,35.0058958876242],[76.55763654288434,34.82085582799244]]]},"properties":{"ulpin":"01600372285154","parcel_id":"07d47c1d-c0c9-4d78-9310-dbb0220af4ff","state":"Jammu & Kashmir","state_code":"JK","state_type":"UT","state_lgd_code":"1","district_lgd_code":"10","district_name":"Srinagar","subdistrict_lgd_code":"101","subdistrict_name":"Srinagar South","subdistrict_type":"Tehsil / Taluk","village_lgd_code":"12104","village_name":"Rajbagh","khasra_plot_no":"Khasra 408/Min/D141","recorded_area":"2.0","recorded_area_unit":"Kanal-Marla","normalized_area_sqm":"1011.71","gis_area_sqm":"1011.71","land_use_category":"AGRICULTURAL","land_use_raw":"Residential Plotted","status":"AMALGAMATED","data_freshness_status":"CURRENT","scenario_index":"19911","use_case_description":"Tribal non-alienation protection review","mutation_workflow_status":"HEARING_SCHEDULED","revenue_record_id":"ROR-JK-2025-1033-0141","revenue_record_type":"Jamabandi (Aapki Zameen Aapki Nigrani)","khata_khewat_no":"KHT-83","khatauni_no":"KHN-183","owner_name":"Tariq Ahmad Mir","owner_name_local":"طارق احمد میر","co_owners":"","tenure_type":"Government Grant","mutation_status":"REJECTED","active_mutation_id":"MUT-JK-00000141","tax_demand_status":"PAID","annual_tax_inr":"185.5","deed_number":"DEED-JK-2024-433-0141","deed_type":"Sale Deed / Conveyance","sro_office":"Sub-Registrar Office, Srinagar South","execution_date":"2024-05-10","registered_owner":"Tariq Ahmad Mir","seller_name":"Previous Landholder","consideration_amount_inr":"3500000.0","stamp_duty_inr":"210000.0","survey_sketch_id":"FMB-JK-33-0141","cadastral_sheet_no":"SHT-JK-33","surveyed_area_sqm":"1011.71","survey_status":"RESURVEY_REQUIRED","urban_authority":"Srinagar South Urban Development & Town Planning Authority","zone_name":"Residential Zone","permitted_land_use":"AGRICULTURAL","building_permission_status":"NOT_APPLICABLE","violations_reported":"False","is_encumbered":"True","encumbrance_certificate_number":"EC-JK-00000141-0141","encumbrance_type":"TRIBAL_NON_ALIENATION","financial_institution":"","mortgage_amount":"0.0","created_at":"2026-01-15T09:00:00Z","updated_at":"2026-09-24T11:30:00Z"}},{"type":"Feature","geometry":{"type":"Polygon","coordinates":[[[74.40817945576052,33.66578946586601],[74.5517566262632,33.706985273851366],[74.5691050913909,33.839663595303904],[74.40670740482021,33.839663595303904],[74.40817945576052,33.66578946586601]]]},"properties":{"ulpin":"01719033018362","parcel_id":"420d5828-d4db-494a-92dc-8cb7fd98d685","state":"Jammu & Kashmir","state_code":"JK","state_type":"UT","state_lgd_code":"1","district_lgd_code":"10","district_name":"Srinagar","subdistrict_lgd_code":"101","subdistrict_name":"Srinagar South","subdistrict_type":"Tehsil / Taluk","village_lgd_code":"12104","village_name":"Rajbagh","khasra_plot_no":"Khasra 408/Min/D142","recorded_area":"2.0","recorded_area_unit":"Kanal-Marla","normalized_area_sqm":"1011.71","gis_area_sqm":"1011.71","land_use_category":"INSTITUTIONAL","land_use_raw":"Residential Plotted","status":"DISPUTED","data_freshness_status":"STALE","scenario_index":"19912","use_case_description":"Lease charge and institutional tenancy","mutation_workflow_status":"APPROVED","revenue_record_id":"ROR-JK-2025-1033-0142","revenue_record_type":"Jamabandi (Aapki Zameen Aapki Nigrani)","khata_khewat_no":"KHT-83","khatauni_no":"KHN-183","owner_name":"Tariq Ahmad Mir","owner_name_local":"طارق احمد میر","co_owners":"","tenure_type":"Waqf / Religious Trust","mutation_status":"DISPUTED","active_mutation_id":"MUT-JK-00000142","tax_demand_status":"PAID","annual_tax_inr":"185.5","deed_number":"DEED-JK-2024-433-0142","deed_type":"Sale Deed / Conveyance","sro_office":"Sub-Registrar Office, Srinagar South","execution_date":"2024-05-10","registered_owner":"Tariq Ahmad Mir","seller_name":"Previous Landholder","consideration_amount_inr":"3500000.0","stamp_duty_inr":"210000.0","survey_sketch_id":"FMB-JK-33-0142","cadastral_sheet_no":"SHT-JK-33","surveyed_area_sqm":"1011.71","survey_status":"SURVEYED","urban_authority":"Srinagar South Urban Development & Town Planning Authority","zone_name":"Residential Zone","permitted_land_use":"INSTITUTIONAL","building_permission_status":"SANCTIONED","violations_reported":"False","is_encumbered":"True","encumbrance_certificate_number":"EC-JK-00000142-0142","encumbrance_type":"LEASE_CHARGE","financial_institution":"","mortgage_amount":"0.0","created_at":"2026-01-15T09:00:00Z","updated_at":"2026-09-24T11:30:00Z"}},{"type":"Feature","geometry":{"type":"Polygon","coordinates":[[[76.67167178292806,32.51020386704238],[76.81383255375192,32.487951791832],[76.81251496366808,32.6563964395034],[76.64593164618695,32.66835756467544],[76.67167178292806,32.51020386704238]]]},"properties":{"ulpin":"01808309533596","parcel_id":"ea5eaba2-e717-4555-b5e2-36d2328e20a4","state":"Jammu & Kashmir","state_code":"JK","state_type":"UT","state_lgd_code":"1","district_lgd_code":"10","district_name":"Srinagar","subdistrict_lgd_code":"101","subdistrict_name":"Srinagar South","subdistrict_type":"Tehsil / Taluk","village_lgd_code":"12104","village_name":"Rajbagh","khasra_plot_no":"Khasra 408/Min/D143","recorded_area":"2.0","recorded_area_unit":"Kanal-Marla","normalized_area_sqm":"1011.71","gis_area_sqm":"1011.71","land_use_category":"FOREST_GREEN_BELT","land_use_raw":"Residential Plotted","status":"ARCHIVED","data_freshness_status":"UNKNOWN","scenario_index":"19913","use_case_description":"Bank mortgage and active encumbrance","mutation_workflow_status":"REJECTED","revenue_record_id":"ROR-JK-2025-1033-0143","revenue_record_type":"Jamabandi (Aapki Zameen Aapki Nigrani)","khata_khewat_no":"KHT-83","khatauni_no":"KHN-183","owner_name":"Tariq Ahmad Mir","owner_name_local":"طارق احمد میر","co_owners":"","tenure_type":"Tribal Community Tenure","mutation_status":"NONE","active_mutation_id":"MUT-JK-00000143","tax_demand_status":"PAID","annual_tax_inr":"185.5","deed_number":"DEED-JK-2024-433-0143","deed_type":"Sale Deed / Conveyance","sro_office":"Sub-Registrar Office, Srinagar South","execution_date":"2024-05-10","registered_owner":"Tariq Ahmad Mir","seller_name":"Previous Landholder","consideration_amount_inr":"3500000.0","stamp_duty_inr":"210000.0","survey_sketch_id":"FMB-JK-33-0143","cadastral_sheet_no":"SHT-JK-33","surveyed_area_sqm":"1011.71","survey_status":"PENDING","urban_authority":"Srinagar South Urban Development & Town Planning Authority","zone_name":"Residential Zone","permitted_land_use":"FOREST_GREEN_BELT","building_permission_status":"PENDING","violations_reported":"False","is_encumbered":"False","encumbrance_certificate_number":"EC-JK-2024-133-0143","encumbrance_type":"NIL","financial_institution":"","mortgage_amount":"0.0","created_at":"2026-01-15T09:00:00Z","updated_at":"2026-09-24T11:30:00Z"}},{"type":"Feature","geometry":{"type":"Polygon","coordinates":[[[74.56670292701126,33.38095833042718],[74.68917096578858,33.379749123647244],[74.70382639400883,33.54917008313806],[74.55555501503616,33.522823874596114],[74.56670292701126,33.38095833042718]]]},"properties":{"ulpin":"01137016611425","parcel_id":"2702b168-795d-4830-9e25-91b60d425e34","state":"Jammu & Kashmir","state_code":"JK","state_type":"UT","state_lgd_code":"1","district_lgd_code":"10","district_name":"Srinagar","subdistrict_lgd_code":"101","subdistrict_name":"Srinagar South","subdistrict_type":"Tehsil / Taluk","village_lgd_code":"12104","village_name":"Rajbagh","khasra_plot_no":"Khasra 408/Min/D144","recorded_area":"2.0","recorded_area_unit":"Kanal-Marla","normalized_area_sqm":"1011.71","gis_area_sqm":"1011.71","land_use_category":"WATER_BODY","land_use_raw":"Residential Plotted","status":"ACTIVE","data_freshness_status":"CURRENT","scenario_index":"19914","use_case_description":"Archived historical record for audit retrieval","mutation_workflow_status":"SLA_BREACHED","revenue_record_id":"ROR-JK-2025-1033-0144","revenue_record_type":"Jamabandi (Aapki Zameen Aapki Nigrani)","khata_khewat_no":"KHT-83","khatauni_no":"KHN-183","owner_name":"Tariq Ahmad Mir","owner_name_local":"طارق احمد میر","co_owners":"","tenure_type":"Bhumiswami / Raiyati with Transferable Rights","mutation_status":"MUTATED","active_mutation_id":"","tax_demand_status":"PAID","annual_tax_inr":"185.5","deed_number":"DEED-JK-2024-433-0144","deed_type":"Sale Deed / Conveyance","sro_office":"Sub-Registrar Office, Srinagar South","execution_date":"2024-05-10","registered_owner":"Registry Variance Owner 144","seller_name":"Previous Landholder","consideration_amount_inr":"3500000.0","stamp_duty_inr":"210000.0","survey_sketch_id":"FMB-JK-33-0144","cadastral_sheet_no":"SHT-JK-33","surveyed_area_sqm":"1011.71","survey_status":"DISPUTED","urban_authority":"Srinagar South Urban Development & Town Planning Authority","zone_name":"Residential Zone","permitted_land_use":"WATER_BODY","building_permission_status":"REJECTED","violations_reported":"False","is_encumbered":"True","encumbrance_certificate_number":"EC-JK-00000144-0144","encumbrance_type":"BANK_MORTGAGE","financial_institution":"","mortgage_amount":"0.0","created_at":"2026-01-15T09:00:00Z","updated_at":"2026-09-24T11:30:00Z"}},{"type":"Feature","geometry":{"type":"Polygon","coordinates":[[[74.5517566262632,33.706985273851366],[74.70285258784043,33.70959763578171],[74.68158002485839,33.839663595303904],[74.5691050913909,33.839663595303904],[74.5517566262632,33.706985273851366]]]},"properties":{"ulpin":"01816875092877","parcel_id":"75f20d0d-2d9e-4f08-9ee0-e02ae55b6ab1","state":"Jammu & Kashmir","state_code":"JK","state_type":"UT","state_lgd_code":"1","district_lgd_code":"10","district_name":"Srinagar","subdistrict_lgd_code":"101","subdistrict_name":"Srinagar South","subdistrict_type":"Tehsil / Taluk","village_lgd_code":"12104","village_name":"Rajbagh","khasra_plot_no":"Khasra 408/Min/D145","recorded_area":"2.0","recorded_area_unit":"Kanal-Marla","normalized_area_sqm":"1011.71","gis_area_sqm":"1011.71","land_use_category":"MIXED_USE","land_use_raw":"Residential Plotted","status":"PENDING_MUTATION","data_freshness_status":"STALE","scenario_index":"19915","use_case_description":"Bank mortgage and active encumbrance","mutation_workflow_status":"SUBMITTED","revenue_record_id":"ROR-JK-2025-1033-0145","revenue_record_type":"Jamabandi (Aapki Zameen Aapki Nigrani)","khata_khewat_no":"KHT-83","khatauni_no":"KHN-183","owner_name":"Tariq Ahmad Mir","owner_name_local":"طارق احمد میر","co_owners":"","tenure_type":"Bhumiswami / Freehold","mutation_status":"PENDING","active_mutation_id":"MUT-JK-00000145","tax_demand_status":"PAID","annual_tax_inr":"185.5","deed_number":"DEED-JK-2024-433-0145","deed_type":"Sale Deed / Conveyance","sro_office":"Sub-Registrar Office, Srinagar South","execution_date":"2024-05-10","registered_owner":"Tariq Ahmad Mir","seller_name":"Previous Landholder","consideration_amount_inr":"3500000.0","stamp_duty_inr":"210000.0","survey_sketch_id":"FMB-JK-33-0145","cadastral_sheet_no":"SHT-JK-33","surveyed_area_sqm":"1011.71","survey_status":"RESURVEY_REQUIRED","urban_authority":"Srinagar South Urban Development & Town Planning Authority","zone_name":"Residential Zone","permitted_land_use":"MIXED_USE","building_permission_status":"NOT_APPLICABLE","violations_reported":"True","is_encumbered":"True","encumbrance_certificate_number":"EC-JK-00000145-0145","encumbrance_type":"GOVT_REVENUE_LIEN","financial_institution":"","mortgage_amount":"0.0","created_at":"2026-01-15T09:00:00Z","updated_at":"2026-09-24T11:30:00Z"}},{"type":"Feature","geometry":{"type":"Polygon","coordinates":[[[76.03196053402428,35.4964138018013],[76.1973626066116,35.490784242646214],[76.18886080676486,35.67857736175056],[76.03196053402428,35.64329831067956],[76.03196053402428,35.4964138018013]]]},"properties":{"ulpin":"01335328914685","parcel_id":"a988deb5-d3a2-44ce-add0-f444a0995bf1","state":"Jammu & Kashmir","state_code":"JK","state_type":"UT","state_lgd_code":"1","district_lgd_code":"10","district_name":"Srinagar","subdistrict_lgd_code":"101","subdistrict_name":"Srinagar South","subdistrict_type":"Tehsil / Taluk","village_lgd_code":"12104","village_name":"Rajbagh","khasra_plot_no":"Khasra 408/Min/D146","recorded_area":"2.0","recorded_area_unit":"Kanal-Marla","normalized_area_sqm":"1011.71","gis_area_sqm":"1011.71","land_use_category":"OTHER","land_use_raw":"Residential Plotted","status":"SUBDIVIDED","data_freshness_status":"UNKNOWN","scenario_index":"19916","use_case_description":"Government revenue lien and tax demand","mutation_workflow_status":"UNDER_VERIFICATION","revenue_record_id":"ROR-JK-2025-1033-0146","revenue_record_type":"Jamabandi (Aapki Zameen Aapki Nigrani)","khata_khewat_no":"KHT-83","khatauni_no":"KHN-183","owner_name":"Tariq Ahmad Mir","owner_name_local":"طارق احمد میر","co_owners":"","tenure_type":"Leasehold","mutation_status":"UNMUTATED_TRANSACTION","active_mutation_id":"MUT-JK-00000146","tax_demand_status":"PAID","annual_tax_inr":"185.5","deed_number":"DEED-JK-2024-433-0146","deed_type":"Sale Deed / Conveyance","sro_office":"Sub-Registrar Office, Srinagar South","execution_date":"2024-05-10","registered_owner":"Tariq Ahmad Mir","seller_name":"Previous Landholder","consideration_amount_inr":"3500000.0","stamp_duty_inr":"210000.0","survey_sketch_id":"FMB-JK-33-0146","cadastral_sheet_no":"SHT-JK-33","surveyed_area_sqm":"1011.71","survey_status":"SURVEYED","urban_authority":"Srinagar South Urban Development & Town Planning Authority","zone_name":"Residential Zone","permitted_land_use":"OTHER","building_permission_status":"SANCTIONED","violations_reported":"False","is_encumbered":"True","encumbrance_certificate_number":"EC-JK-00000146-0146","encumbrance_type":"COURT_ATTACHMENT","financial_institution":"","mortgage_amount":"0.0","created_at":"2026-01-15T09:00:00Z","updated_at":"2026-09-24T11:30:00Z"}},{"type":"Feature","geometry":{"type":"Polygon","coordinates":[[[75.16384250526589,32.671345908945405],[75.29651855127584,32.671345908945405],[75.2930945397389,32.81375440351252],[75.16384250526589,32.7975720999674],[75.16384250526589,32.671345908945405]]]},"properties":{"ulpin":"01968423657053","parcel_id":"1a3db534-c42c-4fcd-9d1f-660134f05769","state":"Jammu & Kashmir","state_code":"JK","state_type":"UT","state_lgd_code":"1","district_lgd_code":"10","district_name":"Srinagar","subdistrict_lgd_code":"101","subdistrict_name":"Srinagar South","subdistrict_type":"Tehsil / Taluk","village_lgd_code":"12104","village_name":"Rajbagh","khasra_plot_no":"Khasra 408/Min/D147","recorded_area":"2.0","recorded_area_unit":"Kanal-Marla","normalized_area_sqm":"1011.71","gis_area_sqm":"1011.71","land_use_category":"RESIDENTIAL","land_use_raw":"Residential Plotted","status":"AMALGAMATED","data_freshness_status":"CURRENT","scenario_index":"19917","use_case_description":"Court attachment and disputed possession","mutation_workflow_status":"NOTICE_PERIOD","revenue_record_id":"ROR-JK-2025-1033-0147","revenue_record_type":"Jamabandi (Aapki Zameen Aapki Nigrani)","khata_khewat_no":"KHT-83","khatauni_no":"KHN-183","owner_name":"Tariq Ahmad Mir","owner_name_local":"طارق احمد میر","co_owners":"","tenure_type":"Government Grant","mutation_status":"REJECTED","active_mutation_id":"MUT-JK-00000147","tax_demand_status":"PAID","annual_tax_inr":"185.5","deed_number":"DEED-JK-2024-433-0147","deed_type":"Sale Deed / Conveyance","sro_office":"Sub-Registrar Office, Srinagar South","execution_date":"2024-05-10","registered_owner":"Tariq Ahmad Mir","seller_name":"Previous Landholder","consideration_amount_inr":"3500000.0","stamp_duty_inr":"210000.0","survey_sketch_id":"FMB-JK-33-0147","cadastral_sheet_no":"SHT-JK-33","surveyed_area_sqm":"1011.71","survey_status":"PENDING","urban_authority":"Srinagar South Urban Development & Town Planning Authority","zone_name":"Residential Zone","permitted_land_use":"RESIDENTIAL","building_permission_status":"PENDING","violations_reported":"False","is_encumbered":"True","encumbrance_certificate_number":"EC-JK-00000147-0147","encumbrance_type":"TRIBAL_NON_ALIENATION","financial_institution":"","mortgage_amount":"0.0","created_at":"2026-01-15T09:00:00Z","updated_at":"2026-09-24T11:30:00Z"}},{"type":"Feature","geometry":{"type":"Polygon","coordinates":[[[74.83562618170544,35.34712864664143],[75.00046021741915,35.351277654479446],[75.00046021741915,35.452903419198925],[74.85319332609949,35.45833015162914],[74.83562618170544,35.34712864664143]]]},"properties":{"ulpin":"01551442963210","parcel_id":"3aa7bfb5-436a-481b-9bdb-aec2e5b7fcf2","state":"Jammu & Kashmir","state_code":"JK","state_type":"UT","state_lgd_code":"1","district_lgd_code":"10","district_name":"Srinagar","subdistrict_lgd_code":"101","subdistrict_name":"Srinagar South","subdistrict_type":"Tehsil / Taluk","village_lgd_code":"12104","village_name":"Rajbagh","khasra_plot_no":"Khasra 408/Min/D148","recorded_area":"2.0","recorded_area_unit":"Kanal-Marla","normalized_area_sqm":"1011.71","gis_area_sqm":"1011.71","land_use_category":"COMMERCIAL","land_use_raw":"Residential Plotted","status":"DISPUTED","data_freshness_status":"STALE","scenario_index":"19918","use_case_description":"Tribal non-alienation protection review","mutation_workflow_status":"HEARING_SCHEDULED","revenue_record_id":"ROR-JK-2025-1033-0148","revenue_record_type":"Jamabandi (Aapki Zameen Aapki Nigrani)","khata_khewat_no":"KHT-83","khatauni_no":"KHN-183","owner_name":"Tariq Ahmad Mir","owner_name_local":"طارق احمد میر","co_owners":"","tenure_type":"Waqf / Religious Trust","mutation_status":"DISPUTED","active_mutation_id":"MUT-JK-00000148","tax_demand_status":"PAID","annual_tax_inr":"185.5","deed_number":"DEED-JK-2024-433-0148","deed_type":"Sale Deed / Conveyance","sro_office":"Sub-Registrar Office, Srinagar South","execution_date":"2024-05-10","registered_owner":"Tariq Ahmad Mir","seller_name":"Previous Landholder","consideration_amount_inr":"3500000.0","stamp_duty_inr":"210000.0","survey_sketch_id":"FMB-JK-33-0148","cadastral_sheet_no":"SHT-JK-33","surveyed_area_sqm":"1011.71","survey_status":"DISPUTED","urban_authority":"Srinagar South Urban Development & Town Planning Authority","zone_name":"Residential Zone","permitted_land_use":"COMMERCIAL","building_permission_status":"REJECTED","violations_reported":"False","is_encumbered":"True","encumbrance_certificate_number":"EC-JK-00000148-0148","encumbrance_type":"LEASE_CHARGE","financial_institution":"","mortgage_amount":"0.0","created_at":"2026-01-15T09:00:00Z","updated_at":"2026-09-24T11:30:00Z"}},{"type":"Feature","geometry":{"type":"Polygon","coordinates":[[[76.56966499406336,34.32982355281882],[76.76959432686851,34.32982355281882],[76.76959432686851,34.51053171517567],[76.59299629554445,34.51533844869626],[76.56966499406336,34.32982355281882]]]},"properties":{"ulpin":"01401217353861","parcel_id":"c697679c-1ac8-4b91-a755-257264344792","state":"Jammu & Kashmir","state_code":"JK","state_type":"UT","state_lgd_code":"1","district_lgd_code":"10","district_name":"Srinagar","subdistrict_lgd_code":"101","subdistrict_name":"Srinagar South","subdistrict_type":"Tehsil / Taluk","village_lgd_code":"12104","village_name":"Rajbagh","khasra_plot_no":"Khasra 408/Min/D149","recorded_area":"2.0","recorded_area_unit":"Kanal-Marla","normalized_area_sqm":"1011.71","gis_area_sqm":"1011.71","land_use_category":"INDUSTRIAL","land_use_raw":"Residential Plotted","status":"ARCHIVED","data_freshness_status":"UNKNOWN","scenario_index":"19919","use_case_description":"Archived historical record for audit retrieval","mutation_workflow_status":"APPROVED","revenue_record_id":"ROR-JK-2025-1033-0149","revenue_record_type":"Jamabandi (Aapki Zameen Aapki Nigrani)","khata_khewat_no":"KHT-83","khatauni_no":"KHN-183","owner_name":"Tariq Ahmad Mir","owner_name_local":"طارق احمد میر","co_owners":"","tenure_type":"Tribal Community Tenure","mutation_status":"NONE","active_mutation_id":"MUT-JK-00000149","tax_demand_status":"PAID","annual_tax_inr":"185.5","deed_number":"DEED-JK-2024-433-0149","deed_type":"Sale Deed / Conveyance","sro_office":"Sub-Registrar Office, Srinagar South","execution_date":"2024-05-10","registered_owner":"Registry Variance Owner 149","seller_name":"Previous Landholder","consideration_amount_inr":"3500000.0","stamp_duty_inr":"210000.0","survey_sketch_id":"FMB-JK-33-0149","cadastral_sheet_no":"SHT-JK-33","surveyed_area_sqm":"1011.71","survey_status":"RESURVEY_REQUIRED","urban_authority":"Srinagar South Urban Development & Town Planning Authority","zone_name":"Residential Zone","permitted_land_use":"INDUSTRIAL","building_permission_status":"NOT_APPLICABLE","violations_reported":"False","is_encumbered":"False","encumbrance_certificate_number":"EC-JK-2024-133-0149","encumbrance_type":"NIL","financial_institution":"","mortgage_amount":"0.0","created_at":"2026-01-15T09:00:00Z","updated_at":"2026-09-24T11:30:00Z"}},{"type":"Feature","geometry":{"type":"Polygon","coordinates":[[[75.54224116482426,34.61565839386184],[75.69757313039338,34.61565839386184],[75.70760343552222,34.77910604468377],[75.56840672942207,34.78218562707464],[75.54224116482426,34.61565839386184]]]},"properties":{"ulpin":"01888524540618","parcel_id":"004de426-2c6d-4567-8093-ac10417dfe4a","state":"Jammu & Kashmir","state_code":"JK","state_type":"UT","state_lgd_code":"1","district_lgd_code":"10","district_name":"Srinagar","subdistrict_lgd_code":"101","subdistrict_name":"Srinagar South","subdistrict_type":"Tehsil / Taluk","village_lgd_code":"12104","village_name":"Rajbagh","khasra_plot_no":"Khasra 408/Min/D150","recorded_area":"2.0","recorded_area_unit":"Kanal-Marla","normalized_area_sqm":"1011.71","gis_area_sqm":"1011.71","land_use_category":"AGRICULTURAL","land_use_raw":"Residential Plotted","status":"ACTIVE","data_freshness_status":"CURRENT","scenario_index":"19920","use_case_description":"Subdivision or amalgamation history review","mutation_workflow_status":"REJECTED","revenue_record_id":"ROR-JK-2025-1033-0150","revenue_record_type":"Jamabandi (Aapki Zameen Aapki Nigrani)","khata_khewat_no":"KHT-83","khatauni_no":"KHN-183","owner_name":"Tariq Ahmad Mir","owner_name_local":"طارق احمد میر","co_owners":"","tenure_type":"Bhumiswami / Raiyati with Transferable Rights","mutation_status":"MUTATED","active_mutation_id":"","tax_demand_status":"PAID","annual_tax_inr":"185.5","deed_number":"DEED-JK-2024-433-0150","deed_type":"Sale Deed / Conveyance","sro_office":"Sub-Registrar Office, Srinagar South","execution_date":"2024-05-10","registered_owner":"Tariq Ahmad Mir","seller_name":"Previous Landholder","consideration_amount_inr":"3500000.0","stamp_duty_inr":"210000.0","survey_sketch_id":"FMB-JK-33-0150","cadastral_sheet_no":"SHT-JK-33","surveyed_area_sqm":"1011.71","survey_status":"SURVEYED","urban_authority":"Srinagar South Urban Development & Town Planning Authority","zone_name":"Residential Zone","permitted_land_use":"AGRICULTURAL","building_permission_status":"SANCTIONED","violations_reported":"False","is_encumbered":"True","encumbrance_certificate_number":"EC-JK-00000150-0150","encumbrance_type":"BANK_MORTGAGE","financial_institution":"","mortgage_amount":"0.0","created_at":"2026-01-15T09:00:00Z","updated_at":"2026-09-24T11:30:00Z"}},{"type":"Feature","geometry":{"type":"Polygon","coordinates":[[[76.66064363196914,32.32002635461949],[76.83533114526482,32.32353278075193],[76.81383255375192,32.487951791832],[76.67167178292806,32.51020386704238],[76.66064363196914,32.32002635461949]]]},"properties":{"ulpin":"01252413406356","parcel_id":"b5c6e8b4-49f3-4563-a787-07793b3e32aa","state":"Jammu & Kashmir","state_code":"JK","state_type":"UT","state_lgd_code":"1","district_lgd_code":"10","district_name":"Srinagar","subdistrict_lgd_code":"101","subdistrict_name":"Srinagar South","subdistrict_type":"Tehsil / Taluk","village_lgd_code":"12104","village_name":"Rajbagh","khasra_plot_no":"Khasra 408/Min/D151","recorded_area":"2.0","recorded_area_unit":"Kanal-Marla","normalized_area_sqm":"1011.71","gis_area_sqm":"1011.71","land_use_category":"INSTITUTIONAL","land_use_raw":"Residential Plotted","status":"PENDING_MUTATION","data_freshness_status":"STALE","scenario_index":"19921","use_case_description":"Archived historical record for audit retrieval","mutation_workflow_status":"SLA_BREACHED","revenue_record_id":"ROR-JK-2025-1033-0151","revenue_record_type":"Jamabandi (Aapki Zameen Aapki Nigrani)","khata_khewat_no":"KHT-83","khatauni_no":"KHN-183","owner_name":"Tariq Ahmad Mir","owner_name_local":"طارق احمد میر","co_owners":"","tenure_type":"Bhumiswami / Freehold","mutation_status":"PENDING","active_mutation_id":"MUT-JK-00000151","tax_demand_status":"PAID","annual_tax_inr":"185.5","deed_number":"DEED-JK-2024-433-0151","deed_type":"Sale Deed / Conveyance","sro_office":"Sub-Registrar Office, Srinagar South","execution_date":"2024-05-10","registered_owner":"Tariq Ahmad Mir","seller_name":"Previous Landholder","consideration_amount_inr":"3500000.0","stamp_duty_inr":"210000.0","survey_sketch_id":"FMB-JK-33-0151","cadastral_sheet_no":"SHT-JK-33","surveyed_area_sqm":"1011.71","survey_status":"PENDING","urban_authority":"Srinagar South Urban Development & Town Planning Authority","zone_name":"Residential Zone","permitted_land_use":"INSTITUTIONAL","building_permission_status":"PENDING","violations_reported":"False","is_encumbered":"True","encumbrance_certificate_number":"EC-JK-00000151-0151","encumbrance_type":"GOVT_REVENUE_LIEN","financial_institution":"","mortgage_amount":"0.0","created_at":"2026-01-15T09:00:00Z","updated_at":"2026-09-24T11:30:00Z"}},{"type":"Feature","geometry":{"type":"Polygon","coordinates":[[[74.86173713155388,34.805041758869606],[75.00046021741915,34.82285461868671],[75.00046021741915,34.92862865018014],[74.82991864462029,34.93272869836133],[74.86173713155388,34.805041758869606]]]},"properties":{"ulpin":"01901894913377","parcel_id":"cb912586-d54a-44a9-9c89-528bf3b982b5","state":"Jammu & Kashmir","state_code":"JK","state_type":"UT","state_lgd_code":"1","district_lgd_code":"10","district_name":"Srinagar","subdistrict_lgd_code":"101","subdistrict_name":"Srinagar South","subdistrict_type":"Tehsil / Taluk","village_lgd_code":"12104","village_name":"Rajbagh","khasra_plot_no":"Khasra 408/Min/D152","recorded_area":"2.0","recorded_area_unit":"Kanal-Marla","normalized_area_sqm":"1011.71","gis_area_sqm":"1011.71","land_use_category":"FOREST_GREEN_BELT","land_use_raw":"Residential Plotted","status":"SUBDIVIDED","data_freshness_status":"UNKNOWN","scenario_index":"19922","use_case_description":"Bank mortgage and active encumbrance","mutation_workflow_status":"SUBMITTED","revenue_record_id":"ROR-JK-2025-1033-0152","revenue_record_type":"Jamabandi (Aapki Zameen Aapki Nigrani)","khata_khewat_no":"KHT-83","khatauni_no":"KHN-183","owner_name":"Tariq Ahmad Mir","owner_name_local":"طارق احمد میر","co_owners":"","tenure_type":"Leasehold","mutation_status":"UNMUTATED_TRANSACTION","active_mutation_id":"MUT-JK-00000152","tax_demand_status":"PAID","annual_tax_inr":"185.5","deed_number":"DEED-JK-2024-433-0152","deed_type":"Sale Deed / Conveyance","sro_office":"Sub-Registrar Office, Srinagar South","execution_date":"2024-05-10","registered_owner":"Tariq Ahmad Mir","seller_name":"Previous Landholder","consideration_amount_inr":"3500000.0","stamp_duty_inr":"210000.0","survey_sketch_id":"FMB-JK-33-0152","cadastral_sheet_no":"SHT-JK-33","surveyed_area_sqm":"1011.71","survey_status":"DISPUTED","urban_authority":"Srinagar South Urban Development & Town Planning Authority","zone_name":"Residential Zone","permitted_land_use":"FOREST_GREEN_BELT","building_permission_status":"REJECTED","violations_reported":"True","is_encumbered":"True","encumbrance_certificate_number":"EC-JK-00000152-0152","encumbrance_type":"COURT_ATTACHMENT","financial_institution":"","mortgage_amount":"0.0","created_at":"2026-01-15T09:00:00Z","updated_at":"2026-09-24T11:30:00Z"}},{"type":"Feature","geometry":{"type":"Polygon","coordinates":[[[75.43801016925202,33.361116689333066],[75.59568678110352,33.3644053479875],[75.6212724091769,33.48217024505777],[75.45188853918145,33.49115197723439],[75.43801016925202,33.361116689333066]]]},"properties":{"ulpin":"01366727760151","parcel_id":"a09f76e4-05fd-4e3a-a23f-5be1ca3bfd0d","state":"Jammu & Kashmir","state_code":"JK","state_type":"UT","state_lgd_code":"1","district_lgd_code":"10","district_name":"Srinagar","subdistrict_lgd_code":"101","subdistrict_name":"Srinagar South","subdistrict_type":"Tehsil / Taluk","village_lgd_code":"12104","village_name":"Rajbagh","khasra_plot_no":"Khasra 408/Min/D153","recorded_area":"2.0","recorded_area_unit":"Kanal-Marla","normalized_area_sqm":"1011.71","gis_area_sqm":"1011.71","land_use_category":"WATER_BODY","land_use_raw":"Residential Plotted","status":"AMALGAMATED","data_freshness_status":"CURRENT","scenario_index":"19923","use_case_description":"Government revenue lien and tax demand","mutation_workflow_status":"UNDER_VERIFICATION","revenue_record_id":"ROR-JK-2025-1033-0153","revenue_record_type":"Jamabandi (Aapki Zameen Aapki Nigrani)","khata_khewat_no":"KHT-83","khatauni_no":"KHN-183","owner_name":"Tariq Ahmad Mir","owner_name_local":"طارق احمد میر","co_owners":"","tenure_type":"Government Grant","mutation_status":"REJECTED","active_mutation_id":"MUT-JK-00000153","tax_demand_status":"PAID","annual_tax_inr":"185.5","deed_number":"DEED-JK-2024-433-0153","deed_type":"Sale Deed / Conveyance","sro_office":"Sub-Registrar Office, Srinagar South","execution_date":"2024-05-10","registered_owner":"Tariq Ahmad Mir","seller_name":"Previous Landholder","consideration_amount_inr":"3500000.0","stamp_duty_inr":"210000.0","survey_sketch_id":"FMB-JK-33-0153","cadastral_sheet_no":"SHT-JK-33","surveyed_area_sqm":"1011.71","survey_status":"RESURVEY_REQUIRED","urban_authority":"Srinagar South Urban Development & Town Planning Authority","zone_name":"Residential Zone","permitted_land_use":"WATER_BODY","building_permission_status":"NOT_APPLICABLE","violations_reported":"False","is_encumbered":"True","encumbrance_certificate_number":"EC-JK-00000153-0153","encumbrance_type":"TRIBAL_NON_ALIENATION","financial_institution":"","mortgage_amount":"0.0","created_at":"2026-01-15T09:00:00Z","updated_at":"2026-09-24T11:30:00Z"}},{"type":"Feature","geometry":{"type":"Polygon","coordinates":[[[74.57303560421339,32.75713742365471],[74.70570770220513,32.75713742365471],[74.69478616606412,32.917841028500256],[74.55831942355319,32.915257644168086],[74.57303560421339,32.75713742365471]]]},"properties":{"ulpin":"01840927488086","parcel_id":"b38cc5f1-1649-4c0c-b9ed-b56c9ad3bcab","state":"Jammu & Kashmir","state_code":"JK","state_type":"UT","state_lgd_code":"1","district_lgd_code":"10","district_name":"Srinagar","subdistrict_lgd_code":"101","subdistrict_name":"Srinagar South","subdistrict_type":"Tehsil / Taluk","village_lgd_code":"12104","village_name":"Rajbagh","khasra_plot_no":"Khasra 408/Min/D154","recorded_area":"2.0","recorded_area_unit":"Kanal-Marla","normalized_area_sqm":"1011.71","gis_area_sqm":"1011.71","land_use_category":"MIXED_USE","land_use_raw":"Residential Plotted","status":"DISPUTED","data_freshness_status":"STALE","scenario_index":"19924","use_case_description":"Court attachment and disputed possession","mutation_workflow_status":"NOTICE_PERIOD","revenue_record_id":"ROR-JK-2025-1033-0154","revenue_record_type":"Jamabandi (Aapki Zameen Aapki Nigrani)","khata_khewat_no":"KHT-83","khatauni_no":"KHN-183","owner_name":"Tariq Ahmad Mir","owner_name_local":"طارق احمد میر","co_owners":"","tenure_type":"Waqf / Religious Trust","mutation_status":"DISPUTED","active_mutation_id":"MUT-JK-00000154","tax_demand_status":"PAID","annual_tax_inr":"185.5","deed_number":"DEED-JK-2024-433-0154","deed_type":"Sale Deed / Conveyance","sro_office":"Sub-Registrar Office, Srinagar South","execution_date":"2024-05-10","registered_owner":"Registry Variance Owner 154","seller_name":"Previous Landholder","consideration_amount_inr":"3500000.0","stamp_duty_inr":"210000.0","survey_sketch_id":"FMB-JK-33-0154","cadastral_sheet_no":"SHT-JK-33","surveyed_area_sqm":"1011.71","survey_status":"SURVEYED","urban_authority":"Srinagar South Urban Development & Town Planning Authority","zone_name":"Residential Zone","permitted_land_use":"MIXED_USE","building_permission_status":"SANCTIONED","violations_reported":"False","is_encumbered":"True","encumbrance_certificate_number":"EC-JK-00000154-0154","encumbrance_type":"LEASE_CHARGE","financial_institution":"","mortgage_amount":"0.0","created_at":"2026-01-15T09:00:00Z","updated_at":"2026-09-24T11:30:00Z"}},{"type":"Feature","geometry":{"type":"Polygon","coordinates":[[[76.56726576779029,35.502881027713215],[76.76959432686851,35.50896176958673],[76.76959432686851,35.67077970326904],[76.55992530951694,35.64157421064406],[76.56726576779029,35.502881027713215]]]},"properties":{"ulpin":"01823111550051","parcel_id":"392f63f9-3d87-46bf-a4f2-84218e2e5d1d","state":"Jammu & Kashmir","state_code":"JK","state_type":"UT","state_lgd_code":"1","district_lgd_code":"10","district_name":"Srinagar","subdistrict_lgd_code":"101","subdistrict_name":"Srinagar South","subdistrict_type":"Tehsil / Taluk","village_lgd_code":"12104","village_name":"Rajbagh","khasra_plot_no":"Khasra 408/Min/D155","recorded_area":"2.0","recorded_area_unit":"Kanal-Marla","normalized_area_sqm":"1011.71","gis_area_sqm":"1011.71","land_use_category":"OTHER","land_use_raw":"Residential Plotted","status":"ARCHIVED","data_freshness_status":"UNKNOWN","scenario_index":"19925","use_case_description":"Cadastral area discrepancy requiring resurvey","mutation_workflow_status":"HEARING_SCHEDULED","revenue_record_id":"ROR-JK-2025-1033-0155","revenue_record_type":"Jamabandi (Aapki Zameen Aapki Nigrani)","khata_khewat_no":"KHT-83","khatauni_no":"KHN-183","owner_name":"Tariq Ahmad Mir","owner_name_local":"طارق احمد میر","co_owners":"","tenure_type":"Tribal Community Tenure","mutation_status":"NONE","active_mutation_id":"MUT-JK-00000155","tax_demand_status":"PAID","annual_tax_inr":"185.5","deed_number":"DEED-JK-2024-433-0155","deed_type":"Sale Deed / Conveyance","sro_office":"Sub-Registrar Office, Srinagar South","execution_date":"2024-05-10","registered_owner":"Tariq Ahmad Mir","seller_name":"Previous Landholder","consideration_amount_inr":"3500000.0","stamp_duty_inr":"210000.0","survey_sketch_id":"FMB-JK-33-0155","cadastral_sheet_no":"SHT-JK-33","surveyed_area_sqm":"1011.71","survey_status":"PENDING","urban_authority":"Srinagar South Urban Development & Town Planning Authority","zone_name":"Residential Zone","permitted_land_use":"OTHER","building_permission_status":"PENDING","violations_reported":"False","is_encumbered":"False","encumbrance_certificate_number":"EC-JK-2024-133-0155","encumbrance_type":"NIL","financial_institution":"","mortgage_amount":"0.0","created_at":"2026-01-15T09:00:00Z","updated_at":"2026-09-24T11:30:00Z"}},{"type":"Feature","geometry":{"type":"Polygon","coordinates":[[[76.03196053402428,34.98492765286898],[76.19086538044219,34.98979869062791],[76.20804884527519,35.180444743534245],[76.03196053402428,35.186669697954095],[76.03196053402428,34.98492765286898]]]},"properties":{"ulpin":"01755997917074","parcel_id":"659275f0-aaf4-4778-b6a4-c3f1d5bac3fb","state":"Jammu & Kashmir","state_code":"JK","state_type":"UT","state_lgd_code":"1","district_lgd_code":"10","district_name":"Srinagar","subdistrict_lgd_code":"101","subdistrict_name":"Srinagar South","subdistrict_type":"Tehsil / Taluk","village_lgd_code":"12104","village_name":"Rajbagh","khasra_plot_no":"Khasra 408/Min/D156","recorded_area":"2.0","recorded_area_unit":"Kanal-Marla","normalized_area_sqm":"1011.71","gis_area_sqm":"1011.71","land_use_category":"RESIDENTIAL","land_use_raw":"Residential Plotted","status":"ACTIVE","data_freshness_status":"CURRENT","scenario_index":"19926","use_case_description":"Lease charge and institutional tenancy","mutation_workflow_status":"APPROVED","revenue_record_id":"ROR-JK-2025-1033-0156","revenue_record_type":"Jamabandi (Aapki Zameen Aapki Nigrani)","khata_khewat_no":"KHT-83","khatauni_no":"KHN-183","owner_name":"Tariq Ahmad Mir","owner_name_local":"طارق احمد میر","co_owners":"","tenure_type":"Bhumiswami / Raiyati with Transferable Rights","mutation_status":"MUTATED","active_mutation_id":"","tax_demand_status":"PAID","annual_tax_inr":"185.5","deed_number":"DEED-JK-2024-433-0156","deed_type":"Sale Deed / Conveyance","sro_office":"Sub-Registrar Office, Srinagar South","execution_date":"2024-05-10","registered_owner":"Tariq Ahmad Mir","seller_name":"Previous Landholder","consideration_amount_inr":"3500000.0","stamp_duty_inr":"210000.0","survey_sketch_id":"FMB-JK-33-0156","cadastral_sheet_no":"SHT-JK-33","surveyed_area_sqm":"1011.71","survey_status":"DISPUTED","urban_authority":"Srinagar South Urban Development & Town Planning Authority","zone_name":"Residential Zone","permitted_land_use":"RESIDENTIAL","building_permission_status":"REJECTED","violations_reported":"False","is_encumbered":"True","encumbrance_certificate_number":"EC-JK-00000156-0156","encumbrance_type":"BANK_MORTGAGE","financial_institution":"","mortgage_amount":"0.0","created_at":"2026-01-15T09:00:00Z","updated_at":"2026-09-24T11:30:00Z"}},{"type":"Feature","geometry":{"type":"Polygon","coordinates":[[[76.56390787978147,35.34406246165695],[76.76959432686851,35.3486680451173],[76.76959432686851,35.50896176958673],[76.56726576779029,35.502881027713215],[76.56390787978147,35.34406246165695]]]},"properties":{"ulpin":"01080142150810","parcel_id":"a7760f8b-db96-4814-90de-b8ccf68496cb","state":"Jammu & Kashmir","state_code":"JK","state_type":"UT","state_lgd_code":"1","district_lgd_code":"10","district_name":"Srinagar","subdistrict_lgd_code":"101","subdistrict_name":"Srinagar South","subdistrict_type":"Tehsil / Taluk","village_lgd_code":"12104","village_name":"Rajbagh","khasra_plot_no":"Khasra 408/Min/D157","recorded_area":"2.0","recorded_area_unit":"Kanal-Marla","normalized_area_sqm":"1011.71","gis_area_sqm":"1011.71","land_use_category":"COMMERCIAL","land_use_raw":"Residential Plotted","status":"PENDING_MUTATION","data_freshness_status":"STALE","scenario_index":"19927","use_case_description":"Subdivision or amalgamation history review","mutation_workflow_status":"REJECTED","revenue_record_id":"ROR-JK-2025-1033-0157","revenue_record_type":"Jamabandi (Aapki Zameen Aapki Nigrani)","khata_khewat_no":"KHT-83","khatauni_no":"KHN-183","owner_name":"Tariq Ahmad Mir","owner_name_local":"طارق احمد میر","co_owners":"","tenure_type":"Bhumiswami / Freehold","mutation_status":"PENDING","active_mutation_id":"MUT-JK-00000157","tax_demand_status":"PAID","annual_tax_inr":"185.5","deed_number":"DEED-JK-2024-433-0157","deed_type":"Sale Deed / Conveyance","sro_office":"Sub-Registrar Office, Srinagar South","execution_date":"2024-05-10","registered_owner":"Tariq Ahmad Mir","seller_name":"Previous Landholder","consideration_amount_inr":"3500000.0","stamp_duty_inr":"210000.0","survey_sketch_id":"FMB-JK-33-0157","cadastral_sheet_no":"SHT-JK-33","surveyed_area_sqm":"1011.71","survey_status":"RESURVEY_REQUIRED","urban_authority":"Srinagar South Urban Development & Town Planning Authority","zone_name":"Residential Zone","permitted_land_use":"COMMERCIAL","building_permission_status":"NOT_APPLICABLE","violations_reported":"False","is_encumbered":"True","encumbrance_certificate_number":"EC-JK-00000157-0157","encumbrance_type":"GOVT_REVENUE_LIEN","financial_institution":"","mortgage_amount":"0.0","created_at":"2026-01-15T09:00:00Z","updated_at":"2026-09-24T11:30:00Z"}},{"type":"Feature","geometry":{"type":"Polygon","coordinates":[[[74.85428215567522,35.724565885629836],[75.00046021741915,35.708059249584245],[75.00046021741915,35.85892215613964],[74.83268133225822,35.85892215613964],[74.85428215567522,35.724565885629836]]]},"properties":{"ulpin":"01164492790375","parcel_id":"01d2f082-f505-4fde-897d-35186950c8ee","state":"Jammu & Kashmir","state_code":"JK","state_type":"UT","state_lgd_code":"1","district_lgd_code":"10","district_name":"Srinagar","subdistrict_lgd_code":"101","subdistrict_name":"Srinagar South","subdistrict_type":"Tehsil / Taluk","village_lgd_code":"12104","village_name":"Rajbagh","khasra_plot_no":"Khasra 408/Min/D158","recorded_area":"2.0","recorded_area_unit":"Kanal-Marla","normalized_area_sqm":"1011.71","gis_area_sqm":"1011.71","land_use_category":"INDUSTRIAL","land_use_raw":"Residential Plotted","status":"SUBDIVIDED","data_freshness_status":"UNKNOWN","scenario_index":"19928","use_case_description":"Archived historical record for audit retrieval","mutation_workflow_status":"SLA_BREACHED","revenue_record_id":"ROR-JK-2025-1033-0158","revenue_record_type":"Jamabandi (Aapki Zameen Aapki Nigrani)","khata_khewat_no":"KHT-83","khatauni_no":"KHN-183","owner_name":"Tariq Ahmad Mir","owner_name_local":"طارق احمد میر","co_owners":"","tenure_type":"Leasehold","mutation_status":"UNMUTATED_TRANSACTION","active_mutation_id":"MUT-JK-00000158","tax_demand_status":"PAID","annual_tax_inr":"185.5","deed_number":"DEED-JK-2024-433-0158","deed_type":"Sale Deed / Conveyance","sro_office":"Sub-Registrar Office, Srinagar South","execution_date":"2024-05-10","registered_owner":"Tariq Ahmad Mir","seller_name":"Previous Landholder","consideration_amount_inr":"3500000.0","stamp_duty_inr":"210000.0","survey_sketch_id":"FMB-JK-33-0158","cadastral_sheet_no":"SHT-JK-33","surveyed_area_sqm":"1011.71","survey_status":"SURVEYED","urban_authority":"Srinagar South Urban Development & Town Planning Authority","zone_name":"Residential Zone","permitted_land_use":"INDUSTRIAL","building_permission_status":"SANCTIONED","violations_reported":"False","is_encumbered":"True","encumbrance_certificate_number":"EC-JK-00000158-0158","encumbrance_type":"COURT_ATTACHMENT","financial_institution":"","mortgage_amount":"0.0","created_at":"2026-01-15T09:00:00Z","updated_at":"2026-09-24T11:30:00Z"}},{"type":"Feature","geometry":{"type":"Polygon","coordinates":[[[76.34556076713936,32.178248435914945],[76.52411766433961,32.17637815732318],[76.49840768168362,32.36576274407381],[76.34556076713936,32.320854210853874],[76.34556076713936,32.178248435914945]]]},"properties":{"ulpin":"01963579822593","parcel_id":"084834e4-0b8d-4884-9f25-495cfe5a9bf1","state":"Jammu & Kashmir","state_code":"JK","state_type":"UT","state_lgd_code":"1","district_lgd_code":"10","district_name":"Srinagar","subdistrict_lgd_code":"101","subdistrict_name":"Srinagar South","subdistrict_type":"Tehsil / Taluk","village_lgd_code":"12104","village_name":"Rajbagh","khasra_plot_no":"Khasra 408/Min/D159","recorded_area":"2.0","recorded_area_unit":"Kanal-Marla","normalized_area_sqm":"1011.71","gis_area_sqm":"1011.71","land_use_category":"AGRICULTURAL","land_use_raw":"Residential Plotted","status":"AMALGAMATED","data_freshness_status":"CURRENT","scenario_index":"19929","use_case_description":"Bank mortgage and active encumbrance","mutation_workflow_status":"SUBMITTED","revenue_record_id":"ROR-JK-2025-1033-0159","revenue_record_type":"Jamabandi (Aapki Zameen Aapki Nigrani)","khata_khewat_no":"KHT-83","khatauni_no":"KHN-183","owner_name":"Tariq Ahmad Mir","owner_name_local":"طارق احمد میر","co_owners":"","tenure_type":"Government Grant","mutation_status":"REJECTED","active_mutation_id":"MUT-JK-00000159","tax_demand_status":"PAID","annual_tax_inr":"185.5","deed_number":"DEED-JK-2024-433-0159","deed_type":"Sale Deed / Conveyance","sro_office":"Sub-Registrar Office, Srinagar South","execution_date":"2024-05-10","registered_owner":"Registry Variance Owner 159","seller_name":"Previous Landholder","consideration_amount_inr":"3500000.0","stamp_duty_inr":"210000.0","survey_sketch_id":"FMB-JK-33-0159","cadastral_sheet_no":"SHT-JK-33","surveyed_area_sqm":"1011.71","survey_status":"PENDING","urban_authority":"Srinagar South Urban Development & Town Planning Authority","zone_name":"Residential Zone","permitted_land_use":"AGRICULTURAL","building_permission_status":"PENDING","violations_reported":"True","is_encumbered":"True","encumbrance_certificate_number":"EC-JK-00000159-0159","encumbrance_type":"TRIBAL_NON_ALIENATION","financial_institution":"","mortgage_amount":"0.0","created_at":"2026-01-15T09:00:00Z","updated_at":"2026-09-24T11:30:00Z"}},{"type":"Feature","geometry":{"type":"Polygon","coordinates":[[[75.4554671108797,33.06837722565129],[75.61374681546926,33.072618930506835],[75.58639212596815,33.231153510160574],[75.4625077744909,33.224287830037845],[75.4554671108797,33.06837722565129]]]},"properties":{"ulpin":"01047457486323","parcel_id":"f8be911e-fdc9-4ab1-a569-9d99c1123814","state":"Jammu & Kashmir","state_code":"JK","state_type":"UT","state_lgd_code":"1","district_lgd_code":"10","district_name":"Srinagar","subdistrict_lgd_code":"101","subdistrict_name":"Srinagar South","subdistrict_type":"Tehsil / Taluk","village_lgd_code":"12104","village_name":"Rajbagh","khasra_plot_no":"Khasra 408/Min/D160","recorded_area":"2.0","recorded_area_unit":"Kanal-Marla","normalized_area_sqm":"1011.71","gis_area_sqm":"1011.71","land_use_category":"INSTITUTIONAL","land_use_raw":"Residential Plotted","status":"DISPUTED","data_freshness_status":"STALE","scenario_index":"19930","use_case_description":"Government revenue lien and tax demand","mutation_workflow_status":"UNDER_VERIFICATION","revenue_record_id":"ROR-JK-2025-1033-0160","revenue_record_type":"Jamabandi (Aapki Zameen Aapki Nigrani)","khata_khewat_no":"KHT-83","khatauni_no":"KHN-183","owner_name":"Tariq Ahmad Mir","owner_name_local":"طارق احمد میر","co_owners":"","tenure_type":"Waqf / Religious Trust","mutation_status":"DISPUTED","active_mutation_id":"MUT-JK-00000160","tax_demand_status":"PAID","annual_tax_inr":"185.5","deed_number":"DEED-JK-2024-433-0160","deed_type":"Sale Deed / Conveyance","sro_office":"Sub-Registrar Office, Srinagar South","execution_date":"2024-05-10","registered_owner":"Tariq Ahmad Mir","seller_name":"Previous Landholder","consideration_amount_inr":"3500000.0","stamp_duty_inr":"210000.0","survey_sketch_id":"FMB-JK-33-0160","cadastral_sheet_no":"SHT-JK-33","surveyed_area_sqm":"1011.71","survey_status":"DISPUTED","urban_authority":"Srinagar South Urban Development & Town Planning Authority","zone_name":"Residential Zone","permitted_land_use":"INSTITUTIONAL","building_permission_status":"REJECTED","violations_reported":"False","is_encumbered":"True","encumbrance_certificate_number":"EC-JK-00000160-0160","encumbrance_type":"LEASE_CHARGE","financial_institution":"","mortgage_amount":"0.0","created_at":"2026-01-15T09:00:00Z","updated_at":"2026-09-24T11:30:00Z"}},{"type":"Feature","geometry":{"type":"Polygon","coordinates":[[[76.19086538044219,34.98979869062791],[76.41399134222334,35.010955642533474],[76.42262525715161,35.17335894243608],[76.20804884527519,35.180444743534245],[76.19086538044219,34.98979869062791]]]},"properties":{"ulpin":"01029221951498","parcel_id":"c6560e4e-7ccc-43a3-a44a-1bc9e260699e","state":"Jammu & Kashmir","state_code":"JK","state_type":"UT","state_lgd_code":"1","district_lgd_code":"10","district_name":"Srinagar","subdistrict_lgd_code":"101","subdistrict_name":"Srinagar South","subdistrict_type":"Tehsil / Taluk","village_lgd_code":"12104","village_name":"Rajbagh","khasra_plot_no":"Khasra 408/Min/D161","recorded_area":"2.0","recorded_area_unit":"Kanal-Marla","normalized_area_sqm":"1011.71","gis_area_sqm":"1011.71","land_use_category":"FOREST_GREEN_BELT","land_use_raw":"Residential Plotted","status":"ARCHIVED","data_freshness_status":"UNKNOWN","scenario_index":"19931","use_case_description":"Tribal non-alienation protection review","mutation_workflow_status":"NOTICE_PERIOD","revenue_record_id":"ROR-JK-2025-1033-0161","revenue_record_type":"Jamabandi (Aapki Zameen Aapki Nigrani)","khata_khewat_no":"KHT-83","khatauni_no":"KHN-183","owner_name":"Tariq Ahmad Mir","owner_name_local":"طارق احمد میر","co_owners":"","tenure_type":"Tribal Community Tenure","mutation_status":"NONE","active_mutation_id":"MUT-JK-00000161","tax_demand_status":"PAID","annual_tax_inr":"185.5","deed_number":"DEED-JK-2024-433-0161","deed_type":"Sale Deed / Conveyance","sro_office":"Sub-Registrar Office, Srinagar South","execution_date":"2024-05-10","registered_owner":"Tariq Ahmad Mir","seller_name":"Previous Landholder","consideration_amount_inr":"3500000.0","stamp_duty_inr":"210000.0","survey_sketch_id":"FMB-JK-33-0161","cadastral_sheet_no":"SHT-JK-33","surveyed_area_sqm":"1011.71","survey_status":"RESURVEY_REQUIRED","urban_authority":"Srinagar South Urban Development & Town Planning Authority","zone_name":"Residential Zone","permitted_land_use":"FOREST_GREEN_BELT","building_permission_status":"NOT_APPLICABLE","violations_reported":"False","is_encumbered":"False","encumbrance_certificate_number":"EC-JK-2024-133-0161","encumbrance_type":"NIL","financial_institution":"","mortgage_amount":"0.0","created_at":"2026-01-15T09:00:00Z","updated_at":"2026-09-24T11:30:00Z"}},{"type":"Feature","geometry":{"type":"Polygon","coordinates":[[[75.47865362441593,32.92465022058892],[75.58539657849427,32.96280142597654],[75.61374681546926,33.072618930506835],[75.4554671108797,33.06837722565129],[75.47865362441593,32.92465022058892]]]},"properties":{"ulpin":"01731872839630","parcel_id":"09f9e516-c1a4-428d-9c76-1e857d9c6852","state":"Jammu & Kashmir","state_code":"JK","state_type":"UT","state_lgd_code":"1","district_lgd_code":"10","district_name":"Srinagar","subdistrict_lgd_code":"101","subdistrict_name":"Srinagar South","subdistrict_type":"Tehsil / Taluk","village_lgd_code":"12104","village_name":"Rajbagh","khasra_plot_no":"Khasra 408/Min/D162","recorded_area":"2.0","recorded_area_unit":"Kanal-Marla","normalized_area_sqm":"1011.71","gis_area_sqm":"1011.71","land_use_category":"WATER_BODY","land_use_raw":"Residential Plotted","status":"ACTIVE","data_freshness_status":"CURRENT","scenario_index":"19932","use_case_description":"Tribal non-alienation protection review","mutation_workflow_status":"HEARING_SCHEDULED","revenue_record_id":"ROR-JK-2025-1033-0162","revenue_record_type":"Jamabandi (Aapki Zameen Aapki Nigrani)","khata_khewat_no":"KHT-83","khatauni_no":"KHN-183","owner_name":"Tariq Ahmad Mir","owner_name_local":"طارق احمد میر","co_owners":"","tenure_type":"Bhumiswami / Raiyati with Transferable Rights","mutation_status":"MUTATED","active_mutation_id":"","tax_demand_status":"PAID","annual_tax_inr":"185.5","deed_number":"DEED-JK-2024-433-0162","deed_type":"Sale Deed / Conveyance","sro_office":"Sub-Registrar Office, Srinagar South","execution_date":"2024-05-10","registered_owner":"Tariq Ahmad Mir","seller_name":"Previous Landholder","consideration_amount_inr":"3500000.0","stamp_duty_inr":"210000.0","survey_sketch_id":"FMB-JK-33-0162","cadastral_sheet_no":"SHT-JK-33","surveyed_area_sqm":"1011.71","survey_status":"SURVEYED","urban_authority":"Srinagar South Urban Development & Town Planning Authority","zone_name":"Residential Zone","permitted_land_use":"WATER_BODY","building_permission_status":"SANCTIONED","violations_reported":"False","is_encumbered":"True","encumbrance_certificate_number":"EC-JK-00000162-0162","encumbrance_type":"BANK_MORTGAGE","financial_institution":"","mortgage_amount":"0.0","created_at":"2026-01-15T09:00:00Z","updated_at":"2026-09-24T11:30:00Z"}},{"type":"Feature","geometry":{"type":"Polygon","coordinates":[[[75.69445072443159,35.2786360984851],[75.83412168582907,35.24248007153447],[75.83412168582907,35.423331755220836],[75.69663566616966,35.41430302284451],[75.69445072443159,35.2786360984851]]]},"properties":{"ulpin":"01371478523189","parcel_id":"c95fe056-fb43-445c-b1d9-bcd0ad6d7d73","state":"Jammu & Kashmir","state_code":"JK","state_type":"UT","state_lgd_code":"1","district_lgd_code":"10","district_name":"Srinagar","subdistrict_lgd_code":"101","subdistrict_name":"Srinagar South","subdistrict_type":"Tehsil / Taluk","village_lgd_code":"12104","village_name":"Rajbagh","khasra_plot_no":"Khasra 408/Min/D163","recorded_area":"2.0","recorded_area_unit":"Kanal-Marla","normalized_area_sqm":"1011.71","gis_area_sqm":"1011.71","land_use_category":"MIXED_USE","land_use_raw":"Residential Plotted","status":"PENDING_MUTATION","data_freshness_status":"STALE","scenario_index":"19933","use_case_description":"Lease charge and institutional tenancy","mutation_workflow_status":"APPROVED","revenue_record_id":"ROR-JK-2025-1033-0163","revenue_record_type":"Jamabandi (Aapki Zameen Aapki Nigrani)","khata_khewat_no":"KHT-83","khatauni_no":"KHN-183","owner_name":"Tariq Ahmad Mir","owner_name_local":"طارق احمد میر","co_owners":"","tenure_type":"Bhumiswami / Freehold","mutation_status":"PENDING","active_mutation_id":"MUT-JK-00000163","tax_demand_status":"PAID","annual_tax_inr":"185.5","deed_number":"DEED-JK-2024-433-0163","deed_type":"Sale Deed / Conveyance","sro_office":"Sub-Registrar Office, Srinagar South","execution_date":"2024-05-10","registered_owner":"Tariq Ahmad Mir","seller_name":"Previous Landholder","consideration_amount_inr":"3500000.0","stamp_duty_inr":"210000.0","survey_sketch_id":"FMB-JK-33-0163","cadastral_sheet_no":"SHT-JK-33","surveyed_area_sqm":"1011.71","survey_status":"PENDING","urban_authority":"Srinagar South Urban Development & Town Planning Authority","zone_name":"Residential Zone","permitted_land_use":"MIXED_USE","building_permission_status":"PENDING","violations_reported":"False","is_encumbered":"True","encumbrance_certificate_number":"EC-JK-00000163-0163","encumbrance_type":"GOVT_REVENUE_LIEN","financial_institution":"","mortgage_amount":"0.0","created_at":"2026-01-15T09:00:00Z","updated_at":"2026-09-24T11:30:00Z"}},{"type":"Feature","geometry":{"type":"Polygon","coordinates":[[[74.28526668736126,33.38633845358996],[74.41366268917929,33.35596049336386],[74.4131012295597,33.52052569357473],[74.28526668736126,33.50724075692229],[74.28526668736126,33.38633845358996]]]},"properties":{"ulpin":"01734770693712","parcel_id":"0ea425e9-0912-48a3-a30b-c2a1912371ad","state":"Jammu & Kashmir","state_code":"JK","state_type":"UT","state_lgd_code":"1","district_lgd_code":"10","district_name":"Srinagar","subdistrict_lgd_code":"101","subdistrict_name":"Srinagar South","subdistrict_type":"Tehsil / Taluk","village_lgd_code":"12104","village_name":"Rajbagh","khasra_plot_no":"Khasra 408/Min/D164","recorded_area":"2.0","recorded_area_unit":"Kanal-Marla","normalized_area_sqm":"1011.71","gis_area_sqm":"1011.71","land_use_category":"OTHER","land_use_raw":"Residential Plotted","status":"SUBDIVIDED","data_freshness_status":"UNKNOWN","scenario_index":"19934","use_case_description":"Subdivision or amalgamation history review","mutation_workflow_status":"REJECTED","revenue_record_id":"ROR-JK-2025-1033-0164","revenue_record_type":"Jamabandi (Aapki Zameen Aapki Nigrani)","khata_khewat_no":"KHT-83","khatauni_no":"KHN-183","owner_name":"Tariq Ahmad Mir","owner_name_local":"طارق احمد میر","co_owners":"","tenure_type":"Leasehold","mutation_status":"UNMUTATED_TRANSACTION","active_mutation_id":"MUT-JK-00000164","tax_demand_status":"PAID","annual_tax_inr":"185.5","deed_number":"DEED-JK-2024-433-0164","deed_type":"Sale Deed / Conveyance","sro_office":"Sub-Registrar Office, Srinagar South","execution_date":"2024-05-10","registered_owner":"Registry Variance Owner 164","seller_name":"Previous Landholder","consideration_amount_inr":"3500000.0","stamp_duty_inr":"210000.0","survey_sketch_id":"FMB-JK-33-0164","cadastral_sheet_no":"SHT-JK-33","surveyed_area_sqm":"1011.71","survey_status":"DISPUTED","urban_authority":"Srinagar South Urban Development & Town Planning Authority","zone_name":"Residential Zone","permitted_land_use":"OTHER","building_permission_status":"REJECTED","violations_reported":"False","is_encumbered":"True","encumbrance_certificate_number":"EC-JK-00000164-0164","encumbrance_type":"COURT_ATTACHMENT","financial_institution":"","mortgage_amount":"0.0","created_at":"2026-01-15T09:00:00Z","updated_at":"2026-09-24T11:30:00Z"}},{"type":"Feature","geometry":{"type":"Polygon","coordinates":[[[76.4856649466984,33.31277822270821],[76.65179849504514,33.27357007527419],[76.64711743301757,33.45213417331144],[76.52306150163045,33.45213417331144],[76.4856649466984,33.31277822270821]]]},"properties":{"ulpin":"01667547068158","parcel_id":"ee79ca2b-d8a0-45eb-9982-b7d579d7421c","state":"Jammu & Kashmir","state_code":"JK","state_type":"UT","state_lgd_code":"1","district_lgd_code":"10","district_name":"Srinagar","subdistrict_lgd_code":"101","subdistrict_name":"Srinagar South","subdistrict_type":"Tehsil / Taluk","village_lgd_code":"12104","village_name":"Rajbagh","khasra_plot_no":"Khasra 408/Min/D165","recorded_area":"2.0","recorded_area_unit":"Kanal-Marla","normalized_area_sqm":"1011.71","gis_area_sqm":"1011.71","land_use_category":"RESIDENTIAL","land_use_raw":"Residential Plotted","status":"AMALGAMATED","data_freshness_status":"CURRENT","scenario_index":"19935","use_case_description":"Archived historical record for audit retrieval","mutation_workflow_status":"SLA_BREACHED","revenue_record_id":"ROR-JK-2025-1033-0165","revenue_record_type":"Jamabandi (Aapki Zameen Aapki Nigrani)","khata_khewat_no":"KHT-83","khatauni_no":"KHN-183","owner_name":"Tariq Ahmad Mir","owner_name_local":"طارق احمد میر","co_owners":"","tenure_type":"Government Grant","mutation_status":"REJECTED","active_mutation_id":"MUT-JK-00000165","tax_demand_status":"PAID","annual_tax_inr":"185.5","deed_number":"DEED-JK-2024-433-0165","deed_type":"Sale Deed / Conveyance","sro_office":"Sub-Registrar Office, Srinagar South","execution_date":"2024-05-10","registered_owner":"Tariq Ahmad Mir","seller_name":"Previous Landholder","consideration_amount_inr":"3500000.0","stamp_duty_inr":"210000.0","survey_sketch_id":"FMB-JK-33-0165","cadastral_sheet_no":"SHT-JK-33","surveyed_area_sqm":"1011.71","survey_status":"RESURVEY_REQUIRED","urban_authority":"Srinagar South Urban Development & Town Planning Authority","zone_name":"Residential Zone","permitted_land_use":"RESIDENTIAL","building_permission_status":"NOT_APPLICABLE","violations_reported":"False","is_encumbered":"True","encumbrance_certificate_number":"EC-JK-00000165-0165","encumbrance_type":"TRIBAL_NON_ALIENATION","financial_institution":"","mortgage_amount":"0.0","created_at":"2026-01-15T09:00:00Z","updated_at":"2026-09-24T11:30:00Z"}},{"type":"Feature","geometry":{"type":"Polygon","coordinates":[[[75.55668599934796,35.12612056831754],[75.70949192737157,35.08047350244218],[75.69445072443159,35.2786360984851],[75.54358166769359,35.27220053386236],[75.55668599934796,35.12612056831754]]]},"properties":{"ulpin":"01508115364017","parcel_id":"4bcd6bd3-41b6-4af5-b58b-be267b2b74c7","state":"Jammu & Kashmir","state_code":"JK","state_type":"UT","state_lgd_code":"1","district_lgd_code":"10","district_name":"Srinagar","subdistrict_lgd_code":"101","subdistrict_name":"Srinagar South","subdistrict_type":"Tehsil / Taluk","village_lgd_code":"12104","village_name":"Rajbagh","khasra_plot_no":"Khasra 408/Min/D166","recorded_area":"2.0","recorded_area_unit":"Kanal-Marla","normalized_area_sqm":"1011.71","gis_area_sqm":"1011.71","land_use_category":"COMMERCIAL","land_use_raw":"Residential Plotted","status":"DISPUTED","data_freshness_status":"STALE","scenario_index":"19936","use_case_description":"Bank mortgage and active encumbrance","mutation_workflow_status":"SUBMITTED","revenue_record_id":"ROR-JK-2025-1033-0166","revenue_record_type":"Jamabandi (Aapki Zameen Aapki Nigrani)","khata_khewat_no":"KHT-83","khatauni_no":"KHN-183","owner_name":"Tariq Ahmad Mir","owner_name_local":"طارق احمد میر","co_owners":"","tenure_type":"Waqf / Religious Trust","mutation_status":"DISPUTED","active_mutation_id":"MUT-JK-00000166","tax_demand_status":"PAID","annual_tax_inr":"185.5","deed_number":"DEED-JK-2024-433-0166","deed_type":"Sale Deed / Conveyance","sro_office":"Sub-Registrar Office, Srinagar South","execution_date":"2024-05-10","registered_owner":"Tariq Ahmad Mir","seller_name":"Previous Landholder","consideration_amount_inr":"3500000.0","stamp_duty_inr":"210000.0","survey_sketch_id":"FMB-JK-33-0166","cadastral_sheet_no":"SHT-JK-33","surveyed_area_sqm":"1011.71","survey_status":"SURVEYED","urban_authority":"Srinagar South Urban Development & Town Planning Authority","zone_name":"Residential Zone","permitted_land_use":"COMMERCIAL","building_permission_status":"SANCTIONED","violations_reported":"True","is_encumbered":"True","encumbrance_certificate_number":"EC-JK-00000166-0166","encumbrance_type":"LEASE_CHARGE","financial_institution":"","mortgage_amount":"0.0","created_at":"2026-01-15T09:00:00Z","updated_at":"2026-09-24T11:30:00Z"}},{"type":"Feature","geometry":{"type":"Polygon","coordinates":[[[76.23890737972974,34.32982355281882],[76.39212476110974,34.32982355281882],[76.42644246045923,34.513441163613436],[76.20638575722236,34.48300256528712],[76.23890737972974,34.32982355281882]]]},"properties":{"ulpin":"01618480174868","parcel_id":"c9b11e85-263a-4abc-9c65-88b35f1c2a2b","state":"Jammu & Kashmir","state_code":"JK","state_type":"UT","state_lgd_code":"1","district_lgd_code":"10","district_name":"Srinagar","subdistrict_lgd_code":"101","subdistrict_name":"Srinagar South","subdistrict_type":"Tehsil / Taluk","village_lgd_code":"12104","village_name":"Rajbagh","khasra_plot_no":"Khasra 408/Min/D167","recorded_area":"2.0","recorded_area_unit":"Kanal-Marla","normalized_area_sqm":"1011.71","gis_area_sqm":"1011.71","land_use_category":"INDUSTRIAL","land_use_raw":"Residential Plotted","status":"ARCHIVED","data_freshness_status":"UNKNOWN","scenario_index":"19937","use_case_description":"Pending sale mutation within statutory SLA","mutation_workflow_status":"UNDER_VERIFICATION","revenue_record_id":"ROR-JK-2025-1033-0167","revenue_record_type":"Jamabandi (Aapki Zameen Aapki Nigrani)","khata_khewat_no":"KHT-83","khatauni_no":"KHN-183","owner_name":"Tariq Ahmad Mir","owner_name_local":"طارق احمد میر","co_owners":"","tenure_type":"Tribal Community Tenure","mutation_status":"NONE","active_mutation_id":"MUT-JK-00000167","tax_demand_status":"PAID","annual_tax_inr":"185.5","deed_number":"DEED-JK-2024-433-0167","deed_type":"Sale Deed / Conveyance","sro_office":"Sub-Registrar Office, Srinagar South","execution_date":"2024-05-10","registered_owner":"Tariq Ahmad Mir","seller_name":"Previous Landholder","consideration_amount_inr":"3500000.0","stamp_duty_inr":"210000.0","survey_sketch_id":"FMB-JK-33-0167","cadastral_sheet_no":"SHT-JK-33","surveyed_area_sqm":"1011.71","survey_status":"PENDING","urban_authority":"Srinagar South Urban Development & Town Planning Authority","zone_name":"Residential Zone","permitted_land_use":"INDUSTRIAL","building_permission_status":"PENDING","violations_reported":"False","is_encumbered":"False","encumbrance_certificate_number":"EC-JK-2024-133-0167","encumbrance_type":"NIL","financial_institution":"","mortgage_amount":"0.0","created_at":"2026-01-15T09:00:00Z","updated_at":"2026-09-24T11:30:00Z"}},{"type":"Feature","geometry":{"type":"Polygon","coordinates":[[[76.39898514327365,35.32961122803649],[76.56390787978147,35.34406246165695],[76.56726576779029,35.502881027713215],[76.40359466965911,35.479100522812786],[76.39898514327365,35.32961122803649]]]},"properties":{"ulpin":"01873342932942","parcel_id":"384adc57-28eb-4af9-b21f-a0ed9c35c92d","state":"Jammu & Kashmir","state_code":"JK","state_type":"UT","state_lgd_code":"1","district_lgd_code":"10","district_name":"Srinagar","subdistrict_lgd_code":"101","subdistrict_name":"Srinagar South","subdistrict_type":"Tehsil / Taluk","village_lgd_code":"12104","village_name":"Rajbagh","khasra_plot_no":"Khasra 408/Min/D168","recorded_area":"2.0","recorded_area_unit":"Kanal-Marla","normalized_area_sqm":"1011.71","gis_area_sqm":"1011.71","land_use_category":"AGRICULTURAL","land_use_raw":"Residential Plotted","status":"ACTIVE","data_freshness_status":"CURRENT","scenario_index":"19938","use_case_description":"Court attachment and disputed possession","mutation_workflow_status":"NOTICE_PERIOD","revenue_record_id":"ROR-JK-2025-1033-0168","revenue_record_type":"Jamabandi (Aapki Zameen Aapki Nigrani)","khata_khewat_no":"KHT-83","khatauni_no":"KHN-183","owner_name":"Tariq Ahmad Mir","owner_name_local":"طارق احمد میر","co_owners":"","tenure_type":"Bhumiswami / Raiyati with Transferable Rights","mutation_status":"MUTATED","active_mutation_id":"","tax_demand_status":"PAID","annual_tax_inr":"185.5","deed_number":"DEED-JK-2024-433-0168","deed_type":"Sale Deed / Conveyance","sro_office":"Sub-Registrar Office, Srinagar South","execution_date":"2024-05-10","registered_owner":"Tariq Ahmad Mir","seller_name":"Previous Landholder","consideration_amount_inr":"3500000.0","stamp_duty_inr":"210000.0","survey_sketch_id":"FMB-JK-33-0168","cadastral_sheet_no":"SHT-JK-33","surveyed_area_sqm":"1011.71","survey_status":"DISPUTED","urban_authority":"Srinagar South Urban Development & Town Planning Authority","zone_name":"Residential Zone","permitted_land_use":"AGRICULTURAL","building_permission_status":"REJECTED","violations_reported":"False","is_encumbered":"True","encumbrance_certificate_number":"EC-JK-00000168-0168","encumbrance_type":"BANK_MORTGAGE","financial_institution":"","mortgage_amount":"0.0","created_at":"2026-01-15T09:00:00Z","updated_at":"2026-09-24T11:30:00Z"}},{"type":"Feature","geometry":{"type":"Polygon","coordinates":[[[74.55555501503616,33.522823874596114],[74.70382639400883,33.54917008313806],[74.70285258784043,33.70959763578171],[74.5517566262632,33.706985273851366],[74.55555501503616,33.522823874596114]]]},"properties":{"ulpin":"01131077287537","parcel_id":"15828db3-3a00-416d-b495-4cc9846aec6c","state":"Jammu & Kashmir","state_code":"JK","state_type":"UT","state_lgd_code":"1","district_lgd_code":"10","district_name":"Srinagar","subdistrict_lgd_code":"101","subdistrict_name":"Srinagar South","subdistrict_type":"Tehsil / Taluk","village_lgd_code":"12104","village_name":"Rajbagh","khasra_plot_no":"Khasra 408/Min/D169","recorded_area":"2.0","recorded_area_unit":"Kanal-Marla","normalized_area_sqm":"1011.71","gis_area_sqm":"1011.71","land_use_category":"INSTITUTIONAL","land_use_raw":"Residential Plotted","status":"PENDING_MUTATION","data_freshness_status":"STALE","scenario_index":"19939","use_case_description":"Tribal non-alienation protection review","mutation_workflow_status":"HEARING_SCHEDULED","revenue_record_id":"ROR-JK-2025-1033-0169","revenue_record_type":"Jamabandi (Aapki Zameen Aapki Nigrani)","khata_khewat_no":"KHT-83","khatauni_no":"KHN-183","owner_name":"Tariq Ahmad Mir","owner_name_local":"طارق احمد میر","co_owners":"","tenure_type":"Bhumiswami / Freehold","mutation_status":"PENDING","active_mutation_id":"MUT-JK-00000169","tax_demand_status":"PAID","annual_tax_inr":"185.5","deed_number":"DEED-JK-2024-433-0169","deed_type":"Sale Deed / Conveyance","sro_office":"Sub-Registrar Office, Srinagar South","execution_date":"2024-05-10","registered_owner":"Registry Variance Owner 169","seller_name":"Previous Landholder","consideration_amount_inr":"3500000.0","stamp_duty_inr":"210000.0","survey_sketch_id":"FMB-JK-33-0169","cadastral_sheet_no":"SHT-JK-33","surveyed_area_sqm":"1011.71","survey_status":"RESURVEY_REQUIRED","urban_authority":"Srinagar South Urban Development & Town Planning Authority","zone_name":"Residential Zone","permitted_land_use":"INSTITUTIONAL","building_permission_status":"NOT_APPLICABLE","violations_reported":"False","is_encumbered":"True","encumbrance_certificate_number":"EC-JK-00000169-0169","encumbrance_type":"GOVT_REVENUE_LIEN","financial_institution":"","mortgage_amount":"0.0","created_at":"2026-01-15T09:00:00Z","updated_at":"2026-09-24T11:30:00Z"}},{"type":"Feature","geometry":{"type":"Polygon","coordinates":[[[74.71362362474103,35.21458544631014],[74.87588550113206,35.21633996611924],[74.83562618170544,35.34712864664143],[74.71478799759304,35.35633106731014],[74.71362362474103,35.21458544631014]]]},"properties":{"ulpin":"01591637663294","parcel_id":"77d06137-813f-4611-affd-7b44e1ffeaeb","state":"Jammu & Kashmir","state_code":"JK","state_type":"UT","state_lgd_code":"1","district_lgd_code":"10","district_name":"Srinagar","subdistrict_lgd_code":"101","subdistrict_name":"Srinagar South","subdistrict_type":"Tehsil / Taluk","village_lgd_code":"12104","village_name":"Rajbagh","khasra_plot_no":"Khasra 408/Min/D170","recorded_area":"2.0","recorded_area_unit":"Kanal-Marla","normalized_area_sqm":"1011.71","gis_area_sqm":"1011.71","land_use_category":"FOREST_GREEN_BELT","land_use_raw":"Residential Plotted","status":"SUBDIVIDED","data_freshness_status":"UNKNOWN","scenario_index":"19940","use_case_description":"Lease charge and institutional tenancy","mutation_workflow_status":"APPROVED","revenue_record_id":"ROR-JK-2025-1033-0170","revenue_record_type":"Jamabandi (Aapki Zameen Aapki Nigrani)","khata_khewat_no":"KHT-83","khatauni_no":"KHN-183","owner_name":"Tariq Ahmad Mir","owner_name_local":"طارق احمد میر","co_owners":"","tenure_type":"Leasehold","mutation_status":"UNMUTATED_TRANSACTION","active_mutation_id":"MUT-JK-00000170","tax_demand_status":"PAID","annual_tax_inr":"185.5","deed_number":"DEED-JK-2024-433-0170","deed_type":"Sale Deed / Conveyance","sro_office":"Sub-Registrar Office, Srinagar South","execution_date":"2024-05-10","registered_owner":"Tariq Ahmad Mir","seller_name":"Previous Landholder","consideration_amount_inr":"3500000.0","stamp_duty_inr":"210000.0","survey_sketch_id":"FMB-JK-33-0170","cadastral_sheet_no":"SHT-JK-33","surveyed_area_sqm":"1011.71","survey_status":"SURVEYED","urban_authority":"Srinagar South Urban Development & Town Planning Authority","zone_name":"Residential Zone","permitted_land_use":"FOREST_GREEN_BELT","building_permission_status":"SANCTIONED","violations_reported":"False","is_encumbered":"True","encumbrance_certificate_number":"EC-JK-00000170-0170","encumbrance_type":"COURT_ATTACHMENT","financial_institution":"","mortgage_amount":"0.0","created_at":"2026-01-15T09:00:00Z","updated_at":"2026-09-24T11:30:00Z"}},{"type":"Feature","geometry":{"type":"Polygon","coordinates":[[[76.42644246045923,34.513441163613436],[76.59299629554445,34.51533844869626],[76.56989074324036,34.66464011121923],[76.41877248308565,34.67657052311754],[76.42644246045923,34.513441163613436]]]},"properties":{"ulpin":"01624289608783","parcel_id":"df0f6561-50e2-4b28-9608-706e1f0ea0ef","state":"Jammu & Kashmir","state_code":"JK","state_type":"UT","state_lgd_code":"1","district_lgd_code":"10","district_name":"Srinagar","subdistrict_lgd_code":"101","subdistrict_name":"Srinagar South","subdistrict_type":"Tehsil / Taluk","village_lgd_code":"12104","village_name":"Rajbagh","khasra_plot_no":"Khasra 408/Min/D171","recorded_area":"2.0","recorded_area_unit":"Kanal-Marla","normalized_area_sqm":"1011.71","gis_area_sqm":"1011.71","land_use_category":"WATER_BODY","land_use_raw":"Residential Plotted","status":"AMALGAMATED","data_freshness_status":"CURRENT","scenario_index":"19941","use_case_description":"Subdivision or amalgamation history review","mutation_workflow_status":"REJECTED","revenue_record_id":"ROR-JK-2025-1033-0171","revenue_record_type":"Jamabandi (Aapki Zameen Aapki Nigrani)","khata_khewat_no":"KHT-83","khatauni_no":"KHN-183","owner_name":"Tariq Ahmad Mir","owner_name_local":"طارق احمد میر","co_owners":"","tenure_type":"Government Grant","mutation_status":"REJECTED","active_mutation_id":"MUT-JK-00000171","tax_demand_status":"PAID","annual_tax_inr":"185.5","deed_number":"DEED-JK-2024-433-0171","deed_type":"Sale Deed / Conveyance","sro_office":"Sub-Registrar Office, Srinagar South","execution_date":"2024-05-10","registered_owner":"Tariq Ahmad Mir","seller_name":"Previous Landholder","consideration_amount_inr":"3500000.0","stamp_duty_inr":"210000.0","survey_sketch_id":"FMB-JK-33-0171","cadastral_sheet_no":"SHT-JK-33","surveyed_area_sqm":"1011.71","survey_status":"PENDING","urban_authority":"Srinagar South Urban Development & Town Planning Authority","zone_name":"Residential Zone","permitted_land_use":"WATER_BODY","building_permission_status":"PENDING","violations_reported":"False","is_encumbered":"True","encumbrance_certificate_number":"EC-JK-00000171-0171","encumbrance_type":"TRIBAL_NON_ALIENATION","financial_institution":"","mortgage_amount":"0.0","created_at":"2026-01-15T09:00:00Z","updated_at":"2026-09-24T11:30:00Z"}},{"type":"Feature","geometry":{"type":"Polygon","coordinates":[[[76.34556076713936,32.83982545513609],[76.52100291670892,32.79741380366074],[76.50958128804423,32.98346286446701],[76.34556076713936,32.975400322238755],[76.34556076713936,32.83982545513609]]]},"properties":{"ulpin":"01240521325916","parcel_id":"71d8e081-d8f2-4f84-a727-6c8bd824677c","state":"Jammu & Kashmir","state_code":"JK","state_type":"UT","state_lgd_code":"1","district_lgd_code":"10","district_name":"Srinagar","subdistrict_lgd_code":"101","subdistrict_name":"Srinagar South","subdistrict_type":"Tehsil / Taluk","village_lgd_code":"12104","village_name":"Rajbagh","khasra_plot_no":"Khasra 408/Min/D172","recorded_area":"2.0","recorded_area_unit":"Kanal-Marla","normalized_area_sqm":"1011.71","gis_area_sqm":"1011.71","land_use_category":"MIXED_USE","land_use_raw":"Residential Plotted","status":"DISPUTED","data_freshness_status":"STALE","scenario_index":"19942","use_case_description":"Archived historical record for audit retrieval","mutation_workflow_status":"SLA_BREACHED","revenue_record_id":"ROR-JK-2025-1033-0172","revenue_record_type":"Jamabandi (Aapki Zameen Aapki Nigrani)","khata_khewat_no":"KHT-83","khatauni_no":"KHN-183","owner_name":"Tariq Ahmad Mir","owner_name_local":"طارق احمد میر","co_owners":"","tenure_type":"Waqf / Religious Trust","mutation_status":"DISPUTED","active_mutation_id":"MUT-JK-00000172","tax_demand_status":"PAID","annual_tax_inr":"185.5","deed_number":"DEED-JK-2024-433-0172","deed_type":"Sale Deed / Conveyance","sro_office":"Sub-Registrar Office, Srinagar South","execution_date":"2024-05-10","registered_owner":"Tariq Ahmad Mir","seller_name":"Previous Landholder","consideration_amount_inr":"3500000.0","stamp_duty_inr":"210000.0","survey_sketch_id":"FMB-JK-33-0172","cadastral_sheet_no":"SHT-JK-33","surveyed_area_sqm":"1011.71","survey_status":"DISPUTED","urban_authority":"Srinagar South Urban Development & Town Planning Authority","zone_name":"Residential Zone","permitted_land_use":"MIXED_USE","building_permission_status":"REJECTED","violations_reported":"False","is_encumbered":"True","encumbrance_certificate_number":"EC-JK-00000172-0172","encumbrance_type":"LEASE_CHARGE","financial_institution":"","mortgage_amount":"0.0","created_at":"2026-01-15T09:00:00Z","updated_at":"2026-09-24T11:30:00Z"}},{"type":"Feature","geometry":{"type":"Polygon","coordinates":[[[76.82706650666945,33.275905234201296],[76.97751787727931,33.27923033457881],[76.97751787727931,33.45213417331144],[76.83900542320167,33.45213417331144],[76.82706650666945,33.275905234201296]]]},"properties":{"ulpin":"01779433939260","parcel_id":"4d5a04e5-2c20-404c-ac71-c7547480a881","state":"Jammu & Kashmir","state_code":"JK","state_type":"UT","state_lgd_code":"1","district_lgd_code":"10","district_name":"Srinagar","subdistrict_lgd_code":"101","subdistrict_name":"Srinagar South","subdistrict_type":"Tehsil / Taluk","village_lgd_code":"12104","village_name":"Rajbagh","khasra_plot_no":"Khasra 408/Min/D173","recorded_area":"2.0","recorded_area_unit":"Kanal-Marla","normalized_area_sqm":"1011.71","gis_area_sqm":"1011.71","land_use_category":"OTHER","land_use_raw":"Residential Plotted","status":"ARCHIVED","data_freshness_status":"UNKNOWN","scenario_index":"19943","use_case_description":"Bank mortgage and active encumbrance","mutation_workflow_status":"SUBMITTED","revenue_record_id":"ROR-JK-2025-1033-0173","revenue_record_type":"Jamabandi (Aapki Zameen Aapki Nigrani)","khata_khewat_no":"KHT-83","khatauni_no":"KHN-183","owner_name":"Tariq Ahmad Mir","owner_name_local":"طارق احمد میر","co_owners":"","tenure_type":"Tribal Community Tenure","mutation_status":"NONE","active_mutation_id":"MUT-JK-00000173","tax_demand_status":"PAID","annual_tax_inr":"185.5","deed_number":"DEED-JK-2024-433-0173","deed_type":"Sale Deed / Conveyance","sro_office":"Sub-Registrar Office, Srinagar South","execution_date":"2024-05-10","registered_owner":"Tariq Ahmad Mir","seller_name":"Previous Landholder","consideration_amount_inr":"3500000.0","stamp_duty_inr":"210000.0","survey_sketch_id":"FMB-JK-33-0173","cadastral_sheet_no":"SHT-JK-33","surveyed_area_sqm":"1011.71","survey_status":"RESURVEY_REQUIRED","urban_authority":"Srinagar South Urban Development & Town Planning Authority","zone_name":"Residential Zone","permitted_land_use":"OTHER","building_permission_status":"NOT_APPLICABLE","violations_reported":"True","is_encumbered":"False","encumbrance_certificate_number":"EC-JK-2024-133-0173","encumbrance_type":"NIL","financial_institution":"","mortgage_amount":"0.0","created_at":"2026-01-15T09:00:00Z","updated_at":"2026-09-24T11:30:00Z"}},{"type":"Feature","geometry":{"type":"Polygon","coordinates":[[[74.40988968627222,33.07575943378992],[74.56395034142503,33.0545889579005],[74.55221845872234,33.243582690806825],[74.41624455495192,33.23797326052254],[74.40988968627222,33.07575943378992]]]},"properties":{"ulpin":"01393642104932","parcel_id":"907bcbac-a675-475d-a4bf-e054300c089c","state":"Jammu & Kashmir","state_code":"JK","state_type":"UT","state_lgd_code":"1","district_lgd_code":"10","district_name":"Srinagar","subdistrict_lgd_code":"101","subdistrict_name":"Srinagar South","subdistrict_type":"Tehsil / Taluk","village_lgd_code":"12104","village_name":"Rajbagh","khasra_plot_no":"Khasra 408/Min/D174","recorded_area":"2.0","recorded_area_unit":"Kanal-Marla","normalized_area_sqm":"1011.71","gis_area_sqm":"1011.71","land_use_category":"RESIDENTIAL","land_use_raw":"Residential Plotted","status":"ACTIVE","data_freshness_status":"CURRENT","scenario_index":"19944","use_case_description":"Government revenue lien and tax demand","mutation_workflow_status":"UNDER_VERIFICATION","revenue_record_id":"ROR-JK-2025-1033-0174","revenue_record_type":"Jamabandi (Aapki Zameen Aapki Nigrani)","khata_khewat_no":"KHT-83","khatauni_no":"KHN-183","owner_name":"Tariq Ahmad Mir","owner_name_local":"طارق احمد میر","co_owners":"","tenure_type":"Bhumiswami / Raiyati with Transferable Rights","mutation_status":"MUTATED","active_mutation_id":"","tax_demand_status":"PAID","annual_tax_inr":"185.5","deed_number":"DEED-JK-2024-433-0174","deed_type":"Sale Deed / Conveyance","sro_office":"Sub-Registrar Office, Srinagar South","execution_date":"2024-05-10","registered_owner":"Registry Variance Owner 174","seller_name":"Previous Landholder","consideration_amount_inr":"3500000.0","stamp_duty_inr":"210000.0","survey_sketch_id":"FMB-JK-33-0174","cadastral_sheet_no":"SHT-JK-33","surveyed_area_sqm":"1011.71","survey_status":"SURVEYED","urban_authority":"Srinagar South Urban Development & Town Planning Authority","zone_name":"Residential Zone","permitted_land_use":"RESIDENTIAL","building_permission_status":"SANCTIONED","violations_reported":"False","is_encumbered":"True","encumbrance_certificate_number":"EC-JK-00000174-0174","encumbrance_type":"BANK_MORTGAGE","financial_institution":"","mortgage_amount":"0.0","created_at":"2026-01-15T09:00:00Z","updated_at":"2026-09-24T11:30:00Z"}},{"type":"Feature","geometry":{"type":"Polygon","coordinates":[[[76.81476572865367,32.99253433145041],[76.97751787727931,32.97020606385576],[76.97751787727931,33.126838151465904],[76.80920242336025,33.14262244294344],[76.81476572865367,32.99253433145041]]]},"properties":{"ulpin":"01676925000930","parcel_id":"807f3766-5346-4283-a468-6e69b86707b9","state":"Jammu & Kashmir","state_code":"JK","state_type":"UT","state_lgd_code":"1","district_lgd_code":"10","district_name":"Srinagar","subdistrict_lgd_code":"101","subdistrict_name":"Srinagar South","subdistrict_type":"Tehsil / Taluk","village_lgd_code":"12104","village_name":"Rajbagh","khasra_plot_no":"Khasra 408/Min/D175","recorded_area":"2.0","recorded_area_unit":"Kanal-Marla","normalized_area_sqm":"1011.71","gis_area_sqm":"1011.71","land_use_category":"COMMERCIAL","land_use_raw":"Residential Plotted","status":"PENDING_MUTATION","data_freshness_status":"STALE","scenario_index":"19945","use_case_description":"Court attachment and disputed possession","mutation_workflow_status":"NOTICE_PERIOD","revenue_record_id":"ROR-JK-2025-1033-0175","revenue_record_type":"Jamabandi (Aapki Zameen Aapki Nigrani)","khata_khewat_no":"KHT-83","khatauni_no":"KHN-183","owner_name":"Tariq Ahmad Mir","owner_name_local":"طارق احمد میر","co_owners":"","tenure_type":"Bhumiswami / Freehold","mutation_status":"PENDING","active_mutation_id":"MUT-JK-00000175","tax_demand_status":"PAID","annual_tax_inr":"185.5","deed_number":"DEED-JK-2024-433-0175","deed_type":"Sale Deed / Conveyance","sro_office":"Sub-Registrar Office, Srinagar South","execution_date":"2024-05-10","registered_owner":"Tariq Ahmad Mir","seller_name":"Previous Landholder","consideration_amount_inr":"3500000.0","stamp_duty_inr":"210000.0","survey_sketch_id":"FMB-JK-33-0175","cadastral_sheet_no":"SHT-JK-33","surveyed_area_sqm":"1011.71","survey_status":"PENDING","urban_authority":"Srinagar South Urban Development & Town Planning Authority","zone_name":"Residential Zone","permitted_land_use":"COMMERCIAL","building_permission_status":"PENDING","violations_reported":"False","is_encumbered":"True","encumbrance_certificate_number":"EC-JK-00000175-0175","encumbrance_type":"GOVT_REVENUE_LIEN","financial_institution":"","mortgage_amount":"0.0","created_at":"2026-01-15T09:00:00Z","updated_at":"2026-09-24T11:30:00Z"}},{"type":"Feature","geometry":{"type":"Polygon","coordinates":[[[74.40745360906743,35.19584499678033],[74.57079199736036,35.21664786316635],[74.54698029859361,35.33774231967005],[74.40745360906743,35.342247729317414],[74.40745360906743,35.19584499678033]]]},"properties":{"ulpin":"01972987676372","parcel_id":"a16d03e9-4c51-4422-8ac0-aacb7e08f177","state":"Jammu & Kashmir","state_code":"JK","state_type":"UT","state_lgd_code":"1","district_lgd_code":"10","district_name":"Srinagar","subdistrict_lgd_code":"101","subdistrict_name":"Srinagar South","subdistrict_type":"Tehsil / Taluk","village_lgd_code":"12104","village_name":"Rajbagh","khasra_plot_no":"Khasra 408/Min/D176","recorded_area":"2.0","recorded_area_unit":"Kanal-Marla","normalized_area_sqm":"1011.71","gis_area_sqm":"1011.71","land_use_category":"INDUSTRIAL","land_use_raw":"Residential Plotted","status":"SUBDIVIDED","data_freshness_status":"UNKNOWN","scenario_index":"19946","use_case_description":"Tribal non-alienation protection review","mutation_workflow_status":"HEARING_SCHEDULED","revenue_record_id":"ROR-JK-2025-1033-0176","revenue_record_type":"Jamabandi (Aapki Zameen Aapki Nigrani)","khata_khewat_no":"KHT-83","khatauni_no":"KHN-183","owner_name":"Tariq Ahmad Mir","owner_name_local":"طارق احمد میر","co_owners":"","tenure_type":"Leasehold","mutation_status":"UNMUTATED_TRANSACTION","active_mutation_id":"MUT-JK-00000176","tax_demand_status":"PAID","annual_tax_inr":"185.5","deed_number":"DEED-JK-2024-433-0176","deed_type":"Sale Deed / Conveyance","sro_office":"Sub-Registrar Office, Srinagar South","execution_date":"2024-05-10","registered_owner":"Tariq Ahmad Mir","seller_name":"Previous Landholder","consideration_amount_inr":"3500000.0","stamp_duty_inr":"210000.0","survey_sketch_id":"FMB-JK-33-0176","cadastral_sheet_no":"SHT-JK-33","surveyed_area_sqm":"1011.71","survey_status":"DISPUTED","urban_authority":"Srinagar South Urban Development & Town Planning Authority","zone_name":"Residential Zone","permitted_land_use":"INDUSTRIAL","building_permission_status":"REJECTED","violations_reported":"False","is_encumbered":"True","encumbrance_certificate_number":"EC-JK-00000176-0176","encumbrance_type":"COURT_ATTACHMENT","financial_institution":"","mortgage_amount":"0.0","created_at":"2026-01-15T09:00:00Z","updated_at":"2026-09-24T11:30:00Z"}},{"type":"Feature","geometry":{"type":"Polygon","coordinates":[[[75.29593518518574,33.09842494487442],[75.4554671108797,33.06837722565129],[75.4625077744909,33.224287830037845],[75.289959728941,33.213949149311134],[75.29593518518574,33.09842494487442]]]},"properties":{"ulpin":"01397666409049","parcel_id":"89214652-711c-4869-bf84-f2352d774e97","state":"Jammu & Kashmir","state_code":"JK","state_type":"UT","state_lgd_code":"1","district_lgd_code":"10","district_name":"Srinagar","subdistrict_lgd_code":"101","subdistrict_name":"Srinagar South","subdistrict_type":"Tehsil / Taluk","village_lgd_code":"12104","village_name":"Rajbagh","khasra_plot_no":"Khasra 408/Min/D177","recorded_area":"2.0","recorded_area_unit":"Kanal-Marla","normalized_area_sqm":"1011.71","gis_area_sqm":"1011.71","land_use_category":"AGRICULTURAL","land_use_raw":"Residential Plotted","status":"AMALGAMATED","data_freshness_status":"CURRENT","scenario_index":"19947","use_case_description":"Lease charge and institutional tenancy","mutation_workflow_status":"APPROVED","revenue_record_id":"ROR-JK-2025-1033-0177","revenue_record_type":"Jamabandi (Aapki Zameen Aapki Nigrani)","khata_khewat_no":"KHT-83","khatauni_no":"KHN-183","owner_name":"Tariq Ahmad Mir","owner_name_local":"طارق احمد میر","co_owners":"","tenure_type":"Government Grant","mutation_status":"REJECTED","active_mutation_id":"MUT-JK-00000177","tax_demand_status":"PAID","annual_tax_inr":"185.5","deed_number":"DEED-JK-2024-433-0177","deed_type":"Sale Deed / Conveyance","sro_office":"Sub-Registrar Office, Srinagar South","execution_date":"2024-05-10","registered_owner":"Tariq Ahmad Mir","seller_name":"Previous Landholder","consideration_amount_inr":"3500000.0","stamp_duty_inr":"210000.0","survey_sketch_id":"FMB-JK-33-0177","cadastral_sheet_no":"SHT-JK-33","surveyed_area_sqm":"1011.71","survey_status":"RESURVEY_REQUIRED","urban_authority":"Srinagar South Urban Development & Town Planning Authority","zone_name":"Residential Zone","permitted_land_use":"AGRICULTURAL","building_permission_status":"NOT_APPLICABLE","violations_reported":"False","is_encumbered":"True","encumbrance_certificate_number":"EC-JK-00000177-0177","encumbrance_type":"TRIBAL_NON_ALIENATION","financial_institution":"","mortgage_amount":"0.0","created_at":"2026-01-15T09:00:00Z","updated_at":"2026-09-24T11:30:00Z"}},{"type":"Feature","geometry":{"type":"Polygon","coordinates":[[[75.16384250526589,33.075367875430565],[75.29593518518574,33.09842494487442],[75.289959728941,33.213949149311134],[75.16384250526589,33.22675732596958],[75.16384250526589,33.075367875430565]]]},"properties":{"ulpin":"01524365868235","parcel_id":"4b378b64-dd97-49e5-a14e-da4f56791f7a","state":"Jammu & Kashmir","state_code":"JK","state_type":"UT","state_lgd_code":"1","district_lgd_code":"10","district_name":"Srinagar","subdistrict_lgd_code":"101","subdistrict_name":"Srinagar South","subdistrict_type":"Tehsil / Taluk","village_lgd_code":"12104","village_name":"Rajbagh","khasra_plot_no":"Khasra 408/Min/D178","recorded_area":"2.0","recorded_area_unit":"Kanal-Marla","normalized_area_sqm":"1011.71","gis_area_sqm":"1011.71","land_use_category":"INSTITUTIONAL","land_use_raw":"Residential Plotted","status":"DISPUTED","data_freshness_status":"STALE","scenario_index":"19948","use_case_description":"Subdivision or amalgamation history review","mutation_workflow_status":"REJECTED","revenue_record_id":"ROR-JK-2025-1033-0178","revenue_record_type":"Jamabandi (Aapki Zameen Aapki Nigrani)","khata_khewat_no":"KHT-83","khatauni_no":"KHN-183","owner_name":"Tariq Ahmad Mir","owner_name_local":"طارق احمد میر","co_owners":"","tenure_type":"Waqf / Religious Trust","mutation_status":"DISPUTED","active_mutation_id":"MUT-JK-00000178","tax_demand_status":"PAID","annual_tax_inr":"185.5","deed_number":"DEED-JK-2024-433-0178","deed_type":"Sale Deed / Conveyance","sro_office":"Sub-Registrar Office, Srinagar South","execution_date":"2024-05-10","registered_owner":"Tariq Ahmad Mir","seller_name":"Previous Landholder","consideration_amount_inr":"3500000.0","stamp_duty_inr":"210000.0","survey_sketch_id":"FMB-JK-33-0178","cadastral_sheet_no":"SHT-JK-33","surveyed_area_sqm":"1011.71","survey_status":"SURVEYED","urban_authority":"Srinagar South Urban Development & Town Planning Authority","zone_name":"Residential Zone","permitted_land_use":"INSTITUTIONAL","building_permission_status":"SANCTIONED","violations_reported":"False","is_encumbered":"True","encumbrance_certificate_number":"EC-JK-00000178-0178","encumbrance_type":"LEASE_CHARGE","financial_institution":"","mortgage_amount":"0.0","created_at":"2026-01-15T09:00:00Z","updated_at":"2026-09-24T11:30:00Z"}},{"type":"Feature","geometry":{"type":"Polygon","coordinates":[[[75.57700959761634,35.606477413619324],[75.69679456402929,35.59994573257447],[75.70019432350708,35.749495389638305],[75.54343422931699,35.749495389638305],[75.57700959761634,35.606477413619324]]]},"properties":{"ulpin":"01002612292368","parcel_id":"0df2dadb-5ae6-4e39-a639-b69d9aedad3d","state":"Jammu & Kashmir","state_code":"JK","state_type":"UT","state_lgd_code":"1","district_lgd_code":"10","district_name":"Srinagar","subdistrict_lgd_code":"101","subdistrict_name":"Srinagar South","subdistrict_type":"Tehsil / Taluk","village_lgd_code":"12104","village_name":"Rajbagh","khasra_plot_no":"Khasra 408/Min/D179","recorded_area":"2.0","recorded_area_unit":"Kanal-Marla","normalized_area_sqm":"1011.71","gis_area_sqm":"1011.71","land_use_category":"FOREST_GREEN_BELT","land_use_raw":"Residential Plotted","status":"ARCHIVED","data_freshness_status":"UNKNOWN","scenario_index":"19949","use_case_description":"Archived historical record for audit retrieval","mutation_workflow_status":"SLA_BREACHED","revenue_record_id":"ROR-JK-2025-1033-0179","revenue_record_type":"Jamabandi (Aapki Zameen Aapki Nigrani)","khata_khewat_no":"KHT-83","khatauni_no":"KHN-183","owner_name":"Tariq Ahmad Mir","owner_name_local":"طارق احمد میر","co_owners":"","tenure_type":"Tribal Community Tenure","mutation_status":"NONE","active_mutation_id":"MUT-JK-00000179","tax_demand_status":"PAID","annual_tax_inr":"185.5","deed_number":"DEED-JK-2024-433-0179","deed_type":"Sale Deed / Conveyance","sro_office":"Sub-Registrar Office, Srinagar South","execution_date":"2024-05-10","registered_owner":"Registry Variance Owner 179","seller_name":"Previous Landholder","consideration_amount_inr":"3500000.0","stamp_duty_inr":"210000.0","survey_sketch_id":"FMB-JK-33-0179","cadastral_sheet_no":"SHT-JK-33","surveyed_area_sqm":"1011.71","survey_status":"PENDING","urban_authority":"Srinagar South Urban Development & Town Planning Authority","zone_name":"Residential Zone","permitted_land_use":"FOREST_GREEN_BELT","building_permission_status":"PENDING","violations_reported":"False","is_encumbered":"False","encumbrance_certificate_number":"EC-JK-2024-133-0179","encumbrance_type":"NIL","financial_institution":"","mortgage_amount":"0.0","created_at":"2026-01-15T09:00:00Z","updated_at":"2026-09-24T11:30:00Z"}},{"type":"Feature","geometry":{"type":"Polygon","coordinates":[[[76.56863103315021,35.0058958876242],[76.76959432686851,34.98910962931378],[76.76959432686851,35.17065790698543],[76.58527695387566,35.16252811908526],[76.56863103315021,35.0058958876242]]]},"properties":{"ulpin":"01393186595579","parcel_id":"8e671c39-beb2-438f-9855-c2df3fcd5665","state":"Jammu & Kashmir","state_code":"JK","state_type":"UT","state_lgd_code":"1","district_lgd_code":"10","district_name":"Srinagar","subdistrict_lgd_code":"101","subdistrict_name":"Srinagar South","subdistrict_type":"Tehsil / Taluk","village_lgd_code":"12104","village_name":"Rajbagh","khasra_plot_no":"Khasra 408/Min/D180","recorded_area":"2.0","recorded_area_unit":"Kanal-Marla","normalized_area_sqm":"1011.71","gis_area_sqm":"1011.71","land_use_category":"WATER_BODY","land_use_raw":"Residential Plotted","status":"ACTIVE","data_freshness_status":"CURRENT","scenario_index":"19950","use_case_description":"Bank mortgage and active encumbrance","mutation_workflow_status":"SUBMITTED","revenue_record_id":"ROR-JK-2025-1033-0180","revenue_record_type":"Jamabandi (Aapki Zameen Aapki Nigrani)","khata_khewat_no":"KHT-83","khatauni_no":"KHN-183","owner_name":"Tariq Ahmad Mir","owner_name_local":"طارق احمد میر","co_owners":"","tenure_type":"Bhumiswami / Raiyati with Transferable Rights","mutation_status":"MUTATED","active_mutation_id":"","tax_demand_status":"PAID","annual_tax_inr":"185.5","deed_number":"DEED-JK-2024-433-0180","deed_type":"Sale Deed / Conveyance","sro_office":"Sub-Registrar Office, Srinagar South","execution_date":"2024-05-10","registered_owner":"Tariq Ahmad Mir","seller_name":"Previous Landholder","consideration_amount_inr":"3500000.0","stamp_duty_inr":"210000.0","survey_sketch_id":"FMB-JK-33-0180","cadastral_sheet_no":"SHT-JK-33","surveyed_area_sqm":"1011.71","survey_status":"DISPUTED","urban_authority":"Srinagar South Urban Development & Town Planning Authority","zone_name":"Residential Zone","permitted_land_use":"WATER_BODY","building_permission_status":"REJECTED","violations_reported":"True","is_encumbered":"True","encumbrance_certificate_number":"EC-JK-00000180-0180","encumbrance_type":"BANK_MORTGAGE","financial_institution":"","mortgage_amount":"0.0","created_at":"2026-01-15T09:00:00Z","updated_at":"2026-09-24T11:30:00Z"}},{"type":"Feature","geometry":{"type":"Polygon","coordinates":[[[75.29651855127584,32.671345908945405],[75.45555051205807,32.671345908945405],[75.46996924248347,32.79138534497725],[75.2930945397389,32.81375440351252],[75.29651855127584,32.671345908945405]]]},"properties":{"ulpin":"01680804173631","parcel_id":"c14b38d0-5733-4358-8371-8c4c849e02b0","state":"Jammu & Kashmir","state_code":"JK","state_type":"UT","state_lgd_code":"1","district_lgd_code":"10","district_name":"Srinagar","subdistrict_lgd_code":"101","subdistrict_name":"Srinagar South","subdistrict_type":"Tehsil / Taluk","village_lgd_code":"12104","village_name":"Rajbagh","khasra_plot_no":"Khasra 408/Min/D181","recorded_area":"2.0","recorded_area_unit":"Kanal-Marla","normalized_area_sqm":"1011.71","gis_area_sqm":"1011.71","land_use_category":"MIXED_USE","land_use_raw":"Residential Plotted","status":"PENDING_MUTATION","data_freshness_status":"STALE","scenario_index":"19951","use_case_description":"Government revenue lien and tax demand","mutation_workflow_status":"UNDER_VERIFICATION","revenue_record_id":"ROR-JK-2025-1033-0181","revenue_record_type":"Jamabandi (Aapki Zameen Aapki Nigrani)","khata_khewat_no":"KHT-83","khatauni_no":"KHN-183","owner_name":"Tariq Ahmad Mir","owner_name_local":"طارق احمد میر","co_owners":"","tenure_type":"Bhumiswami / Freehold","mutation_status":"PENDING","active_mutation_id":"MUT-JK-00000181","tax_demand_status":"PAID","annual_tax_inr":"185.5","deed_number":"DEED-JK-2024-433-0181","deed_type":"Sale Deed / Conveyance","sro_office":"Sub-Registrar Office, Srinagar South","execution_date":"2024-05-10","registered_owner":"Tariq Ahmad Mir","seller_name":"Previous Landholder","consideration_amount_inr":"3500000.0","stamp_duty_inr":"210000.0","survey_sketch_id":"FMB-JK-33-0181","cadastral_sheet_no":"SHT-JK-33","surveyed_area_sqm":"1011.71","survey_status":"RESURVEY_REQUIRED","urban_authority":"Srinagar South Urban Development & Town Planning Authority","zone_name":"Residential Zone","permitted_land_use":"MIXED_USE","building_permission_status":"NOT_APPLICABLE","violations_reported":"False","is_encumbered":"True","encumbrance_certificate_number":"EC-JK-00000181-0181","encumbrance_type":"GOVT_REVENUE_LIEN","financial_institution":"","mortgage_amount":"0.0","created_at":"2026-01-15T09:00:00Z","updated_at":"2026-09-24T11:30:00Z"}},{"type":"Feature","geometry":{"type":"Polygon","coordinates":[[[76.49882653651954,32.52467824848291],[76.67167178292806,32.51020386704238],[76.64593164618695,32.66835756467544],[76.49999067237506,32.66156394611088],[76.49882653651954,32.52467824848291]]]},"properties":{"ulpin":"01174090011366","parcel_id":"74fbe7e4-4321-4ebb-9ba5-2823797426b6","state":"Jammu & Kashmir","state_code":"JK","state_type":"UT","state_lgd_code":"1","district_lgd_code":"10","district_name":"Srinagar","subdistrict_lgd_code":"101","subdistrict_name":"Srinagar South","subdistrict_type":"Tehsil / Taluk","village_lgd_code":"12104","village_name":"Rajbagh","khasra_plot_no":"Khasra 408/Min/D182","recorded_area":"2.0","recorded_area_unit":"Kanal-Marla","normalized_area_sqm":"1011.71","gis_area_sqm":"1011.71","land_use_category":"OTHER","land_use_raw":"Residential Plotted","status":"SUBDIVIDED","data_freshness_status":"UNKNOWN","scenario_index":"19952","use_case_description":"Court attachment and disputed possession","mutation_workflow_status":"NOTICE_PERIOD","revenue_record_id":"ROR-JK-2025-1033-0182","revenue_record_type":"Jamabandi (Aapki Zameen Aapki Nigrani)","khata_khewat_no":"KHT-83","khatauni_no":"KHN-183","owner_name":"Tariq Ahmad Mir","owner_name_local":"طارق احمد میر","co_owners":"","tenure_type":"Leasehold","mutation_status":"UNMUTATED_TRANSACTION","active_mutation_id":"MUT-JK-00000182","tax_demand_status":"PAID","annual_tax_inr":"185.5","deed_number":"DEED-JK-2024-433-0182","deed_type":"Sale Deed / Conveyance","sro_office":"Sub-Registrar Office, Srinagar South","execution_date":"2024-05-10","registered_owner":"Tariq Ahmad Mir","seller_name":"Previous Landholder","consideration_amount_inr":"3500000.0","stamp_duty_inr":"210000.0","survey_sketch_id":"FMB-JK-33-0182","cadastral_sheet_no":"SHT-JK-33","surveyed_area_sqm":"1011.71","survey_status":"SURVEYED","urban_authority":"Srinagar South Urban Development & Town Planning Authority","zone_name":"Residential Zone","permitted_land_use":"OTHER","building_permission_status":"SANCTIONED","violations_reported":"False","is_encumbered":"True","encumbrance_certificate_number":"EC-JK-00000182-0182","encumbrance_type":"COURT_ATTACHMENT","financial_institution":"","mortgage_amount":"0.0","created_at":"2026-01-15T09:00:00Z","updated_at":"2026-09-24T11:30:00Z"}},{"type":"Feature","geometry":{"type":"Polygon","coordinates":[[[74.55221845872234,33.243582690806825],[74.68181683861232,33.20289497954883],[74.68917096578858,33.379749123647244],[74.56670292701126,33.38095833042718],[74.55221845872234,33.243582690806825]]]},"properties":{"ulpin":"01519985610053","parcel_id":"265a7694-e2c1-4a8a-82fe-b4171cd4f9be","state":"Jammu & Kashmir","state_code":"JK","state_type":"UT","state_lgd_code":"1","district_lgd_code":"10","district_name":"Srinagar","subdistrict_lgd_code":"101","subdistrict_name":"Srinagar South","subdistrict_type":"Tehsil / Taluk","village_lgd_code":"12104","village_name":"Rajbagh","khasra_plot_no":"Khasra 408/Min/D183","recorded_area":"2.0","recorded_area_unit":"Kanal-Marla","normalized_area_sqm":"1011.71","gis_area_sqm":"1011.71","land_use_category":"RESIDENTIAL","land_use_raw":"Residential Plotted","status":"AMALGAMATED","data_freshness_status":"CURRENT","scenario_index":"19953","use_case_description":"Tribal non-alienation protection review","mutation_workflow_status":"HEARING_SCHEDULED","revenue_record_id":"ROR-JK-2025-1033-0183","revenue_record_type":"Jamabandi (Aapki Zameen Aapki Nigrani)","khata_khewat_no":"KHT-83","khatauni_no":"KHN-183","owner_name":"Tariq Ahmad Mir","owner_name_local":"طارق احمد میر","co_owners":"","tenure_type":"Government Grant","mutation_status":"REJECTED","active_mutation_id":"MUT-JK-00000183","tax_demand_status":"PAID","annual_tax_inr":"185.5","deed_number":"DEED-JK-2024-433-0183","deed_type":"Sale Deed / Conveyance","sro_office":"Sub-Registrar Office, Srinagar South","execution_date":"2024-05-10","registered_owner":"Tariq Ahmad Mir","seller_name":"Previous Landholder","consideration_amount_inr":"3500000.0","stamp_duty_inr":"210000.0","survey_sketch_id":"FMB-JK-33-0183","cadastral_sheet_no":"SHT-JK-33","surveyed_area_sqm":"1011.71","survey_status":"PENDING","urban_authority":"Srinagar South Urban Development & Town Planning Authority","zone_name":"Residential Zone","permitted_land_use":"RESIDENTIAL","building_permission_status":"PENDING","violations_reported":"False","is_encumbered":"True","encumbrance_certificate_number":"EC-JK-00000183-0183","encumbrance_type":"TRIBAL_NON_ALIENATION","financial_institution":"","mortgage_amount":"0.0","created_at":"2026-01-15T09:00:00Z","updated_at":"2026-09-24T11:30:00Z"}},{"type":"Feature","geometry":{"type":"Polygon","coordinates":[[[76.82450078756979,32.02497120190489],[76.97751787727931,32.02497120190489],[76.97751787727931,32.17209139350921],[76.82479226956745,32.17392470864459],[76.82450078756979,32.02497120190489]]]},"properties":{"ulpin":"01661368948714","parcel_id":"82843da8-0935-40bf-bf0e-9b4b7b2be0ed","state":"Jammu & Kashmir","state_code":"JK","state_type":"UT","state_lgd_code":"1","district_lgd_code":"10","district_name":"Srinagar","subdistrict_lgd_code":"101","subdistrict_name":"Srinagar South","subdistrict_type":"Tehsil / Taluk","village_lgd_code":"12104","village_name":"Rajbagh","khasra_plot_no":"Khasra 408/Min/D184","recorded_area":"2.0","recorded_area_unit":"Kanal-Marla","normalized_area_sqm":"1011.71","gis_area_sqm":"1011.71","land_use_category":"COMMERCIAL","land_use_raw":"Residential Plotted","status":"DISPUTED","data_freshness_status":"STALE","scenario_index":"19954","use_case_description":"Lease charge and institutional tenancy","mutation_workflow_status":"APPROVED","revenue_record_id":"ROR-JK-2025-1033-0184","revenue_record_type":"Jamabandi (Aapki Zameen Aapki Nigrani)","khata_khewat_no":"KHT-83","khatauni_no":"KHN-183","owner_name":"Tariq Ahmad Mir","owner_name_local":"طارق احمد میر","co_owners":"","tenure_type":"Waqf / Religious Trust","mutation_status":"DISPUTED","active_mutation_id":"MUT-JK-00000184","tax_demand_status":"PAID","annual_tax_inr":"185.5","deed_number":"DEED-JK-2024-433-0184","deed_type":"Sale Deed / Conveyance","sro_office":"Sub-Registrar Office, Srinagar South","execution_date":"2024-05-10","registered_owner":"Registry Variance Owner 184","seller_name":"Previous Landholder","consideration_amount_inr":"3500000.0","stamp_duty_inr":"210000.0","survey_sketch_id":"FMB-JK-33-0184","cadastral_sheet_no":"SHT-JK-33","surveyed_area_sqm":"1011.71","survey_status":"DISPUTED","urban_authority":"Srinagar South Urban Development & Town Planning Authority","zone_name":"Residential Zone","permitted_land_use":"COMMERCIAL","building_permission_status":"REJECTED","violations_reported":"False","is_encumbered":"True","encumbrance_certificate_number":"EC-JK-00000184-0184","encumbrance_type":"LEASE_CHARGE","financial_institution":"","mortgage_amount":"0.0","created_at":"2026-01-15T09:00:00Z","updated_at":"2026-09-24T11:30:00Z"}},{"type":"Feature","geometry":{"type":"Polygon","coordinates":[[[74.42954294631232,32.75713742365471],[74.57303560421339,32.75713742365471],[74.55831942355319,32.915257644168086],[74.43055147871202,32.90359945734708],[74.42954294631232,32.75713742365471]]]},"properties":{"ulpin":"01707702506854","parcel_id":"bf4dbb43-3eae-4f6e-b72b-142de3456b7b","state":"Jammu & Kashmir","state_code":"JK","state_type":"UT","state_lgd_code":"1","district_lgd_code":"10","district_name":"Srinagar","subdistrict_lgd_code":"101","subdistrict_name":"Srinagar South","subdistrict_type":"Tehsil / Taluk","village_lgd_code":"12104","village_name":"Rajbagh","khasra_plot_no":"Khasra 408/Min/D185","recorded_area":"2.0","recorded_area_unit":"Kanal-Marla","normalized_area_sqm":"1011.71","gis_area_sqm":"1011.71","land_use_category":"INDUSTRIAL","land_use_raw":"Residential Plotted","status":"ARCHIVED","data_freshness_status":"UNKNOWN","scenario_index":"19955","use_case_description":"Cadastral area discrepancy requiring resurvey","mutation_workflow_status":"REJECTED","revenue_record_id":"ROR-JK-2025-1033-0185","revenue_record_type":"Jamabandi (Aapki Zameen Aapki Nigrani)","khata_khewat_no":"KHT-83","khatauni_no":"KHN-183","owner_name":"Tariq Ahmad Mir","owner_name_local":"طارق احمد میر","co_owners":"","tenure_type":"Tribal Community Tenure","mutation_status":"NONE","active_mutation_id":"MUT-JK-00000185","tax_demand_status":"PAID","annual_tax_inr":"185.5","deed_number":"DEED-JK-2024-433-0185","deed_type":"Sale Deed / Conveyance","sro_office":"Sub-Registrar Office, Srinagar South","execution_date":"2024-05-10","registered_owner":"Tariq Ahmad Mir","seller_name":"Previous Landholder","consideration_amount_inr":"3500000.0","stamp_duty_inr":"210000.0","survey_sketch_id":"FMB-JK-33-0185","cadastral_sheet_no":"SHT-JK-33","surveyed_area_sqm":"1011.71","survey_status":"RESURVEY_REQUIRED","urban_authority":"Srinagar South Urban Development & Town Planning Authority","zone_name":"Residential Zone","permitted_land_use":"INDUSTRIAL","building_permission_status":"NOT_APPLICABLE","violations_reported":"False","is_encumbered":"False","encumbrance_certificate_number":"EC-JK-2024-133-0185","encumbrance_type":"NIL","financial_institution":"","mortgage_amount":"0.0","created_at":"2026-01-15T09:00:00Z","updated_at":"2026-09-24T11:30:00Z"}},{"type":"Feature","geometry":{"type":"Polygon","coordinates":[[[76.2451756689645,34.67857253767313],[76.41877248308565,34.67657052311754],[76.40845542573857,34.827204395671465],[76.20655910667753,34.82819479011094],[76.2451756689645,34.67857253767313]]]},"properties":{"ulpin":"01904293784960","parcel_id":"4837a1de-e0b5-41b9-bcd3-7fdb8dba2520","state":"Jammu & Kashmir","state_code":"JK","state_type":"UT","state_lgd_code":"1","district_lgd_code":"10","district_name":"Srinagar","subdistrict_lgd_code":"101","subdistrict_name":"Srinagar South","subdistrict_type":"Tehsil / Taluk","village_lgd_code":"12104","village_name":"Rajbagh","khasra_plot_no":"Khasra 408/Min/D186","recorded_area":"2.0","recorded_area_unit":"Kanal-Marla","normalized_area_sqm":"1011.71","gis_area_sqm":"1011.71","land_use_category":"AGRICULTURAL","land_use_raw":"Residential Plotted","status":"ACTIVE","data_freshness_status":"CURRENT","scenario_index":"19956","use_case_description":"Archived historical record for audit retrieval","mutation_workflow_status":"SLA_BREACHED","revenue_record_id":"ROR-JK-2025-1033-0186","revenue_record_type":"Jamabandi (Aapki Zameen Aapki Nigrani)","khata_khewat_no":"KHT-83","khatauni_no":"KHN-183","owner_name":"Tariq Ahmad Mir","owner_name_local":"طارق احمد میر","co_owners":"","tenure_type":"Bhumiswami / Raiyati with Transferable Rights","mutation_status":"MUTATED","active_mutation_id":"","tax_demand_status":"PAID","annual_tax_inr":"185.5","deed_number":"DEED-JK-2024-433-0186","deed_type":"Sale Deed / Conveyance","sro_office":"Sub-Registrar Office, Srinagar South","execution_date":"2024-05-10","registered_owner":"Tariq Ahmad Mir","seller_name":"Previous Landholder","consideration_amount_inr":"3500000.0","stamp_duty_inr":"210000.0","survey_sketch_id":"FMB-JK-33-0186","cadastral_sheet_no":"SHT-JK-33","surveyed_area_sqm":"1011.71","survey_status":"SURVEYED","urban_authority":"Srinagar South Urban Development & Town Planning Authority","zone_name":"Residential Zone","permitted_land_use":"AGRICULTURAL","building_permission_status":"SANCTIONED","violations_reported":"False","is_encumbered":"True","encumbrance_certificate_number":"EC-JK-00000186-0186","encumbrance_type":"BANK_MORTGAGE","financial_institution":"","mortgage_amount":"0.0","created_at":"2026-01-15T09:00:00Z","updated_at":"2026-09-24T11:30:00Z"}},{"type":"Feature","geometry":{"type":"Polygon","coordinates":[[[74.70768205173493,34.70505487648024],[74.87361472581556,34.66697231586109],[74.86173713155388,34.805041758869606],[74.69709506544292,34.812903490214914],[74.70768205173493,34.70505487648024]]]},"properties":{"ulpin":"01389733325646","parcel_id":"45f801f0-d0f0-4d48-91f9-c68d99691f53","state":"Jammu & Kashmir","state_code":"JK","state_type":"UT","state_lgd_code":"1","district_lgd_code":"10","district_name":"Srinagar","subdistrict_lgd_code":"101","subdistrict_name":"Srinagar South","subdistrict_type":"Tehsil / Taluk","village_lgd_code":"12104","village_name":"Rajbagh","khasra_plot_no":"Khasra 408/Min/D187","recorded_area":"2.0","recorded_area_unit":"Kanal-Marla","normalized_area_sqm":"1011.71","gis_area_sqm":"1011.71","land_use_category":"INSTITUTIONAL","land_use_raw":"Residential Plotted","status":"PENDING_MUTATION","data_freshness_status":"STALE","scenario_index":"19957","use_case_description":"Bank mortgage and active encumbrance","mutation_workflow_status":"SUBMITTED","revenue_record_id":"ROR-JK-2025-1033-0187","revenue_record_type":"Jamabandi (Aapki Zameen Aapki Nigrani)","khata_khewat_no":"KHT-83","khatauni_no":"KHN-183","owner_name":"Tariq Ahmad Mir","owner_name_local":"طارق احمد میر","co_owners":"","tenure_type":"Bhumiswami / Freehold","mutation_status":"PENDING","active_mutation_id":"MUT-JK-00000187","tax_demand_status":"PAID","annual_tax_inr":"185.5","deed_number":"DEED-JK-2024-433-0187","deed_type":"Sale Deed / Conveyance","sro_office":"Sub-Registrar Office, Srinagar South","execution_date":"2024-05-10","registered_owner":"Tariq Ahmad Mir","seller_name":"Previous Landholder","consideration_amount_inr":"3500000.0","stamp_duty_inr":"210000.0","survey_sketch_id":"FMB-JK-33-0187","cadastral_sheet_no":"SHT-JK-33","surveyed_area_sqm":"1011.71","survey_status":"PENDING","urban_authority":"Srinagar South Urban Development & Town Planning Authority","zone_name":"Residential Zone","permitted_land_use":"INSTITUTIONAL","building_permission_status":"PENDING","violations_reported":"True","is_encumbered":"True","encumbrance_certificate_number":"EC-JK-00000187-0187","encumbrance_type":"GOVT_REVENUE_LIEN","financial_institution":"","mortgage_amount":"0.0","created_at":"2026-01-15T09:00:00Z","updated_at":"2026-09-24T11:30:00Z"}},{"type":"Feature","geometry":{"type":"Polygon","coordinates":[[[74.40745360906743,34.94186645913248],[74.57843557611879,34.941783138207605],[74.53893850286495,35.07874549756363],[74.40745360906743,35.08480910832653],[74.40745360906743,34.94186645913248]]]},"properties":{"ulpin":"01250552118027","parcel_id":"bea2494b-b256-4678-bbd6-4f11311b5609","state":"Jammu & Kashmir","state_code":"JK","state_type":"UT","state_lgd_code":"1","district_lgd_code":"10","district_name":"Srinagar","subdistrict_lgd_code":"101","subdistrict_name":"Srinagar South","subdistrict_type":"Tehsil / Taluk","village_lgd_code":"12104","village_name":"Rajbagh","khasra_plot_no":"Khasra 408/Min/D188","recorded_area":"2.0","recorded_area_unit":"Kanal-Marla","normalized_area_sqm":"1011.71","gis_area_sqm":"1011.71","land_use_category":"FOREST_GREEN_BELT","land_use_raw":"Residential Plotted","status":"SUBDIVIDED","data_freshness_status":"UNKNOWN","scenario_index":"19958","use_case_description":"Government revenue lien and tax demand","mutation_workflow_status":"UNDER_VERIFICATION","revenue_record_id":"ROR-JK-2025-1033-0188","revenue_record_type":"Jamabandi (Aapki Zameen Aapki Nigrani)","khata_khewat_no":"KHT-83","khatauni_no":"KHN-183","owner_name":"Tariq Ahmad Mir","owner_name_local":"طارق احمد میر","co_owners":"","tenure_type":"Leasehold","mutation_status":"UNMUTATED_TRANSACTION","active_mutation_id":"MUT-JK-00000188","tax_demand_status":"PAID","annual_tax_inr":"185.5","deed_number":"DEED-JK-2024-433-0188","deed_type":"Sale Deed / Conveyance","sro_office":"Sub-Registrar Office, Srinagar South","execution_date":"2024-05-10","registered_owner":"Tariq Ahmad Mir","seller_name":"Previous Landholder","consideration_amount_inr":"3500000.0","stamp_duty_inr":"210000.0","survey_sketch_id":"FMB-JK-33-0188","cadastral_sheet_no":"SHT-JK-33","surveyed_area_sqm":"1011.71","survey_status":"DISPUTED","urban_authority":"Srinagar South Urban Development & Town Planning Authority","zone_name":"Residential Zone","permitted_land_use":"FOREST_GREEN_BELT","building_permission_status":"REJECTED","violations_reported":"False","is_encumbered":"True","encumbrance_certificate_number":"EC-JK-00000188-0188","encumbrance_type":"COURT_ATTACHMENT","financial_institution":"","mortgage_amount":"0.0","created_at":"2026-01-15T09:00:00Z","updated_at":"2026-09-24T11:30:00Z"}},{"type":"Feature","geometry":{"type":"Polygon","coordinates":[[[75.27673402432268,34.96330551548531],[75.39441585217084,34.96426870346432],[75.43137341102872,35.12310231531859],[75.27673402432268,35.12224325389766],[75.27673402432268,34.96330551548531]]]},"properties":{"ulpin":"01835716080734","parcel_id":"6be27466-ef16-499f-9f3d-7cf0193963fd","state":"Jammu & Kashmir","state_code":"JK","state_type":"UT","state_lgd_code":"1","district_lgd_code":"10","district_name":"Srinagar","subdistrict_lgd_code":"101","subdistrict_name":"Srinagar South","subdistrict_type":"Tehsil / Taluk","village_lgd_code":"12104","village_name":"Rajbagh","khasra_plot_no":"Khasra 408/Min/D189","recorded_area":"2.0","recorded_area_unit":"Kanal-Marla","normalized_area_sqm":"1011.71","gis_area_sqm":"1011.71","land_use_category":"WATER_BODY","land_use_raw":"Residential Plotted","status":"AMALGAMATED","data_freshness_status":"CURRENT","scenario_index":"19959","use_case_description":"Court attachment and disputed possession","mutation_workflow_status":"NOTICE_PERIOD","revenue_record_id":"ROR-JK-2025-1033-0189","revenue_record_type":"Jamabandi (Aapki Zameen Aapki Nigrani)","khata_khewat_no":"KHT-83","khatauni_no":"KHN-183","owner_name":"Tariq Ahmad Mir","owner_name_local":"طارق احمد میر","co_owners":"","tenure_type":"Government Grant","mutation_status":"REJECTED","active_mutation_id":"MUT-JK-00000189","tax_demand_status":"PAID","annual_tax_inr":"185.5","deed_number":"DEED-JK-2024-433-0189","deed_type":"Sale Deed / Conveyance","sro_office":"Sub-Registrar Office, Srinagar South","execution_date":"2024-05-10","registered_owner":"Registry Variance Owner 189","seller_name":"Previous Landholder","consideration_amount_inr":"3500000.0","stamp_duty_inr":"210000.0","survey_sketch_id":"FMB-JK-33-0189","cadastral_sheet_no":"SHT-JK-33","surveyed_area_sqm":"1011.71","survey_status":"RESURVEY_REQUIRED","urban_authority":"Srinagar South Urban Development & Town Planning Authority","zone_name":"Residential Zone","permitted_land_use":"WATER_BODY","building_permission_status":"NOT_APPLICABLE","violations_reported":"False","is_encumbered":"True","encumbrance_certificate_number":"EC-JK-00000189-0189","encumbrance_type":"TRIBAL_NON_ALIENATION","financial_institution":"","mortgage_amount":"0.0","created_at":"2026-01-15T09:00:00Z","updated_at":"2026-09-24T11:30:00Z"}},{"type":"Feature","geometry":{"type":"Polygon","coordinates":[[[76.03196053402428,34.32982355281882],[76.23890737972974,34.32982355281882],[76.20638575722236,34.48300256528712],[76.03196053402428,34.51060213964243],[76.03196053402428,34.32982355281882]]]},"properties":{"ulpin":"01105624327791","parcel_id":"e5af88ca-3f58-4739-a326-364f76542ea3","state":"Jammu & Kashmir","state_code":"JK","state_type":"UT","state_lgd_code":"1","district_lgd_code":"10","district_name":"Srinagar","subdistrict_lgd_code":"101","subdistrict_name":"Srinagar South","subdistrict_type":"Tehsil / Taluk","village_lgd_code":"12104","village_name":"Rajbagh","khasra_plot_no":"Khasra 408/Min/D190","recorded_area":"2.0","recorded_area_unit":"Kanal-Marla","normalized_area_sqm":"1011.71","gis_area_sqm":"1011.71","land_use_category":"MIXED_USE","land_use_raw":"Residential Plotted","status":"DISPUTED","data_freshness_status":"STALE","scenario_index":"19960","use_case_description":"Tribal non-alienation protection review","mutation_workflow_status":"HEARING_SCHEDULED","revenue_record_id":"ROR-JK-2025-1033-0190","revenue_record_type":"Jamabandi (Aapki Zameen Aapki Nigrani)","khata_khewat_no":"KHT-83","khatauni_no":"KHN-183","owner_name":"Tariq Ahmad Mir","owner_name_local":"طارق احمد میر","co_owners":"","tenure_type":"Waqf / Religious Trust","mutation_status":"DISPUTED","active_mutation_id":"MUT-JK-00000190","tax_demand_status":"PAID","annual_tax_inr":"185.5","deed_number":"DEED-JK-2024-433-0190","deed_type":"Sale Deed / Conveyance","sro_office":"Sub-Registrar Office, Srinagar South","execution_date":"2024-05-10","registered_owner":"Tariq Ahmad Mir","seller_name":"Previous Landholder","consideration_amount_inr":"3500000.0","stamp_duty_inr":"210000.0","survey_sketch_id":"FMB-JK-33-0190","cadastral_sheet_no":"SHT-JK-33","surveyed_area_sqm":"1011.71","survey_status":"SURVEYED","urban_authority":"Srinagar South Urban Development & Town Planning Authority","zone_name":"Residential Zone","permitted_land_use":"MIXED_USE","building_permission_status":"SANCTIONED","violations_reported":"False","is_encumbered":"True","encumbrance_certificate_number":"EC-JK-00000190-0190","encumbrance_type":"LEASE_CHARGE","financial_institution":"","mortgage_amount":"0.0","created_at":"2026-01-15T09:00:00Z","updated_at":"2026-09-24T11:30:00Z"}},{"type":"Feature","geometry":{"type":"Polygon","coordinates":[[[74.86313545524979,35.084007199711955],[75.00046021741915,35.06610025993427],[75.00046021741915,35.22655576235352],[74.87588550113206,35.21633996611924],[74.86313545524979,35.084007199711955]]]},"properties":{"ulpin":"01420197729837","parcel_id":"7b2d1d2d-cc77-4045-937e-f275e8280c93","state":"Jammu & Kashmir","state_code":"JK","state_type":"UT","state_lgd_code":"1","district_lgd_code":"10","district_name":"Srinagar","subdistrict_lgd_code":"101","subdistrict_name":"Srinagar South","subdistrict_type":"Tehsil / Taluk","village_lgd_code":"12104","village_name":"Rajbagh","khasra_plot_no":"Khasra 408/Min/D191","recorded_area":"2.0","recorded_area_unit":"Kanal-Marla","normalized_area_sqm":"1011.71","gis_area_sqm":"1011.71","land_use_category":"OTHER","land_use_raw":"Residential Plotted","status":"ARCHIVED","data_freshness_status":"UNKNOWN","scenario_index":"19961","use_case_description":"Tribal non-alienation protection review","mutation_workflow_status":"APPROVED","revenue_record_id":"ROR-JK-2025-1033-0191","revenue_record_type":"Jamabandi (Aapki Zameen Aapki Nigrani)","khata_khewat_no":"KHT-83","khatauni_no":"KHN-183","owner_name":"Tariq Ahmad Mir","owner_name_local":"طارق احمد میر","co_owners":"","tenure_type":"Tribal Community Tenure","mutation_status":"NONE","active_mutation_id":"MUT-JK-00000191","tax_demand_status":"PAID","annual_tax_inr":"185.5","deed_number":"DEED-JK-2024-433-0191","deed_type":"Sale Deed / Conveyance","sro_office":"Sub-Registrar Office, Srinagar South","execution_date":"2024-05-10","registered_owner":"Tariq Ahmad Mir","seller_name":"Previous Landholder","consideration_amount_inr":"3500000.0","stamp_duty_inr":"210000.0","survey_sketch_id":"FMB-JK-33-0191","cadastral_sheet_no":"SHT-JK-33","surveyed_area_sqm":"1011.71","survey_status":"PENDING","urban_authority":"Srinagar South Urban Development & Town Planning Authority","zone_name":"Residential Zone","permitted_land_use":"OTHER","building_permission_status":"PENDING","violations_reported":"False","is_encumbered":"False","encumbrance_certificate_number":"EC-JK-2024-133-0191","encumbrance_type":"NIL","financial_institution":"","mortgage_amount":"0.0","created_at":"2026-01-15T09:00:00Z","updated_at":"2026-09-24T11:30:00Z"}},{"type":"Feature","geometry":{"type":"Polygon","coordinates":[[[76.34556076713936,33.14741980268388],[76.49306618507393,33.12536572538064],[76.4856649466984,33.31277822270821],[76.34556076713936,33.28650716595016],[76.34556076713936,33.14741980268388]]]},"properties":{"ulpin":"01484764393768","parcel_id":"590b70f1-e567-46cc-9199-b9990371c2ae","state":"Jammu & Kashmir","state_code":"JK","state_type":"UT","state_lgd_code":"1","district_lgd_code":"10","district_name":"Srinagar","subdistrict_lgd_code":"101","subdistrict_name":"Srinagar South","subdistrict_type":"Tehsil / Taluk","village_lgd_code":"12104","village_name":"Rajbagh","khasra_plot_no":"Khasra 408/Min/D192","recorded_area":"2.0","recorded_area_unit":"Kanal-Marla","normalized_area_sqm":"1011.71","gis_area_sqm":"1011.71","land_use_category":"RESIDENTIAL","land_use_raw":"Residential Plotted","status":"ACTIVE","data_freshness_status":"CURRENT","scenario_index":"19962","use_case_description":"Subdivision or amalgamation history review","mutation_workflow_status":"REJECTED","revenue_record_id":"ROR-JK-2025-1033-0192","revenue_record_type":"Jamabandi (Aapki Zameen Aapki Nigrani)","khata_khewat_no":"KHT-83","khatauni_no":"KHN-183","owner_name":"Tariq Ahmad Mir","owner_name_local":"طارق احمد میر","co_owners":"","tenure_type":"Bhumiswami / Raiyati with Transferable Rights","mutation_status":"MUTATED","active_mutation_id":"","tax_demand_status":"PAID","annual_tax_inr":"185.5","deed_number":"DEED-JK-2024-433-0192","deed_type":"Sale Deed / Conveyance","sro_office":"Sub-Registrar Office, Srinagar South","execution_date":"2024-05-10","registered_owner":"Tariq Ahmad Mir","seller_name":"Previous Landholder","consideration_amount_inr":"3500000.0","stamp_duty_inr":"210000.0","survey_sketch_id":"FMB-JK-33-0192","cadastral_sheet_no":"SHT-JK-33","surveyed_area_sqm":"1011.71","survey_status":"DISPUTED","urban_authority":"Srinagar South Urban Development & Town Planning Authority","zone_name":"Residential Zone","permitted_land_use":"RESIDENTIAL","building_permission_status":"REJECTED","violations_reported":"False","is_encumbered":"True","encumbrance_certificate_number":"EC-JK-00000192-0192","encumbrance_type":"BANK_MORTGAGE","financial_institution":"","mortgage_amount":"0.0","created_at":"2026-01-15T09:00:00Z","updated_at":"2026-09-24T11:30:00Z"}},{"type":"Feature","geometry":{"type":"Polygon","coordinates":[[[75.45188853918145,33.49115197723439],[75.6212724091769,33.48217024505777],[75.59986522480534,33.62005369506917],[75.47411443226653,33.62068604423149],[75.45188853918145,33.49115197723439]]]},"properties":{"ulpin":"01152741769281","parcel_id":"bce78207-d800-4af5-9f46-d57038568f3a","state":"Jammu & Kashmir","state_code":"JK","state_type":"UT","state_lgd_code":"1","district_lgd_code":"10","district_name":"Srinagar","subdistrict_lgd_code":"101","subdistrict_name":"Srinagar South","subdistrict_type":"Tehsil / Taluk","village_lgd_code":"12104","village_name":"Rajbagh","khasra_plot_no":"Khasra 408/Min/D193","recorded_area":"2.0","recorded_area_unit":"Kanal-Marla","normalized_area_sqm":"1011.71","gis_area_sqm":"1011.71","land_use_category":"COMMERCIAL","land_use_raw":"Residential Plotted","status":"PENDING_MUTATION","data_freshness_status":"STALE","scenario_index":"19963","use_case_description":"Archived historical record for audit retrieval","mutation_workflow_status":"SLA_BREACHED","revenue_record_id":"ROR-JK-2025-1033-0193","revenue_record_type":"Jamabandi (Aapki Zameen Aapki Nigrani)","khata_khewat_no":"KHT-83","khatauni_no":"KHN-183","owner_name":"Tariq Ahmad Mir","owner_name_local":"طارق احمد میر","co_owners":"","tenure_type":"Bhumiswami / Freehold","mutation_status":"PENDING","active_mutation_id":"MUT-JK-00000193","tax_demand_status":"PAID","annual_tax_inr":"185.5","deed_number":"DEED-JK-2024-433-0193","deed_type":"Sale Deed / Conveyance","sro_office":"Sub-Registrar Office, Srinagar South","execution_date":"2024-05-10","registered_owner":"Tariq Ahmad Mir","seller_name":"Previous Landholder","consideration_amount_inr":"3500000.0","stamp_duty_inr":"210000.0","survey_sketch_id":"FMB-JK-33-0193","cadastral_sheet_no":"SHT-JK-33","surveyed_area_sqm":"1011.71","survey_status":"RESURVEY_REQUIRED","urban_authority":"Srinagar South Urban Development & Town Planning Authority","zone_name":"Residential Zone","permitted_land_use":"COMMERCIAL","building_permission_status":"NOT_APPLICABLE","violations_reported":"False","is_encumbered":"True","encumbrance_certificate_number":"EC-JK-00000193-0193","encumbrance_type":"GOVT_REVENUE_LIEN","financial_institution":"","mortgage_amount":"0.0","created_at":"2026-01-15T09:00:00Z","updated_at":"2026-09-24T11:30:00Z"}},{"type":"Feature","geometry":{"type":"Polygon","coordinates":[[[76.59299629554445,34.51533844869626],[76.76959432686851,34.51053171517567],[76.76959432686851,34.67785187566888],[76.56989074324036,34.66464011121923],[76.59299629554445,34.51533844869626]]]},"properties":{"ulpin":"01962602678509","parcel_id":"8dd4f28e-c916-40fe-942c-e4f67f319335","state":"Jammu & Kashmir","state_code":"JK","state_type":"UT","state_lgd_code":"1","district_lgd_code":"10","district_name":"Srinagar","subdistrict_lgd_code":"101","subdistrict_name":"Srinagar South","subdistrict_type":"Tehsil / Taluk","village_lgd_code":"12104","village_name":"Rajbagh","khasra_plot_no":"Khasra 408/Min/D194","recorded_area":"2.0","recorded_area_unit":"Kanal-Marla","normalized_area_sqm":"1011.71","gis_area_sqm":"1011.71","land_use_category":"INDUSTRIAL","land_use_raw":"Residential Plotted","status":"SUBDIVIDED","data_freshness_status":"UNKNOWN","scenario_index":"19964","use_case_description":"Bank mortgage and active encumbrance","mutation_workflow_status":"SUBMITTED","revenue_record_id":"ROR-JK-2025-1033-0194","revenue_record_type":"Jamabandi (Aapki Zameen Aapki Nigrani)","khata_khewat_no":"KHT-83","khatauni_no":"KHN-183","owner_name":"Tariq Ahmad Mir","owner_name_local":"طارق احمد میر","co_owners":"","tenure_type":"Leasehold","mutation_status":"UNMUTATED_TRANSACTION","active_mutation_id":"MUT-JK-00000194","tax_demand_status":"PAID","annual_tax_inr":"185.5","deed_number":"DEED-JK-2024-433-0194","deed_type":"Sale Deed / Conveyance","sro_office":"Sub-Registrar Office, Srinagar South","execution_date":"2024-05-10","registered_owner":"Registry Variance Owner 194","seller_name":"Previous Landholder","consideration_amount_inr":"3500000.0","stamp_duty_inr":"210000.0","survey_sketch_id":"FMB-JK-33-0194","cadastral_sheet_no":"SHT-JK-33","surveyed_area_sqm":"1011.71","survey_status":"SURVEYED","urban_authority":"Srinagar South Urban Development & Town Planning Authority","zone_name":"Residential Zone","permitted_land_use":"INDUSTRIAL","building_permission_status":"SANCTIONED","violations_reported":"True","is_encumbered":"True","encumbrance_certificate_number":"EC-JK-00000194-0194","encumbrance_type":"COURT_ATTACHMENT","financial_institution":"","mortgage_amount":"0.0","created_at":"2026-01-15T09:00:00Z","updated_at":"2026-09-24T11:30:00Z"}},{"type":"Feature","geometry":{"type":"Polygon","coordinates":[[[74.40745360906743,34.68449473438094],[74.54295244825025,34.67936775911418],[74.53323282011011,34.83023098001989],[74.40745360906743,34.80213310796065],[74.40745360906743,34.68449473438094]]]},"properties":{"ulpin":"01083786907978","parcel_id":"9a1f4e90-58b8-41ee-bf07-e7e2b13ba574","state":"Jammu & Kashmir","state_code":"JK","state_type":"UT","state_lgd_code":"1","district_lgd_code":"10","district_name":"Srinagar","subdistrict_lgd_code":"101","subdistrict_name":"Srinagar South","subdistrict_type":"Tehsil / Taluk","village_lgd_code":"12104","village_name":"Rajbagh","khasra_plot_no":"Khasra 408/Min/D195","recorded_area":"2.0","recorded_area_unit":"Kanal-Marla","normalized_area_sqm":"1011.71","gis_area_sqm":"1011.71","land_use_category":"AGRICULTURAL","land_use_raw":"Residential Plotted","status":"AMALGAMATED","data_freshness_status":"CURRENT","scenario_index":"19965","use_case_description":"Government revenue lien and tax demand","mutation_workflow_status":"UNDER_VERIFICATION","revenue_record_id":"ROR-JK-2025-1033-0195","revenue_record_type":"Jamabandi (Aapki Zameen Aapki Nigrani)","khata_khewat_no":"KHT-83","khatauni_no":"KHN-183","owner_name":"Tariq Ahmad Mir","owner_name_local":"طارق احمد میر","co_owners":"","tenure_type":"Government Grant","mutation_status":"REJECTED","active_mutation_id":"MUT-JK-00000195","tax_demand_status":"PAID","annual_tax_inr":"185.5","deed_number":"DEED-JK-2024-433-0195","deed_type":"Sale Deed / Conveyance","sro_office":"Sub-Registrar Office, Srinagar South","execution_date":"2024-05-10","registered_owner":"Tariq Ahmad Mir","seller_name":"Previous Landholder","consideration_amount_inr":"3500000.0","stamp_duty_inr":"210000.0","survey_sketch_id":"FMB-JK-33-0195","cadastral_sheet_no":"SHT-JK-33","surveyed_area_sqm":"1011.71","survey_status":"PENDING","urban_authority":"Srinagar South Urban Development & Town Planning Authority","zone_name":"Residential Zone","permitted_land_use":"AGRICULTURAL","building_permission_status":"PENDING","violations_reported":"False","is_encumbered":"True","encumbrance_certificate_number":"EC-JK-00000195-0195","encumbrance_type":"TRIBAL_NON_ALIENATION","financial_institution":"","mortgage_amount":"0.0","created_at":"2026-01-15T09:00:00Z","updated_at":"2026-09-24T11:30:00Z"}},{"type":"Feature","geometry":{"type":"Polygon","coordinates":[[[76.34556076713936,32.51006974579911],[76.49882653651954,32.52467824848291],[76.49999067237506,32.66156394611088],[76.34556076713936,32.64535462663703],[76.34556076713936,32.51006974579911]]]},"properties":{"ulpin":"01343802206415","parcel_id":"dbdbddb8-ac4c-48f5-967b-ea564c73b162","state":"Jammu & Kashmir","state_code":"JK","state_type":"UT","state_lgd_code":"1","district_lgd_code":"10","district_name":"Srinagar","subdistrict_lgd_code":"101","subdistrict_name":"Srinagar South","subdistrict_type":"Tehsil / Taluk","village_lgd_code":"12104","village_name":"Rajbagh","khasra_plot_no":"Khasra 408/Min/D196","recorded_area":"2.0","recorded_area_unit":"Kanal-Marla","normalized_area_sqm":"1011.71","gis_area_sqm":"1011.71","land_use_category":"INSTITUTIONAL","land_use_raw":"Residential Plotted","status":"DISPUTED","data_freshness_status":"STALE","scenario_index":"19966","use_case_description":"Court attachment and disputed possession","mutation_workflow_status":"NOTICE_PERIOD","revenue_record_id":"ROR-JK-2025-1033-0196","revenue_record_type":"Jamabandi (Aapki Zameen Aapki Nigrani)","khata_khewat_no":"KHT-83","khatauni_no":"KHN-183","owner_name":"Tariq Ahmad Mir","owner_name_local":"طارق احمد میر","co_owners":"","tenure_type":"Waqf / Religious Trust","mutation_status":"DISPUTED","active_mutation_id":"MUT-JK-00000196","tax_demand_status":"PAID","annual_tax_inr":"185.5","deed_number":"DEED-JK-2024-433-0196","deed_type":"Sale Deed / Conveyance","sro_office":"Sub-Registrar Office, Srinagar South","execution_date":"2024-05-10","registered_owner":"Tariq Ahmad Mir","seller_name":"Previous Landholder","consideration_amount_inr":"3500000.0","stamp_duty_inr":"210000.0","survey_sketch_id":"FMB-JK-33-0196","cadastral_sheet_no":"SHT-JK-33","surveyed_area_sqm":"1011.71","survey_status":"DISPUTED","urban_authority":"Srinagar South Urban Development & Town Planning Authority","zone_name":"Residential Zone","permitted_land_use":"INSTITUTIONAL","building_permission_status":"REJECTED","violations_reported":"False","is_encumbered":"True","encumbrance_certificate_number":"EC-JK-00000196-0196","encumbrance_type":"LEASE_CHARGE","financial_institution":"","mortgage_amount":"0.0","created_at":"2026-01-15T09:00:00Z","updated_at":"2026-09-24T11:30:00Z"}},{"type":"Feature","geometry":{"type":"Polygon","coordinates":[[[75.16384250526589,33.768358697182016],[75.30577919221147,33.74848618556786],[75.2925491485462,33.88895053642799],[75.16384250526589,33.88895053642799],[75.16384250526589,33.768358697182016]]]},"properties":{"ulpin":"01678860863186","parcel_id":"cf7c7a33-67c6-4dfb-9d6d-c7cae2b627f4","state":"Jammu & Kashmir","state_code":"JK","state_type":"UT","state_lgd_code":"1","district_lgd_code":"10","district_name":"Srinagar","subdistrict_lgd_code":"101","subdistrict_name":"Srinagar South","subdistrict_type":"Tehsil / Taluk","village_lgd_code":"12104","village_name":"Rajbagh","khasra_plot_no":"Khasra 408/Min/D197","recorded_area":"2.0","recorded_area_unit":"Kanal-Marla","normalized_area_sqm":"1011.71","gis_area_sqm":"1011.71","land_use_category":"FOREST_GREEN_BELT","land_use_raw":"Residential Plotted","status":"ARCHIVED","data_freshness_status":"UNKNOWN","scenario_index":"19967","use_case_description":"Pending sale mutation within statutory SLA","mutation_workflow_status":"HEARING_SCHEDULED","revenue_record_id":"ROR-JK-2025-1033-0197","revenue_record_type":"Jamabandi (Aapki Zameen Aapki Nigrani)","khata_khewat_no":"KHT-83","khatauni_no":"KHN-183","owner_name":"Tariq Ahmad Mir","owner_name_local":"طارق احمد میر","co_owners":"","tenure_type":"Tribal Community Tenure","mutation_status":"NONE","active_mutation_id":"MUT-JK-00000197","tax_demand_status":"PAID","annual_tax_inr":"185.5","deed_number":"DEED-JK-2024-433-0197","deed_type":"Sale Deed / Conveyance","sro_office":"Sub-Registrar Office, Srinagar South","execution_date":"2024-05-10","registered_owner":"Tariq Ahmad Mir","seller_name":"Previous Landholder","consideration_amount_inr":"3500000.0","stamp_duty_inr":"210000.0","survey_sketch_id":"FMB-JK-33-0197","cadastral_sheet_no":"SHT-JK-33","surveyed_area_sqm":"1011.71","survey_status":"RESURVEY_REQUIRED","urban_authority":"Srinagar South Urban Development & Town Planning Authority","zone_name":"Residential Zone","permitted_land_use":"FOREST_GREEN_BELT","building_permission_status":"NOT_APPLICABLE","violations_reported":"False","is_encumbered":"False","encumbrance_certificate_number":"EC-JK-2024-133-0197","encumbrance_type":"NIL","financial_institution":"","mortgage_amount":"0.0","created_at":"2026-01-15T09:00:00Z","updated_at":"2026-09-24T11:30:00Z"}},{"type":"Feature","geometry":{"type":"Polygon","coordinates":[[[74.69478616606412,32.917841028500256],[74.83166572572443,32.93373216775624],[74.83166572572443,33.06400940300401],[74.67558368966391,33.046122362185244],[74.69478616606412,32.917841028500256]]]},"properties":{"ulpin":"01702255509521","parcel_id":"fea7ceb9-1078-449f-a7b5-781d996dcec7","state":"Jammu & Kashmir","state_code":"JK","state_type":"UT","state_lgd_code":"1","district_lgd_code":"10","district_name":"Srinagar","subdistrict_lgd_code":"101","subdistrict_name":"Srinagar South","subdistrict_type":"Tehsil / Taluk","village_lgd_code":"12104","village_name":"Rajbagh","khasra_plot_no":"Khasra 408/Min/D198","recorded_area":"2.0","recorded_area_unit":"Kanal-Marla","normalized_area_sqm":"1011.71","gis_area_sqm":"1011.71","land_use_category":"WATER_BODY","land_use_raw":"Residential Plotted","status":"ACTIVE","data_freshness_status":"CURRENT","scenario_index":"19968","use_case_description":"Lease charge and institutional tenancy","mutation_workflow_status":"APPROVED","revenue_record_id":"ROR-JK-2025-1033-0198","revenue_record_type":"Jamabandi (Aapki Zameen Aapki Nigrani)","khata_khewat_no":"KHT-83","khatauni_no":"KHN-183","owner_name":"Tariq Ahmad Mir","owner_name_local":"طارق احمد میر","co_owners":"","tenure_type":"Bhumiswami / Raiyati with Transferable Rights","mutation_status":"MUTATED","active_mutation_id":"","tax_demand_status":"PAID","annual_tax_inr":"185.5","deed_number":"DEED-JK-2024-433-0198","deed_type":"Sale Deed / Conveyance","sro_office":"Sub-Registrar Office, Srinagar South","execution_date":"2024-05-10","registered_owner":"Tariq Ahmad Mir","seller_name":"Previous Landholder","consideration_amount_inr":"3500000.0","stamp_duty_inr":"210000.0","survey_sketch_id":"FMB-JK-33-0198","cadastral_sheet_no":"SHT-JK-33","surveyed_area_sqm":"1011.71","survey_status":"SURVEYED","urban_authority":"Srinagar South Urban Development & Town Planning Authority","zone_name":"Residential Zone","permitted_land_use":"WATER_BODY","building_permission_status":"SANCTIONED","violations_reported":"False","is_encumbered":"True","encumbrance_certificate_number":"EC-JK-00000198-0198","encumbrance_type":"BANK_MORTGAGE","financial_institution":"","mortgage_amount":"0.0","created_at":"2026-01-15T09:00:00Z","updated_at":"2026-09-24T11:30:00Z"}},{"type":"Feature","geometry":{"type":"Polygon","coordinates":[[[74.41624455495192,33.23797326052254],[74.55221845872234,33.243582690806825],[74.56670292701126,33.38095833042718],[74.41366268917929,33.35596049336386],[74.41624455495192,33.23797326052254]]]},"properties":{"ulpin":"01279341934955","parcel_id":"57c4f472-e8b9-4e54-8c32-8dc93225c999","state":"Jammu & Kashmir","state_code":"JK","state_type":"UT","state_lgd_code":"1","district_lgd_code":"10","district_name":"Srinagar","subdistrict_lgd_code":"101","subdistrict_name":"Srinagar South","subdistrict_type":"Tehsil / Taluk","village_lgd_code":"12104","village_name":"Rajbagh","khasra_plot_no":"Khasra 408/Min/D199","recorded_area":"2.0","recorded_area_unit":"Kanal-Marla","normalized_area_sqm":"1011.71","gis_area_sqm":"1011.71","land_use_category":"MIXED_USE","land_use_raw":"Residential Plotted","status":"PENDING_MUTATION","data_freshness_status":"STALE","scenario_index":"19969","use_case_description":"Subdivision or amalgamation history review","mutation_workflow_status":"REJECTED","revenue_record_id":"ROR-JK-2025-1033-0199","revenue_record_type":"Jamabandi (Aapki Zameen Aapki Nigrani)","khata_khewat_no":"KHT-83","khatauni_no":"KHN-183","owner_name":"Tariq Ahmad Mir","owner_name_local":"طارق احمد میر","co_owners":"","tenure_type":"Bhumiswami / Freehold","mutation_status":"PENDING","active_mutation_id":"MUT-JK-00000199","tax_demand_status":"PAID","annual_tax_inr":"185.5","deed_number":"DEED-JK-2024-433-0199","deed_type":"Sale Deed / Conveyance","sro_office":"Sub-Registrar Office, Srinagar South","execution_date":"2024-05-10","registered_owner":"Registry Variance Owner 199","seller_name":"Previous Landholder","consideration_amount_inr":"3500000.0","stamp_duty_inr":"210000.0","survey_sketch_id":"FMB-JK-33-0199","cadastral_sheet_no":"SHT-JK-33","surveyed_area_sqm":"1011.71","survey_status":"PENDING","urban_authority":"Srinagar South Urban Development & Town Planning Authority","zone_name":"Residential Zone","permitted_land_use":"MIXED_USE","building_permission_status":"PENDING","violations_reported":"False","is_encumbered":"True","encumbrance_certificate_number":"EC-JK-00000199-0199","encumbrance_type":"GOVT_REVENUE_LIEN","financial_institution":"","mortgage_amount":"0.0","created_at":"2026-01-15T09:00:00Z","updated_at":"2026-09-24T11:30:00Z"}}]}