{"type":"FeatureCollection","features":[{"type":"Feature","geometry":{"type":"Polygon","coordinates":[[[92.05213578341716,25.468108589678767],[92.24707467194581,25.467193981071205],[92.24707467194581,25.607959561982312],[92.08459819514536,25.613812065024618],[92.05213578341716,25.468108589678767]]]},"properties":{"ulpin":"17224886264840","parcel_id":"42b565b9-b83f-4a23-84e9-793238305ec4","state":"Meghalaya","state_code":"ML","state_type":"STATE","state_lgd_code":"17","district_lgd_code":"275","district_name":"East Khasi Hills","subdistrict_lgd_code":"2510","subdistrict_name":"Mylliem C&RD Block","subdistrict_type":"Tehsil / Taluk","village_lgd_code":"298101","village_name":"Mawlai","khasra_plot_no":"KHADC-ML-412/D1","recorded_area":"750.0","recorded_area_unit":"Square Meter","normalized_area_sqm":"750.0","gis_area_sqm":"750.0","land_use_category":"MIXED_USE","land_use_raw":"Ri-Kynti (Clan Private Land)","status":"DISPUTED","data_freshness_status":"STALE","scenario_index":"10258","use_case_description":"Tribal non-alienation protection review","mutation_workflow_status":"HEARING_SCHEDULED","revenue_record_id":"ROR-ML-2025-1016-0001","revenue_record_type":"Autonomous District Council Land Certificate","khata_khewat_no":"KHT-66","khatauni_no":"KHN-166","owner_name":"Dapbianglin Kharbhih","owner_name_local":"Dapbianglin Kharbhih","co_owners":"","tenure_type":"Waqf / Religious Trust","mutation_status":"DISPUTED","active_mutation_id":"MUT-ML-00000001","tax_demand_status":"PAID","annual_tax_inr":"185.5","deed_number":"DEED-ML-2024-416-0001","deed_type":"Sale Deed / Conveyance","sro_office":"Sub-Registrar Office, Mylliem C&RD Block","execution_date":"2024-05-10","registered_owner":"Dapbianglin Kharbhih","seller_name":"Previous Landholder","consideration_amount_inr":"3500000.0","stamp_duty_inr":"210000.0","survey_sketch_id":"FMB-ML-16-0001","cadastral_sheet_no":"SHT-ML-16","surveyed_area_sqm":"750.0","survey_status":"DISPUTED","urban_authority":"Mylliem C&RD Block Urban Development & Town Planning Authority","zone_name":"Residential Zone","permitted_land_use":"MIXED_USE","building_permission_status":"REJECTED","violations_reported":"False","is_encumbered":"True","encumbrance_certificate_number":"EC-ML-00000001-0001","encumbrance_type":"LEASE_CHARGE","financial_institution":"","mortgage_amount":"0.0","created_at":"2026-01-15T09:00:00Z","updated_at":"2026-09-24T11:30:00Z"}},{"type":"Feature","geometry":{"type":"Polygon","coordinates":[[[91.04659829751321,26.004118682626643],[91.17567442292447,25.98405312453223],[91.17837008486765,26.078879053094624],[91.05425862418157,26.10929870094584],[91.04659829751321,26.004118682626643]]]},"properties":{"ulpin":"17562614341945","parcel_id":"9007ae0d-8270-432c-bba0-29759c527883","state":"Meghalaya","state_code":"ML","state_type":"STATE","state_lgd_code":"17","district_lgd_code":"275","district_name":"East Khasi Hills","subdistrict_lgd_code":"2510","subdistrict_name":"Mylliem C&RD Block","subdistrict_type":"Tehsil / Taluk","village_lgd_code":"298101","village_name":"Mawlai","khasra_plot_no":"KHADC-ML-412/D2","recorded_area":"750.0","recorded_area_unit":"Square Meter","normalized_area_sqm":"750.0","gis_area_sqm":"750.0","land_use_category":"OTHER","land_use_raw":"Ri-Kynti (Clan Private Land)","status":"ARCHIVED","data_freshness_status":"UNKNOWN","scenario_index":"10259","use_case_description":"Archived historical record for audit retrieval","mutation_workflow_status":"APPROVED","revenue_record_id":"ROR-ML-2025-1016-0002","revenue_record_type":"Autonomous District Council Land Certificate","khata_khewat_no":"KHT-66","khatauni_no":"KHN-166","owner_name":"Dapbianglin Kharbhih","owner_name_local":"Dapbianglin Kharbhih","co_owners":"","tenure_type":"Tribal Community Tenure","mutation_status":"NONE","active_mutation_id":"MUT-ML-00000002","tax_demand_status":"PAID","annual_tax_inr":"185.5","deed_number":"DEED-ML-2024-416-0002","deed_type":"Sale Deed / Conveyance","sro_office":"Sub-Registrar Office, Mylliem C&RD Block","execution_date":"2024-05-10","registered_owner":"Registry Variance Owner 2","seller_name":"Previous Landholder","consideration_amount_inr":"3500000.0","stamp_duty_inr":"210000.0","survey_sketch_id":"FMB-ML-16-0002","cadastral_sheet_no":"SHT-ML-16","surveyed_area_sqm":"750.0","survey_status":"RESURVEY_REQUIRED","urban_authority":"Mylliem C&RD Block Urban Development & Town Planning Authority","zone_name":"Residential Zone","permitted_land_use":"OTHER","building_permission_status":"NOT_APPLICABLE","violations_reported":"False","is_encumbered":"False","encumbrance_certificate_number":"EC-ML-2024-116-0002","encumbrance_type":"NIL","financial_institution":"","mortgage_amount":"0.0","created_at":"2026-01-15T09:00:00Z","updated_at":"2026-09-24T11:30:00Z"}},{"type":"Feature","geometry":{"type":"Polygon","coordinates":[[[91.04898952160396,25.60131258221426],[91.19689653541379,25.620451996258094],[91.19812393215405,25.72987388135134],[91.04553671139365,25.72987388135134],[91.04898952160396,25.60131258221426]]]},"properties":{"ulpin":"17650883484346","parcel_id":"e87ff1f2-8cd8-4c62-a71b-b4bbf7e8f81a","state":"Meghalaya","state_code":"ML","state_type":"STATE","state_lgd_code":"17","district_lgd_code":"275","district_name":"East Khasi Hills","subdistrict_lgd_code":"2510","subdistrict_name":"Mylliem C&RD Block","subdistrict_type":"Tehsil / Taluk","village_lgd_code":"298101","village_name":"Mawlai","khasra_plot_no":"KHADC-ML-412/D3","recorded_area":"750.0","recorded_area_unit":"Square Meter","normalized_area_sqm":"750.0","gis_area_sqm":"750.0","land_use_category":"RESIDENTIAL","land_use_raw":"Ri-Kynti (Clan Private Land)","status":"ACTIVE","data_freshness_status":"CURRENT","scenario_index":"10260","use_case_description":"Subdivision or amalgamation history review","mutation_workflow_status":"REJECTED","revenue_record_id":"ROR-ML-2025-1016-0003","revenue_record_type":"Autonomous District Council Land Certificate","khata_khewat_no":"KHT-66","khatauni_no":"KHN-166","owner_name":"Dapbianglin Kharbhih","owner_name_local":"Dapbianglin Kharbhih","co_owners":"","tenure_type":"Bhumiswami / Raiyati with Transferable Rights","mutation_status":"MUTATED","active_mutation_id":"","tax_demand_status":"PAID","annual_tax_inr":"185.5","deed_number":"DEED-ML-2024-416-0003","deed_type":"Sale Deed / Conveyance","sro_office":"Sub-Registrar Office, Mylliem C&RD Block","execution_date":"2024-05-10","registered_owner":"Dapbianglin Kharbhih","seller_name":"Previous Landholder","consideration_amount_inr":"3500000.0","stamp_duty_inr":"210000.0","survey_sketch_id":"FMB-ML-16-0003","cadastral_sheet_no":"SHT-ML-16","surveyed_area_sqm":"750.0","survey_status":"SURVEYED","urban_authority":"Mylliem C&RD Block Urban Development & Town Planning Authority","zone_name":"Residential Zone","permitted_land_use":"RESIDENTIAL","building_permission_status":"SANCTIONED","violations_reported":"False","is_encumbered":"True","encumbrance_certificate_number":"EC-ML-00000003-0003","encumbrance_type":"BANK_MORTGAGE","financial_institution":"","mortgage_amount":"0.0","created_at":"2026-01-15T09:00:00Z","updated_at":"2026-09-24T11:30:00Z"}},{"type":"Feature","geometry":{"type":"Polygon","coordinates":[[[91.19943126510299,25.24105753668579],[91.30642498348885,25.24105753668579],[91.30945417669304,25.38265581583666],[91.20852445314328,25.35898682368208],[91.19943126510299,25.24105753668579]]]},"properties":{"ulpin":"17463936827799","parcel_id":"823bd96e-a0c0-4045-9541-30c28d1167d5","state":"Meghalaya","state_code":"ML","state_type":"STATE","state_lgd_code":"17","district_lgd_code":"275","district_name":"East Khasi Hills","subdistrict_lgd_code":"2510","subdistrict_name":"Mylliem C&RD Block","subdistrict_type":"Tehsil / Taluk","village_lgd_code":"298101","village_name":"Mawlai","khasra_plot_no":"KHADC-ML-412/D4","recorded_area":"750.0","recorded_area_unit":"Square Meter","normalized_area_sqm":"750.0","gis_area_sqm":"750.0","land_use_category":"COMMERCIAL","land_use_raw":"Ri-Kynti (Clan Private Land)","status":"PENDING_MUTATION","data_freshness_status":"STALE","scenario_index":"10261","use_case_description":"Archived historical record for audit retrieval","mutation_workflow_status":"SLA_BREACHED","revenue_record_id":"ROR-ML-2025-1016-0004","revenue_record_type":"Autonomous District Council Land Certificate","khata_khewat_no":"KHT-66","khatauni_no":"KHN-166","owner_name":"Dapbianglin Kharbhih","owner_name_local":"Dapbianglin Kharbhih","co_owners":"","tenure_type":"Bhumiswami / Freehold","mutation_status":"PENDING","active_mutation_id":"MUT-ML-00000004","tax_demand_status":"PAID","annual_tax_inr":"185.5","deed_number":"DEED-ML-2024-416-0004","deed_type":"Sale Deed / Conveyance","sro_office":"Sub-Registrar Office, Mylliem C&RD Block","execution_date":"2024-05-10","registered_owner":"Dapbianglin Kharbhih","seller_name":"Previous Landholder","consideration_amount_inr":"3500000.0","stamp_duty_inr":"210000.0","survey_sketch_id":"FMB-ML-16-0004","cadastral_sheet_no":"SHT-ML-16","surveyed_area_sqm":"750.0","survey_status":"PENDING","urban_authority":"Mylliem C&RD Block Urban Development & Town Planning Authority","zone_name":"Residential Zone","permitted_land_use":"COMMERCIAL","building_permission_status":"PENDING","violations_reported":"False","is_encumbered":"True","encumbrance_certificate_number":"EC-ML-00000004-0004","encumbrance_type":"GOVT_REVENUE_LIEN","financial_institution":"","mortgage_amount":"0.0","created_at":"2026-01-15T09:00:00Z","updated_at":"2026-09-24T11:30:00Z"}},{"type":"Feature","geometry":{"type":"Polygon","coordinates":[[[91.7506931440524,26.198845623079922],[91.93759325457978,26.203331585096624],[91.91316219636867,26.320945008593306],[91.7484366875222,26.320945008593306],[91.7506931440524,26.198845623079922]]]},"properties":{"ulpin":"17981293296012","parcel_id":"fabce7e4-1b05-439b-936b-3a25d6b8ed46","state":"Meghalaya","state_code":"ML","state_type":"STATE","state_lgd_code":"17","district_lgd_code":"275","district_name":"East Khasi Hills","subdistrict_lgd_code":"2510","subdistrict_name":"Mylliem C&RD Block","subdistrict_type":"Tehsil / Taluk","village_lgd_code":"298101","village_name":"Mawlai","khasra_plot_no":"KHADC-ML-412/D5","recorded_area":"750.0","recorded_area_unit":"Square Meter","normalized_area_sqm":"750.0","gis_area_sqm":"750.0","land_use_category":"INDUSTRIAL","land_use_raw":"Ri-Kynti (Clan Private Land)","status":"SUBDIVIDED","data_freshness_status":"UNKNOWN","scenario_index":"10262","use_case_description":"Bank mortgage and active encumbrance","mutation_workflow_status":"SUBMITTED","revenue_record_id":"ROR-ML-2025-1016-0005","revenue_record_type":"Autonomous District Council Land Certificate","khata_khewat_no":"KHT-66","khatauni_no":"KHN-166","owner_name":"Dapbianglin Kharbhih","owner_name_local":"Dapbianglin Kharbhih","co_owners":"","tenure_type":"Leasehold","mutation_status":"UNMUTATED_TRANSACTION","active_mutation_id":"MUT-ML-00000005","tax_demand_status":"PAID","annual_tax_inr":"185.5","deed_number":"DEED-ML-2024-416-0005","deed_type":"Sale Deed / Conveyance","sro_office":"Sub-Registrar Office, Mylliem C&RD Block","execution_date":"2024-05-10","registered_owner":"Dapbianglin Kharbhih","seller_name":"Previous Landholder","consideration_amount_inr":"3500000.0","stamp_duty_inr":"210000.0","survey_sketch_id":"FMB-ML-16-0005","cadastral_sheet_no":"SHT-ML-16","surveyed_area_sqm":"750.0","survey_status":"DISPUTED","urban_authority":"Mylliem C&RD Block Urban Development & Town Planning Authority","zone_name":"Residential Zone","permitted_land_use":"INDUSTRIAL","building_permission_status":"REJECTED","violations_reported":"True","is_encumbered":"True","encumbrance_certificate_number":"EC-ML-00000005-0005","encumbrance_type":"COURT_ATTACHMENT","financial_institution":"","mortgage_amount":"0.0","created_at":"2026-01-15T09:00:00Z","updated_at":"2026-09-24T11:30:00Z"}},{"type":"Feature","geometry":{"type":"Polygon","coordinates":[[[91.17837008486765,26.078879053094624],[91.31180228138236,26.079966909477204],[91.31180228138236,26.18846918167304],[91.15626746322559,26.19630560483226],[91.17837008486765,26.078879053094624]]]},"properties":{"ulpin":"17150065937858","parcel_id":"35e26b50-d7d5-4d31-88a0-feb7b9ff10fa","state":"Meghalaya","state_code":"ML","state_type":"STATE","state_lgd_code":"17","district_lgd_code":"275","district_name":"East Khasi Hills","subdistrict_lgd_code":"2510","subdistrict_name":"Mylliem C&RD Block","subdistrict_type":"Tehsil / Taluk","village_lgd_code":"298101","village_name":"Mawlai","khasra_plot_no":"KHADC-ML-412/D6","recorded_area":"750.0","recorded_area_unit":"Square Meter","normalized_area_sqm":"750.0","gis_area_sqm":"750.0","land_use_category":"AGRICULTURAL","land_use_raw":"Ri-Kynti (Clan Private Land)","status":"AMALGAMATED","data_freshness_status":"CURRENT","scenario_index":"10263","use_case_description":"Government revenue lien and tax demand","mutation_workflow_status":"UNDER_VERIFICATION","revenue_record_id":"ROR-ML-2025-1016-0006","revenue_record_type":"Autonomous District Council Land Certificate","khata_khewat_no":"KHT-66","khatauni_no":"KHN-166","owner_name":"Dapbianglin Kharbhih","owner_name_local":"Dapbianglin Kharbhih","co_owners":"","tenure_type":"Government Grant","mutation_status":"REJECTED","active_mutation_id":"MUT-ML-00000006","tax_demand_status":"PAID","annual_tax_inr":"185.5","deed_number":"DEED-ML-2024-416-0006","deed_type":"Sale Deed / Conveyance","sro_office":"Sub-Registrar Office, Mylliem C&RD Block","execution_date":"2024-05-10","registered_owner":"Dapbianglin Kharbhih","seller_name":"Previous Landholder","consideration_amount_inr":"3500000.0","stamp_duty_inr":"210000.0","survey_sketch_id":"FMB-ML-16-0006","cadastral_sheet_no":"SHT-ML-16","surveyed_area_sqm":"750.0","survey_status":"RESURVEY_REQUIRED","urban_authority":"Mylliem C&RD Block Urban Development & Town Planning Authority","zone_name":"Residential Zone","permitted_land_use":"AGRICULTURAL","building_permission_status":"NOT_APPLICABLE","violations_reported":"False","is_encumbered":"True","encumbrance_certificate_number":"EC-ML-00000006-0006","encumbrance_type":"TRIBAL_NON_ALIENATION","financial_institution":"","mortgage_amount":"0.0","created_at":"2026-01-15T09:00:00Z","updated_at":"2026-09-24T11:30:00Z"}},{"type":"Feature","geometry":{"type":"Polygon","coordinates":[[[91.19689653541379,25.620451996258094],[91.33514273664467,25.607299770724556],[91.30634936964564,25.72987388135134],[91.19812393215405,25.72987388135134],[91.19689653541379,25.620451996258094]]]},"properties":{"ulpin":"17750418505548","parcel_id":"54c755fd-445e-44a1-b27e-9cbd34a2b527","state":"Meghalaya","state_code":"ML","state_type":"STATE","state_lgd_code":"17","district_lgd_code":"275","district_name":"East Khasi Hills","subdistrict_lgd_code":"2510","subdistrict_name":"Mylliem C&RD Block","subdistrict_type":"Tehsil / Taluk","village_lgd_code":"298101","village_name":"Mawlai","khasra_plot_no":"KHADC-ML-412/D7","recorded_area":"750.0","recorded_area_unit":"Square Meter","normalized_area_sqm":"750.0","gis_area_sqm":"750.0","land_use_category":"INSTITUTIONAL","land_use_raw":"Ri-Kynti (Clan Private Land)","status":"DISPUTED","data_freshness_status":"STALE","scenario_index":"10264","use_case_description":"Court attachment and disputed possession","mutation_workflow_status":"NOTICE_PERIOD","revenue_record_id":"ROR-ML-2025-1016-0007","revenue_record_type":"Autonomous District Council Land Certificate","khata_khewat_no":"KHT-66","khatauni_no":"KHN-166","owner_name":"Dapbianglin Kharbhih","owner_name_local":"Dapbianglin Kharbhih","co_owners":"","tenure_type":"Waqf / Religious Trust","mutation_status":"DISPUTED","active_mutation_id":"MUT-ML-00000007","tax_demand_status":"PAID","annual_tax_inr":"185.5","deed_number":"DEED-ML-2024-416-0007","deed_type":"Sale Deed / Conveyance","sro_office":"Sub-Registrar Office, Mylliem C&RD Block","execution_date":"2024-05-10","registered_owner":"Registry Variance Owner 7","seller_name":"Previous Landholder","consideration_amount_inr":"3500000.0","stamp_duty_inr":"210000.0","survey_sketch_id":"FMB-ML-16-0007","cadastral_sheet_no":"SHT-ML-16","surveyed_area_sqm":"750.0","survey_status":"SURVEYED","urban_authority":"Mylliem C&RD Block Urban Development & Town Planning Authority","zone_name":"Residential Zone","permitted_land_use":"INSTITUTIONAL","building_permission_status":"SANCTIONED","violations_reported":"False","is_encumbered":"True","encumbrance_certificate_number":"EC-ML-00000007-0007","encumbrance_type":"LEASE_CHARGE","financial_institution":"","mortgage_amount":"0.0","created_at":"2026-01-15T09:00:00Z","updated_at":"2026-09-24T11:30:00Z"}},{"type":"Feature","geometry":{"type":"Polygon","coordinates":[[[90.89562225335796,26.086276500066564],[91.05425862418157,26.10929870094584],[91.0201512951919,26.194703249117143],[90.89562225335796,26.187905181901524],[90.89562225335796,26.086276500066564]]]},"properties":{"ulpin":"17550245368662","parcel_id":"4750b1bc-339b-4075-abbd-a78e2d9dfa38","state":"Meghalaya","state_code":"ML","state_type":"STATE","state_lgd_code":"17","district_lgd_code":"275","district_name":"East Khasi Hills","subdistrict_lgd_code":"2510","subdistrict_name":"Mylliem C&RD Block","subdistrict_type":"Tehsil / Taluk","village_lgd_code":"298101","village_name":"Mawlai","khasra_plot_no":"KHADC-ML-412/D8","recorded_area":"750.0","recorded_area_unit":"Square Meter","normalized_area_sqm":"750.0","gis_area_sqm":"750.0","land_use_category":"FOREST_GREEN_BELT","land_use_raw":"Ri-Kynti (Clan Private Land)","status":"ARCHIVED","data_freshness_status":"UNKNOWN","scenario_index":"10265","use_case_description":"Cadastral area discrepancy requiring resurvey","mutation_workflow_status":"HEARING_SCHEDULED","revenue_record_id":"ROR-ML-2025-1016-0008","revenue_record_type":"Autonomous District Council Land Certificate","khata_khewat_no":"KHT-66","khatauni_no":"KHN-166","owner_name":"Dapbianglin Kharbhih","owner_name_local":"Dapbianglin Kharbhih","co_owners":"","tenure_type":"Tribal Community Tenure","mutation_status":"NONE","active_mutation_id":"MUT-ML-00000008","tax_demand_status":"PAID","annual_tax_inr":"185.5","deed_number":"DEED-ML-2024-416-0008","deed_type":"Sale Deed / Conveyance","sro_office":"Sub-Registrar Office, Mylliem C&RD Block","execution_date":"2024-05-10","registered_owner":"Dapbianglin Kharbhih","seller_name":"Previous Landholder","consideration_amount_inr":"3500000.0","stamp_duty_inr":"210000.0","survey_sketch_id":"FMB-ML-16-0008","cadastral_sheet_no":"SHT-ML-16","surveyed_area_sqm":"750.0","survey_status":"PENDING","urban_authority":"Mylliem C&RD Block Urban Development & Town Planning Authority","zone_name":"Residential Zone","permitted_land_use":"FOREST_GREEN_BELT","building_permission_status":"PENDING","violations_reported":"False","is_encumbered":"False","encumbrance_certificate_number":"EC-ML-2024-116-0008","encumbrance_type":"NIL","financial_institution":"","mortgage_amount":"0.0","created_at":"2026-01-15T09:00:00Z","updated_at":"2026-09-24T11:30:00Z"}},{"type":"Feature","geometry":{"type":"Polygon","coordinates":[[[91.70941324734538,25.488575978614783],[91.89762543667482,25.500571015834513],[91.86739227229006,25.627653771591522],[91.70941324734538,25.6233114361044],[91.70941324734538,25.488575978614783]]]},"properties":{"ulpin":"17464403710809","parcel_id":"92a69f2d-569c-469e-8022-389d6075594f","state":"Meghalaya","state_code":"ML","state_type":"STATE","state_lgd_code":"17","district_lgd_code":"275","district_name":"East Khasi Hills","subdistrict_lgd_code":"2510","subdistrict_name":"Mylliem C&RD Block","subdistrict_type":"Tehsil / Taluk","village_lgd_code":"298101","village_name":"Mawlai","khasra_plot_no":"KHADC-ML-412/D9","recorded_area":"750.0","recorded_area_unit":"Square Meter","normalized_area_sqm":"750.0","gis_area_sqm":"750.0","land_use_category":"WATER_BODY","land_use_raw":"Ri-Kynti (Clan Private Land)","status":"ACTIVE","data_freshness_status":"CURRENT","scenario_index":"10266","use_case_description":"Lease charge and institutional tenancy","mutation_workflow_status":"APPROVED","revenue_record_id":"ROR-ML-2025-1016-0009","revenue_record_type":"Autonomous District Council Land Certificate","khata_khewat_no":"KHT-66","khatauni_no":"KHN-166","owner_name":"Dapbianglin Kharbhih","owner_name_local":"Dapbianglin Kharbhih","co_owners":"","tenure_type":"Bhumiswami / Raiyati with Transferable Rights","mutation_status":"MUTATED","active_mutation_id":"","tax_demand_status":"PAID","annual_tax_inr":"185.5","deed_number":"DEED-ML-2024-416-0009","deed_type":"Sale Deed / Conveyance","sro_office":"Sub-Registrar Office, Mylliem C&RD Block","execution_date":"2024-05-10","registered_owner":"Dapbianglin Kharbhih","seller_name":"Previous Landholder","consideration_amount_inr":"3500000.0","stamp_duty_inr":"210000.0","survey_sketch_id":"FMB-ML-16-0009","cadastral_sheet_no":"SHT-ML-16","surveyed_area_sqm":"750.0","survey_status":"DISPUTED","urban_authority":"Mylliem C&RD Block Urban Development & Town Planning Authority","zone_name":"Residential Zone","permitted_land_use":"WATER_BODY","building_permission_status":"REJECTED","violations_reported":"False","is_encumbered":"True","encumbrance_certificate_number":"EC-ML-00000009-0009","encumbrance_type":"BANK_MORTGAGE","financial_institution":"","mortgage_amount":"0.0","created_at":"2026-01-15T09:00:00Z","updated_at":"2026-09-24T11:30:00Z"}},{"type":"Feature","geometry":{"type":"Polygon","coordinates":[[[90.89562225335796,25.875721408618425],[91.01220652625392,25.88468468018268],[91.04659829751321,26.004118682626643],[90.89562225335796,25.98676183172228],[90.89562225335796,25.875721408618425]]]},"properties":{"ulpin":"17651044936989","parcel_id":"ea239142-f19f-438b-b12c-e89db28c6e7d","state":"Meghalaya","state_code":"ML","state_type":"STATE","state_lgd_code":"17","district_lgd_code":"275","district_name":"East Khasi Hills","subdistrict_lgd_code":"2510","subdistrict_name":"Mylliem C&RD Block","subdistrict_type":"Tehsil / Taluk","village_lgd_code":"298101","village_name":"Mawlai","khasra_plot_no":"KHADC-ML-412/D10","recorded_area":"750.0","recorded_area_unit":"Square Meter","normalized_area_sqm":"750.0","gis_area_sqm":"750.0","land_use_category":"MIXED_USE","land_use_raw":"Ri-Kynti (Clan Private Land)","status":"PENDING_MUTATION","data_freshness_status":"STALE","scenario_index":"10267","use_case_description":"Subdivision or amalgamation history review","mutation_workflow_status":"REJECTED","revenue_record_id":"ROR-ML-2025-1016-0010","revenue_record_type":"Autonomous District Council Land Certificate","khata_khewat_no":"KHT-66","khatauni_no":"KHN-166","owner_name":"Dapbianglin Kharbhih","owner_name_local":"Dapbianglin Kharbhih","co_owners":"","tenure_type":"Bhumiswami / Freehold","mutation_status":"PENDING","active_mutation_id":"MUT-ML-00000010","tax_demand_status":"PAID","annual_tax_inr":"185.5","deed_number":"DEED-ML-2024-416-0010","deed_type":"Sale Deed / Conveyance","sro_office":"Sub-Registrar Office, Mylliem C&RD Block","execution_date":"2024-05-10","registered_owner":"Dapbianglin Kharbhih","seller_name":"Previous Landholder","consideration_amount_inr":"3500000.0","stamp_duty_inr":"210000.0","survey_sketch_id":"FMB-ML-16-0010","cadastral_sheet_no":"SHT-ML-16","surveyed_area_sqm":"750.0","survey_status":"RESURVEY_REQUIRED","urban_authority":"Mylliem C&RD Block Urban Development & Town Planning Authority","zone_name":"Residential Zone","permitted_land_use":"MIXED_USE","building_permission_status":"NOT_APPLICABLE","violations_reported":"False","is_encumbered":"True","encumbrance_certificate_number":"EC-ML-00000010-0010","encumbrance_type":"GOVT_REVENUE_LIEN","financial_institution":"","mortgage_amount":"0.0","created_at":"2026-01-15T09:00:00Z","updated_at":"2026-09-24T11:30:00Z"}},{"type":"Feature","geometry":{"type":"Polygon","coordinates":[[[91.30945417669304,25.38265581583666],[91.45376913792929,25.35587102019139],[91.45376913792929,25.477166698515976],[91.33594567868522,25.48354898711117],[91.30945417669304,25.38265581583666]]]},"properties":{"ulpin":"17885099312941","parcel_id":"e2580ba3-001c-4dc6-8f01-7c362ba37cd8","state":"Meghalaya","state_code":"ML","state_type":"STATE","state_lgd_code":"17","district_lgd_code":"275","district_name":"East Khasi Hills","subdistrict_lgd_code":"2510","subdistrict_name":"Mylliem C&RD Block","subdistrict_type":"Tehsil / Taluk","village_lgd_code":"298101","village_name":"Mawlai","khasra_plot_no":"KHADC-ML-412/D11","recorded_area":"750.0","recorded_area_unit":"Square Meter","normalized_area_sqm":"750.0","gis_area_sqm":"750.0","land_use_category":"OTHER","land_use_raw":"Ri-Kynti (Clan Private Land)","status":"SUBDIVIDED","data_freshness_status":"UNKNOWN","scenario_index":"10268","use_case_description":"Archived historical record for audit retrieval","mutation_workflow_status":"SLA_BREACHED","revenue_record_id":"ROR-ML-2025-1016-0011","revenue_record_type":"Autonomous District Council Land Certificate","khata_khewat_no":"KHT-66","khatauni_no":"KHN-166","owner_name":"Dapbianglin Kharbhih","owner_name_local":"Dapbianglin Kharbhih","co_owners":"","tenure_type":"Leasehold","mutation_status":"UNMUTATED_TRANSACTION","active_mutation_id":"MUT-ML-00000011","tax_demand_status":"PAID","annual_tax_inr":"185.5","deed_number":"DEED-ML-2024-416-0011","deed_type":"Sale Deed / Conveyance","sro_office":"Sub-Registrar Office, Mylliem C&RD Block","execution_date":"2024-05-10","registered_owner":"Dapbianglin Kharbhih","seller_name":"Previous Landholder","consideration_amount_inr":"3500000.0","stamp_duty_inr":"210000.0","survey_sketch_id":"FMB-ML-16-0011","cadastral_sheet_no":"SHT-ML-16","surveyed_area_sqm":"750.0","survey_status":"SURVEYED","urban_authority":"Mylliem C&RD Block Urban Development & Town Planning Authority","zone_name":"Residential Zone","permitted_land_use":"OTHER","building_permission_status":"SANCTIONED","violations_reported":"False","is_encumbered":"True","encumbrance_certificate_number":"EC-ML-00000011-0011","encumbrance_type":"COURT_ATTACHMENT","financial_institution":"","mortgage_amount":"0.0","created_at":"2026-01-15T09:00:00Z","updated_at":"2026-09-24T11:30:00Z"}},{"type":"Feature","geometry":{"type":"Polygon","coordinates":[[[91.05425862418157,26.10929870094584],[91.17837008486765,26.078879053094624],[91.15626746322559,26.19630560483226],[91.0201512951919,26.194703249117143],[91.05425862418157,26.10929870094584]]]},"properties":{"ulpin":"17272562682238","parcel_id":"74398d6c-10fd-4b78-8898-134832e097f5","state":"Meghalaya","state_code":"ML","state_type":"STATE","state_lgd_code":"17","district_lgd_code":"275","district_name":"East Khasi Hills","subdistrict_lgd_code":"2510","subdistrict_name":"Mylliem C&RD Block","subdistrict_type":"Tehsil / Taluk","village_lgd_code":"298101","village_name":"Mawlai","khasra_plot_no":"KHADC-ML-412/D12","recorded_area":"750.0","recorded_area_unit":"Square Meter","normalized_area_sqm":"750.0","gis_area_sqm":"750.0","land_use_category":"RESIDENTIAL","land_use_raw":"Ri-Kynti (Clan Private Land)","status":"AMALGAMATED","data_freshness_status":"CURRENT","scenario_index":"10269","use_case_description":"Bank mortgage and active encumbrance","mutation_workflow_status":"SUBMITTED","revenue_record_id":"ROR-ML-2025-1016-0012","revenue_record_type":"Autonomous District Council Land Certificate","khata_khewat_no":"KHT-66","khatauni_no":"KHN-166","owner_name":"Dapbianglin Kharbhih","owner_name_local":"Dapbianglin Kharbhih","co_owners":"","tenure_type":"Government Grant","mutation_status":"REJECTED","active_mutation_id":"MUT-ML-00000012","tax_demand_status":"PAID","annual_tax_inr":"185.5","deed_number":"DEED-ML-2024-416-0012","deed_type":"Sale Deed / Conveyance","sro_office":"Sub-Registrar Office, Mylliem C&RD Block","execution_date":"2024-05-10","registered_owner":"Registry Variance Owner 12","seller_name":"Previous Landholder","consideration_amount_inr":"3500000.0","stamp_duty_inr":"210000.0","survey_sketch_id":"FMB-ML-16-0012","cadastral_sheet_no":"SHT-ML-16","surveyed_area_sqm":"750.0","survey_status":"PENDING","urban_authority":"Mylliem C&RD Block Urban Development & Town Planning Authority","zone_name":"Residential Zone","permitted_land_use":"RESIDENTIAL","building_permission_status":"PENDING","violations_reported":"True","is_encumbered":"True","encumbrance_certificate_number":"EC-ML-00000012-0012","encumbrance_type":"TRIBAL_NON_ALIENATION","financial_institution":"","mortgage_amount":"0.0","created_at":"2026-01-15T09:00:00Z","updated_at":"2026-09-24T11:30:00Z"}},{"type":"Feature","geometry":{"type":"Polygon","coordinates":[[[91.75229333826668,26.066846763618816],[91.9123858494441,26.069651936777486],[91.93759325457978,26.203331585096624],[91.7506931440524,26.198845623079922],[91.75229333826668,26.066846763618816]]]},"properties":{"ulpin":"17769314872716","parcel_id":"79c0aff6-6da4-4f0f-8646-28d9064f7b5e","state":"Meghalaya","state_code":"ML","state_type":"STATE","state_lgd_code":"17","district_lgd_code":"275","district_name":"East Khasi Hills","subdistrict_lgd_code":"2510","subdistrict_name":"Mylliem C&RD Block","subdistrict_type":"Tehsil / Taluk","village_lgd_code":"298101","village_name":"Mawlai","khasra_plot_no":"KHADC-ML-412/D13","recorded_area":"750.0","recorded_area_unit":"Square Meter","normalized_area_sqm":"750.0","gis_area_sqm":"750.0","land_use_category":"COMMERCIAL","land_use_raw":"Ri-Kynti (Clan Private Land)","status":"DISPUTED","data_freshness_status":"STALE","scenario_index":"10270","use_case_description":"Government revenue lien and tax demand","mutation_workflow_status":"UNDER_VERIFICATION","revenue_record_id":"ROR-ML-2025-1016-0013","revenue_record_type":"Autonomous District Council Land Certificate","khata_khewat_no":"KHT-66","khatauni_no":"KHN-166","owner_name":"Dapbianglin Kharbhih","owner_name_local":"Dapbianglin Kharbhih","co_owners":"","tenure_type":"Waqf / Religious Trust","mutation_status":"DISPUTED","active_mutation_id":"MUT-ML-00000013","tax_demand_status":"PAID","annual_tax_inr":"185.5","deed_number":"DEED-ML-2024-416-0013","deed_type":"Sale Deed / Conveyance","sro_office":"Sub-Registrar Office, Mylliem C&RD Block","execution_date":"2024-05-10","registered_owner":"Dapbianglin Kharbhih","seller_name":"Previous Landholder","consideration_amount_inr":"3500000.0","stamp_duty_inr":"210000.0","survey_sketch_id":"FMB-ML-16-0013","cadastral_sheet_no":"SHT-ML-16","surveyed_area_sqm":"750.0","survey_status":"DISPUTED","urban_authority":"Mylliem C&RD Block Urban Development & Town Planning Authority","zone_name":"Residential Zone","permitted_land_use":"COMMERCIAL","building_permission_status":"REJECTED","violations_reported":"False","is_encumbered":"True","encumbrance_certificate_number":"EC-ML-00000013-0013","encumbrance_type":"LEASE_CHARGE","financial_institution":"","mortgage_amount":"0.0","created_at":"2026-01-15T09:00:00Z","updated_at":"2026-09-24T11:30:00Z"}},{"type":"Feature","geometry":{"type":"Polygon","coordinates":[[[90.89562225335796,26.187905181901524],[91.0201512951919,26.194703249117143],[91.04560715954898,26.302559667461264],[90.89562225335796,26.302559667461264],[90.89562225335796,26.187905181901524]]]},"properties":{"ulpin":"17161584167739","parcel_id":"63c9986b-edca-4619-9cfa-87a289fdf862","state":"Meghalaya","state_code":"ML","state_type":"STATE","state_lgd_code":"17","district_lgd_code":"275","district_name":"East Khasi Hills","subdistrict_lgd_code":"2510","subdistrict_name":"Mylliem C&RD Block","subdistrict_type":"Tehsil / Taluk","village_lgd_code":"298101","village_name":"Mawlai","khasra_plot_no":"KHADC-ML-412/D14","recorded_area":"750.0","recorded_area_unit":"Square Meter","normalized_area_sqm":"750.0","gis_area_sqm":"750.0","land_use_category":"INDUSTRIAL","land_use_raw":"Ri-Kynti (Clan Private Land)","status":"ARCHIVED","data_freshness_status":"UNKNOWN","scenario_index":"10271","use_case_description":"Tribal non-alienation protection review","mutation_workflow_status":"NOTICE_PERIOD","revenue_record_id":"ROR-ML-2025-1016-0014","revenue_record_type":"Autonomous District Council Land Certificate","khata_khewat_no":"KHT-66","khatauni_no":"KHN-166","owner_name":"Dapbianglin Kharbhih","owner_name_local":"Dapbianglin Kharbhih","co_owners":"","tenure_type":"Tribal Community Tenure","mutation_status":"NONE","active_mutation_id":"MUT-ML-00000014","tax_demand_status":"PAID","annual_tax_inr":"185.5","deed_number":"DEED-ML-2024-416-0014","deed_type":"Sale Deed / Conveyance","sro_office":"Sub-Registrar Office, Mylliem C&RD Block","execution_date":"2024-05-10","registered_owner":"Dapbianglin Kharbhih","seller_name":"Previous Landholder","consideration_amount_inr":"3500000.0","stamp_duty_inr":"210000.0","survey_sketch_id":"FMB-ML-16-0014","cadastral_sheet_no":"SHT-ML-16","surveyed_area_sqm":"750.0","survey_status":"RESURVEY_REQUIRED","urban_authority":"Mylliem C&RD Block Urban Development & Town Planning Authority","zone_name":"Residential Zone","permitted_land_use":"INDUSTRIAL","building_permission_status":"NOT_APPLICABLE","violations_reported":"False","is_encumbered":"False","encumbrance_certificate_number":"EC-ML-2024-116-0014","encumbrance_type":"NIL","financial_institution":"","mortgage_amount":"0.0","created_at":"2026-01-15T09:00:00Z","updated_at":"2026-09-24T11:30:00Z"}},{"type":"Feature","geometry":{"type":"Polygon","coordinates":[[[91.87517393791926,25.21960120316994],[92.05815620924031,25.21960120316994],[92.04763638322666,25.366610686384593],[91.87219874108807,25.33933247214882],[91.87517393791926,25.21960120316994]]]},"properties":{"ulpin":"17934236329001","parcel_id":"e8c787fb-0ed2-49d7-9351-e3bee06cdebb","state":"Meghalaya","state_code":"ML","state_type":"STATE","state_lgd_code":"17","district_lgd_code":"275","district_name":"East Khasi Hills","subdistrict_lgd_code":"2510","subdistrict_name":"Mylliem C&RD Block","subdistrict_type":"Tehsil / Taluk","village_lgd_code":"298101","village_name":"Mawlai","khasra_plot_no":"KHADC-ML-412/D15","recorded_area":"750.0","recorded_area_unit":"Square Meter","normalized_area_sqm":"750.0","gis_area_sqm":"750.0","land_use_category":"AGRICULTURAL","land_use_raw":"Ri-Kynti (Clan Private Land)","status":"ACTIVE","data_freshness_status":"CURRENT","scenario_index":"10272","use_case_description":"Tribal non-alienation protection review","mutation_workflow_status":"HEARING_SCHEDULED","revenue_record_id":"ROR-ML-2025-1016-0015","revenue_record_type":"Autonomous District Council Land Certificate","khata_khewat_no":"KHT-66","khatauni_no":"KHN-166","owner_name":"Dapbianglin Kharbhih","owner_name_local":"Dapbianglin Kharbhih","co_owners":"","tenure_type":"Bhumiswami / Raiyati with Transferable Rights","mutation_status":"MUTATED","active_mutation_id":"","tax_demand_status":"PAID","annual_tax_inr":"185.5","deed_number":"DEED-ML-2024-416-0015","deed_type":"Sale Deed / Conveyance","sro_office":"Sub-Registrar Office, Mylliem C&RD Block","execution_date":"2024-05-10","registered_owner":"Dapbianglin Kharbhih","seller_name":"Previous Landholder","consideration_amount_inr":"3500000.0","stamp_duty_inr":"210000.0","survey_sketch_id":"FMB-ML-16-0015","cadastral_sheet_no":"SHT-ML-16","surveyed_area_sqm":"750.0","survey_status":"SURVEYED","urban_authority":"Mylliem C&RD Block Urban Development & Town Planning Authority","zone_name":"Residential Zone","permitted_land_use":"AGRICULTURAL","building_permission_status":"SANCTIONED","violations_reported":"False","is_encumbered":"True","encumbrance_certificate_number":"EC-ML-00000015-0015","encumbrance_type":"BANK_MORTGAGE","financial_institution":"","mortgage_amount":"0.0","created_at":"2026-01-15T09:00:00Z","updated_at":"2026-09-24T11:30:00Z"}},{"type":"Feature","geometry":{"type":"Polygon","coordinates":[[[91.92840643217056,25.80326363144855],[92.09849105742903,25.80326363144855],[92.09849105742903,25.917181218122696],[91.94487678241717,25.912582891642657],[91.92840643217056,25.80326363144855]]]},"properties":{"ulpin":"17456156213505","parcel_id":"52baf5fd-31c6-400f-8ca2-142d17a278aa","state":"Meghalaya","state_code":"ML","state_type":"STATE","state_lgd_code":"17","district_lgd_code":"275","district_name":"East Khasi Hills","subdistrict_lgd_code":"2510","subdistrict_name":"Mylliem C&RD Block","subdistrict_type":"Tehsil / Taluk","village_lgd_code":"298101","village_name":"Mawlai","khasra_plot_no":"KHADC-ML-412/D16","recorded_area":"750.0","recorded_area_unit":"Square Meter","normalized_area_sqm":"750.0","gis_area_sqm":"750.0","land_use_category":"INSTITUTIONAL","land_use_raw":"Ri-Kynti (Clan Private Land)","status":"PENDING_MUTATION","data_freshness_status":"STALE","scenario_index":"10273","use_case_description":"Lease charge and institutional tenancy","mutation_workflow_status":"APPROVED","revenue_record_id":"ROR-ML-2025-1016-0016","revenue_record_type":"Autonomous District Council Land Certificate","khata_khewat_no":"KHT-66","khatauni_no":"KHN-166","owner_name":"Dapbianglin Kharbhih","owner_name_local":"Dapbianglin Kharbhih","co_owners":"","tenure_type":"Bhumiswami / Freehold","mutation_status":"PENDING","active_mutation_id":"MUT-ML-00000016","tax_demand_status":"PAID","annual_tax_inr":"185.5","deed_number":"DEED-ML-2024-416-0016","deed_type":"Sale Deed / Conveyance","sro_office":"Sub-Registrar Office, Mylliem C&RD Block","execution_date":"2024-05-10","registered_owner":"Dapbianglin Kharbhih","seller_name":"Previous Landholder","consideration_amount_inr":"3500000.0","stamp_duty_inr":"210000.0","survey_sketch_id":"FMB-ML-16-0016","cadastral_sheet_no":"SHT-ML-16","surveyed_area_sqm":"750.0","survey_status":"PENDING","urban_authority":"Mylliem C&RD Block Urban Development & Town Planning Authority","zone_name":"Residential Zone","permitted_land_use":"INSTITUTIONAL","building_permission_status":"PENDING","violations_reported":"False","is_encumbered":"True","encumbrance_certificate_number":"EC-ML-00000016-0016","encumbrance_type":"GOVT_REVENUE_LIEN","financial_institution":"","mortgage_amount":"0.0","created_at":"2026-01-15T09:00:00Z","updated_at":"2026-09-24T11:30:00Z"}},{"type":"Feature","geometry":{"type":"Polygon","coordinates":[[[91.17567442292447,25.98405312453223],[91.31180228138236,25.992926309712935],[91.31180228138236,26.079966909477204],[91.17837008486765,26.078879053094624],[91.17567442292447,25.98405312453223]]]},"properties":{"ulpin":"17208898929755","parcel_id":"484819df-7f5d-4a4c-9f4d-d7be66b4e8a7","state":"Meghalaya","state_code":"ML","state_type":"STATE","state_lgd_code":"17","district_lgd_code":"275","district_name":"East Khasi Hills","subdistrict_lgd_code":"2510","subdistrict_name":"Mylliem C&RD Block","subdistrict_type":"Tehsil / Taluk","village_lgd_code":"298101","village_name":"Mawlai","khasra_plot_no":"KHADC-ML-412/D17","recorded_area":"750.0","recorded_area_unit":"Square Meter","normalized_area_sqm":"750.0","gis_area_sqm":"750.0","land_use_category":"FOREST_GREEN_BELT","land_use_raw":"Ri-Kynti (Clan Private Land)","status":"SUBDIVIDED","data_freshness_status":"UNKNOWN","scenario_index":"10274","use_case_description":"Subdivision or amalgamation history review","mutation_workflow_status":"REJECTED","revenue_record_id":"ROR-ML-2025-1016-0017","revenue_record_type":"Autonomous District Council Land Certificate","khata_khewat_no":"KHT-66","khatauni_no":"KHN-166","owner_name":"Dapbianglin Kharbhih","owner_name_local":"Dapbianglin Kharbhih","co_owners":"","tenure_type":"Leasehold","mutation_status":"UNMUTATED_TRANSACTION","active_mutation_id":"MUT-ML-00000017","tax_demand_status":"PAID","annual_tax_inr":"185.5","deed_number":"DEED-ML-2024-416-0017","deed_type":"Sale Deed / Conveyance","sro_office":"Sub-Registrar Office, Mylliem C&RD Block","execution_date":"2024-05-10","registered_owner":"Registry Variance Owner 17","seller_name":"Previous Landholder","consideration_amount_inr":"3500000.0","stamp_duty_inr":"210000.0","survey_sketch_id":"FMB-ML-16-0017","cadastral_sheet_no":"SHT-ML-16","surveyed_area_sqm":"750.0","survey_status":"DISPUTED","urban_authority":"Mylliem C&RD Block Urban Development & Town Planning Authority","zone_name":"Residential Zone","permitted_land_use":"FOREST_GREEN_BELT","building_permission_status":"REJECTED","violations_reported":"False","is_encumbered":"True","encumbrance_certificate_number":"EC-ML-00000017-0017","encumbrance_type":"COURT_ATTACHMENT","financial_institution":"","mortgage_amount":"0.0","created_at":"2026-01-15T09:00:00Z","updated_at":"2026-09-24T11:30:00Z"}},{"type":"Feature","geometry":{"type":"Polygon","coordinates":[[[91.61001681921935,26.04825488210684],[91.75229333826668,26.066846763618816],[91.7506931440524,26.198845623079922],[91.61001681921935,26.18222554784935],[91.61001681921935,26.04825488210684]]]},"properties":{"ulpin":"17063863533960","parcel_id":"0393fca1-2b13-4c8d-900e-a229191e6f0e","state":"Meghalaya","state_code":"ML","state_type":"STATE","state_lgd_code":"17","district_lgd_code":"275","district_name":"East Khasi Hills","subdistrict_lgd_code":"2510","subdistrict_name":"Mylliem C&RD Block","subdistrict_type":"Tehsil / Taluk","village_lgd_code":"298101","village_name":"Mawlai","khasra_plot_no":"KHADC-ML-412/D18","recorded_area":"750.0","recorded_area_unit":"Square Meter","normalized_area_sqm":"750.0","gis_area_sqm":"750.0","land_use_category":"WATER_BODY","land_use_raw":"Ri-Kynti (Clan Private Land)","status":"AMALGAMATED","data_freshness_status":"CURRENT","scenario_index":"10275","use_case_description":"Archived historical record for audit retrieval","mutation_workflow_status":"SLA_BREACHED","revenue_record_id":"ROR-ML-2025-1016-0018","revenue_record_type":"Autonomous District Council Land Certificate","khata_khewat_no":"KHT-66","khatauni_no":"KHN-166","owner_name":"Dapbianglin Kharbhih","owner_name_local":"Dapbianglin Kharbhih","co_owners":"","tenure_type":"Government Grant","mutation_status":"REJECTED","active_mutation_id":"MUT-ML-00000018","tax_demand_status":"PAID","annual_tax_inr":"185.5","deed_number":"DEED-ML-2024-416-0018","deed_type":"Sale Deed / Conveyance","sro_office":"Sub-Registrar Office, Mylliem C&RD Block","execution_date":"2024-05-10","registered_owner":"Dapbianglin Kharbhih","seller_name":"Previous Landholder","consideration_amount_inr":"3500000.0","stamp_duty_inr":"210000.0","survey_sketch_id":"FMB-ML-16-0018","cadastral_sheet_no":"SHT-ML-16","surveyed_area_sqm":"750.0","survey_status":"RESURVEY_REQUIRED","urban_authority":"Mylliem C&RD Block Urban Development & Town Planning Authority","zone_name":"Residential Zone","permitted_land_use":"WATER_BODY","building_permission_status":"NOT_APPLICABLE","violations_reported":"False","is_encumbered":"True","encumbrance_certificate_number":"EC-ML-00000018-0018","encumbrance_type":"TRIBAL_NON_ALIENATION","financial_institution":"","mortgage_amount":"0.0","created_at":"2026-01-15T09:00:00Z","updated_at":"2026-09-24T11:30:00Z"}},{"type":"Feature","geometry":{"type":"Polygon","coordinates":[[[91.70941324734538,25.6233114361044],[91.86739227229006,25.627653771591522],[91.89473639814278,25.755817957607572],[91.70941324734538,25.755817957607572],[91.70941324734538,25.6233114361044]]]},"properties":{"ulpin":"17391670712370","parcel_id":"ad2755fd-5301-4ee9-aa9e-4416fb1e5ec3","state":"Meghalaya","state_code":"ML","state_type":"STATE","state_lgd_code":"17","district_lgd_code":"275","district_name":"East Khasi Hills","subdistrict_lgd_code":"2510","subdistrict_name":"Mylliem C&RD Block","subdistrict_type":"Tehsil / Taluk","village_lgd_code":"298101","village_name":"Mawlai","khasra_plot_no":"KHADC-ML-412/D19","recorded_area":"750.0","recorded_area_unit":"Square Meter","normalized_area_sqm":"750.0","gis_area_sqm":"750.0","land_use_category":"MIXED_USE","land_use_raw":"Ri-Kynti (Clan Private Land)","status":"DISPUTED","data_freshness_status":"STALE","scenario_index":"10276","use_case_description":"Bank mortgage and active encumbrance","mutation_workflow_status":"SUBMITTED","revenue_record_id":"ROR-ML-2025-1016-0019","revenue_record_type":"Autonomous District Council Land Certificate","khata_khewat_no":"KHT-66","khatauni_no":"KHN-166","owner_name":"Dapbianglin Kharbhih","owner_name_local":"Dapbianglin Kharbhih","co_owners":"","tenure_type":"Waqf / Religious Trust","mutation_status":"DISPUTED","active_mutation_id":"MUT-ML-00000019","tax_demand_status":"PAID","annual_tax_inr":"185.5","deed_number":"DEED-ML-2024-416-0019","deed_type":"Sale Deed / Conveyance","sro_office":"Sub-Registrar Office, Mylliem C&RD Block","execution_date":"2024-05-10","registered_owner":"Dapbianglin Kharbhih","seller_name":"Previous Landholder","consideration_amount_inr":"3500000.0","stamp_duty_inr":"210000.0","survey_sketch_id":"FMB-ML-16-0019","cadastral_sheet_no":"SHT-ML-16","surveyed_area_sqm":"750.0","survey_status":"SURVEYED","urban_authority":"Mylliem C&RD Block Urban Development & Town Planning Authority","zone_name":"Residential Zone","permitted_land_use":"MIXED_USE","building_permission_status":"SANCTIONED","violations_reported":"True","is_encumbered":"True","encumbrance_certificate_number":"EC-ML-00000019-0019","encumbrance_type":"LEASE_CHARGE","financial_institution":"","mortgage_amount":"0.0","created_at":"2026-01-15T09:00:00Z","updated_at":"2026-09-24T11:30:00Z"}},{"type":"Feature","geometry":{"type":"Polygon","coordinates":[[[90.93569555667968,25.38188114676993],[91.08255567040186,25.345843407660062],[91.06632056494054,25.50427005527403],[90.93569555667968,25.47197196789923],[90.93569555667968,25.38188114676993]]]},"properties":{"ulpin":"17851051285383","parcel_id":"a1c5dd8b-d1e5-4390-a8cc-587da1534dcf","state":"Meghalaya","state_code":"ML","state_type":"STATE","state_lgd_code":"17","district_lgd_code":"275","district_name":"East Khasi Hills","subdistrict_lgd_code":"2510","subdistrict_name":"Mylliem C&RD Block","subdistrict_type":"Tehsil / Taluk","village_lgd_code":"298101","village_name":"Mawlai","khasra_plot_no":"KHADC-ML-412/D20","recorded_area":"750.0","recorded_area_unit":"Square Meter","normalized_area_sqm":"750.0","gis_area_sqm":"750.0","land_use_category":"OTHER","land_use_raw":"Ri-Kynti (Clan Private Land)","status":"ARCHIVED","data_freshness_status":"UNKNOWN","scenario_index":"10277","use_case_description":"Pending sale mutation within statutory SLA","mutation_workflow_status":"UNDER_VERIFICATION","revenue_record_id":"ROR-ML-2025-1016-0020","revenue_record_type":"Autonomous District Council Land Certificate","khata_khewat_no":"KHT-66","khatauni_no":"KHN-166","owner_name":"Dapbianglin Kharbhih","owner_name_local":"Dapbianglin Kharbhih","co_owners":"","tenure_type":"Tribal Community Tenure","mutation_status":"NONE","active_mutation_id":"MUT-ML-00000020","tax_demand_status":"PAID","annual_tax_inr":"185.5","deed_number":"DEED-ML-2024-416-0020","deed_type":"Sale Deed / Conveyance","sro_office":"Sub-Registrar Office, Mylliem C&RD Block","execution_date":"2024-05-10","registered_owner":"Dapbianglin Kharbhih","seller_name":"Previous Landholder","consideration_amount_inr":"3500000.0","stamp_duty_inr":"210000.0","survey_sketch_id":"FMB-ML-16-0020","cadastral_sheet_no":"SHT-ML-16","surveyed_area_sqm":"750.0","survey_status":"PENDING","urban_authority":"Mylliem C&RD Block Urban Development & Town Planning Authority","zone_name":"Residential Zone","permitted_land_use":"OTHER","building_permission_status":"PENDING","violations_reported":"False","is_encumbered":"False","encumbrance_certificate_number":"EC-ML-2024-116-0020","encumbrance_type":"NIL","financial_institution":"","mortgage_amount":"0.0","created_at":"2026-01-15T09:00:00Z","updated_at":"2026-09-24T11:30:00Z"}},{"type":"Feature","geometry":{"type":"Polygon","coordinates":[[[91.94487678241717,25.912582891642657],[92.09849105742903,25.917181218122696],[92.09849105742903,26.05440068709104],[91.9123858494441,26.069651936777486],[91.94487678241717,25.912582891642657]]]},"properties":{"ulpin":"17915662669105","parcel_id":"ed30a049-5c83-410b-89ae-63727a79d187","state":"Meghalaya","state_code":"ML","state_type":"STATE","state_lgd_code":"17","district_lgd_code":"275","district_name":"East Khasi Hills","subdistrict_lgd_code":"2510","subdistrict_name":"Mylliem C&RD Block","subdistrict_type":"Tehsil / Taluk","village_lgd_code":"298101","village_name":"Mawlai","khasra_plot_no":"KHADC-ML-412/D21","recorded_area":"750.0","recorded_area_unit":"Square Meter","normalized_area_sqm":"750.0","gis_area_sqm":"750.0","land_use_category":"RESIDENTIAL","land_use_raw":"Ri-Kynti (Clan Private Land)","status":"ACTIVE","data_freshness_status":"CURRENT","scenario_index":"10278","use_case_description":"Court attachment and disputed possession","mutation_workflow_status":"NOTICE_PERIOD","revenue_record_id":"ROR-ML-2025-1016-0021","revenue_record_type":"Autonomous District Council Land Certificate","khata_khewat_no":"KHT-66","khatauni_no":"KHN-166","owner_name":"Dapbianglin Kharbhih","owner_name_local":"Dapbianglin Kharbhih","co_owners":"","tenure_type":"Bhumiswami / Raiyati with Transferable Rights","mutation_status":"MUTATED","active_mutation_id":"","tax_demand_status":"PAID","annual_tax_inr":"185.5","deed_number":"DEED-ML-2024-416-0021","deed_type":"Sale Deed / Conveyance","sro_office":"Sub-Registrar Office, Mylliem C&RD Block","execution_date":"2024-05-10","registered_owner":"Dapbianglin Kharbhih","seller_name":"Previous Landholder","consideration_amount_inr":"3500000.0","stamp_duty_inr":"210000.0","survey_sketch_id":"FMB-ML-16-0021","cadastral_sheet_no":"SHT-ML-16","surveyed_area_sqm":"750.0","survey_status":"DISPUTED","urban_authority":"Mylliem C&RD Block Urban Development & Town Planning Authority","zone_name":"Residential Zone","permitted_land_use":"RESIDENTIAL","building_permission_status":"REJECTED","violations_reported":"False","is_encumbered":"True","encumbrance_certificate_number":"EC-ML-00000021-0021","encumbrance_type":"BANK_MORTGAGE","financial_institution":"","mortgage_amount":"0.0","created_at":"2026-01-15T09:00:00Z","updated_at":"2026-09-24T11:30:00Z"}},{"type":"Feature","geometry":{"type":"Polygon","coordinates":[[[91.20852445314328,25.35898682368208],[91.30945417669304,25.38265581583666],[91.33594567868522,25.48354898711117],[91.19239775949528,25.486824473140967],[91.20852445314328,25.35898682368208]]]},"properties":{"ulpin":"17715622365616","parcel_id":"4767da94-8501-4f4f-8fcc-11998148c8f5","state":"Meghalaya","state_code":"ML","state_type":"STATE","state_lgd_code":"17","district_lgd_code":"275","district_name":"East Khasi Hills","subdistrict_lgd_code":"2510","subdistrict_name":"Mylliem C&RD Block","subdistrict_type":"Tehsil / Taluk","village_lgd_code":"298101","village_name":"Mawlai","khasra_plot_no":"KHADC-ML-412/D22","recorded_area":"750.0","recorded_area_unit":"Square Meter","normalized_area_sqm":"750.0","gis_area_sqm":"750.0","land_use_category":"COMMERCIAL","land_use_raw":"Ri-Kynti (Clan Private Land)","status":"PENDING_MUTATION","data_freshness_status":"STALE","scenario_index":"10279","use_case_description":"Tribal non-alienation protection review","mutation_workflow_status":"HEARING_SCHEDULED","revenue_record_id":"ROR-ML-2025-1016-0022","revenue_record_type":"Autonomous District Council Land Certificate","khata_khewat_no":"KHT-66","khatauni_no":"KHN-166","owner_name":"Dapbianglin Kharbhih","owner_name_local":"Dapbianglin Kharbhih","co_owners":"","tenure_type":"Bhumiswami / Freehold","mutation_status":"PENDING","active_mutation_id":"MUT-ML-00000022","tax_demand_status":"PAID","annual_tax_inr":"185.5","deed_number":"DEED-ML-2024-416-0022","deed_type":"Sale Deed / Conveyance","sro_office":"Sub-Registrar Office, Mylliem C&RD Block","execution_date":"2024-05-10","registered_owner":"Registry Variance Owner 22","seller_name":"Previous Landholder","consideration_amount_inr":"3500000.0","stamp_duty_inr":"210000.0","survey_sketch_id":"FMB-ML-16-0022","cadastral_sheet_no":"SHT-ML-16","surveyed_area_sqm":"750.0","survey_status":"RESURVEY_REQUIRED","urban_authority":"Mylliem C&RD Block Urban Development & Town Planning Authority","zone_name":"Residential Zone","permitted_land_use":"COMMERCIAL","building_permission_status":"NOT_APPLICABLE","violations_reported":"False","is_encumbered":"True","encumbrance_certificate_number":"EC-ML-00000022-0022","encumbrance_type":"GOVT_REVENUE_LIEN","financial_institution":"","mortgage_amount":"0.0","created_at":"2026-01-15T09:00:00Z","updated_at":"2026-09-24T11:30:00Z"}},{"type":"Feature","geometry":{"type":"Polygon","coordinates":[[[91.70941324734538,25.36926086926011],[91.87219874108807,25.33933247214882],[91.89762543667482,25.500571015834513],[91.70941324734538,25.488575978614783],[91.70941324734538,25.36926086926011]]]},"properties":{"ulpin":"17326733463671","parcel_id":"d96562cc-18df-45d3-b5fe-aac5f0fbd15b","state":"Meghalaya","state_code":"ML","state_type":"STATE","state_lgd_code":"17","district_lgd_code":"275","district_name":"East Khasi Hills","subdistrict_lgd_code":"2510","subdistrict_name":"Mylliem C&RD Block","subdistrict_type":"Tehsil / Taluk","village_lgd_code":"298101","village_name":"Mawlai","khasra_plot_no":"KHADC-ML-412/D23","recorded_area":"750.0","recorded_area_unit":"Square Meter","normalized_area_sqm":"750.0","gis_area_sqm":"750.0","land_use_category":"INDUSTRIAL","land_use_raw":"Ri-Kynti (Clan Private Land)","status":"SUBDIVIDED","data_freshness_status":"UNKNOWN","scenario_index":"10280","use_case_description":"Lease charge and institutional tenancy","mutation_workflow_status":"APPROVED","revenue_record_id":"ROR-ML-2025-1016-0023","revenue_record_type":"Autonomous District Council Land Certificate","khata_khewat_no":"KHT-66","khatauni_no":"KHN-166","owner_name":"Dapbianglin Kharbhih","owner_name_local":"Dapbianglin Kharbhih","co_owners":"","tenure_type":"Leasehold","mutation_status":"UNMUTATED_TRANSACTION","active_mutation_id":"MUT-ML-00000023","tax_demand_status":"PAID","annual_tax_inr":"185.5","deed_number":"DEED-ML-2024-416-0023","deed_type":"Sale Deed / Conveyance","sro_office":"Sub-Registrar Office, Mylliem C&RD Block","execution_date":"2024-05-10","registered_owner":"Dapbianglin Kharbhih","seller_name":"Previous Landholder","consideration_amount_inr":"3500000.0","stamp_duty_inr":"210000.0","survey_sketch_id":"FMB-ML-16-0023","cadastral_sheet_no":"SHT-ML-16","surveyed_area_sqm":"750.0","survey_status":"SURVEYED","urban_authority":"Mylliem C&RD Block Urban Development & Town Planning Authority","zone_name":"Residential Zone","permitted_land_use":"INDUSTRIAL","building_permission_status":"SANCTIONED","violations_reported":"False","is_encumbered":"True","encumbrance_certificate_number":"EC-ML-00000023-0023","encumbrance_type":"COURT_ATTACHMENT","financial_institution":"","mortgage_amount":"0.0","created_at":"2026-01-15T09:00:00Z","updated_at":"2026-09-24T11:30:00Z"}},{"type":"Feature","geometry":{"type":"Polygon","coordinates":[[[91.93759325457978,26.203331585096624],[92.09849105742903,26.20715027694433],[92.09849105742903,26.320945008593306],[91.91316219636867,26.320945008593306],[91.93759325457978,26.203331585096624]]]},"properties":{"ulpin":"17022014638592","parcel_id":"4aa71a6a-be94-4340-b829-829a343767d7","state":"Meghalaya","state_code":"ML","state_type":"STATE","state_lgd_code":"17","district_lgd_code":"275","district_name":"East Khasi Hills","subdistrict_lgd_code":"2510","subdistrict_name":"Mylliem C&RD Block","subdistrict_type":"Tehsil / Taluk","village_lgd_code":"298101","village_name":"Mawlai","khasra_plot_no":"KHADC-ML-412/D24","recorded_area":"750.0","recorded_area_unit":"Square Meter","normalized_area_sqm":"750.0","gis_area_sqm":"750.0","land_use_category":"AGRICULTURAL","land_use_raw":"Ri-Kynti (Clan Private Land)","status":"AMALGAMATED","data_freshness_status":"CURRENT","scenario_index":"10281","use_case_description":"Subdivision or amalgamation history review","mutation_workflow_status":"REJECTED","revenue_record_id":"ROR-ML-2025-1016-0024","revenue_record_type":"Autonomous District Council Land Certificate","khata_khewat_no":"KHT-66","khatauni_no":"KHN-166","owner_name":"Dapbianglin Kharbhih","owner_name_local":"Dapbianglin Kharbhih","co_owners":"","tenure_type":"Government Grant","mutation_status":"REJECTED","active_mutation_id":"MUT-ML-00000024","tax_demand_status":"PAID","annual_tax_inr":"185.5","deed_number":"DEED-ML-2024-416-0024","deed_type":"Sale Deed / Conveyance","sro_office":"Sub-Registrar Office, Mylliem C&RD Block","execution_date":"2024-05-10","registered_owner":"Dapbianglin Kharbhih","seller_name":"Previous Landholder","consideration_amount_inr":"3500000.0","stamp_duty_inr":"210000.0","survey_sketch_id":"FMB-ML-16-0024","cadastral_sheet_no":"SHT-ML-16","surveyed_area_sqm":"750.0","survey_status":"PENDING","urban_authority":"Mylliem C&RD Block Urban Development & Town Planning Authority","zone_name":"Residential Zone","permitted_land_use":"AGRICULTURAL","building_permission_status":"PENDING","violations_reported":"False","is_encumbered":"True","encumbrance_certificate_number":"EC-ML-00000024-0024","encumbrance_type":"TRIBAL_NON_ALIENATION","financial_institution":"","mortgage_amount":"0.0","created_at":"2026-01-15T09:00:00Z","updated_at":"2026-09-24T11:30:00Z"}},{"type":"Feature","geometry":{"type":"Polygon","coordinates":[[[91.04904500249309,25.781270675885896],[91.17635966877675,25.781270675885896],[91.16474904534148,25.886577098641872],[91.01220652625392,25.88468468018268],[91.04904500249309,25.781270675885896]]]},"properties":{"ulpin":"17908162973445","parcel_id":"5d60a61a-08b2-49e2-8416-a651af730b87","state":"Meghalaya","state_code":"ML","state_type":"STATE","state_lgd_code":"17","district_lgd_code":"275","district_name":"East Khasi Hills","subdistrict_lgd_code":"2510","subdistrict_name":"Mylliem C&RD Block","subdistrict_type":"Tehsil / Taluk","village_lgd_code":"298101","village_name":"Mawlai","khasra_plot_no":"KHADC-ML-412/D25","recorded_area":"750.0","recorded_area_unit":"Square Meter","normalized_area_sqm":"750.0","gis_area_sqm":"750.0","land_use_category":"INSTITUTIONAL","land_use_raw":"Ri-Kynti (Clan Private Land)","status":"DISPUTED","data_freshness_status":"STALE","scenario_index":"10282","use_case_description":"Archived historical record for audit retrieval","mutation_workflow_status":"SLA_BREACHED","revenue_record_id":"ROR-ML-2025-1016-0025","revenue_record_type":"Autonomous District Council Land Certificate","khata_khewat_no":"KHT-66","khatauni_no":"KHN-166","owner_name":"Dapbianglin Kharbhih","owner_name_local":"Dapbianglin Kharbhih","co_owners":"","tenure_type":"Waqf / Religious Trust","mutation_status":"DISPUTED","active_mutation_id":"MUT-ML-00000025","tax_demand_status":"PAID","annual_tax_inr":"185.5","deed_number":"DEED-ML-2024-416-0025","deed_type":"Sale Deed / Conveyance","sro_office":"Sub-Registrar Office, Mylliem C&RD Block","execution_date":"2024-05-10","registered_owner":"Dapbianglin Kharbhih","seller_name":"Previous Landholder","consideration_amount_inr":"3500000.0","stamp_duty_inr":"210000.0","survey_sketch_id":"FMB-ML-16-0025","cadastral_sheet_no":"SHT-ML-16","surveyed_area_sqm":"750.0","survey_status":"DISPUTED","urban_authority":"Mylliem C&RD Block Urban Development & Town Planning Authority","zone_name":"Residential Zone","permitted_land_use":"INSTITUTIONAL","building_permission_status":"REJECTED","violations_reported":"False","is_encumbered":"True","encumbrance_certificate_number":"EC-ML-00000025-0025","encumbrance_type":"LEASE_CHARGE","financial_institution":"","mortgage_amount":"0.0","created_at":"2026-01-15T09:00:00Z","updated_at":"2026-09-24T11:30:00Z"}},{"type":"Feature","geometry":{"type":"Polygon","coordinates":[[[91.08255567040186,25.345843407660062],[91.20852445314328,25.35898682368208],[91.19239775949528,25.486824473140967],[91.06632056494054,25.50427005527403],[91.08255567040186,25.345843407660062]]]},"properties":{"ulpin":"17085667265473","parcel_id":"8dc21ebb-9584-48d1-8dd4-3ee1d624f51b","state":"Meghalaya","state_code":"ML","state_type":"STATE","state_lgd_code":"17","district_lgd_code":"275","district_name":"East Khasi Hills","subdistrict_lgd_code":"2510","subdistrict_name":"Mylliem C&RD Block","subdistrict_type":"Tehsil / Taluk","village_lgd_code":"298101","village_name":"Mawlai","khasra_plot_no":"KHADC-ML-412/D26","recorded_area":"750.0","recorded_area_unit":"Square Meter","normalized_area_sqm":"750.0","gis_area_sqm":"750.0","land_use_category":"FOREST_GREEN_BELT","land_use_raw":"Ri-Kynti (Clan Private Land)","status":"ARCHIVED","data_freshness_status":"UNKNOWN","scenario_index":"10283","use_case_description":"Bank mortgage and active encumbrance","mutation_workflow_status":"SUBMITTED","revenue_record_id":"ROR-ML-2025-1016-0026","revenue_record_type":"Autonomous District Council Land Certificate","khata_khewat_no":"KHT-66","khatauni_no":"KHN-166","owner_name":"Dapbianglin Kharbhih","owner_name_local":"Dapbianglin Kharbhih","co_owners":"","tenure_type":"Tribal Community Tenure","mutation_status":"NONE","active_mutation_id":"MUT-ML-00000026","tax_demand_status":"PAID","annual_tax_inr":"185.5","deed_number":"DEED-ML-2024-416-0026","deed_type":"Sale Deed / Conveyance","sro_office":"Sub-Registrar Office, Mylliem C&RD Block","execution_date":"2024-05-10","registered_owner":"Dapbianglin Kharbhih","seller_name":"Previous Landholder","consideration_amount_inr":"3500000.0","stamp_duty_inr":"210000.0","survey_sketch_id":"FMB-ML-16-0026","cadastral_sheet_no":"SHT-ML-16","surveyed_area_sqm":"750.0","survey_status":"RESURVEY_REQUIRED","urban_authority":"Mylliem C&RD Block Urban Development & Town Planning Authority","zone_name":"Residential Zone","permitted_land_use":"FOREST_GREEN_BELT","building_permission_status":"NOT_APPLICABLE","violations_reported":"True","is_encumbered":"False","encumbrance_certificate_number":"EC-ML-2024-116-0026","encumbrance_type":"NIL","financial_institution":"","mortgage_amount":"0.0","created_at":"2026-01-15T09:00:00Z","updated_at":"2026-09-24T11:30:00Z"}},{"type":"Feature","geometry":{"type":"Polygon","coordinates":[[[91.06632056494054,25.50427005527403],[91.19239775949528,25.486824473140967],[91.19689653541379,25.620451996258094],[91.04898952160396,25.60131258221426],[91.06632056494054,25.50427005527403]]]},"properties":{"ulpin":"17043273161066","parcel_id":"ad7c3292-0757-4c74-b563-28d79ae02e09","state":"Meghalaya","state_code":"ML","state_type":"STATE","state_lgd_code":"17","district_lgd_code":"275","district_name":"East Khasi Hills","subdistrict_lgd_code":"2510","subdistrict_name":"Mylliem C&RD Block","subdistrict_type":"Tehsil / Taluk","village_lgd_code":"298101","village_name":"Mawlai","khasra_plot_no":"KHADC-ML-412/D27","recorded_area":"750.0","recorded_area_unit":"Square Meter","normalized_area_sqm":"750.0","gis_area_sqm":"750.0","land_use_category":"WATER_BODY","land_use_raw":"Ri-Kynti (Clan Private Land)","status":"ACTIVE","data_freshness_status":"CURRENT","scenario_index":"10284","use_case_description":"Government revenue lien and tax demand","mutation_workflow_status":"UNDER_VERIFICATION","revenue_record_id":"ROR-ML-2025-1016-0027","revenue_record_type":"Autonomous District Council Land Certificate","khata_khewat_no":"KHT-66","khatauni_no":"KHN-166","owner_name":"Dapbianglin Kharbhih","owner_name_local":"Dapbianglin Kharbhih","co_owners":"","tenure_type":"Bhumiswami / Raiyati with Transferable Rights","mutation_status":"MUTATED","active_mutation_id":"","tax_demand_status":"PAID","annual_tax_inr":"185.5","deed_number":"DEED-ML-2024-416-0027","deed_type":"Sale Deed / Conveyance","sro_office":"Sub-Registrar Office, Mylliem C&RD Block","execution_date":"2024-05-10","registered_owner":"Registry Variance Owner 27","seller_name":"Previous Landholder","consideration_amount_inr":"3500000.0","stamp_duty_inr":"210000.0","survey_sketch_id":"FMB-ML-16-0027","cadastral_sheet_no":"SHT-ML-16","surveyed_area_sqm":"750.0","survey_status":"SURVEYED","urban_authority":"Mylliem C&RD Block Urban Development & Town Planning Authority","zone_name":"Residential Zone","permitted_land_use":"WATER_BODY","building_permission_status":"SANCTIONED","violations_reported":"False","is_encumbered":"True","encumbrance_certificate_number":"EC-ML-00000027-0027","encumbrance_type":"BANK_MORTGAGE","financial_institution":"","mortgage_amount":"0.0","created_at":"2026-01-15T09:00:00Z","updated_at":"2026-09-24T11:30:00Z"}},{"type":"Feature","geometry":{"type":"Polygon","coordinates":[[[91.33594567868522,25.48354898711117],[91.45376913792929,25.477166698515976],[91.45376913792929,25.592228802633773],[91.33514273664467,25.607299770724556],[91.33594567868522,25.48354898711117]]]},"properties":{"ulpin":"17784502026084","parcel_id":"b59b1b46-8dfc-4150-9c96-66517dacb6bb","state":"Meghalaya","state_code":"ML","state_type":"STATE","state_lgd_code":"17","district_lgd_code":"275","district_name":"East Khasi Hills","subdistrict_lgd_code":"2510","subdistrict_name":"Mylliem C&RD Block","subdistrict_type":"Tehsil / Taluk","village_lgd_code":"298101","village_name":"Mawlai","khasra_plot_no":"KHADC-ML-412/D28","recorded_area":"750.0","recorded_area_unit":"Square Meter","normalized_area_sqm":"750.0","gis_area_sqm":"750.0","land_use_category":"MIXED_USE","land_use_raw":"Ri-Kynti (Clan Private Land)","status":"PENDING_MUTATION","data_freshness_status":"STALE","scenario_index":"10285","use_case_description":"Court attachment and disputed possession","mutation_workflow_status":"NOTICE_PERIOD","revenue_record_id":"ROR-ML-2025-1016-0028","revenue_record_type":"Autonomous District Council Land Certificate","khata_khewat_no":"KHT-66","khatauni_no":"KHN-166","owner_name":"Dapbianglin Kharbhih","owner_name_local":"Dapbianglin Kharbhih","co_owners":"","tenure_type":"Bhumiswami / Freehold","mutation_status":"PENDING","active_mutation_id":"MUT-ML-00000028","tax_demand_status":"PAID","annual_tax_inr":"185.5","deed_number":"DEED-ML-2024-416-0028","deed_type":"Sale Deed / Conveyance","sro_office":"Sub-Registrar Office, Mylliem C&RD Block","execution_date":"2024-05-10","registered_owner":"Dapbianglin Kharbhih","seller_name":"Previous Landholder","consideration_amount_inr":"3500000.0","stamp_duty_inr":"210000.0","survey_sketch_id":"FMB-ML-16-0028","cadastral_sheet_no":"SHT-ML-16","surveyed_area_sqm":"750.0","survey_status":"PENDING","urban_authority":"Mylliem C&RD Block Urban Development & Town Planning Authority","zone_name":"Residential Zone","permitted_land_use":"MIXED_USE","building_permission_status":"PENDING","violations_reported":"False","is_encumbered":"True","encumbrance_certificate_number":"EC-ML-00000028-0028","encumbrance_type":"GOVT_REVENUE_LIEN","financial_institution":"","mortgage_amount":"0.0","created_at":"2026-01-15T09:00:00Z","updated_at":"2026-09-24T11:30:00Z"}},{"type":"Feature","geometry":{"type":"Polygon","coordinates":[[[90.93569555667968,25.47197196789923],[91.06632056494054,25.50427005527403],[91.04898952160396,25.60131258221426],[90.93569555667968,25.62466044476502],[90.93569555667968,25.47197196789923]]]},"properties":{"ulpin":"17311231348916","parcel_id":"bdf20511-20b7-4ed3-9fb2-0c9bbad5e0da","state":"Meghalaya","state_code":"ML","state_type":"STATE","state_lgd_code":"17","district_lgd_code":"275","district_name":"East Khasi Hills","subdistrict_lgd_code":"2510","subdistrict_name":"Mylliem C&RD Block","subdistrict_type":"Tehsil / Taluk","village_lgd_code":"298101","village_name":"Mawlai","khasra_plot_no":"KHADC-ML-412/D29","recorded_area":"750.0","recorded_area_unit":"Square Meter","normalized_area_sqm":"750.0","gis_area_sqm":"750.0","land_use_category":"OTHER","land_use_raw":"Ri-Kynti (Clan Private Land)","status":"SUBDIVIDED","data_freshness_status":"UNKNOWN","scenario_index":"10286","use_case_description":"Tribal non-alienation protection review","mutation_workflow_status":"HEARING_SCHEDULED","revenue_record_id":"ROR-ML-2025-1016-0029","revenue_record_type":"Autonomous District Council Land Certificate","khata_khewat_no":"KHT-66","khatauni_no":"KHN-166","owner_name":"Dapbianglin Kharbhih","owner_name_local":"Dapbianglin Kharbhih","co_owners":"","tenure_type":"Leasehold","mutation_status":"UNMUTATED_TRANSACTION","active_mutation_id":"MUT-ML-00000029","tax_demand_status":"PAID","annual_tax_inr":"185.5","deed_number":"DEED-ML-2024-416-0029","deed_type":"Sale Deed / Conveyance","sro_office":"Sub-Registrar Office, Mylliem C&RD Block","execution_date":"2024-05-10","registered_owner":"Dapbianglin Kharbhih","seller_name":"Previous Landholder","consideration_amount_inr":"3500000.0","stamp_duty_inr":"210000.0","survey_sketch_id":"FMB-ML-16-0029","cadastral_sheet_no":"SHT-ML-16","surveyed_area_sqm":"750.0","survey_status":"DISPUTED","urban_authority":"Mylliem C&RD Block Urban Development & Town Planning Authority","zone_name":"Residential Zone","permitted_land_use":"OTHER","building_permission_status":"REJECTED","violations_reported":"False","is_encumbered":"True","encumbrance_certificate_number":"EC-ML-00000029-0029","encumbrance_type":"COURT_ATTACHMENT","financial_institution":"","mortgage_amount":"0.0","created_at":"2026-01-15T09:00:00Z","updated_at":"2026-09-24T11:30:00Z"}},{"type":"Feature","geometry":{"type":"Polygon","coordinates":[[[91.9123858494441,26.069651936777486],[92.09849105742903,26.05440068709104],[92.09849105742903,26.20715027694433],[91.93759325457978,26.203331585096624],[91.9123858494441,26.069651936777486]]]},"properties":{"ulpin":"17171584041042","parcel_id":"a435335d-c72b-4dc7-85d0-48ae6fa7dc89","state":"Meghalaya","state_code":"ML","state_type":"STATE","state_lgd_code":"17","district_lgd_code":"275","district_name":"East Khasi Hills","subdistrict_lgd_code":"2510","subdistrict_name":"Mylliem C&RD Block","subdistrict_type":"Tehsil / Taluk","village_lgd_code":"298101","village_name":"Mawlai","khasra_plot_no":"KHADC-ML-412/D30","recorded_area":"750.0","recorded_area_unit":"Square Meter","normalized_area_sqm":"750.0","gis_area_sqm":"750.0","land_use_category":"RESIDENTIAL","land_use_raw":"Ri-Kynti (Clan Private Land)","status":"AMALGAMATED","data_freshness_status":"CURRENT","scenario_index":"10287","use_case_description":"Lease charge and institutional tenancy","mutation_workflow_status":"APPROVED","revenue_record_id":"ROR-ML-2025-1016-0030","revenue_record_type":"Autonomous District Council Land Certificate","khata_khewat_no":"KHT-66","khatauni_no":"KHN-166","owner_name":"Dapbianglin Kharbhih","owner_name_local":"Dapbianglin Kharbhih","co_owners":"","tenure_type":"Government Grant","mutation_status":"REJECTED","active_mutation_id":"MUT-ML-00000030","tax_demand_status":"PAID","annual_tax_inr":"185.5","deed_number":"DEED-ML-2024-416-0030","deed_type":"Sale Deed / Conveyance","sro_office":"Sub-Registrar Office, Mylliem C&RD Block","execution_date":"2024-05-10","registered_owner":"Dapbianglin Kharbhih","seller_name":"Previous Landholder","consideration_amount_inr":"3500000.0","stamp_duty_inr":"210000.0","survey_sketch_id":"FMB-ML-16-0030","cadastral_sheet_no":"SHT-ML-16","surveyed_area_sqm":"750.0","survey_status":"RESURVEY_REQUIRED","urban_authority":"Mylliem C&RD Block Urban Development & Town Planning Authority","zone_name":"Residential Zone","permitted_land_use":"RESIDENTIAL","building_permission_status":"NOT_APPLICABLE","violations_reported":"False","is_encumbered":"True","encumbrance_certificate_number":"EC-ML-00000030-0030","encumbrance_type":"TRIBAL_NON_ALIENATION","financial_institution":"","mortgage_amount":"0.0","created_at":"2026-01-15T09:00:00Z","updated_at":"2026-09-24T11:30:00Z"}},{"type":"Feature","geometry":{"type":"Polygon","coordinates":[[[91.89762543667482,25.500571015834513],[92.05213578341716,25.468108589678767],[92.08459819514536,25.613812065024618],[91.86739227229006,25.627653771591522],[91.89762543667482,25.500571015834513]]]},"properties":{"ulpin":"17668858618494","parcel_id":"43b44ab1-e0e2-439c-8af9-f6d43daa883e","state":"Meghalaya","state_code":"ML","state_type":"STATE","state_lgd_code":"17","district_lgd_code":"275","district_name":"East Khasi Hills","subdistrict_lgd_code":"2510","subdistrict_name":"Mylliem C&RD Block","subdistrict_type":"Tehsil / Taluk","village_lgd_code":"298101","village_name":"Mawlai","khasra_plot_no":"KHADC-ML-412/D31","recorded_area":"750.0","recorded_area_unit":"Square Meter","normalized_area_sqm":"750.0","gis_area_sqm":"750.0","land_use_category":"COMMERCIAL","land_use_raw":"Ri-Kynti (Clan Private Land)","status":"DISPUTED","data_freshness_status":"STALE","scenario_index":"10288","use_case_description":"Subdivision or amalgamation history review","mutation_workflow_status":"REJECTED","revenue_record_id":"ROR-ML-2025-1016-0031","revenue_record_type":"Autonomous District Council Land Certificate","khata_khewat_no":"KHT-66","khatauni_no":"KHN-166","owner_name":"Dapbianglin Kharbhih","owner_name_local":"Dapbianglin Kharbhih","co_owners":"","tenure_type":"Waqf / Religious Trust","mutation_status":"DISPUTED","active_mutation_id":"MUT-ML-00000031","tax_demand_status":"PAID","annual_tax_inr":"185.5","deed_number":"DEED-ML-2024-416-0031","deed_type":"Sale Deed / Conveyance","sro_office":"Sub-Registrar Office, Mylliem C&RD Block","execution_date":"2024-05-10","registered_owner":"Dapbianglin Kharbhih","seller_name":"Previous Landholder","consideration_amount_inr":"3500000.0","stamp_duty_inr":"210000.0","survey_sketch_id":"FMB-ML-16-0031","cadastral_sheet_no":"SHT-ML-16","surveyed_area_sqm":"750.0","survey_status":"SURVEYED","urban_authority":"Mylliem C&RD Block Urban Development & Town Planning Authority","zone_name":"Residential Zone","permitted_land_use":"COMMERCIAL","building_permission_status":"SANCTIONED","violations_reported":"False","is_encumbered":"True","encumbrance_certificate_number":"EC-ML-00000031-0031","encumbrance_type":"LEASE_CHARGE","financial_institution":"","mortgage_amount":"0.0","created_at":"2026-01-15T09:00:00Z","updated_at":"2026-09-24T11:30:00Z"}},{"type":"Feature","geometry":{"type":"Polygon","coordinates":[[[91.17635966877675,25.781270675885896],[91.31180228138236,25.781270675885896],[91.31180228138236,25.886773019957847],[91.16474904534148,25.886577098641872],[91.17635966877675,25.781270675885896]]]},"properties":{"ulpin":"17837690455920","parcel_id":"67836e9d-8c5b-424c-87f4-fd90f71d48bc","state":"Meghalaya","state_code":"ML","state_type":"STATE","state_lgd_code":"17","district_lgd_code":"275","district_name":"East Khasi Hills","subdistrict_lgd_code":"2510","subdistrict_name":"Mylliem C&RD Block","subdistrict_type":"Tehsil / Taluk","village_lgd_code":"298101","village_name":"Mawlai","khasra_plot_no":"KHADC-ML-412/D32","recorded_area":"750.0","recorded_area_unit":"Square Meter","normalized_area_sqm":"750.0","gis_area_sqm":"750.0","land_use_category":"INDUSTRIAL","land_use_raw":"Ri-Kynti (Clan Private Land)","status":"ARCHIVED","data_freshness_status":"UNKNOWN","scenario_index":"10289","use_case_description":"Archived historical record for audit retrieval","mutation_workflow_status":"SLA_BREACHED","revenue_record_id":"ROR-ML-2025-1016-0032","revenue_record_type":"Autonomous District Council Land Certificate","khata_khewat_no":"KHT-66","khatauni_no":"KHN-166","owner_name":"Dapbianglin Kharbhih","owner_name_local":"Dapbianglin Kharbhih","co_owners":"","tenure_type":"Tribal Community Tenure","mutation_status":"NONE","active_mutation_id":"MUT-ML-00000032","tax_demand_status":"PAID","annual_tax_inr":"185.5","deed_number":"DEED-ML-2024-416-0032","deed_type":"Sale Deed / Conveyance","sro_office":"Sub-Registrar Office, Mylliem C&RD Block","execution_date":"2024-05-10","registered_owner":"Registry Variance Owner 32","seller_name":"Previous Landholder","consideration_amount_inr":"3500000.0","stamp_duty_inr":"210000.0","survey_sketch_id":"FMB-ML-16-0032","cadastral_sheet_no":"SHT-ML-16","surveyed_area_sqm":"750.0","survey_status":"PENDING","urban_authority":"Mylliem C&RD Block Urban Development & Town Planning Authority","zone_name":"Residential Zone","permitted_land_use":"INDUSTRIAL","building_permission_status":"PENDING","violations_reported":"False","is_encumbered":"False","encumbrance_certificate_number":"EC-ML-2024-116-0032","encumbrance_type":"NIL","financial_institution":"","mortgage_amount":"0.0","created_at":"2026-01-15T09:00:00Z","updated_at":"2026-09-24T11:30:00Z"}},{"type":"Feature","geometry":{"type":"Polygon","coordinates":[[[91.61001681921935,25.932235820412583],[91.78447746988583,25.922740631216776],[91.75229333826668,26.066846763618816],[91.61001681921935,26.04825488210684],[91.61001681921935,25.932235820412583]]]},"properties":{"ulpin":"17824516164429","parcel_id":"a265e3fc-76fb-4c94-88a5-4a51c623b85a","state":"Meghalaya","state_code":"ML","state_type":"STATE","state_lgd_code":"17","district_lgd_code":"275","district_name":"East Khasi Hills","subdistrict_lgd_code":"2510","subdistrict_name":"Mylliem C&RD Block","subdistrict_type":"Tehsil / Taluk","village_lgd_code":"298101","village_name":"Mawlai","khasra_plot_no":"KHADC-ML-412/D33","recorded_area":"750.0","recorded_area_unit":"Square Meter","normalized_area_sqm":"750.0","gis_area_sqm":"750.0","land_use_category":"AGRICULTURAL","land_use_raw":"Ri-Kynti (Clan Private Land)","status":"ACTIVE","data_freshness_status":"CURRENT","scenario_index":"10290","use_case_description":"Bank mortgage and active encumbrance","mutation_workflow_status":"SUBMITTED","revenue_record_id":"ROR-ML-2025-1016-0033","revenue_record_type":"Autonomous District Council Land Certificate","khata_khewat_no":"KHT-66","khatauni_no":"KHN-166","owner_name":"Dapbianglin Kharbhih","owner_name_local":"Dapbianglin Kharbhih","co_owners":"","tenure_type":"Bhumiswami / Raiyati with Transferable Rights","mutation_status":"MUTATED","active_mutation_id":"","tax_demand_status":"PAID","annual_tax_inr":"185.5","deed_number":"DEED-ML-2024-416-0033","deed_type":"Sale Deed / Conveyance","sro_office":"Sub-Registrar Office, Mylliem C&RD Block","execution_date":"2024-05-10","registered_owner":"Dapbianglin Kharbhih","seller_name":"Previous Landholder","consideration_amount_inr":"3500000.0","stamp_duty_inr":"210000.0","survey_sketch_id":"FMB-ML-16-0033","cadastral_sheet_no":"SHT-ML-16","surveyed_area_sqm":"750.0","survey_status":"DISPUTED","urban_authority":"Mylliem C&RD Block Urban Development & Town Planning Authority","zone_name":"Residential Zone","permitted_land_use":"AGRICULTURAL","building_permission_status":"REJECTED","violations_reported":"True","is_encumbered":"True","encumbrance_certificate_number":"EC-ML-00000033-0033","encumbrance_type":"BANK_MORTGAGE","financial_institution":"","mortgage_amount":"0.0","created_at":"2026-01-15T09:00:00Z","updated_at":"2026-09-24T11:30:00Z"}},{"type":"Feature","geometry":{"type":"Polygon","coordinates":[[[91.86739227229006,25.627653771591522],[92.08459819514536,25.613812065024618],[92.07186255243765,25.755817957607572],[91.89473639814278,25.755817957607572],[91.86739227229006,25.627653771591522]]]},"properties":{"ulpin":"17659121258160","parcel_id":"231890e3-2ad0-4570-86de-62cf72663cff","state":"Meghalaya","state_code":"ML","state_type":"STATE","state_lgd_code":"17","district_lgd_code":"275","district_name":"East Khasi Hills","subdistrict_lgd_code":"2510","subdistrict_name":"Mylliem C&RD Block","subdistrict_type":"Tehsil / Taluk","village_lgd_code":"298101","village_name":"Mawlai","khasra_plot_no":"KHADC-ML-412/D34","recorded_area":"750.0","recorded_area_unit":"Square Meter","normalized_area_sqm":"750.0","gis_area_sqm":"750.0","land_use_category":"INSTITUTIONAL","land_use_raw":"Ri-Kynti (Clan Private Land)","status":"PENDING_MUTATION","data_freshness_status":"STALE","scenario_index":"10291","use_case_description":"Government revenue lien and tax demand","mutation_workflow_status":"UNDER_VERIFICATION","revenue_record_id":"ROR-ML-2025-1016-0034","revenue_record_type":"Autonomous District Council Land Certificate","khata_khewat_no":"KHT-66","khatauni_no":"KHN-166","owner_name":"Dapbianglin Kharbhih","owner_name_local":"Dapbianglin Kharbhih","co_owners":"","tenure_type":"Bhumiswami / Freehold","mutation_status":"PENDING","active_mutation_id":"MUT-ML-00000034","tax_demand_status":"PAID","annual_tax_inr":"185.5","deed_number":"DEED-ML-2024-416-0034","deed_type":"Sale Deed / Conveyance","sro_office":"Sub-Registrar Office, Mylliem C&RD Block","execution_date":"2024-05-10","registered_owner":"Dapbianglin Kharbhih","seller_name":"Previous Landholder","consideration_amount_inr":"3500000.0","stamp_duty_inr":"210000.0","survey_sketch_id":"FMB-ML-16-0034","cadastral_sheet_no":"SHT-ML-16","surveyed_area_sqm":"750.0","survey_status":"RESURVEY_REQUIRED","urban_authority":"Mylliem C&RD Block Urban Development & Town Planning Authority","zone_name":"Residential Zone","permitted_land_use":"INSTITUTIONAL","building_permission_status":"NOT_APPLICABLE","violations_reported":"False","is_encumbered":"True","encumbrance_certificate_number":"EC-ML-00000034-0034","encumbrance_type":"GOVT_REVENUE_LIEN","financial_institution":"","mortgage_amount":"0.0","created_at":"2026-01-15T09:00:00Z","updated_at":"2026-09-24T11:30:00Z"}},{"type":"Feature","geometry":{"type":"Polygon","coordinates":[[[91.01220652625392,25.88468468018268],[91.16474904534148,25.886577098641872],[91.17567442292447,25.98405312453223],[91.04659829751321,26.004118682626643],[91.01220652625392,25.88468468018268]]]},"properties":{"ulpin":"17564161630949","parcel_id":"fab2c858-3a32-4b76-b119-2d481a51fba2","state":"Meghalaya","state_code":"ML","state_type":"STATE","state_lgd_code":"17","district_lgd_code":"275","district_name":"East Khasi Hills","subdistrict_lgd_code":"2510","subdistrict_name":"Mylliem C&RD Block","subdistrict_type":"Tehsil / Taluk","village_lgd_code":"298101","village_name":"Mawlai","khasra_plot_no":"KHADC-ML-412/D35","recorded_area":"750.0","recorded_area_unit":"Square Meter","normalized_area_sqm":"750.0","gis_area_sqm":"750.0","land_use_category":"FOREST_GREEN_BELT","land_use_raw":"Ri-Kynti (Clan Private Land)","status":"SUBDIVIDED","data_freshness_status":"UNKNOWN","scenario_index":"10292","use_case_description":"Court attachment and disputed possession","mutation_workflow_status":"NOTICE_PERIOD","revenue_record_id":"ROR-ML-2025-1016-0035","revenue_record_type":"Autonomous District Council Land Certificate","khata_khewat_no":"KHT-66","khatauni_no":"KHN-166","owner_name":"Dapbianglin Kharbhih","owner_name_local":"Dapbianglin Kharbhih","co_owners":"","tenure_type":"Leasehold","mutation_status":"UNMUTATED_TRANSACTION","active_mutation_id":"MUT-ML-00000035","tax_demand_status":"PAID","annual_tax_inr":"185.5","deed_number":"DEED-ML-2024-416-0035","deed_type":"Sale Deed / Conveyance","sro_office":"Sub-Registrar Office, Mylliem C&RD Block","execution_date":"2024-05-10","registered_owner":"Dapbianglin Kharbhih","seller_name":"Previous Landholder","consideration_amount_inr":"3500000.0","stamp_duty_inr":"210000.0","survey_sketch_id":"FMB-ML-16-0035","cadastral_sheet_no":"SHT-ML-16","surveyed_area_sqm":"750.0","survey_status":"SURVEYED","urban_authority":"Mylliem C&RD Block Urban Development & Town Planning Authority","zone_name":"Residential Zone","permitted_land_use":"FOREST_GREEN_BELT","building_permission_status":"SANCTIONED","violations_reported":"False","is_encumbered":"True","encumbrance_certificate_number":"EC-ML-00000035-0035","encumbrance_type":"COURT_ATTACHMENT","financial_institution":"","mortgage_amount":"0.0","created_at":"2026-01-15T09:00:00Z","updated_at":"2026-09-24T11:30:00Z"}},{"type":"Feature","geometry":{"type":"Polygon","coordinates":[[[92.04763638322666,25.366610686384593],[92.24707467194581,25.37156174240546],[92.24707467194581,25.467193981071205],[92.05213578341716,25.468108589678767],[92.04763638322666,25.366610686384593]]]},"properties":{"ulpin":"17540291068433","parcel_id":"a94582d1-369a-4a6c-9e11-c02dc44e6da8","state":"Meghalaya","state_code":"ML","state_type":"STATE","state_lgd_code":"17","district_lgd_code":"275","district_name":"East Khasi Hills","subdistrict_lgd_code":"2510","subdistrict_name":"Mylliem C&RD Block","subdistrict_type":"Tehsil / Taluk","village_lgd_code":"298101","village_name":"Mawlai","khasra_plot_no":"KHADC-ML-412/D36","recorded_area":"750.0","recorded_area_unit":"Square Meter","normalized_area_sqm":"750.0","gis_area_sqm":"750.0","land_use_category":"WATER_BODY","land_use_raw":"Ri-Kynti (Clan Private Land)","status":"AMALGAMATED","data_freshness_status":"CURRENT","scenario_index":"10293","use_case_description":"Tribal non-alienation protection review","mutation_workflow_status":"HEARING_SCHEDULED","revenue_record_id":"ROR-ML-2025-1016-0036","revenue_record_type":"Autonomous District Council Land Certificate","khata_khewat_no":"KHT-66","khatauni_no":"KHN-166","owner_name":"Dapbianglin Kharbhih","owner_name_local":"Dapbianglin Kharbhih","co_owners":"","tenure_type":"Government Grant","mutation_status":"REJECTED","active_mutation_id":"MUT-ML-00000036","tax_demand_status":"PAID","annual_tax_inr":"185.5","deed_number":"DEED-ML-2024-416-0036","deed_type":"Sale Deed / Conveyance","sro_office":"Sub-Registrar Office, Mylliem C&RD Block","execution_date":"2024-05-10","registered_owner":"Dapbianglin Kharbhih","seller_name":"Previous Landholder","consideration_amount_inr":"3500000.0","stamp_duty_inr":"210000.0","survey_sketch_id":"FMB-ML-16-0036","cadastral_sheet_no":"SHT-ML-16","surveyed_area_sqm":"750.0","survey_status":"PENDING","urban_authority":"Mylliem C&RD Block Urban Development & Town Planning Authority","zone_name":"Residential Zone","permitted_land_use":"WATER_BODY","building_permission_status":"PENDING","violations_reported":"False","is_encumbered":"True","encumbrance_certificate_number":"EC-ML-00000036-0036","encumbrance_type":"TRIBAL_NON_ALIENATION","financial_institution":"","mortgage_amount":"0.0","created_at":"2026-01-15T09:00:00Z","updated_at":"2026-09-24T11:30:00Z"}},{"type":"Feature","geometry":{"type":"Polygon","coordinates":[[[91.30642498348885,25.24105753668579],[91.45376913792929,25.24105753668579],[91.45376913792929,25.35587102019139],[91.30945417669304,25.38265581583666],[91.30642498348885,25.24105753668579]]]},"properties":{"ulpin":"17126291052673","parcel_id":"9da56346-8384-42fe-a66b-49e63ee69b97","state":"Meghalaya","state_code":"ML","state_type":"STATE","state_lgd_code":"17","district_lgd_code":"275","district_name":"East Khasi Hills","subdistrict_lgd_code":"2510","subdistrict_name":"Mylliem C&RD Block","subdistrict_type":"Tehsil / Taluk","village_lgd_code":"298101","village_name":"Mawlai","khasra_plot_no":"KHADC-ML-412/D37","recorded_area":"750.0","recorded_area_unit":"Square Meter","normalized_area_sqm":"750.0","gis_area_sqm":"750.0","land_use_category":"MIXED_USE","land_use_raw":"Ri-Kynti (Clan Private Land)","status":"DISPUTED","data_freshness_status":"STALE","scenario_index":"10294","use_case_description":"Lease charge and institutional tenancy","mutation_workflow_status":"APPROVED","revenue_record_id":"ROR-ML-2025-1016-0037","revenue_record_type":"Autonomous District Council Land Certificate","khata_khewat_no":"KHT-66","khatauni_no":"KHN-166","owner_name":"Dapbianglin Kharbhih","owner_name_local":"Dapbianglin Kharbhih","co_owners":"","tenure_type":"Waqf / Religious Trust","mutation_status":"DISPUTED","active_mutation_id":"MUT-ML-00000037","tax_demand_status":"PAID","annual_tax_inr":"185.5","deed_number":"DEED-ML-2024-416-0037","deed_type":"Sale Deed / Conveyance","sro_office":"Sub-Registrar Office, Mylliem C&RD Block","execution_date":"2024-05-10","registered_owner":"Registry Variance Owner 37","seller_name":"Previous Landholder","consideration_amount_inr":"3500000.0","stamp_duty_inr":"210000.0","survey_sketch_id":"FMB-ML-16-0037","cadastral_sheet_no":"SHT-ML-16","surveyed_area_sqm":"750.0","survey_status":"DISPUTED","urban_authority":"Mylliem C&RD Block Urban Development & Town Planning Authority","zone_name":"Residential Zone","permitted_land_use":"MIXED_USE","building_permission_status":"REJECTED","violations_reported":"False","is_encumbered":"True","encumbrance_certificate_number":"EC-ML-00000037-0037","encumbrance_type":"LEASE_CHARGE","financial_institution":"","mortgage_amount":"0.0","created_at":"2026-01-15T09:00:00Z","updated_at":"2026-09-24T11:30:00Z"}},{"type":"Feature","geometry":{"type":"Polygon","coordinates":[[[91.16474904534148,25.886577098641872],[91.31180228138236,25.886773019957847],[91.31180228138236,25.992926309712935],[91.17567442292447,25.98405312453223],[91.16474904534148,25.886577098641872]]]},"properties":{"ulpin":"17336094202761","parcel_id":"cd933e5e-341c-4dbb-a2e0-88bf22b3efca","state":"Meghalaya","state_code":"ML","state_type":"STATE","state_lgd_code":"17","district_lgd_code":"275","district_name":"East Khasi Hills","subdistrict_lgd_code":"2510","subdistrict_name":"Mylliem C&RD Block","subdistrict_type":"Tehsil / Taluk","village_lgd_code":"298101","village_name":"Mawlai","khasra_plot_no":"KHADC-ML-412/D38","recorded_area":"750.0","recorded_area_unit":"Square Meter","normalized_area_sqm":"750.0","gis_area_sqm":"750.0","land_use_category":"OTHER","land_use_raw":"Ri-Kynti (Clan Private Land)","status":"ARCHIVED","data_freshness_status":"UNKNOWN","scenario_index":"10295","use_case_description":"Cadastral area discrepancy requiring resurvey","mutation_workflow_status":"REJECTED","revenue_record_id":"ROR-ML-2025-1016-0038","revenue_record_type":"Autonomous District Council Land Certificate","khata_khewat_no":"KHT-66","khatauni_no":"KHN-166","owner_name":"Dapbianglin Kharbhih","owner_name_local":"Dapbianglin Kharbhih","co_owners":"","tenure_type":"Tribal Community Tenure","mutation_status":"NONE","active_mutation_id":"MUT-ML-00000038","tax_demand_status":"PAID","annual_tax_inr":"185.5","deed_number":"DEED-ML-2024-416-0038","deed_type":"Sale Deed / Conveyance","sro_office":"Sub-Registrar Office, Mylliem C&RD Block","execution_date":"2024-05-10","registered_owner":"Dapbianglin Kharbhih","seller_name":"Previous Landholder","consideration_amount_inr":"3500000.0","stamp_duty_inr":"210000.0","survey_sketch_id":"FMB-ML-16-0038","cadastral_sheet_no":"SHT-ML-16","surveyed_area_sqm":"750.0","survey_status":"RESURVEY_REQUIRED","urban_authority":"Mylliem C&RD Block Urban Development & Town Planning Authority","zone_name":"Residential Zone","permitted_land_use":"OTHER","building_permission_status":"NOT_APPLICABLE","violations_reported":"False","is_encumbered":"False","encumbrance_certificate_number":"EC-ML-2024-116-0038","encumbrance_type":"NIL","financial_institution":"","mortgage_amount":"0.0","created_at":"2026-01-15T09:00:00Z","updated_at":"2026-09-24T11:30:00Z"}},{"type":"Feature","geometry":{"type":"Polygon","coordinates":[[[92.08459819514536,25.613812065024618],[92.24707467194581,25.607959561982312],[92.24707467194581,25.755817957607572],[92.07186255243765,25.755817957607572],[92.08459819514536,25.613812065024618]]]},"properties":{"ulpin":"17092851872940","parcel_id":"2462ce13-512a-4c10-a458-96510ddd040d","state":"Meghalaya","state_code":"ML","state_type":"STATE","state_lgd_code":"17","district_lgd_code":"275","district_name":"East Khasi Hills","subdistrict_lgd_code":"2510","subdistrict_name":"Mylliem C&RD Block","subdistrict_type":"Tehsil / Taluk","village_lgd_code":"298101","village_name":"Mawlai","khasra_plot_no":"KHADC-ML-412/D39","recorded_area":"750.0","recorded_area_unit":"Square Meter","normalized_area_sqm":"750.0","gis_area_sqm":"750.0","land_use_category":"RESIDENTIAL","land_use_raw":"Ri-Kynti (Clan Private Land)","status":"ACTIVE","data_freshness_status":"CURRENT","scenario_index":"10296","use_case_description":"Archived historical record for audit retrieval","mutation_workflow_status":"SLA_BREACHED","revenue_record_id":"ROR-ML-2025-1016-0039","revenue_record_type":"Autonomous District Council Land Certificate","khata_khewat_no":"KHT-66","khatauni_no":"KHN-166","owner_name":"Dapbianglin Kharbhih","owner_name_local":"Dapbianglin Kharbhih","co_owners":"","tenure_type":"Bhumiswami / Raiyati with Transferable Rights","mutation_status":"MUTATED","active_mutation_id":"","tax_demand_status":"PAID","annual_tax_inr":"185.5","deed_number":"DEED-ML-2024-416-0039","deed_type":"Sale Deed / Conveyance","sro_office":"Sub-Registrar Office, Mylliem C&RD Block","execution_date":"2024-05-10","registered_owner":"Dapbianglin Kharbhih","seller_name":"Previous Landholder","consideration_amount_inr":"3500000.0","stamp_duty_inr":"210000.0","survey_sketch_id":"FMB-ML-16-0039","cadastral_sheet_no":"SHT-ML-16","surveyed_area_sqm":"750.0","survey_status":"SURVEYED","urban_authority":"Mylliem C&RD Block Urban Development & Town Planning Authority","zone_name":"Residential Zone","permitted_land_use":"RESIDENTIAL","building_permission_status":"SANCTIONED","violations_reported":"False","is_encumbered":"True","encumbrance_certificate_number":"EC-ML-00000039-0039","encumbrance_type":"BANK_MORTGAGE","financial_institution":"","mortgage_amount":"0.0","created_at":"2026-01-15T09:00:00Z","updated_at":"2026-09-24T11:30:00Z"}},{"type":"Feature","geometry":{"type":"Polygon","coordinates":[[[90.89562225335796,25.98676183172228],[91.04659829751321,26.004118682626643],[91.05425862418157,26.10929870094584],[90.89562225335796,26.086276500066564],[90.89562225335796,25.98676183172228]]]},"properties":{"ulpin":"17413767760063","parcel_id":"bd0271e2-2c19-47f4-921a-9d2d0b344ea3","state":"Meghalaya","state_code":"ML","state_type":"STATE","state_lgd_code":"17","district_lgd_code":"275","district_name":"East Khasi Hills","subdistrict_lgd_code":"2510","subdistrict_name":"Mylliem C&RD Block","subdistrict_type":"Tehsil / Taluk","village_lgd_code":"298101","village_name":"Mawlai","khasra_plot_no":"KHADC-ML-412/D40","recorded_area":"750.0","recorded_area_unit":"Square Meter","normalized_area_sqm":"750.0","gis_area_sqm":"750.0","land_use_category":"COMMERCIAL","land_use_raw":"Ri-Kynti (Clan Private Land)","status":"PENDING_MUTATION","data_freshness_status":"STALE","scenario_index":"10297","use_case_description":"Bank mortgage and active encumbrance","mutation_workflow_status":"SUBMITTED","revenue_record_id":"ROR-ML-2025-1016-0040","revenue_record_type":"Autonomous District Council Land Certificate","khata_khewat_no":"KHT-66","khatauni_no":"KHN-166","owner_name":"Dapbianglin Kharbhih","owner_name_local":"Dapbianglin Kharbhih","co_owners":"","tenure_type":"Bhumiswami / Freehold","mutation_status":"PENDING","active_mutation_id":"MUT-ML-00000040","tax_demand_status":"PAID","annual_tax_inr":"185.5","deed_number":"DEED-ML-2024-416-0040","deed_type":"Sale Deed / Conveyance","sro_office":"Sub-Registrar Office, Mylliem C&RD Block","execution_date":"2024-05-10","registered_owner":"Dapbianglin Kharbhih","seller_name":"Previous Landholder","consideration_amount_inr":"3500000.0","stamp_duty_inr":"210000.0","survey_sketch_id":"FMB-ML-16-0040","cadastral_sheet_no":"SHT-ML-16","surveyed_area_sqm":"750.0","survey_status":"PENDING","urban_authority":"Mylliem C&RD Block Urban Development & Town Planning Authority","zone_name":"Residential Zone","permitted_land_use":"COMMERCIAL","building_permission_status":"PENDING","violations_reported":"True","is_encumbered":"True","encumbrance_certificate_number":"EC-ML-00000040-0040","encumbrance_type":"GOVT_REVENUE_LIEN","financial_institution":"","mortgage_amount":"0.0","created_at":"2026-01-15T09:00:00Z","updated_at":"2026-09-24T11:30:00Z"}},{"type":"Feature","geometry":{"type":"Polygon","coordinates":[[[91.15626746322559,26.19630560483226],[91.31180228138236,26.18846918167304],[91.31180228138236,26.302559667461264],[91.16938823683033,26.302559667461264],[91.15626746322559,26.19630560483226]]]},"properties":{"ulpin":"17094785533074","parcel_id":"0b62ff99-d29f-4474-8fb6-68306a09d040","state":"Meghalaya","state_code":"ML","state_type":"STATE","state_lgd_code":"17","district_lgd_code":"275","district_name":"East Khasi Hills","subdistrict_lgd_code":"2510","subdistrict_name":"Mylliem C&RD Block","subdistrict_type":"Tehsil / Taluk","village_lgd_code":"298101","village_name":"Mawlai","khasra_plot_no":"KHADC-ML-412/D41","recorded_area":"750.0","recorded_area_unit":"Square Meter","normalized_area_sqm":"750.0","gis_area_sqm":"750.0","land_use_category":"INDUSTRIAL","land_use_raw":"Ri-Kynti (Clan Private Land)","status":"SUBDIVIDED","data_freshness_status":"UNKNOWN","scenario_index":"10298","use_case_description":"Government revenue lien and tax demand","mutation_workflow_status":"UNDER_VERIFICATION","revenue_record_id":"ROR-ML-2025-1016-0041","revenue_record_type":"Autonomous District Council Land Certificate","khata_khewat_no":"KHT-66","khatauni_no":"KHN-166","owner_name":"Dapbianglin Kharbhih","owner_name_local":"Dapbianglin Kharbhih","co_owners":"","tenure_type":"Leasehold","mutation_status":"UNMUTATED_TRANSACTION","active_mutation_id":"MUT-ML-00000041","tax_demand_status":"PAID","annual_tax_inr":"185.5","deed_number":"DEED-ML-2024-416-0041","deed_type":"Sale Deed / Conveyance","sro_office":"Sub-Registrar Office, Mylliem C&RD Block","execution_date":"2024-05-10","registered_owner":"Dapbianglin Kharbhih","seller_name":"Previous Landholder","consideration_amount_inr":"3500000.0","stamp_duty_inr":"210000.0","survey_sketch_id":"FMB-ML-16-0041","cadastral_sheet_no":"SHT-ML-16","surveyed_area_sqm":"750.0","survey_status":"DISPUTED","urban_authority":"Mylliem C&RD Block Urban Development & Town Planning Authority","zone_name":"Residential Zone","permitted_land_use":"INDUSTRIAL","building_permission_status":"REJECTED","violations_reported":"False","is_encumbered":"True","encumbrance_certificate_number":"EC-ML-00000041-0041","encumbrance_type":"COURT_ATTACHMENT","financial_institution":"","mortgage_amount":"0.0","created_at":"2026-01-15T09:00:00Z","updated_at":"2026-09-24T11:30:00Z"}},{"type":"Feature","geometry":{"type":"Polygon","coordinates":[[[92.05815620924031,25.21960120316994],[92.24707467194581,25.21960120316994],[92.24707467194581,25.37156174240546],[92.04763638322666,25.366610686384593],[92.05815620924031,25.21960120316994]]]},"properties":{"ulpin":"17455591365971","parcel_id":"7f2b4193-01d2-4e10-a44c-47caa95a226c","state":"Meghalaya","state_code":"ML","state_type":"STATE","state_lgd_code":"17","district_lgd_code":"275","district_name":"East Khasi Hills","subdistrict_lgd_code":"2510","subdistrict_name":"Mylliem C&RD Block","subdistrict_type":"Tehsil / Taluk","village_lgd_code":"298101","village_name":"Mawlai","khasra_plot_no":"KHADC-ML-412/D42","recorded_area":"750.0","recorded_area_unit":"Square Meter","normalized_area_sqm":"750.0","gis_area_sqm":"750.0","land_use_category":"AGRICULTURAL","land_use_raw":"Ri-Kynti (Clan Private Land)","status":"AMALGAMATED","data_freshness_status":"CURRENT","scenario_index":"10299","use_case_description":"Court attachment and disputed possession","mutation_workflow_status":"NOTICE_PERIOD","revenue_record_id":"ROR-ML-2025-1016-0042","revenue_record_type":"Autonomous District Council Land Certificate","khata_khewat_no":"KHT-66","khatauni_no":"KHN-166","owner_name":"Dapbianglin Kharbhih","owner_name_local":"Dapbianglin Kharbhih","co_owners":"","tenure_type":"Government Grant","mutation_status":"REJECTED","active_mutation_id":"MUT-ML-00000042","tax_demand_status":"PAID","annual_tax_inr":"185.5","deed_number":"DEED-ML-2024-416-0042","deed_type":"Sale Deed / Conveyance","sro_office":"Sub-Registrar Office, Mylliem C&RD Block","execution_date":"2024-05-10","registered_owner":"Registry Variance Owner 42","seller_name":"Previous Landholder","consideration_amount_inr":"3500000.0","stamp_duty_inr":"210000.0","survey_sketch_id":"FMB-ML-16-0042","cadastral_sheet_no":"SHT-ML-16","surveyed_area_sqm":"750.0","survey_status":"RESURVEY_REQUIRED","urban_authority":"Mylliem C&RD Block Urban Development & Town Planning Authority","zone_name":"Residential Zone","permitted_land_use":"AGRICULTURAL","building_permission_status":"NOT_APPLICABLE","violations_reported":"False","is_encumbered":"True","encumbrance_certificate_number":"EC-ML-00000042-0042","encumbrance_type":"TRIBAL_NON_ALIENATION","financial_institution":"","mortgage_amount":"0.0","created_at":"2026-01-15T09:00:00Z","updated_at":"2026-09-24T11:30:00Z"}},{"type":"Feature","geometry":{"type":"Polygon","coordinates":[[[91.61001681921935,25.80326363144855],[91.75527768446577,25.80326363144855],[91.78447746988583,25.922740631216776],[91.61001681921935,25.932235820412583],[91.61001681921935,25.80326363144855]]]},"properties":{"ulpin":"17535647848661","parcel_id":"9b429886-0f3f-42ef-9c47-ba93142d06e8","state":"Meghalaya","state_code":"ML","state_type":"STATE","state_lgd_code":"17","district_lgd_code":"275","district_name":"East Khasi Hills","subdistrict_lgd_code":"2510","subdistrict_name":"Mylliem C&RD Block","subdistrict_type":"Tehsil / Taluk","village_lgd_code":"298101","village_name":"Mawlai","khasra_plot_no":"KHADC-ML-412/D43","recorded_area":"750.0","recorded_area_unit":"Square Meter","normalized_area_sqm":"750.0","gis_area_sqm":"750.0","land_use_category":"INSTITUTIONAL","land_use_raw":"Ri-Kynti (Clan Private Land)","status":"DISPUTED","data_freshness_status":"STALE","scenario_index":"10300","use_case_description":"Tribal non-alienation protection review","mutation_workflow_status":"HEARING_SCHEDULED","revenue_record_id":"ROR-ML-2025-1016-0043","revenue_record_type":"Autonomous District Council Land Certificate","khata_khewat_no":"KHT-66","khatauni_no":"KHN-166","owner_name":"Dapbianglin Kharbhih","owner_name_local":"Dapbianglin Kharbhih","co_owners":"","tenure_type":"Waqf / Religious Trust","mutation_status":"DISPUTED","active_mutation_id":"MUT-ML-00000043","tax_demand_status":"PAID","annual_tax_inr":"185.5","deed_number":"DEED-ML-2024-416-0043","deed_type":"Sale Deed / Conveyance","sro_office":"Sub-Registrar Office, Mylliem C&RD Block","execution_date":"2024-05-10","registered_owner":"Dapbianglin Kharbhih","seller_name":"Previous Landholder","consideration_amount_inr":"3500000.0","stamp_duty_inr":"210000.0","survey_sketch_id":"FMB-ML-16-0043","cadastral_sheet_no":"SHT-ML-16","surveyed_area_sqm":"750.0","survey_status":"SURVEYED","urban_authority":"Mylliem C&RD Block Urban Development & Town Planning Authority","zone_name":"Residential Zone","permitted_land_use":"INSTITUTIONAL","building_permission_status":"SANCTIONED","violations_reported":"False","is_encumbered":"True","encumbrance_certificate_number":"EC-ML-00000043-0043","encumbrance_type":"LEASE_CHARGE","financial_institution":"","mortgage_amount":"0.0","created_at":"2026-01-15T09:00:00Z","updated_at":"2026-09-24T11:30:00Z"}},{"type":"Feature","geometry":{"type":"Polygon","coordinates":[[[91.0201512951919,26.194703249117143],[91.15626746322559,26.19630560483226],[91.16938823683033,26.302559667461264],[91.04560715954898,26.302559667461264],[91.0201512951919,26.194703249117143]]]},"properties":{"ulpin":"17104134898144","parcel_id":"643c108e-cd5a-4e60-a50f-bcd5804f1f5f","state":"Meghalaya","state_code":"ML","state_type":"STATE","state_lgd_code":"17","district_lgd_code":"275","district_name":"East Khasi Hills","subdistrict_lgd_code":"2510","subdistrict_name":"Mylliem C&RD Block","subdistrict_type":"Tehsil / Taluk","village_lgd_code":"298101","village_name":"Mawlai","khasra_plot_no":"KHADC-ML-412/D44","recorded_area":"750.0","recorded_area_unit":"Square Meter","normalized_area_sqm":"750.0","gis_area_sqm":"750.0","land_use_category":"FOREST_GREEN_BELT","land_use_raw":"Ri-Kynti (Clan Private Land)","status":"ARCHIVED","data_freshness_status":"UNKNOWN","scenario_index":"10301","use_case_description":"Tribal non-alienation protection review","mutation_workflow_status":"APPROVED","revenue_record_id":"ROR-ML-2025-1016-0044","revenue_record_type":"Autonomous District Council Land Certificate","khata_khewat_no":"KHT-66","khatauni_no":"KHN-166","owner_name":"Dapbianglin Kharbhih","owner_name_local":"Dapbianglin Kharbhih","co_owners":"","tenure_type":"Tribal Community Tenure","mutation_status":"NONE","active_mutation_id":"MUT-ML-00000044","tax_demand_status":"PAID","annual_tax_inr":"185.5","deed_number":"DEED-ML-2024-416-0044","deed_type":"Sale Deed / Conveyance","sro_office":"Sub-Registrar Office, Mylliem C&RD Block","execution_date":"2024-05-10","registered_owner":"Dapbianglin Kharbhih","seller_name":"Previous Landholder","consideration_amount_inr":"3500000.0","stamp_duty_inr":"210000.0","survey_sketch_id":"FMB-ML-16-0044","cadastral_sheet_no":"SHT-ML-16","surveyed_area_sqm":"750.0","survey_status":"PENDING","urban_authority":"Mylliem C&RD Block Urban Development & Town Planning Authority","zone_name":"Residential Zone","permitted_land_use":"FOREST_GREEN_BELT","building_permission_status":"PENDING","violations_reported":"False","is_encumbered":"False","encumbrance_certificate_number":"EC-ML-2024-116-0044","encumbrance_type":"NIL","financial_institution":"","mortgage_amount":"0.0","created_at":"2026-01-15T09:00:00Z","updated_at":"2026-09-24T11:30:00Z"}},{"type":"Feature","geometry":{"type":"Polygon","coordinates":[[[91.75527768446577,25.80326363144855],[91.92840643217056,25.80326363144855],[91.94487678241717,25.912582891642657],[91.78447746988583,25.922740631216776],[91.75527768446577,25.80326363144855]]]},"properties":{"ulpin":"17563980571844","parcel_id":"d8d22429-f267-4b92-9826-9c656d3144b6","state":"Meghalaya","state_code":"ML","state_type":"STATE","state_lgd_code":"17","district_lgd_code":"275","district_name":"East Khasi Hills","subdistrict_lgd_code":"2510","subdistrict_name":"Mylliem C&RD Block","subdistrict_type":"Tehsil / Taluk","village_lgd_code":"298101","village_name":"Mawlai","khasra_plot_no":"KHADC-ML-412/D45","recorded_area":"750.0","recorded_area_unit":"Square Meter","normalized_area_sqm":"750.0","gis_area_sqm":"750.0","land_use_category":"WATER_BODY","land_use_raw":"Ri-Kynti (Clan Private Land)","status":"ACTIVE","data_freshness_status":"CURRENT","scenario_index":"10302","use_case_description":"Subdivision or amalgamation history review","mutation_workflow_status":"REJECTED","revenue_record_id":"ROR-ML-2025-1016-0045","revenue_record_type":"Autonomous District Council Land Certificate","khata_khewat_no":"KHT-66","khatauni_no":"KHN-166","owner_name":"Dapbianglin Kharbhih","owner_name_local":"Dapbianglin Kharbhih","co_owners":"","tenure_type":"Bhumiswami / Raiyati with Transferable Rights","mutation_status":"MUTATED","active_mutation_id":"","tax_demand_status":"PAID","annual_tax_inr":"185.5","deed_number":"DEED-ML-2024-416-0045","deed_type":"Sale Deed / Conveyance","sro_office":"Sub-Registrar Office, Mylliem C&RD Block","execution_date":"2024-05-10","registered_owner":"Dapbianglin Kharbhih","seller_name":"Previous Landholder","consideration_amount_inr":"3500000.0","stamp_duty_inr":"210000.0","survey_sketch_id":"FMB-ML-16-0045","cadastral_sheet_no":"SHT-ML-16","surveyed_area_sqm":"750.0","survey_status":"DISPUTED","urban_authority":"Mylliem C&RD Block Urban Development & Town Planning Authority","zone_name":"Residential Zone","permitted_land_use":"WATER_BODY","building_permission_status":"REJECTED","violations_reported":"False","is_encumbered":"True","encumbrance_certificate_number":"EC-ML-00000045-0045","encumbrance_type":"BANK_MORTGAGE","financial_institution":"","mortgage_amount":"0.0","created_at":"2026-01-15T09:00:00Z","updated_at":"2026-09-24T11:30:00Z"}},{"type":"Feature","geometry":{"type":"Polygon","coordinates":[[[91.0665794119884,25.24105753668579],[91.19943126510299,25.24105753668579],[91.20852445314328,25.35898682368208],[91.08255567040186,25.345843407660062],[91.0665794119884,25.24105753668579]]]},"properties":{"ulpin":"17146693645960","parcel_id":"7419d5ba-bc81-4e8c-9c5d-d64f4bb7e242","state":"Meghalaya","state_code":"ML","state_type":"STATE","state_lgd_code":"17","district_lgd_code":"275","district_name":"East Khasi Hills","subdistrict_lgd_code":"2510","subdistrict_name":"Mylliem C&RD Block","subdistrict_type":"Tehsil / Taluk","village_lgd_code":"298101","village_name":"Mawlai","khasra_plot_no":"KHADC-ML-412/D46","recorded_area":"750.0","recorded_area_unit":"Square Meter","normalized_area_sqm":"750.0","gis_area_sqm":"750.0","land_use_category":"MIXED_USE","land_use_raw":"Ri-Kynti (Clan Private Land)","status":"PENDING_MUTATION","data_freshness_status":"STALE","scenario_index":"10303","use_case_description":"Archived historical record for audit retrieval","mutation_workflow_status":"SLA_BREACHED","revenue_record_id":"ROR-ML-2025-1016-0046","revenue_record_type":"Autonomous District Council Land Certificate","khata_khewat_no":"KHT-66","khatauni_no":"KHN-166","owner_name":"Dapbianglin Kharbhih","owner_name_local":"Dapbianglin Kharbhih","co_owners":"","tenure_type":"Bhumiswami / Freehold","mutation_status":"PENDING","active_mutation_id":"MUT-ML-00000046","tax_demand_status":"PAID","annual_tax_inr":"185.5","deed_number":"DEED-ML-2024-416-0046","deed_type":"Sale Deed / Conveyance","sro_office":"Sub-Registrar Office, Mylliem C&RD Block","execution_date":"2024-05-10","registered_owner":"Dapbianglin Kharbhih","seller_name":"Previous Landholder","consideration_amount_inr":"3500000.0","stamp_duty_inr":"210000.0","survey_sketch_id":"FMB-ML-16-0046","cadastral_sheet_no":"SHT-ML-16","surveyed_area_sqm":"750.0","survey_status":"RESURVEY_REQUIRED","urban_authority":"Mylliem C&RD Block Urban Development & Town Planning Authority","zone_name":"Residential Zone","permitted_land_use":"MIXED_USE","building_permission_status":"NOT_APPLICABLE","violations_reported":"False","is_encumbered":"True","encumbrance_certificate_number":"EC-ML-00000046-0046","encumbrance_type":"GOVT_REVENUE_LIEN","financial_institution":"","mortgage_amount":"0.0","created_at":"2026-01-15T09:00:00Z","updated_at":"2026-09-24T11:30:00Z"}},{"type":"Feature","geometry":{"type":"Polygon","coordinates":[[[91.78447746988583,25.922740631216776],[91.94487678241717,25.912582891642657],[91.9123858494441,26.069651936777486],[91.75229333826668,26.066846763618816],[91.78447746988583,25.922740631216776]]]},"properties":{"ulpin":"17634900224003","parcel_id":"14abb7f9-9826-447e-958b-2b1e9a1d346f","state":"Meghalaya","state_code":"ML","state_type":"STATE","state_lgd_code":"17","district_lgd_code":"275","district_name":"East Khasi Hills","subdistrict_lgd_code":"2510","subdistrict_name":"Mylliem C&RD Block","subdistrict_type":"Tehsil / Taluk","village_lgd_code":"298101","village_name":"Mawlai","khasra_plot_no":"KHADC-ML-412/D47","recorded_area":"750.0","recorded_area_unit":"Square Meter","normalized_area_sqm":"750.0","gis_area_sqm":"750.0","land_use_category":"OTHER","land_use_raw":"Ri-Kynti (Clan Private Land)","status":"SUBDIVIDED","data_freshness_status":"UNKNOWN","scenario_index":"10304","use_case_description":"Bank mortgage and active encumbrance","mutation_workflow_status":"SUBMITTED","revenue_record_id":"ROR-ML-2025-1016-0047","revenue_record_type":"Autonomous District Council Land Certificate","khata_khewat_no":"KHT-66","khatauni_no":"KHN-166","owner_name":"Dapbianglin Kharbhih","owner_name_local":"Dapbianglin Kharbhih","co_owners":"","tenure_type":"Leasehold","mutation_status":"UNMUTATED_TRANSACTION","active_mutation_id":"MUT-ML-00000047","tax_demand_status":"PAID","annual_tax_inr":"185.5","deed_number":"DEED-ML-2024-416-0047","deed_type":"Sale Deed / Conveyance","sro_office":"Sub-Registrar Office, Mylliem C&RD Block","execution_date":"2024-05-10","registered_owner":"Registry Variance Owner 47","seller_name":"Previous Landholder","consideration_amount_inr":"3500000.0","stamp_duty_inr":"210000.0","survey_sketch_id":"FMB-ML-16-0047","cadastral_sheet_no":"SHT-ML-16","surveyed_area_sqm":"750.0","survey_status":"SURVEYED","urban_authority":"Mylliem C&RD Block Urban Development & Town Planning Authority","zone_name":"Residential Zone","permitted_land_use":"OTHER","building_permission_status":"SANCTIONED","violations_reported":"True","is_encumbered":"True","encumbrance_certificate_number":"EC-ML-00000047-0047","encumbrance_type":"COURT_ATTACHMENT","financial_institution":"","mortgage_amount":"0.0","created_at":"2026-01-15T09:00:00Z","updated_at":"2026-09-24T11:30:00Z"}},{"type":"Feature","geometry":{"type":"Polygon","coordinates":[[[91.61001681921935,26.18222554784935],[91.7506931440524,26.198845623079922],[91.7484366875222,26.320945008593306],[91.61001681921935,26.320945008593306],[91.61001681921935,26.18222554784935]]]},"properties":{"ulpin":"17674099530124","parcel_id":"7f432f3d-84ec-4184-8ad5-95896c6bffab","state":"Meghalaya","state_code":"ML","state_type":"STATE","state_lgd_code":"17","district_lgd_code":"275","district_name":"East Khasi Hills","subdistrict_lgd_code":"2510","subdistrict_name":"Mylliem C&RD Block","subdistrict_type":"Tehsil / Taluk","village_lgd_code":"298101","village_name":"Mawlai","khasra_plot_no":"KHADC-ML-412/D48","recorded_area":"750.0","recorded_area_unit":"Square Meter","normalized_area_sqm":"750.0","gis_area_sqm":"750.0","land_use_category":"RESIDENTIAL","land_use_raw":"Ri-Kynti (Clan Private Land)","status":"AMALGAMATED","data_freshness_status":"CURRENT","scenario_index":"10305","use_case_description":"Government revenue lien and tax demand","mutation_workflow_status":"UNDER_VERIFICATION","revenue_record_id":"ROR-ML-2025-1016-0048","revenue_record_type":"Autonomous District Council Land Certificate","khata_khewat_no":"KHT-66","khatauni_no":"KHN-166","owner_name":"Dapbianglin Kharbhih","owner_name_local":"Dapbianglin Kharbhih","co_owners":"","tenure_type":"Government Grant","mutation_status":"REJECTED","active_mutation_id":"MUT-ML-00000048","tax_demand_status":"PAID","annual_tax_inr":"185.5","deed_number":"DEED-ML-2024-416-0048","deed_type":"Sale Deed / Conveyance","sro_office":"Sub-Registrar Office, Mylliem C&RD Block","execution_date":"2024-05-10","registered_owner":"Dapbianglin Kharbhih","seller_name":"Previous Landholder","consideration_amount_inr":"3500000.0","stamp_duty_inr":"210000.0","survey_sketch_id":"FMB-ML-16-0048","cadastral_sheet_no":"SHT-ML-16","surveyed_area_sqm":"750.0","survey_status":"PENDING","urban_authority":"Mylliem C&RD Block Urban Development & Town Planning Authority","zone_name":"Residential Zone","permitted_land_use":"RESIDENTIAL","building_permission_status":"PENDING","violations_reported":"False","is_encumbered":"True","encumbrance_certificate_number":"EC-ML-00000048-0048","encumbrance_type":"TRIBAL_NON_ALIENATION","financial_institution":"","mortgage_amount":"0.0","created_at":"2026-01-15T09:00:00Z","updated_at":"2026-09-24T11:30:00Z"}},{"type":"Feature","geometry":{"type":"Polygon","coordinates":[[[91.87219874108807,25.33933247214882],[92.04763638322666,25.366610686384593],[92.05213578341716,25.468108589678767],[91.89762543667482,25.500571015834513],[91.87219874108807,25.33933247214882]]]},"properties":{"ulpin":"17309588640338","parcel_id":"5a982235-e385-4868-b55f-4c2ebd47b197","state":"Meghalaya","state_code":"ML","state_type":"STATE","state_lgd_code":"17","district_lgd_code":"275","district_name":"East Khasi Hills","subdistrict_lgd_code":"2510","subdistrict_name":"Mylliem C&RD Block","subdistrict_type":"Tehsil / Taluk","village_lgd_code":"298101","village_name":"Mawlai","khasra_plot_no":"KHADC-ML-412/D49","recorded_area":"750.0","recorded_area_unit":"Square Meter","normalized_area_sqm":"750.0","gis_area_sqm":"750.0","land_use_category":"COMMERCIAL","land_use_raw":"Ri-Kynti (Clan Private Land)","status":"DISPUTED","data_freshness_status":"STALE","scenario_index":"10306","use_case_description":"Court attachment and disputed possession","mutation_workflow_status":"NOTICE_PERIOD","revenue_record_id":"ROR-ML-2025-1016-0049","revenue_record_type":"Autonomous District Council Land Certificate","khata_khewat_no":"KHT-66","khatauni_no":"KHN-166","owner_name":"Dapbianglin Kharbhih","owner_name_local":"Dapbianglin Kharbhih","co_owners":"","tenure_type":"Waqf / Religious Trust","mutation_status":"DISPUTED","active_mutation_id":"MUT-ML-00000049","tax_demand_status":"PAID","annual_tax_inr":"185.5","deed_number":"DEED-ML-2024-416-0049","deed_type":"Sale Deed / Conveyance","sro_office":"Sub-Registrar Office, Mylliem C&RD Block","execution_date":"2024-05-10","registered_owner":"Dapbianglin Kharbhih","seller_name":"Previous Landholder","consideration_amount_inr":"3500000.0","stamp_duty_inr":"210000.0","survey_sketch_id":"FMB-ML-16-0049","cadastral_sheet_no":"SHT-ML-16","surveyed_area_sqm":"750.0","survey_status":"DISPUTED","urban_authority":"Mylliem C&RD Block Urban Development & Town Planning Authority","zone_name":"Residential Zone","permitted_land_use":"COMMERCIAL","building_permission_status":"REJECTED","violations_reported":"False","is_encumbered":"True","encumbrance_certificate_number":"EC-ML-00000049-0049","encumbrance_type":"LEASE_CHARGE","financial_institution":"","mortgage_amount":"0.0","created_at":"2026-01-15T09:00:00Z","updated_at":"2026-09-24T11:30:00Z"}},{"type":"Feature","geometry":{"type":"Polygon","coordinates":[[[91.19239775949528,25.486824473140967],[91.33594567868522,25.48354898711117],[91.33514273664467,25.607299770724556],[91.19689653541379,25.620451996258094],[91.19239775949528,25.486824473140967]]]},"properties":{"ulpin":"17689308601471","parcel_id":"6722a9bb-f054-4cad-92c3-0a6c0b0a64d3","state":"Meghalaya","state_code":"ML","state_type":"STATE","state_lgd_code":"17","district_lgd_code":"275","district_name":"East Khasi Hills","subdistrict_lgd_code":"2510","subdistrict_name":"Mylliem C&RD Block","subdistrict_type":"Tehsil / Taluk","village_lgd_code":"298101","village_name":"Mawlai","khasra_plot_no":"KHADC-ML-412/D50","recorded_area":"750.0","recorded_area_unit":"Square Meter","normalized_area_sqm":"750.0","gis_area_sqm":"750.0","land_use_category":"INDUSTRIAL","land_use_raw":"Ri-Kynti (Clan Private Land)","status":"ARCHIVED","data_freshness_status":"UNKNOWN","scenario_index":"10307","use_case_description":"Pending sale mutation within statutory SLA","mutation_workflow_status":"HEARING_SCHEDULED","revenue_record_id":"ROR-ML-2025-1016-0050","revenue_record_type":"Autonomous District Council Land Certificate","khata_khewat_no":"KHT-66","khatauni_no":"KHN-166","owner_name":"Dapbianglin Kharbhih","owner_name_local":"Dapbianglin Kharbhih","co_owners":"","tenure_type":"Tribal Community Tenure","mutation_status":"NONE","active_mutation_id":"MUT-ML-00000050","tax_demand_status":"PAID","annual_tax_inr":"185.5","deed_number":"DEED-ML-2024-416-0050","deed_type":"Sale Deed / Conveyance","sro_office":"Sub-Registrar Office, Mylliem C&RD Block","execution_date":"2024-05-10","registered_owner":"Dapbianglin Kharbhih","seller_name":"Previous Landholder","consideration_amount_inr":"3500000.0","stamp_duty_inr":"210000.0","survey_sketch_id":"FMB-ML-16-0050","cadastral_sheet_no":"SHT-ML-16","surveyed_area_sqm":"750.0","survey_status":"RESURVEY_REQUIRED","urban_authority":"Mylliem C&RD Block Urban Development & Town Planning Authority","zone_name":"Residential Zone","permitted_land_use":"INDUSTRIAL","building_permission_status":"NOT_APPLICABLE","violations_reported":"False","is_encumbered":"False","encumbrance_certificate_number":"EC-ML-2024-116-0050","encumbrance_type":"NIL","financial_institution":"","mortgage_amount":"0.0","created_at":"2026-01-15T09:00:00Z","updated_at":"2026-09-24T11:30:00Z"}}]}