{"type":"FeatureCollection","features":[{"type":"Feature","geometry":{"type":"Polygon","coordinates":[[[94.12589225802087,24.82329117355182],[94.2177608198768,24.827876014867652],[94.22506862920424,24.897022688547345],[94.1451185554493,24.897022688547345],[94.12589225802087,24.82329117355182]]]},"properties":{"ulpin":"14680371715275","parcel_id":"c8b09600-2811-465f-bd17-2cdd7f5b17be","state":"Manipur","state_code":"MN","state_type":"STATE","state_lgd_code":"14","district_lgd_code":"255","district_name":"Imphal West","subdistrict_lgd_code":"2310","subdistrict_name":"Lamphelpat Sub-Division","subdistrict_type":"Tehsil / Taluk","village_lgd_code":"281090","village_name":"Uripok","khasra_plot_no":"Dag 614/Pari 2/D1","recorded_area":"0.4","recorded_area_unit":"Pari-Lou","normalized_area_sqm":"4000.0","gis_area_sqm":"4000.0","land_use_category":"INSTITUTIONAL","land_use_raw":"Ingkhol (Homestead Land)","status":"DISPUTED","data_freshness_status":"STALE","scenario_index":"10210","use_case_description":"Lease charge and institutional tenancy","mutation_workflow_status":"APPROVED","revenue_record_id":"ROR-MN-2025-1015-0001","revenue_record_type":"Jamabandi (Loucha Pathap)","khata_khewat_no":"KHT-65","khatauni_no":"KHN-165","owner_name":"Laishram Tomba Singh","owner_name_local":"লাইশ্ৰম তোম্বা সিংহ","co_owners":"","tenure_type":"Waqf / Religious Trust","mutation_status":"DISPUTED","active_mutation_id":"MUT-MN-00000001","tax_demand_status":"PAID","annual_tax_inr":"185.5","deed_number":"DEED-MN-2024-415-0001","deed_type":"Sale Deed / Conveyance","sro_office":"Sub-Registrar Office, Lamphelpat Sub-Division","execution_date":"2024-05-10","registered_owner":"Laishram Tomba Singh","seller_name":"Previous Landholder","consideration_amount_inr":"3500000.0","stamp_duty_inr":"210000.0","survey_sketch_id":"FMB-MN-15-0001","cadastral_sheet_no":"SHT-MN-15","surveyed_area_sqm":"4000.0","survey_status":"DISPUTED","urban_authority":"Lamphelpat Sub-Division Urban Development & Town Planning Authority","zone_name":"Residential Zone","permitted_land_use":"INSTITUTIONAL","building_permission_status":"REJECTED","violations_reported":"False","is_encumbered":"True","encumbrance_certificate_number":"EC-MN-00000001-0001","encumbrance_type":"LEASE_CHARGE","financial_institution":"","mortgage_amount":"0.0","created_at":"2026-01-15T09:00:00Z","updated_at":"2026-09-24T11:30:00Z"}},{"type":"Feature","geometry":{"type":"Polygon","coordinates":[[[94.3416073002005,24.66682738644402],[94.42161494350484,24.66682738644402],[94.43957350765685,24.745018170285878],[94.31631587176146,24.74400890800477],[94.3416073002005,24.66682738644402]]]},"properties":{"ulpin":"14873846633106","parcel_id":"15741784-69ae-40ab-bc9e-9324a652f5e5","state":"Manipur","state_code":"MN","state_type":"STATE","state_lgd_code":"14","district_lgd_code":"255","district_name":"Imphal West","subdistrict_lgd_code":"2310","subdistrict_name":"Lamphelpat Sub-Division","subdistrict_type":"Tehsil / Taluk","village_lgd_code":"281090","village_name":"Uripok","khasra_plot_no":"Dag 614/Pari 2/D2","recorded_area":"0.4","recorded_area_unit":"Pari-Lou","normalized_area_sqm":"4000.0","gis_area_sqm":"4000.0","land_use_category":"FOREST_GREEN_BELT","land_use_raw":"Ingkhol (Homestead Land)","status":"ARCHIVED","data_freshness_status":"UNKNOWN","scenario_index":"10211","use_case_description":"Tribal non-alienation protection review","mutation_workflow_status":"REJECTED","revenue_record_id":"ROR-MN-2025-1015-0002","revenue_record_type":"Jamabandi (Loucha Pathap)","khata_khewat_no":"KHT-65","khatauni_no":"KHN-165","owner_name":"Laishram Tomba Singh","owner_name_local":"লাইশ্ৰম তোম্বা সিংহ","co_owners":"","tenure_type":"Tribal Community Tenure","mutation_status":"NONE","active_mutation_id":"MUT-MN-00000002","tax_demand_status":"PAID","annual_tax_inr":"185.5","deed_number":"DEED-MN-2024-415-0002","deed_type":"Sale Deed / Conveyance","sro_office":"Sub-Registrar Office, Lamphelpat Sub-Division","execution_date":"2024-05-10","registered_owner":"Laishram Tomba Singh","seller_name":"Previous Landholder","consideration_amount_inr":"3500000.0","stamp_duty_inr":"210000.0","survey_sketch_id":"FMB-MN-15-0002","cadastral_sheet_no":"SHT-MN-15","surveyed_area_sqm":"4000.0","survey_status":"RESURVEY_REQUIRED","urban_authority":"Lamphelpat Sub-Division Urban Development & Town Planning Authority","zone_name":"Residential Zone","permitted_land_use":"FOREST_GREEN_BELT","building_permission_status":"NOT_APPLICABLE","violations_reported":"False","is_encumbered":"False","encumbrance_certificate_number":"EC-MN-2024-115-0002","encumbrance_type":"NIL","financial_institution":"","mortgage_amount":"0.0","created_at":"2026-01-15T09:00:00Z","updated_at":"2026-09-24T11:30:00Z"}},{"type":"Feature","geometry":{"type":"Polygon","coordinates":[[[94.14248772698679,24.66682738644402],[94.23958334487608,24.66682738644402],[94.22374747405456,24.74438346085418],[94.1352787188355,24.73502907245565],[94.14248772698679,24.66682738644402]]]},"properties":{"ulpin":"14274633054841","parcel_id":"90e10746-934b-4fe0-8167-6c99742b517b","state":"Manipur","state_code":"MN","state_type":"STATE","state_lgd_code":"14","district_lgd_code":"255","district_name":"Imphal West","subdistrict_lgd_code":"2310","subdistrict_name":"Lamphelpat Sub-Division","subdistrict_type":"Tehsil / Taluk","village_lgd_code":"281090","village_name":"Uripok","khasra_plot_no":"Dag 614/Pari 2/D3","recorded_area":"0.4","recorded_area_unit":"Pari-Lou","normalized_area_sqm":"4000.0","gis_area_sqm":"4000.0","land_use_category":"WATER_BODY","land_use_raw":"Ingkhol (Homestead Land)","status":"ACTIVE","data_freshness_status":"CURRENT","scenario_index":"10212","use_case_description":"Archived historical record for audit retrieval","mutation_workflow_status":"SLA_BREACHED","revenue_record_id":"ROR-MN-2025-1015-0003","revenue_record_type":"Jamabandi (Loucha Pathap)","khata_khewat_no":"KHT-65","khatauni_no":"KHN-165","owner_name":"Laishram Tomba Singh","owner_name_local":"লাইশ্ৰম তোম্বা সিংহ","co_owners":"","tenure_type":"Bhumiswami / Raiyati with Transferable Rights","mutation_status":"MUTATED","active_mutation_id":"","tax_demand_status":"PAID","annual_tax_inr":"185.5","deed_number":"DEED-MN-2024-415-0003","deed_type":"Sale Deed / Conveyance","sro_office":"Sub-Registrar Office, Lamphelpat Sub-Division","execution_date":"2024-05-10","registered_owner":"Laishram Tomba Singh","seller_name":"Previous Landholder","consideration_amount_inr":"3500000.0","stamp_duty_inr":"210000.0","survey_sketch_id":"FMB-MN-15-0003","cadastral_sheet_no":"SHT-MN-15","surveyed_area_sqm":"4000.0","survey_status":"SURVEYED","urban_authority":"Lamphelpat Sub-Division Urban Development & Town Planning Authority","zone_name":"Residential Zone","permitted_land_use":"WATER_BODY","building_permission_status":"SANCTIONED","violations_reported":"False","is_encumbered":"True","encumbrance_certificate_number":"EC-MN-00000003-0003","encumbrance_type":"BANK_MORTGAGE","financial_institution":"","mortgage_amount":"0.0","created_at":"2026-01-15T09:00:00Z","updated_at":"2026-09-24T11:30:00Z"}},{"type":"Feature","geometry":{"type":"Polygon","coordinates":[[[93.25742294272099,24.272456560562816],[93.34221618897514,24.27486582478076],[93.33522810327452,24.350788221222295],[93.23598220167098,24.348354332830343],[93.25742294272099,24.272456560562816]]]},"properties":{"ulpin":"14029542180183","parcel_id":"784bb85a-f180-435e-8188-78c7b246ebef","state":"Manipur","state_code":"MN","state_type":"STATE","state_lgd_code":"14","district_lgd_code":"255","district_name":"Imphal West","subdistrict_lgd_code":"2310","subdistrict_name":"Lamphelpat Sub-Division","subdistrict_type":"Tehsil / Taluk","village_lgd_code":"281090","village_name":"Uripok","khasra_plot_no":"Dag 614/Pari 2/D4","recorded_area":"0.4","recorded_area_unit":"Pari-Lou","normalized_area_sqm":"4000.0","gis_area_sqm":"4000.0","land_use_category":"MIXED_USE","land_use_raw":"Ingkhol (Homestead Land)","status":"PENDING_MUTATION","data_freshness_status":"STALE","scenario_index":"10213","use_case_description":"Bank mortgage and active encumbrance","mutation_workflow_status":"SUBMITTED","revenue_record_id":"ROR-MN-2025-1015-0004","revenue_record_type":"Jamabandi (Loucha Pathap)","khata_khewat_no":"KHT-65","khatauni_no":"KHN-165","owner_name":"Laishram Tomba Singh","owner_name_local":"লাইশ্ৰম তোম্বা সিংহ","co_owners":"","tenure_type":"Bhumiswami / Freehold","mutation_status":"PENDING","active_mutation_id":"MUT-MN-00000004","tax_demand_status":"PAID","annual_tax_inr":"185.5","deed_number":"DEED-MN-2024-415-0004","deed_type":"Sale Deed / Conveyance","sro_office":"Sub-Registrar Office, Lamphelpat Sub-Division","execution_date":"2024-05-10","registered_owner":"Laishram Tomba Singh","seller_name":"Previous Landholder","consideration_amount_inr":"3500000.0","stamp_duty_inr":"210000.0","survey_sketch_id":"FMB-MN-15-0004","cadastral_sheet_no":"SHT-MN-15","surveyed_area_sqm":"4000.0","survey_status":"PENDING","urban_authority":"Lamphelpat Sub-Division Urban Development & Town Planning Authority","zone_name":"Residential Zone","permitted_land_use":"MIXED_USE","building_permission_status":"PENDING","violations_reported":"True","is_encumbered":"True","encumbrance_certificate_number":"EC-MN-00000004-0004","encumbrance_type":"GOVT_REVENUE_LIEN","financial_institution":"","mortgage_amount":"0.0","created_at":"2026-01-15T09:00:00Z","updated_at":"2026-09-24T11:30:00Z"}},{"type":"Feature","geometry":{"type":"Polygon","coordinates":[[[94.42161494350484,24.66682738644402],[94.51988479126366,24.66682738644402],[94.52921684001693,24.749375406797647],[94.43957350765685,24.745018170285878],[94.42161494350484,24.66682738644402]]]},"properties":{"ulpin":"14586530097639","parcel_id":"0292097f-1375-4cd1-956c-84ddbcd7bee4","state":"Manipur","state_code":"MN","state_type":"STATE","state_lgd_code":"14","district_lgd_code":"255","district_name":"Imphal West","subdistrict_lgd_code":"2310","subdistrict_name":"Lamphelpat Sub-Division","subdistrict_type":"Tehsil / Taluk","village_lgd_code":"281090","village_name":"Uripok","khasra_plot_no":"Dag 614/Pari 2/D5","recorded_area":"0.4","recorded_area_unit":"Pari-Lou","normalized_area_sqm":"4000.0","gis_area_sqm":"4000.0","land_use_category":"OTHER","land_use_raw":"Ingkhol (Homestead Land)","status":"SUBDIVIDED","data_freshness_status":"UNKNOWN","scenario_index":"10214","use_case_description":"Government revenue lien and tax demand","mutation_workflow_status":"UNDER_VERIFICATION","revenue_record_id":"ROR-MN-2025-1015-0005","revenue_record_type":"Jamabandi (Loucha Pathap)","khata_khewat_no":"KHT-65","khatauni_no":"KHN-165","owner_name":"Laishram Tomba Singh","owner_name_local":"লাইশ্ৰম তোম্বা সিংহ","co_owners":"","tenure_type":"Leasehold","mutation_status":"UNMUTATED_TRANSACTION","active_mutation_id":"MUT-MN-00000005","tax_demand_status":"PAID","annual_tax_inr":"185.5","deed_number":"DEED-MN-2024-415-0005","deed_type":"Sale Deed / Conveyance","sro_office":"Sub-Registrar Office, Lamphelpat Sub-Division","execution_date":"2024-05-10","registered_owner":"Registry Variance Owner 5","seller_name":"Previous Landholder","consideration_amount_inr":"3500000.0","stamp_duty_inr":"210000.0","survey_sketch_id":"FMB-MN-15-0005","cadastral_sheet_no":"SHT-MN-15","surveyed_area_sqm":"4000.0","survey_status":"DISPUTED","urban_authority":"Lamphelpat Sub-Division Urban Development & Town Planning Authority","zone_name":"Residential Zone","permitted_land_use":"OTHER","building_permission_status":"REJECTED","violations_reported":"False","is_encumbered":"True","encumbrance_certificate_number":"EC-MN-00000005-0005","encumbrance_type":"COURT_ATTACHMENT","financial_institution":"","mortgage_amount":"0.0","created_at":"2026-01-15T09:00:00Z","updated_at":"2026-09-24T11:30:00Z"}},{"type":"Feature","geometry":{"type":"Polygon","coordinates":[[[93.23598170264638,24.189117146524158],[93.35664807824304,24.189117146524158],[93.34221618897514,24.27486582478076],[93.25742294272099,24.272456560562816],[93.23598170264638,24.189117146524158]]]},"properties":{"ulpin":"14283672404403","parcel_id":"7933b982-7e39-474d-95ea-91fccf7133fa","state":"Manipur","state_code":"MN","state_type":"STATE","state_lgd_code":"14","district_lgd_code":"255","district_name":"Imphal West","subdistrict_lgd_code":"2310","subdistrict_name":"Lamphelpat Sub-Division","subdistrict_type":"Tehsil / Taluk","village_lgd_code":"281090","village_name":"Uripok","khasra_plot_no":"Dag 614/Pari 2/D6","recorded_area":"0.4","recorded_area_unit":"Pari-Lou","normalized_area_sqm":"4000.0","gis_area_sqm":"4000.0","land_use_category":"RESIDENTIAL","land_use_raw":"Ingkhol (Homestead Land)","status":"AMALGAMATED","data_freshness_status":"CURRENT","scenario_index":"10215","use_case_description":"Court attachment and disputed possession","mutation_workflow_status":"NOTICE_PERIOD","revenue_record_id":"ROR-MN-2025-1015-0006","revenue_record_type":"Jamabandi (Loucha Pathap)","khata_khewat_no":"KHT-65","khatauni_no":"KHN-165","owner_name":"Laishram Tomba Singh","owner_name_local":"লাইশ্ৰম তোম্বা সিংহ","co_owners":"","tenure_type":"Government Grant","mutation_status":"REJECTED","active_mutation_id":"MUT-MN-00000006","tax_demand_status":"PAID","annual_tax_inr":"185.5","deed_number":"DEED-MN-2024-415-0006","deed_type":"Sale Deed / Conveyance","sro_office":"Sub-Registrar Office, Lamphelpat Sub-Division","execution_date":"2024-05-10","registered_owner":"Laishram Tomba Singh","seller_name":"Previous Landholder","consideration_amount_inr":"3500000.0","stamp_duty_inr":"210000.0","survey_sketch_id":"FMB-MN-15-0006","cadastral_sheet_no":"SHT-MN-15","surveyed_area_sqm":"4000.0","survey_status":"RESURVEY_REQUIRED","urban_authority":"Lamphelpat Sub-Division Urban Development & Town Planning Authority","zone_name":"Residential Zone","permitted_land_use":"RESIDENTIAL","building_permission_status":"NOT_APPLICABLE","violations_reported":"False","is_encumbered":"True","encumbrance_certificate_number":"EC-MN-00000006-0006","encumbrance_type":"TRIBAL_NON_ALIENATION","financial_institution":"","mortgage_amount":"0.0","created_at":"2026-01-15T09:00:00Z","updated_at":"2026-09-24T11:30:00Z"}},{"type":"Feature","geometry":{"type":"Polygon","coordinates":[[[94.30550293231975,24.209924252277354],[94.41724801729333,24.209924252277354],[94.41259751620352,24.306593697681908],[94.30766485272363,24.30933963275892],[94.30550293231975,24.209924252277354]]]},"properties":{"ulpin":"14005568723026","parcel_id":"cdde1f04-2422-442a-b4fa-c87af14319de","state":"Manipur","state_code":"MN","state_type":"STATE","state_lgd_code":"14","district_lgd_code":"255","district_name":"Imphal West","subdistrict_lgd_code":"2310","subdistrict_name":"Lamphelpat Sub-Division","subdistrict_type":"Tehsil / Taluk","village_lgd_code":"281090","village_name":"Uripok","khasra_plot_no":"Dag 614/Pari 2/D7","recorded_area":"0.4","recorded_area_unit":"Pari-Lou","normalized_area_sqm":"4000.0","gis_area_sqm":"4000.0","land_use_category":"COMMERCIAL","land_use_raw":"Ingkhol (Homestead Land)","status":"DISPUTED","data_freshness_status":"STALE","scenario_index":"10216","use_case_description":"Tribal non-alienation protection review","mutation_workflow_status":"HEARING_SCHEDULED","revenue_record_id":"ROR-MN-2025-1015-0007","revenue_record_type":"Jamabandi (Loucha Pathap)","khata_khewat_no":"KHT-65","khatauni_no":"KHN-165","owner_name":"Laishram Tomba Singh","owner_name_local":"লাইশ্ৰম তোম্বা সিংহ","co_owners":"","tenure_type":"Waqf / Religious Trust","mutation_status":"DISPUTED","active_mutation_id":"MUT-MN-00000007","tax_demand_status":"PAID","annual_tax_inr":"185.5","deed_number":"DEED-MN-2024-415-0007","deed_type":"Sale Deed / Conveyance","sro_office":"Sub-Registrar Office, Lamphelpat Sub-Division","execution_date":"2024-05-10","registered_owner":"Laishram Tomba Singh","seller_name":"Previous Landholder","consideration_amount_inr":"3500000.0","stamp_duty_inr":"210000.0","survey_sketch_id":"FMB-MN-15-0007","cadastral_sheet_no":"SHT-MN-15","surveyed_area_sqm":"4000.0","survey_status":"SURVEYED","urban_authority":"Lamphelpat Sub-Division Urban Development & Town Planning Authority","zone_name":"Residential Zone","permitted_land_use":"COMMERCIAL","building_permission_status":"SANCTIONED","violations_reported":"False","is_encumbered":"True","encumbrance_certificate_number":"EC-MN-00000007-0007","encumbrance_type":"LEASE_CHARGE","financial_institution":"","mortgage_amount":"0.0","created_at":"2026-01-15T09:00:00Z","updated_at":"2026-09-24T11:30:00Z"}},{"type":"Feature","geometry":{"type":"Polygon","coordinates":[[[93.49046597897086,24.66018521392729],[93.60167377549703,24.66018521392729],[93.58482670393055,24.795472867007437],[93.46874140059066,24.761649595564432],[93.49046597897086,24.66018521392729]]]},"properties":{"ulpin":"14464254983010","parcel_id":"6828a639-c9a0-4f09-82e1-9714d5494716","state":"Manipur","state_code":"MN","state_type":"STATE","state_lgd_code":"14","district_lgd_code":"255","district_name":"Imphal West","subdistrict_lgd_code":"2310","subdistrict_name":"Lamphelpat Sub-Division","subdistrict_type":"Tehsil / Taluk","village_lgd_code":"281090","village_name":"Uripok","khasra_plot_no":"Dag 614/Pari 2/D8","recorded_area":"0.4","recorded_area_unit":"Pari-Lou","normalized_area_sqm":"4000.0","gis_area_sqm":"4000.0","land_use_category":"INDUSTRIAL","land_use_raw":"Ingkhol (Homestead Land)","status":"ARCHIVED","data_freshness_status":"UNKNOWN","scenario_index":"10217","use_case_description":"Pending sale mutation within statutory SLA","mutation_workflow_status":"APPROVED","revenue_record_id":"ROR-MN-2025-1015-0008","revenue_record_type":"Jamabandi (Loucha Pathap)","khata_khewat_no":"KHT-65","khatauni_no":"KHN-165","owner_name":"Laishram Tomba Singh","owner_name_local":"লাইশ্ৰম তোম্বা সিংহ","co_owners":"","tenure_type":"Tribal Community Tenure","mutation_status":"NONE","active_mutation_id":"MUT-MN-00000008","tax_demand_status":"PAID","annual_tax_inr":"185.5","deed_number":"DEED-MN-2024-415-0008","deed_type":"Sale Deed / Conveyance","sro_office":"Sub-Registrar Office, Lamphelpat Sub-Division","execution_date":"2024-05-10","registered_owner":"Laishram Tomba Singh","seller_name":"Previous Landholder","consideration_amount_inr":"3500000.0","stamp_duty_inr":"210000.0","survey_sketch_id":"FMB-MN-15-0008","cadastral_sheet_no":"SHT-MN-15","surveyed_area_sqm":"4000.0","survey_status":"PENDING","urban_authority":"Lamphelpat Sub-Division Urban Development & Town Planning Authority","zone_name":"Residential Zone","permitted_land_use":"INDUSTRIAL","building_permission_status":"PENDING","violations_reported":"False","is_encumbered":"False","encumbrance_certificate_number":"EC-MN-2024-115-0008","encumbrance_type":"NIL","financial_institution":"","mortgage_amount":"0.0","created_at":"2026-01-15T09:00:00Z","updated_at":"2026-09-24T11:30:00Z"}},{"type":"Feature","geometry":{"type":"Polygon","coordinates":[[[93.55829418836399,24.26419370311437],[93.68569645630957,24.263057703845195],[93.68569645630957,24.343163011510136],[93.5616863369965,24.35606874046889],[93.55829418836399,24.26419370311437]]]},"properties":{"ulpin":"14185897654095","parcel_id":"435bd073-c11b-4c33-b8b9-82c0d9af15e6","state":"Manipur","state_code":"MN","state_type":"STATE","state_lgd_code":"14","district_lgd_code":"255","district_name":"Imphal West","subdistrict_lgd_code":"2310","subdistrict_name":"Lamphelpat Sub-Division","subdistrict_type":"Tehsil / Taluk","village_lgd_code":"281090","village_name":"Uripok","khasra_plot_no":"Dag 614/Pari 2/D9","recorded_area":"0.4","recorded_area_unit":"Pari-Lou","normalized_area_sqm":"4000.0","gis_area_sqm":"4000.0","land_use_category":"AGRICULTURAL","land_use_raw":"Ingkhol (Homestead Land)","status":"ACTIVE","data_freshness_status":"CURRENT","scenario_index":"10218","use_case_description":"Subdivision or amalgamation history review","mutation_workflow_status":"REJECTED","revenue_record_id":"ROR-MN-2025-1015-0009","revenue_record_type":"Jamabandi (Loucha Pathap)","khata_khewat_no":"KHT-65","khatauni_no":"KHN-165","owner_name":"Laishram Tomba Singh","owner_name_local":"লাইশ্ৰম তোম্বা সিংহ","co_owners":"","tenure_type":"Bhumiswami / Raiyati with Transferable Rights","mutation_status":"MUTATED","active_mutation_id":"","tax_demand_status":"PAID","annual_tax_inr":"185.5","deed_number":"DEED-MN-2024-415-0009","deed_type":"Sale Deed / Conveyance","sro_office":"Sub-Registrar Office, Lamphelpat Sub-Division","execution_date":"2024-05-10","registered_owner":"Laishram Tomba Singh","seller_name":"Previous Landholder","consideration_amount_inr":"3500000.0","stamp_duty_inr":"210000.0","survey_sketch_id":"FMB-MN-15-0009","cadastral_sheet_no":"SHT-MN-15","surveyed_area_sqm":"4000.0","survey_status":"DISPUTED","urban_authority":"Lamphelpat Sub-Division Urban Development & Town Planning Authority","zone_name":"Residential Zone","permitted_land_use":"AGRICULTURAL","building_permission_status":"REJECTED","violations_reported":"False","is_encumbered":"True","encumbrance_certificate_number":"EC-MN-00000009-0009","encumbrance_type":"BANK_MORTGAGE","financial_institution":"","mortgage_amount":"0.0","created_at":"2026-01-15T09:00:00Z","updated_at":"2026-09-24T11:30:00Z"}},{"type":"Feature","geometry":{"type":"Polygon","coordinates":[[[93.1302665158778,24.27926137360655],[93.25742294272099,24.272456560562816],[93.23598220167098,24.348354332830343],[93.1302665158778,24.36284824348688],[93.1302665158778,24.27926137360655]]]},"properties":{"ulpin":"14802871123702","parcel_id":"3af351a7-8eb8-449a-9698-fe1e9e05647a","state":"Manipur","state_code":"MN","state_type":"STATE","state_lgd_code":"14","district_lgd_code":"255","district_name":"Imphal West","subdistrict_lgd_code":"2310","subdistrict_name":"Lamphelpat Sub-Division","subdistrict_type":"Tehsil / Taluk","village_lgd_code":"281090","village_name":"Uripok","khasra_plot_no":"Dag 614/Pari 2/D10","recorded_area":"0.4","recorded_area_unit":"Pari-Lou","normalized_area_sqm":"4000.0","gis_area_sqm":"4000.0","land_use_category":"INSTITUTIONAL","land_use_raw":"Ingkhol (Homestead Land)","status":"PENDING_MUTATION","data_freshness_status":"STALE","scenario_index":"10219","use_case_description":"Archived historical record for audit retrieval","mutation_workflow_status":"SLA_BREACHED","revenue_record_id":"ROR-MN-2025-1015-0010","revenue_record_type":"Jamabandi (Loucha Pathap)","khata_khewat_no":"KHT-65","khatauni_no":"KHN-165","owner_name":"Laishram Tomba Singh","owner_name_local":"লাইশ্ৰম তোম্বা সিংহ","co_owners":"","tenure_type":"Bhumiswami / Freehold","mutation_status":"PENDING","active_mutation_id":"MUT-MN-00000010","tax_demand_status":"PAID","annual_tax_inr":"185.5","deed_number":"DEED-MN-2024-415-0010","deed_type":"Sale Deed / Conveyance","sro_office":"Sub-Registrar Office, Lamphelpat Sub-Division","execution_date":"2024-05-10","registered_owner":"Registry Variance Owner 10","seller_name":"Previous Landholder","consideration_amount_inr":"3500000.0","stamp_duty_inr":"210000.0","survey_sketch_id":"FMB-MN-15-0010","cadastral_sheet_no":"SHT-MN-15","surveyed_area_sqm":"4000.0","survey_status":"RESURVEY_REQUIRED","urban_authority":"Lamphelpat Sub-Division Urban Development & Town Planning Authority","zone_name":"Residential Zone","permitted_land_use":"INSTITUTIONAL","building_permission_status":"NOT_APPLICABLE","violations_reported":"False","is_encumbered":"True","encumbrance_certificate_number":"EC-MN-00000010-0010","encumbrance_type":"GOVT_REVENUE_LIEN","financial_institution":"","mortgage_amount":"0.0","created_at":"2026-01-15T09:00:00Z","updated_at":"2026-09-24T11:30:00Z"}},{"type":"Feature","geometry":{"type":"Polygon","coordinates":[[[94.03951066643731,24.811293048795452],[94.12589225802087,24.82329117355182],[94.1451185554493,24.897022688547345],[94.02948401080565,24.897022688547345],[94.03951066643731,24.811293048795452]]]},"properties":{"ulpin":"14851974372467","parcel_id":"aa9f179f-9e1c-4f4f-b960-ce15f6a4868c","state":"Manipur","state_code":"MN","state_type":"STATE","state_lgd_code":"14","district_lgd_code":"255","district_name":"Imphal West","subdistrict_lgd_code":"2310","subdistrict_name":"Lamphelpat Sub-Division","subdistrict_type":"Tehsil / Taluk","village_lgd_code":"281090","village_name":"Uripok","khasra_plot_no":"Dag 614/Pari 2/D11","recorded_area":"0.4","recorded_area_unit":"Pari-Lou","normalized_area_sqm":"4000.0","gis_area_sqm":"4000.0","land_use_category":"FOREST_GREEN_BELT","land_use_raw":"Ingkhol (Homestead Land)","status":"SUBDIVIDED","data_freshness_status":"UNKNOWN","scenario_index":"10220","use_case_description":"Bank mortgage and active encumbrance","mutation_workflow_status":"SUBMITTED","revenue_record_id":"ROR-MN-2025-1015-0011","revenue_record_type":"Jamabandi (Loucha Pathap)","khata_khewat_no":"KHT-65","khatauni_no":"KHN-165","owner_name":"Laishram Tomba Singh","owner_name_local":"লাইশ্ৰম তোম্বা সিংহ","co_owners":"","tenure_type":"Leasehold","mutation_status":"UNMUTATED_TRANSACTION","active_mutation_id":"MUT-MN-00000011","tax_demand_status":"PAID","annual_tax_inr":"185.5","deed_number":"DEED-MN-2024-415-0011","deed_type":"Sale Deed / Conveyance","sro_office":"Sub-Registrar Office, Lamphelpat Sub-Division","execution_date":"2024-05-10","registered_owner":"Laishram Tomba Singh","seller_name":"Previous Landholder","consideration_amount_inr":"3500000.0","stamp_duty_inr":"210000.0","survey_sketch_id":"FMB-MN-15-0011","cadastral_sheet_no":"SHT-MN-15","surveyed_area_sqm":"4000.0","survey_status":"SURVEYED","urban_authority":"Lamphelpat Sub-Division Urban Development & Town Planning Authority","zone_name":"Residential Zone","permitted_land_use":"FOREST_GREEN_BELT","building_permission_status":"SANCTIONED","violations_reported":"True","is_encumbered":"True","encumbrance_certificate_number":"EC-MN-00000011-0011","encumbrance_type":"COURT_ATTACHMENT","financial_institution":"","mortgage_amount":"0.0","created_at":"2026-01-15T09:00:00Z","updated_at":"2026-09-24T11:30:00Z"}},{"type":"Feature","geometry":{"type":"Polygon","coordinates":[[[93.60167377549703,24.66018521392729],[93.73693213674305,24.66018521392729],[93.73693213674305,24.791931611193174],[93.58482670393055,24.795472867007437],[93.60167377549703,24.66018521392729]]]},"properties":{"ulpin":"14889994381550","parcel_id":"b0091a28-51a3-442e-b5aa-998126671214","state":"Manipur","state_code":"MN","state_type":"STATE","state_lgd_code":"14","district_lgd_code":"255","district_name":"Imphal West","subdistrict_lgd_code":"2310","subdistrict_name":"Lamphelpat Sub-Division","subdistrict_type":"Tehsil / Taluk","village_lgd_code":"281090","village_name":"Uripok","khasra_plot_no":"Dag 614/Pari 2/D12","recorded_area":"0.4","recorded_area_unit":"Pari-Lou","normalized_area_sqm":"4000.0","gis_area_sqm":"4000.0","land_use_category":"WATER_BODY","land_use_raw":"Ingkhol (Homestead Land)","status":"AMALGAMATED","data_freshness_status":"CURRENT","scenario_index":"10221","use_case_description":"Government revenue lien and tax demand","mutation_workflow_status":"UNDER_VERIFICATION","revenue_record_id":"ROR-MN-2025-1015-0012","revenue_record_type":"Jamabandi (Loucha Pathap)","khata_khewat_no":"KHT-65","khatauni_no":"KHN-165","owner_name":"Laishram Tomba Singh","owner_name_local":"লাইশ্ৰম তোম্বা সিংহ","co_owners":"","tenure_type":"Government Grant","mutation_status":"REJECTED","active_mutation_id":"MUT-MN-00000012","tax_demand_status":"PAID","annual_tax_inr":"185.5","deed_number":"DEED-MN-2024-415-0012","deed_type":"Sale Deed / Conveyance","sro_office":"Sub-Registrar Office, Lamphelpat Sub-Division","execution_date":"2024-05-10","registered_owner":"Laishram Tomba Singh","seller_name":"Previous Landholder","consideration_amount_inr":"3500000.0","stamp_duty_inr":"210000.0","survey_sketch_id":"FMB-MN-15-0012","cadastral_sheet_no":"SHT-MN-15","surveyed_area_sqm":"4000.0","survey_status":"PENDING","urban_authority":"Lamphelpat Sub-Division Urban Development & Town Planning Authority","zone_name":"Residential Zone","permitted_land_use":"WATER_BODY","building_permission_status":"PENDING","violations_reported":"False","is_encumbered":"True","encumbrance_certificate_number":"EC-MN-00000012-0012","encumbrance_type":"TRIBAL_NON_ALIENATION","financial_institution":"","mortgage_amount":"0.0","created_at":"2026-01-15T09:00:00Z","updated_at":"2026-09-24T11:30:00Z"}},{"type":"Feature","geometry":{"type":"Polygon","coordinates":[[[93.34221618897514,24.27486582478076],[93.47762970025363,24.283460644642002],[93.45927862270156,24.36609547448468],[93.33522810327452,24.350788221222295],[93.34221618897514,24.27486582478076]]]},"properties":{"ulpin":"14548723700753","parcel_id":"8906bddf-3ade-4c58-9c5d-ee18c8c57c8e","state":"Manipur","state_code":"MN","state_type":"STATE","state_lgd_code":"14","district_lgd_code":"255","district_name":"Imphal West","subdistrict_lgd_code":"2310","subdistrict_name":"Lamphelpat Sub-Division","subdistrict_type":"Tehsil / Taluk","village_lgd_code":"281090","village_name":"Uripok","khasra_plot_no":"Dag 614/Pari 2/D13","recorded_area":"0.4","recorded_area_unit":"Pari-Lou","normalized_area_sqm":"4000.0","gis_area_sqm":"4000.0","land_use_category":"MIXED_USE","land_use_raw":"Ingkhol (Homestead Land)","status":"DISPUTED","data_freshness_status":"STALE","scenario_index":"10222","use_case_description":"Court attachment and disputed possession","mutation_workflow_status":"NOTICE_PERIOD","revenue_record_id":"ROR-MN-2025-1015-0013","revenue_record_type":"Jamabandi (Loucha Pathap)","khata_khewat_no":"KHT-65","khatauni_no":"KHN-165","owner_name":"Laishram Tomba Singh","owner_name_local":"লাইশ্ৰম তোম্বা সিংহ","co_owners":"","tenure_type":"Waqf / Religious Trust","mutation_status":"DISPUTED","active_mutation_id":"MUT-MN-00000013","tax_demand_status":"PAID","annual_tax_inr":"185.5","deed_number":"DEED-MN-2024-415-0013","deed_type":"Sale Deed / Conveyance","sro_office":"Sub-Registrar Office, Lamphelpat Sub-Division","execution_date":"2024-05-10","registered_owner":"Laishram Tomba Singh","seller_name":"Previous Landholder","consideration_amount_inr":"3500000.0","stamp_duty_inr":"210000.0","survey_sketch_id":"FMB-MN-15-0013","cadastral_sheet_no":"SHT-MN-15","surveyed_area_sqm":"4000.0","survey_status":"DISPUTED","urban_authority":"Lamphelpat Sub-Division Urban Development & Town Planning Authority","zone_name":"Residential Zone","permitted_land_use":"MIXED_USE","building_permission_status":"REJECTED","violations_reported":"False","is_encumbered":"True","encumbrance_certificate_number":"EC-MN-00000013-0013","encumbrance_type":"LEASE_CHARGE","financial_institution":"","mortgage_amount":"0.0","created_at":"2026-01-15T09:00:00Z","updated_at":"2026-09-24T11:30:00Z"}},{"type":"Feature","geometry":{"type":"Polygon","coordinates":[[[93.1302665158778,24.189117146524158],[93.23598170264638,24.189117146524158],[93.25742294272099,24.272456560562816],[93.1302665158778,24.27926137360655],[93.1302665158778,24.189117146524158]]]},"properties":{"ulpin":"14062735516092","parcel_id":"458d73e2-946d-442b-a05e-462824041f1e","state":"Manipur","state_code":"MN","state_type":"STATE","state_lgd_code":"14","district_lgd_code":"255","district_name":"Imphal West","subdistrict_lgd_code":"2310","subdistrict_name":"Lamphelpat Sub-Division","subdistrict_type":"Tehsil / Taluk","village_lgd_code":"281090","village_name":"Uripok","khasra_plot_no":"Dag 614/Pari 2/D14","recorded_area":"0.4","recorded_area_unit":"Pari-Lou","normalized_area_sqm":"4000.0","gis_area_sqm":"4000.0","land_use_category":"OTHER","land_use_raw":"Ingkhol (Homestead Land)","status":"ARCHIVED","data_freshness_status":"UNKNOWN","scenario_index":"10223","use_case_description":"Bank mortgage and active encumbrance","mutation_workflow_status":"HEARING_SCHEDULED","revenue_record_id":"ROR-MN-2025-1015-0014","revenue_record_type":"Jamabandi (Loucha Pathap)","khata_khewat_no":"KHT-65","khatauni_no":"KHN-165","owner_name":"Laishram Tomba Singh","owner_name_local":"লাইশ্ৰম তোম্বা সিংহ","co_owners":"","tenure_type":"Tribal Community Tenure","mutation_status":"NONE","active_mutation_id":"MUT-MN-00000014","tax_demand_status":"PAID","annual_tax_inr":"185.5","deed_number":"DEED-MN-2024-415-0014","deed_type":"Sale Deed / Conveyance","sro_office":"Sub-Registrar Office, Lamphelpat Sub-Division","execution_date":"2024-05-10","registered_owner":"Laishram Tomba Singh","seller_name":"Previous Landholder","consideration_amount_inr":"3500000.0","stamp_duty_inr":"210000.0","survey_sketch_id":"FMB-MN-15-0014","cadastral_sheet_no":"SHT-MN-15","surveyed_area_sqm":"4000.0","survey_status":"RESURVEY_REQUIRED","urban_authority":"Lamphelpat Sub-Division Urban Development & Town Planning Authority","zone_name":"Residential Zone","permitted_land_use":"OTHER","building_permission_status":"NOT_APPLICABLE","violations_reported":"False","is_encumbered":"False","encumbrance_certificate_number":"EC-MN-2024-115-0014","encumbrance_type":"NIL","financial_institution":"","mortgage_amount":"0.0","created_at":"2026-01-15T09:00:00Z","updated_at":"2026-09-24T11:30:00Z"}},{"type":"Feature","geometry":{"type":"Polygon","coordinates":[[[94.23958334487608,24.66682738644402],[94.3416073002005,24.66682738644402],[94.31631587176146,24.74400890800477],[94.22374747405456,24.74438346085418],[94.23958334487608,24.66682738644402]]]},"properties":{"ulpin":"14562415480023","parcel_id":"b75f20bc-5b15-4ca0-8f30-9fcbd288af57","state":"Manipur","state_code":"MN","state_type":"STATE","state_lgd_code":"14","district_lgd_code":"255","district_name":"Imphal West","subdistrict_lgd_code":"2310","subdistrict_name":"Lamphelpat Sub-Division","subdistrict_type":"Tehsil / Taluk","village_lgd_code":"281090","village_name":"Uripok","khasra_plot_no":"Dag 614/Pari 2/D15","recorded_area":"0.4","recorded_area_unit":"Pari-Lou","normalized_area_sqm":"4000.0","gis_area_sqm":"4000.0","land_use_category":"RESIDENTIAL","land_use_raw":"Ingkhol (Homestead Land)","status":"ACTIVE","data_freshness_status":"CURRENT","scenario_index":"10224","use_case_description":"Lease charge and institutional tenancy","mutation_workflow_status":"APPROVED","revenue_record_id":"ROR-MN-2025-1015-0015","revenue_record_type":"Jamabandi (Loucha Pathap)","khata_khewat_no":"KHT-65","khatauni_no":"KHN-165","owner_name":"Laishram Tomba Singh","owner_name_local":"লাইশ্ৰম তোম্বা সিংহ","co_owners":"","tenure_type":"Bhumiswami / Raiyati with Transferable Rights","mutation_status":"MUTATED","active_mutation_id":"","tax_demand_status":"PAID","annual_tax_inr":"185.5","deed_number":"DEED-MN-2024-415-0015","deed_type":"Sale Deed / Conveyance","sro_office":"Sub-Registrar Office, Lamphelpat Sub-Division","execution_date":"2024-05-10","registered_owner":"Registry Variance Owner 15","seller_name":"Previous Landholder","consideration_amount_inr":"3500000.0","stamp_duty_inr":"210000.0","survey_sketch_id":"FMB-MN-15-0015","cadastral_sheet_no":"SHT-MN-15","surveyed_area_sqm":"4000.0","survey_status":"SURVEYED","urban_authority":"Lamphelpat Sub-Division Urban Development & Town Planning Authority","zone_name":"Residential Zone","permitted_land_use":"RESIDENTIAL","building_permission_status":"SANCTIONED","violations_reported":"False","is_encumbered":"True","encumbrance_certificate_number":"EC-MN-00000015-0015","encumbrance_type":"BANK_MORTGAGE","financial_institution":"","mortgage_amount":"0.0","created_at":"2026-01-15T09:00:00Z","updated_at":"2026-09-24T11:30:00Z"}},{"type":"Feature","geometry":{"type":"Polygon","coordinates":[[[94.43398901817666,24.820945542690325],[94.516488795697,24.812208150957506],[94.53386125473641,24.897022688547345],[94.42335740451954,24.897022688547345],[94.43398901817666,24.820945542690325]]]},"properties":{"ulpin":"14452353542497","parcel_id":"ef615d73-1d14-4107-ac37-563ff755484b","state":"Manipur","state_code":"MN","state_type":"STATE","state_lgd_code":"14","district_lgd_code":"255","district_name":"Imphal West","subdistrict_lgd_code":"2310","subdistrict_name":"Lamphelpat Sub-Division","subdistrict_type":"Tehsil / Taluk","village_lgd_code":"281090","village_name":"Uripok","khasra_plot_no":"Dag 614/Pari 2/D16","recorded_area":"0.4","recorded_area_unit":"Pari-Lou","normalized_area_sqm":"4000.0","gis_area_sqm":"4000.0","land_use_category":"COMMERCIAL","land_use_raw":"Ingkhol (Homestead Land)","status":"PENDING_MUTATION","data_freshness_status":"STALE","scenario_index":"10225","use_case_description":"Subdivision or amalgamation history review","mutation_workflow_status":"REJECTED","revenue_record_id":"ROR-MN-2025-1015-0016","revenue_record_type":"Jamabandi (Loucha Pathap)","khata_khewat_no":"KHT-65","khatauni_no":"KHN-165","owner_name":"Laishram Tomba Singh","owner_name_local":"লাইশ্ৰম তোম্বা সিংহ","co_owners":"","tenure_type":"Bhumiswami / Freehold","mutation_status":"PENDING","active_mutation_id":"MUT-MN-00000016","tax_demand_status":"PAID","annual_tax_inr":"185.5","deed_number":"DEED-MN-2024-415-0016","deed_type":"Sale Deed / Conveyance","sro_office":"Sub-Registrar Office, Lamphelpat Sub-Division","execution_date":"2024-05-10","registered_owner":"Laishram Tomba Singh","seller_name":"Previous Landholder","consideration_amount_inr":"3500000.0","stamp_duty_inr":"210000.0","survey_sketch_id":"FMB-MN-15-0016","cadastral_sheet_no":"SHT-MN-15","surveyed_area_sqm":"4000.0","survey_status":"PENDING","urban_authority":"Lamphelpat Sub-Division Urban Development & Town Planning Authority","zone_name":"Residential Zone","permitted_land_use":"COMMERCIAL","building_permission_status":"PENDING","violations_reported":"False","is_encumbered":"True","encumbrance_certificate_number":"EC-MN-00000016-0016","encumbrance_type":"GOVT_REVENUE_LIEN","financial_institution":"","mortgage_amount":"0.0","created_at":"2026-01-15T09:00:00Z","updated_at":"2026-09-24T11:30:00Z"}},{"type":"Feature","geometry":{"type":"Polygon","coordinates":[[[93.33522810327452,24.350788221222295],[93.45927862270156,24.36609547448468],[93.47981484707539,24.439230738011855],[93.33995394357656,24.439230738011855],[93.33522810327452,24.350788221222295]]]},"properties":{"ulpin":"14078184424350","parcel_id":"9d32ddf3-873b-4a1c-a6fe-3be35bf43a90","state":"Manipur","state_code":"MN","state_type":"STATE","state_lgd_code":"14","district_lgd_code":"255","district_name":"Imphal West","subdistrict_lgd_code":"2310","subdistrict_name":"Lamphelpat Sub-Division","subdistrict_type":"Tehsil / Taluk","village_lgd_code":"281090","village_name":"Uripok","khasra_plot_no":"Dag 614/Pari 2/D17","recorded_area":"0.4","recorded_area_unit":"Pari-Lou","normalized_area_sqm":"4000.0","gis_area_sqm":"4000.0","land_use_category":"INDUSTRIAL","land_use_raw":"Ingkhol (Homestead Land)","status":"SUBDIVIDED","data_freshness_status":"UNKNOWN","scenario_index":"10226","use_case_description":"Archived historical record for audit retrieval","mutation_workflow_status":"SLA_BREACHED","revenue_record_id":"ROR-MN-2025-1015-0017","revenue_record_type":"Jamabandi (Loucha Pathap)","khata_khewat_no":"KHT-65","khatauni_no":"KHN-165","owner_name":"Laishram Tomba Singh","owner_name_local":"লাইশ্ৰম তোম্বা সিংহ","co_owners":"","tenure_type":"Leasehold","mutation_status":"UNMUTATED_TRANSACTION","active_mutation_id":"MUT-MN-00000017","tax_demand_status":"PAID","annual_tax_inr":"185.5","deed_number":"DEED-MN-2024-415-0017","deed_type":"Sale Deed / Conveyance","sro_office":"Sub-Registrar Office, Lamphelpat Sub-Division","execution_date":"2024-05-10","registered_owner":"Laishram Tomba Singh","seller_name":"Previous Landholder","consideration_amount_inr":"3500000.0","stamp_duty_inr":"210000.0","survey_sketch_id":"FMB-MN-15-0017","cadastral_sheet_no":"SHT-MN-15","surveyed_area_sqm":"4000.0","survey_status":"DISPUTED","urban_authority":"Lamphelpat Sub-Division Urban Development & Town Planning Authority","zone_name":"Residential Zone","permitted_land_use":"INDUSTRIAL","building_permission_status":"REJECTED","violations_reported":"False","is_encumbered":"True","encumbrance_certificate_number":"EC-MN-00000017-0017","encumbrance_type":"COURT_ATTACHMENT","financial_institution":"","mortgage_amount":"0.0","created_at":"2026-01-15T09:00:00Z","updated_at":"2026-09-24T11:30:00Z"}},{"type":"Feature","geometry":{"type":"Polygon","coordinates":[[[93.46874140059066,24.761649595564432],[93.58482670393055,24.795472867007437],[93.58492040647721,24.901469176864136],[93.44957114129147,24.901469176864136],[93.46874140059066,24.761649595564432]]]},"properties":{"ulpin":"14016980724160","parcel_id":"d0237498-dccb-409b-9dac-554ecbac302b","state":"Manipur","state_code":"MN","state_type":"STATE","state_lgd_code":"14","district_lgd_code":"255","district_name":"Imphal West","subdistrict_lgd_code":"2310","subdistrict_name":"Lamphelpat Sub-Division","subdistrict_type":"Tehsil / Taluk","village_lgd_code":"281090","village_name":"Uripok","khasra_plot_no":"Dag 614/Pari 2/D18","recorded_area":"0.4","recorded_area_unit":"Pari-Lou","normalized_area_sqm":"4000.0","gis_area_sqm":"4000.0","land_use_category":"AGRICULTURAL","land_use_raw":"Ingkhol (Homestead Land)","status":"AMALGAMATED","data_freshness_status":"CURRENT","scenario_index":"10227","use_case_description":"Bank mortgage and active encumbrance","mutation_workflow_status":"SUBMITTED","revenue_record_id":"ROR-MN-2025-1015-0018","revenue_record_type":"Jamabandi (Loucha Pathap)","khata_khewat_no":"KHT-65","khatauni_no":"KHN-165","owner_name":"Laishram Tomba Singh","owner_name_local":"লাইশ্ৰম তোম্বা সিংহ","co_owners":"","tenure_type":"Government Grant","mutation_status":"REJECTED","active_mutation_id":"MUT-MN-00000018","tax_demand_status":"PAID","annual_tax_inr":"185.5","deed_number":"DEED-MN-2024-415-0018","deed_type":"Sale Deed / Conveyance","sro_office":"Sub-Registrar Office, Lamphelpat Sub-Division","execution_date":"2024-05-10","registered_owner":"Laishram Tomba Singh","seller_name":"Previous Landholder","consideration_amount_inr":"3500000.0","stamp_duty_inr":"210000.0","survey_sketch_id":"FMB-MN-15-0018","cadastral_sheet_no":"SHT-MN-15","surveyed_area_sqm":"4000.0","survey_status":"RESURVEY_REQUIRED","urban_authority":"Lamphelpat Sub-Division Urban Development & Town Planning Authority","zone_name":"Residential Zone","permitted_land_use":"AGRICULTURAL","building_permission_status":"NOT_APPLICABLE","violations_reported":"True","is_encumbered":"True","encumbrance_certificate_number":"EC-MN-00000018-0018","encumbrance_type":"TRIBAL_NON_ALIENATION","financial_institution":"","mortgage_amount":"0.0","created_at":"2026-01-15T09:00:00Z","updated_at":"2026-09-24T11:30:00Z"}},{"type":"Feature","geometry":{"type":"Polygon","coordinates":[[[94.05309258739786,24.410370507210988],[94.17987714868045,24.390088289557184],[94.15984952491789,24.49607005263676],[94.04121559187307,24.49607005263676],[94.05309258739786,24.410370507210988]]]},"properties":{"ulpin":"14860817795668","parcel_id":"84d933cf-c811-4e75-88cc-eedd96eeaad8","state":"Manipur","state_code":"MN","state_type":"STATE","state_lgd_code":"14","district_lgd_code":"255","district_name":"Imphal West","subdistrict_lgd_code":"2310","subdistrict_name":"Lamphelpat Sub-Division","subdistrict_type":"Tehsil / Taluk","village_lgd_code":"281090","village_name":"Uripok","khasra_plot_no":"Dag 614/Pari 2/D19","recorded_area":"0.4","recorded_area_unit":"Pari-Lou","normalized_area_sqm":"4000.0","gis_area_sqm":"4000.0","land_use_category":"INSTITUTIONAL","land_use_raw":"Ingkhol (Homestead Land)","status":"DISPUTED","data_freshness_status":"STALE","scenario_index":"10228","use_case_description":"Government revenue lien and tax demand","mutation_workflow_status":"UNDER_VERIFICATION","revenue_record_id":"ROR-MN-2025-1015-0019","revenue_record_type":"Jamabandi (Loucha Pathap)","khata_khewat_no":"KHT-65","khatauni_no":"KHN-165","owner_name":"Laishram Tomba Singh","owner_name_local":"লাইশ্ৰম তোম্বা সিংহ","co_owners":"","tenure_type":"Waqf / Religious Trust","mutation_status":"DISPUTED","active_mutation_id":"MUT-MN-00000019","tax_demand_status":"PAID","annual_tax_inr":"185.5","deed_number":"DEED-MN-2024-415-0019","deed_type":"Sale Deed / Conveyance","sro_office":"Sub-Registrar Office, Lamphelpat Sub-Division","execution_date":"2024-05-10","registered_owner":"Laishram Tomba Singh","seller_name":"Previous Landholder","consideration_amount_inr":"3500000.0","stamp_duty_inr":"210000.0","survey_sketch_id":"FMB-MN-15-0019","cadastral_sheet_no":"SHT-MN-15","surveyed_area_sqm":"4000.0","survey_status":"SURVEYED","urban_authority":"Lamphelpat Sub-Division Urban Development & Town Planning Authority","zone_name":"Residential Zone","permitted_land_use":"INSTITUTIONAL","building_permission_status":"SANCTIONED","violations_reported":"False","is_encumbered":"True","encumbrance_certificate_number":"EC-MN-00000019-0019","encumbrance_type":"LEASE_CHARGE","financial_institution":"","mortgage_amount":"0.0","created_at":"2026-01-15T09:00:00Z","updated_at":"2026-09-24T11:30:00Z"}},{"type":"Feature","geometry":{"type":"Polygon","coordinates":[[[93.06886142201891,24.66018521392729],[93.18838042951741,24.66018521392729],[93.19066697138744,24.762910183318247],[93.06886142201891,24.765108247245433],[93.06886142201891,24.66018521392729]]]},"properties":{"ulpin":"14759533097521","parcel_id":"86752d6a-4ff7-424b-86dc-81bf5f61a1f0","state":"Manipur","state_code":"MN","state_type":"STATE","state_lgd_code":"14","district_lgd_code":"255","district_name":"Imphal West","subdistrict_lgd_code":"2310","subdistrict_name":"Lamphelpat Sub-Division","subdistrict_type":"Tehsil / Taluk","village_lgd_code":"281090","village_name":"Uripok","khasra_plot_no":"Dag 614/Pari 2/D20","recorded_area":"0.4","recorded_area_unit":"Pari-Lou","normalized_area_sqm":"4000.0","gis_area_sqm":"4000.0","land_use_category":"FOREST_GREEN_BELT","land_use_raw":"Ingkhol (Homestead Land)","status":"ARCHIVED","data_freshness_status":"UNKNOWN","scenario_index":"10229","use_case_description":"Archived historical record for audit retrieval","mutation_workflow_status":"NOTICE_PERIOD","revenue_record_id":"ROR-MN-2025-1015-0020","revenue_record_type":"Jamabandi (Loucha Pathap)","khata_khewat_no":"KHT-65","khatauni_no":"KHN-165","owner_name":"Laishram Tomba Singh","owner_name_local":"লাইশ্ৰম তোম্বা সিংহ","co_owners":"","tenure_type":"Tribal Community Tenure","mutation_status":"NONE","active_mutation_id":"MUT-MN-00000020","tax_demand_status":"PAID","annual_tax_inr":"185.5","deed_number":"DEED-MN-2024-415-0020","deed_type":"Sale Deed / Conveyance","sro_office":"Sub-Registrar Office, Lamphelpat Sub-Division","execution_date":"2024-05-10","registered_owner":"Registry Variance Owner 20","seller_name":"Previous Landholder","consideration_amount_inr":"3500000.0","stamp_duty_inr":"210000.0","survey_sketch_id":"FMB-MN-15-0020","cadastral_sheet_no":"SHT-MN-15","surveyed_area_sqm":"4000.0","survey_status":"PENDING","urban_authority":"Lamphelpat Sub-Division Urban Development & Town Planning Authority","zone_name":"Residential Zone","permitted_land_use":"FOREST_GREEN_BELT","building_permission_status":"PENDING","violations_reported":"False","is_encumbered":"False","encumbrance_certificate_number":"EC-MN-2024-115-0020","encumbrance_type":"NIL","financial_institution":"","mortgage_amount":"0.0","created_at":"2026-01-15T09:00:00Z","updated_at":"2026-09-24T11:30:00Z"}},{"type":"Feature","geometry":{"type":"Polygon","coordinates":[[[94.04646106405977,24.66682738644402],[94.14248772698679,24.66682738644402],[94.1352787188355,24.73502907245565],[94.02158441189377,24.734820500229606],[94.04646106405977,24.66682738644402]]]},"properties":{"ulpin":"14086686848953","parcel_id":"2bc94048-4f9a-4026-8a2d-11133c026d20","state":"Manipur","state_code":"MN","state_type":"STATE","state_lgd_code":"14","district_lgd_code":"255","district_name":"Imphal West","subdistrict_lgd_code":"2310","subdistrict_name":"Lamphelpat Sub-Division","subdistrict_type":"Tehsil / Taluk","village_lgd_code":"281090","village_name":"Uripok","khasra_plot_no":"Dag 614/Pari 2/D21","recorded_area":"0.4","recorded_area_unit":"Pari-Lou","normalized_area_sqm":"4000.0","gis_area_sqm":"4000.0","land_use_category":"WATER_BODY","land_use_raw":"Ingkhol (Homestead Land)","status":"ACTIVE","data_freshness_status":"CURRENT","scenario_index":"10230","use_case_description":"Tribal non-alienation protection review","mutation_workflow_status":"HEARING_SCHEDULED","revenue_record_id":"ROR-MN-2025-1015-0021","revenue_record_type":"Jamabandi (Loucha Pathap)","khata_khewat_no":"KHT-65","khatauni_no":"KHN-165","owner_name":"Laishram Tomba Singh","owner_name_local":"লাইশ্ৰম তোম্বা সিংহ","co_owners":"","tenure_type":"Bhumiswami / Raiyati with Transferable Rights","mutation_status":"MUTATED","active_mutation_id":"","tax_demand_status":"PAID","annual_tax_inr":"185.5","deed_number":"DEED-MN-2024-415-0021","deed_type":"Sale Deed / Conveyance","sro_office":"Sub-Registrar Office, Lamphelpat Sub-Division","execution_date":"2024-05-10","registered_owner":"Laishram Tomba Singh","seller_name":"Previous Landholder","consideration_amount_inr":"3500000.0","stamp_duty_inr":"210000.0","survey_sketch_id":"FMB-MN-15-0021","cadastral_sheet_no":"SHT-MN-15","surveyed_area_sqm":"4000.0","survey_status":"DISPUTED","urban_authority":"Lamphelpat Sub-Division Urban Development & Town Planning Authority","zone_name":"Residential Zone","permitted_land_use":"WATER_BODY","building_permission_status":"REJECTED","violations_reported":"False","is_encumbered":"True","encumbrance_certificate_number":"EC-MN-00000021-0021","encumbrance_type":"BANK_MORTGAGE","financial_institution":"","mortgage_amount":"0.0","created_at":"2026-01-15T09:00:00Z","updated_at":"2026-09-24T11:30:00Z"}},{"type":"Feature","geometry":{"type":"Polygon","coordinates":[[[94.1352787188355,24.73502907245565],[94.22374747405456,24.74438346085418],[94.2177608198768,24.827876014867652],[94.12589225802087,24.82329117355182],[94.1352787188355,24.73502907245565]]]},"properties":{"ulpin":"14502336584386","parcel_id":"e1e459bd-4f35-48c6-81d0-f8f1bb5e4f82","state":"Manipur","state_code":"MN","state_type":"STATE","state_lgd_code":"14","district_lgd_code":"255","district_name":"Imphal West","subdistrict_lgd_code":"2310","subdistrict_name":"Lamphelpat Sub-Division","subdistrict_type":"Tehsil / Taluk","village_lgd_code":"281090","village_name":"Uripok","khasra_plot_no":"Dag 614/Pari 2/D22","recorded_area":"0.4","recorded_area_unit":"Pari-Lou","normalized_area_sqm":"4000.0","gis_area_sqm":"4000.0","land_use_category":"MIXED_USE","land_use_raw":"Ingkhol (Homestead Land)","status":"PENDING_MUTATION","data_freshness_status":"STALE","scenario_index":"10231","use_case_description":"Lease charge and institutional tenancy","mutation_workflow_status":"APPROVED","revenue_record_id":"ROR-MN-2025-1015-0022","revenue_record_type":"Jamabandi (Loucha Pathap)","khata_khewat_no":"KHT-65","khatauni_no":"KHN-165","owner_name":"Laishram Tomba Singh","owner_name_local":"লাইশ্ৰম তোম্বা সিংহ","co_owners":"","tenure_type":"Bhumiswami / Freehold","mutation_status":"PENDING","active_mutation_id":"MUT-MN-00000022","tax_demand_status":"PAID","annual_tax_inr":"185.5","deed_number":"DEED-MN-2024-415-0022","deed_type":"Sale Deed / Conveyance","sro_office":"Sub-Registrar Office, Lamphelpat Sub-Division","execution_date":"2024-05-10","registered_owner":"Laishram Tomba Singh","seller_name":"Previous Landholder","consideration_amount_inr":"3500000.0","stamp_duty_inr":"210000.0","survey_sketch_id":"FMB-MN-15-0022","cadastral_sheet_no":"SHT-MN-15","surveyed_area_sqm":"4000.0","survey_status":"RESURVEY_REQUIRED","urban_authority":"Lamphelpat Sub-Division Urban Development & Town Planning Authority","zone_name":"Residential Zone","permitted_land_use":"MIXED_USE","building_permission_status":"NOT_APPLICABLE","violations_reported":"False","is_encumbered":"True","encumbrance_certificate_number":"EC-MN-00000022-0022","encumbrance_type":"GOVT_REVENUE_LIEN","financial_institution":"","mortgage_amount":"0.0","created_at":"2026-01-15T09:00:00Z","updated_at":"2026-09-24T11:30:00Z"}},{"type":"Feature","geometry":{"type":"Polygon","coordinates":[[[94.22374747405456,24.74438346085418],[94.31631587176146,24.74400890800477],[94.31395468955799,24.81450478962882],[94.2177608198768,24.827876014867652],[94.22374747405456,24.74438346085418]]]},"properties":{"ulpin":"14722887217550","parcel_id":"b8342103-9bf3-4ce4-bc19-cacb2c0246c0","state":"Manipur","state_code":"MN","state_type":"STATE","state_lgd_code":"14","district_lgd_code":"255","district_name":"Imphal West","subdistrict_lgd_code":"2310","subdistrict_name":"Lamphelpat Sub-Division","subdistrict_type":"Tehsil / Taluk","village_lgd_code":"281090","village_name":"Uripok","khasra_plot_no":"Dag 614/Pari 2/D23","recorded_area":"0.4","recorded_area_unit":"Pari-Lou","normalized_area_sqm":"4000.0","gis_area_sqm":"4000.0","land_use_category":"OTHER","land_use_raw":"Ingkhol (Homestead Land)","status":"SUBDIVIDED","data_freshness_status":"UNKNOWN","scenario_index":"10232","use_case_description":"Subdivision or amalgamation history review","mutation_workflow_status":"REJECTED","revenue_record_id":"ROR-MN-2025-1015-0023","revenue_record_type":"Jamabandi (Loucha Pathap)","khata_khewat_no":"KHT-65","khatauni_no":"KHN-165","owner_name":"Laishram Tomba Singh","owner_name_local":"লাইশ্ৰম তোম্বা সিংহ","co_owners":"","tenure_type":"Leasehold","mutation_status":"UNMUTATED_TRANSACTION","active_mutation_id":"MUT-MN-00000023","tax_demand_status":"PAID","annual_tax_inr":"185.5","deed_number":"DEED-MN-2024-415-0023","deed_type":"Sale Deed / Conveyance","sro_office":"Sub-Registrar Office, Lamphelpat Sub-Division","execution_date":"2024-05-10","registered_owner":"Laishram Tomba Singh","seller_name":"Previous Landholder","consideration_amount_inr":"3500000.0","stamp_duty_inr":"210000.0","survey_sketch_id":"FMB-MN-15-0023","cadastral_sheet_no":"SHT-MN-15","surveyed_area_sqm":"4000.0","survey_status":"SURVEYED","urban_authority":"Lamphelpat Sub-Division Urban Development & Town Planning Authority","zone_name":"Residential Zone","permitted_land_use":"OTHER","building_permission_status":"SANCTIONED","violations_reported":"False","is_encumbered":"True","encumbrance_certificate_number":"EC-MN-00000023-0023","encumbrance_type":"COURT_ATTACHMENT","financial_institution":"","mortgage_amount":"0.0","created_at":"2026-01-15T09:00:00Z","updated_at":"2026-09-24T11:30:00Z"}},{"type":"Feature","geometry":{"type":"Polygon","coordinates":[[[93.46372962105663,24.189117146524158],[93.57875958407759,24.189117146524158],[93.55829418836399,24.26419370311437],[93.47762970025363,24.283460644642002],[93.46372962105663,24.189117146524158]]]},"properties":{"ulpin":"14319264233390","parcel_id":"699ad50d-460f-4b0c-8301-2771dcca98f9","state":"Manipur","state_code":"MN","state_type":"STATE","state_lgd_code":"14","district_lgd_code":"255","district_name":"Imphal West","subdistrict_lgd_code":"2310","subdistrict_name":"Lamphelpat Sub-Division","subdistrict_type":"Tehsil / Taluk","village_lgd_code":"281090","village_name":"Uripok","khasra_plot_no":"Dag 614/Pari 2/D24","recorded_area":"0.4","recorded_area_unit":"Pari-Lou","normalized_area_sqm":"4000.0","gis_area_sqm":"4000.0","land_use_category":"RESIDENTIAL","land_use_raw":"Ingkhol (Homestead Land)","status":"AMALGAMATED","data_freshness_status":"CURRENT","scenario_index":"10233","use_case_description":"Archived historical record for audit retrieval","mutation_workflow_status":"SLA_BREACHED","revenue_record_id":"ROR-MN-2025-1015-0024","revenue_record_type":"Jamabandi (Loucha Pathap)","khata_khewat_no":"KHT-65","khatauni_no":"KHN-165","owner_name":"Laishram Tomba Singh","owner_name_local":"লাইশ্ৰম তোম্বা সিংহ","co_owners":"","tenure_type":"Government Grant","mutation_status":"REJECTED","active_mutation_id":"MUT-MN-00000024","tax_demand_status":"PAID","annual_tax_inr":"185.5","deed_number":"DEED-MN-2024-415-0024","deed_type":"Sale Deed / Conveyance","sro_office":"Sub-Registrar Office, Lamphelpat Sub-Division","execution_date":"2024-05-10","registered_owner":"Laishram Tomba Singh","seller_name":"Previous Landholder","consideration_amount_inr":"3500000.0","stamp_duty_inr":"210000.0","survey_sketch_id":"FMB-MN-15-0024","cadastral_sheet_no":"SHT-MN-15","surveyed_area_sqm":"4000.0","survey_status":"PENDING","urban_authority":"Lamphelpat Sub-Division Urban Development & Town Planning Authority","zone_name":"Residential Zone","permitted_land_use":"RESIDENTIAL","building_permission_status":"PENDING","violations_reported":"False","is_encumbered":"True","encumbrance_certificate_number":"EC-MN-00000024-0024","encumbrance_type":"TRIBAL_NON_ALIENATION","financial_institution":"","mortgage_amount":"0.0","created_at":"2026-01-15T09:00:00Z","updated_at":"2026-09-24T11:30:00Z"}},{"type":"Feature","geometry":{"type":"Polygon","coordinates":[[[94.17987714868045,24.390088289557184],[94.3141406850633,24.412809052940215],[94.29737296338408,24.49607005263676],[94.15984952491789,24.49607005263676],[94.17987714868045,24.390088289557184]]]},"properties":{"ulpin":"14581106138329","parcel_id":"a5cef6e4-cc40-4924-ba9f-e3a42ffe7949","state":"Manipur","state_code":"MN","state_type":"STATE","state_lgd_code":"14","district_lgd_code":"255","district_name":"Imphal West","subdistrict_lgd_code":"2310","subdistrict_name":"Lamphelpat Sub-Division","subdistrict_type":"Tehsil / Taluk","village_lgd_code":"281090","village_name":"Uripok","khasra_plot_no":"Dag 614/Pari 2/D25","recorded_area":"0.4","recorded_area_unit":"Pari-Lou","normalized_area_sqm":"4000.0","gis_area_sqm":"4000.0","land_use_category":"COMMERCIAL","land_use_raw":"Ingkhol (Homestead Land)","status":"DISPUTED","data_freshness_status":"STALE","scenario_index":"10234","use_case_description":"Bank mortgage and active encumbrance","mutation_workflow_status":"SUBMITTED","revenue_record_id":"ROR-MN-2025-1015-0025","revenue_record_type":"Jamabandi (Loucha Pathap)","khata_khewat_no":"KHT-65","khatauni_no":"KHN-165","owner_name":"Laishram Tomba Singh","owner_name_local":"লাইশ্ৰম তোম্বা সিংহ","co_owners":"","tenure_type":"Waqf / Religious Trust","mutation_status":"DISPUTED","active_mutation_id":"MUT-MN-00000025","tax_demand_status":"PAID","annual_tax_inr":"185.5","deed_number":"DEED-MN-2024-415-0025","deed_type":"Sale Deed / Conveyance","sro_office":"Sub-Registrar Office, Lamphelpat Sub-Division","execution_date":"2024-05-10","registered_owner":"Registry Variance Owner 25","seller_name":"Previous Landholder","consideration_amount_inr":"3500000.0","stamp_duty_inr":"210000.0","survey_sketch_id":"FMB-MN-15-0025","cadastral_sheet_no":"SHT-MN-15","surveyed_area_sqm":"4000.0","survey_status":"DISPUTED","urban_authority":"Lamphelpat Sub-Division Urban Development & Town Planning Authority","zone_name":"Residential Zone","permitted_land_use":"COMMERCIAL","building_permission_status":"REJECTED","violations_reported":"True","is_encumbered":"True","encumbrance_certificate_number":"EC-MN-00000025-0025","encumbrance_type":"LEASE_CHARGE","financial_institution":"","mortgage_amount":"0.0","created_at":"2026-01-15T09:00:00Z","updated_at":"2026-09-24T11:30:00Z"}},{"type":"Feature","geometry":{"type":"Polygon","coordinates":[[[94.02158441189377,24.734820500229606],[94.1352787188355,24.73502907245565],[94.12589225802087,24.82329117355182],[94.03951066643731,24.811293048795452],[94.02158441189377,24.734820500229606]]]},"properties":{"ulpin":"14260746031946","parcel_id":"2be0a854-1b80-43fa-add7-17f66a7c3079","state":"Manipur","state_code":"MN","state_type":"STATE","state_lgd_code":"14","district_lgd_code":"255","district_name":"Imphal West","subdistrict_lgd_code":"2310","subdistrict_name":"Lamphelpat Sub-Division","subdistrict_type":"Tehsil / Taluk","village_lgd_code":"281090","village_name":"Uripok","khasra_plot_no":"Dag 614/Pari 2/D26","recorded_area":"0.4","recorded_area_unit":"Pari-Lou","normalized_area_sqm":"4000.0","gis_area_sqm":"4000.0","land_use_category":"INDUSTRIAL","land_use_raw":"Ingkhol (Homestead Land)","status":"ARCHIVED","data_freshness_status":"UNKNOWN","scenario_index":"10235","use_case_description":"Cadastral area discrepancy requiring resurvey","mutation_workflow_status":"UNDER_VERIFICATION","revenue_record_id":"ROR-MN-2025-1015-0026","revenue_record_type":"Jamabandi (Loucha Pathap)","khata_khewat_no":"KHT-65","khatauni_no":"KHN-165","owner_name":"Laishram Tomba Singh","owner_name_local":"লাইশ্ৰম তোম্বা সিংহ","co_owners":"","tenure_type":"Tribal Community Tenure","mutation_status":"NONE","active_mutation_id":"MUT-MN-00000026","tax_demand_status":"PAID","annual_tax_inr":"185.5","deed_number":"DEED-MN-2024-415-0026","deed_type":"Sale Deed / Conveyance","sro_office":"Sub-Registrar Office, Lamphelpat Sub-Division","execution_date":"2024-05-10","registered_owner":"Laishram Tomba Singh","seller_name":"Previous Landholder","consideration_amount_inr":"3500000.0","stamp_duty_inr":"210000.0","survey_sketch_id":"FMB-MN-15-0026","cadastral_sheet_no":"SHT-MN-15","surveyed_area_sqm":"4000.0","survey_status":"RESURVEY_REQUIRED","urban_authority":"Lamphelpat Sub-Division Urban Development & Town Planning Authority","zone_name":"Residential Zone","permitted_land_use":"INDUSTRIAL","building_permission_status":"NOT_APPLICABLE","violations_reported":"False","is_encumbered":"False","encumbrance_certificate_number":"EC-MN-2024-115-0026","encumbrance_type":"NIL","financial_institution":"","mortgage_amount":"0.0","created_at":"2026-01-15T09:00:00Z","updated_at":"2026-09-24T11:30:00Z"}},{"type":"Feature","geometry":{"type":"Polygon","coordinates":[[[94.05892890351166,24.209924252277354],[94.16737609548417,24.209924252277354],[94.15100570468722,24.298938158018853],[94.04193124933161,24.304632709256712],[94.05892890351166,24.209924252277354]]]},"properties":{"ulpin":"14305671240811","parcel_id":"d4eb95d8-a173-4e08-ab63-7029c07bd897","state":"Manipur","state_code":"MN","state_type":"STATE","state_lgd_code":"14","district_lgd_code":"255","district_name":"Imphal West","subdistrict_lgd_code":"2310","subdistrict_name":"Lamphelpat Sub-Division","subdistrict_type":"Tehsil / Taluk","village_lgd_code":"281090","village_name":"Uripok","khasra_plot_no":"Dag 614/Pari 2/D27","recorded_area":"0.4","recorded_area_unit":"Pari-Lou","normalized_area_sqm":"4000.0","gis_area_sqm":"4000.0","land_use_category":"AGRICULTURAL","land_use_raw":"Ingkhol (Homestead Land)","status":"ACTIVE","data_freshness_status":"CURRENT","scenario_index":"10236","use_case_description":"Court attachment and disputed possession","mutation_workflow_status":"NOTICE_PERIOD","revenue_record_id":"ROR-MN-2025-1015-0027","revenue_record_type":"Jamabandi (Loucha Pathap)","khata_khewat_no":"KHT-65","khatauni_no":"KHN-165","owner_name":"Laishram Tomba Singh","owner_name_local":"লাইশ্ৰম তোম্বা সিংহ","co_owners":"","tenure_type":"Bhumiswami / Raiyati with Transferable Rights","mutation_status":"MUTATED","active_mutation_id":"","tax_demand_status":"PAID","annual_tax_inr":"185.5","deed_number":"DEED-MN-2024-415-0027","deed_type":"Sale Deed / Conveyance","sro_office":"Sub-Registrar Office, Lamphelpat Sub-Division","execution_date":"2024-05-10","registered_owner":"Laishram Tomba Singh","seller_name":"Previous Landholder","consideration_amount_inr":"3500000.0","stamp_duty_inr":"210000.0","survey_sketch_id":"FMB-MN-15-0027","cadastral_sheet_no":"SHT-MN-15","surveyed_area_sqm":"4000.0","survey_status":"SURVEYED","urban_authority":"Lamphelpat Sub-Division Urban Development & Town Planning Authority","zone_name":"Residential Zone","permitted_land_use":"AGRICULTURAL","building_permission_status":"SANCTIONED","violations_reported":"False","is_encumbered":"True","encumbrance_certificate_number":"EC-MN-00000027-0027","encumbrance_type":"BANK_MORTGAGE","financial_institution":"","mortgage_amount":"0.0","created_at":"2026-01-15T09:00:00Z","updated_at":"2026-09-24T11:30:00Z"}},{"type":"Feature","geometry":{"type":"Polygon","coordinates":[[[94.41259751620352,24.306593697681908],[94.55441784968097,24.298770720978567],[94.55441784968097,24.406867005507713],[94.4348248864343,24.404165524151047],[94.41259751620352,24.306593697681908]]]},"properties":{"ulpin":"14580520043554","parcel_id":"f0b90414-c90e-4643-9961-6ac41362bcf2","state":"Manipur","state_code":"MN","state_type":"STATE","state_lgd_code":"14","district_lgd_code":"255","district_name":"Imphal West","subdistrict_lgd_code":"2310","subdistrict_name":"Lamphelpat Sub-Division","subdistrict_type":"Tehsil / Taluk","village_lgd_code":"281090","village_name":"Uripok","khasra_plot_no":"Dag 614/Pari 2/D28","recorded_area":"0.4","recorded_area_unit":"Pari-Lou","normalized_area_sqm":"4000.0","gis_area_sqm":"4000.0","land_use_category":"INSTITUTIONAL","land_use_raw":"Ingkhol (Homestead Land)","status":"PENDING_MUTATION","data_freshness_status":"STALE","scenario_index":"10237","use_case_description":"Tribal non-alienation protection review","mutation_workflow_status":"HEARING_SCHEDULED","revenue_record_id":"ROR-MN-2025-1015-0028","revenue_record_type":"Jamabandi (Loucha Pathap)","khata_khewat_no":"KHT-65","khatauni_no":"KHN-165","owner_name":"Laishram Tomba Singh","owner_name_local":"লাইশ্ৰম তোম্বা সিংহ","co_owners":"","tenure_type":"Bhumiswami / Freehold","mutation_status":"PENDING","active_mutation_id":"MUT-MN-00000028","tax_demand_status":"PAID","annual_tax_inr":"185.5","deed_number":"DEED-MN-2024-415-0028","deed_type":"Sale Deed / Conveyance","sro_office":"Sub-Registrar Office, Lamphelpat Sub-Division","execution_date":"2024-05-10","registered_owner":"Laishram Tomba Singh","seller_name":"Previous Landholder","consideration_amount_inr":"3500000.0","stamp_duty_inr":"210000.0","survey_sketch_id":"FMB-MN-15-0028","cadastral_sheet_no":"SHT-MN-15","surveyed_area_sqm":"4000.0","survey_status":"PENDING","urban_authority":"Lamphelpat Sub-Division Urban Development & Town Planning Authority","zone_name":"Residential Zone","permitted_land_use":"INSTITUTIONAL","building_permission_status":"PENDING","violations_reported":"False","is_encumbered":"True","encumbrance_certificate_number":"EC-MN-00000028-0028","encumbrance_type":"GOVT_REVENUE_LIEN","financial_institution":"","mortgage_amount":"0.0","created_at":"2026-01-15T09:00:00Z","updated_at":"2026-09-24T11:30:00Z"}},{"type":"Feature","geometry":{"type":"Polygon","coordinates":[[[93.3457751537908,24.66018521392729],[93.49046597897086,24.66018521392729],[93.46874140059066,24.761649595564432],[93.34816688688383,24.786329019409145],[93.3457751537908,24.66018521392729]]]},"properties":{"ulpin":"14876419671569","parcel_id":"21458613-5def-49b1-862d-ee2aa622821c","state":"Manipur","state_code":"MN","state_type":"STATE","state_lgd_code":"14","district_lgd_code":"255","district_name":"Imphal West","subdistrict_lgd_code":"2310","subdistrict_name":"Lamphelpat Sub-Division","subdistrict_type":"Tehsil / Taluk","village_lgd_code":"281090","village_name":"Uripok","khasra_plot_no":"Dag 614/Pari 2/D29","recorded_area":"0.4","recorded_area_unit":"Pari-Lou","normalized_area_sqm":"4000.0","gis_area_sqm":"4000.0","land_use_category":"FOREST_GREEN_BELT","land_use_raw":"Ingkhol (Homestead Land)","status":"SUBDIVIDED","data_freshness_status":"UNKNOWN","scenario_index":"10238","use_case_description":"Lease charge and institutional tenancy","mutation_workflow_status":"APPROVED","revenue_record_id":"ROR-MN-2025-1015-0029","revenue_record_type":"Jamabandi (Loucha Pathap)","khata_khewat_no":"KHT-65","khatauni_no":"KHN-165","owner_name":"Laishram Tomba Singh","owner_name_local":"লাইশ্ৰম তোম্বা সিংহ","co_owners":"","tenure_type":"Leasehold","mutation_status":"UNMUTATED_TRANSACTION","active_mutation_id":"MUT-MN-00000029","tax_demand_status":"PAID","annual_tax_inr":"185.5","deed_number":"DEED-MN-2024-415-0029","deed_type":"Sale Deed / Conveyance","sro_office":"Sub-Registrar Office, Lamphelpat Sub-Division","execution_date":"2024-05-10","registered_owner":"Laishram Tomba Singh","seller_name":"Previous Landholder","consideration_amount_inr":"3500000.0","stamp_duty_inr":"210000.0","survey_sketch_id":"FMB-MN-15-0029","cadastral_sheet_no":"SHT-MN-15","surveyed_area_sqm":"4000.0","survey_status":"DISPUTED","urban_authority":"Lamphelpat Sub-Division Urban Development & Town Planning Authority","zone_name":"Residential Zone","permitted_land_use":"FOREST_GREEN_BELT","building_permission_status":"REJECTED","violations_reported":"False","is_encumbered":"True","encumbrance_certificate_number":"EC-MN-00000029-0029","encumbrance_type":"COURT_ATTACHMENT","financial_institution":"","mortgage_amount":"0.0","created_at":"2026-01-15T09:00:00Z","updated_at":"2026-09-24T11:30:00Z"}},{"type":"Feature","geometry":{"type":"Polygon","coordinates":[[[94.31631587176146,24.74400890800477],[94.43957350765685,24.745018170285878],[94.43398901817666,24.820945542690325],[94.31395468955799,24.81450478962882],[94.31631587176146,24.74400890800477]]]},"properties":{"ulpin":"14480433884017","parcel_id":"3065b116-9bc4-4823-9157-d22eecc3169d","state":"Manipur","state_code":"MN","state_type":"STATE","state_lgd_code":"14","district_lgd_code":"255","district_name":"Imphal West","subdistrict_lgd_code":"2310","subdistrict_name":"Lamphelpat Sub-Division","subdistrict_type":"Tehsil / Taluk","village_lgd_code":"281090","village_name":"Uripok","khasra_plot_no":"Dag 614/Pari 2/D30","recorded_area":"0.4","recorded_area_unit":"Pari-Lou","normalized_area_sqm":"4000.0","gis_area_sqm":"4000.0","land_use_category":"WATER_BODY","land_use_raw":"Ingkhol (Homestead Land)","status":"AMALGAMATED","data_freshness_status":"CURRENT","scenario_index":"10239","use_case_description":"Subdivision or amalgamation history review","mutation_workflow_status":"REJECTED","revenue_record_id":"ROR-MN-2025-1015-0030","revenue_record_type":"Jamabandi (Loucha Pathap)","khata_khewat_no":"KHT-65","khatauni_no":"KHN-165","owner_name":"Laishram Tomba Singh","owner_name_local":"লাইশ্ৰম তোম্বা সিংহ","co_owners":"","tenure_type":"Government Grant","mutation_status":"REJECTED","active_mutation_id":"MUT-MN-00000030","tax_demand_status":"PAID","annual_tax_inr":"185.5","deed_number":"DEED-MN-2024-415-0030","deed_type":"Sale Deed / Conveyance","sro_office":"Sub-Registrar Office, Lamphelpat Sub-Division","execution_date":"2024-05-10","registered_owner":"Registry Variance Owner 30","seller_name":"Previous Landholder","consideration_amount_inr":"3500000.0","stamp_duty_inr":"210000.0","survey_sketch_id":"FMB-MN-15-0030","cadastral_sheet_no":"SHT-MN-15","surveyed_area_sqm":"4000.0","survey_status":"RESURVEY_REQUIRED","urban_authority":"Lamphelpat Sub-Division Urban Development & Town Planning Authority","zone_name":"Residential Zone","permitted_land_use":"WATER_BODY","building_permission_status":"NOT_APPLICABLE","violations_reported":"False","is_encumbered":"True","encumbrance_certificate_number":"EC-MN-00000030-0030","encumbrance_type":"TRIBAL_NON_ALIENATION","financial_institution":"","mortgage_amount":"0.0","created_at":"2026-01-15T09:00:00Z","updated_at":"2026-09-24T11:30:00Z"}},{"type":"Feature","geometry":{"type":"Polygon","coordinates":[[[93.19066697138744,24.762910183318247],[93.34816688688383,24.786329019409145],[93.3530872206029,24.901469176864136],[93.21432631066199,24.901469176864136],[93.19066697138744,24.762910183318247]]]},"properties":{"ulpin":"14928923295608","parcel_id":"730f4a7e-f824-4fad-a562-7eda4b3340cd","state":"Manipur","state_code":"MN","state_type":"STATE","state_lgd_code":"14","district_lgd_code":"255","district_name":"Imphal West","subdistrict_lgd_code":"2310","subdistrict_name":"Lamphelpat Sub-Division","subdistrict_type":"Tehsil / Taluk","village_lgd_code":"281090","village_name":"Uripok","khasra_plot_no":"Dag 614/Pari 2/D31","recorded_area":"0.4","recorded_area_unit":"Pari-Lou","normalized_area_sqm":"4000.0","gis_area_sqm":"4000.0","land_use_category":"MIXED_USE","land_use_raw":"Ingkhol (Homestead Land)","status":"DISPUTED","data_freshness_status":"STALE","scenario_index":"10240","use_case_description":"Archived historical record for audit retrieval","mutation_workflow_status":"SLA_BREACHED","revenue_record_id":"ROR-MN-2025-1015-0031","revenue_record_type":"Jamabandi (Loucha Pathap)","khata_khewat_no":"KHT-65","khatauni_no":"KHN-165","owner_name":"Laishram Tomba Singh","owner_name_local":"লাইশ্ৰম তোম্বা সিংহ","co_owners":"","tenure_type":"Waqf / Religious Trust","mutation_status":"DISPUTED","active_mutation_id":"MUT-MN-00000031","tax_demand_status":"PAID","annual_tax_inr":"185.5","deed_number":"DEED-MN-2024-415-0031","deed_type":"Sale Deed / Conveyance","sro_office":"Sub-Registrar Office, Lamphelpat Sub-Division","execution_date":"2024-05-10","registered_owner":"Laishram Tomba Singh","seller_name":"Previous Landholder","consideration_amount_inr":"3500000.0","stamp_duty_inr":"210000.0","survey_sketch_id":"FMB-MN-15-0031","cadastral_sheet_no":"SHT-MN-15","surveyed_area_sqm":"4000.0","survey_status":"SURVEYED","urban_authority":"Lamphelpat Sub-Division Urban Development & Town Planning Authority","zone_name":"Residential Zone","permitted_land_use":"MIXED_USE","building_permission_status":"SANCTIONED","violations_reported":"False","is_encumbered":"True","encumbrance_certificate_number":"EC-MN-00000031-0031","encumbrance_type":"LEASE_CHARGE","financial_institution":"","mortgage_amount":"0.0","created_at":"2026-01-15T09:00:00Z","updated_at":"2026-09-24T11:30:00Z"}},{"type":"Feature","geometry":{"type":"Polygon","coordinates":[[[93.58482670393055,24.795472867007437],[93.73693213674305,24.791931611193174],[93.73693213674305,24.901469176864136],[93.58492040647721,24.901469176864136],[93.58482670393055,24.795472867007437]]]},"properties":{"ulpin":"14716453916688","parcel_id":"6316ad78-6479-4cab-8c6b-b0522d8ed395","state":"Manipur","state_code":"MN","state_type":"STATE","state_lgd_code":"14","district_lgd_code":"255","district_name":"Imphal West","subdistrict_lgd_code":"2310","subdistrict_name":"Lamphelpat Sub-Division","subdistrict_type":"Tehsil / Taluk","village_lgd_code":"281090","village_name":"Uripok","khasra_plot_no":"Dag 614/Pari 2/D32","recorded_area":"0.4","recorded_area_unit":"Pari-Lou","normalized_area_sqm":"4000.0","gis_area_sqm":"4000.0","land_use_category":"OTHER","land_use_raw":"Ingkhol (Homestead Land)","status":"ARCHIVED","data_freshness_status":"UNKNOWN","scenario_index":"10241","use_case_description":"Tribal non-alienation protection review","mutation_workflow_status":"SUBMITTED","revenue_record_id":"ROR-MN-2025-1015-0032","revenue_record_type":"Jamabandi (Loucha Pathap)","khata_khewat_no":"KHT-65","khatauni_no":"KHN-165","owner_name":"Laishram Tomba Singh","owner_name_local":"লাইশ্ৰম তোম্বা সিংহ","co_owners":"","tenure_type":"Tribal Community Tenure","mutation_status":"NONE","active_mutation_id":"MUT-MN-00000032","tax_demand_status":"PAID","annual_tax_inr":"185.5","deed_number":"DEED-MN-2024-415-0032","deed_type":"Sale Deed / Conveyance","sro_office":"Sub-Registrar Office, Lamphelpat Sub-Division","execution_date":"2024-05-10","registered_owner":"Laishram Tomba Singh","seller_name":"Previous Landholder","consideration_amount_inr":"3500000.0","stamp_duty_inr":"210000.0","survey_sketch_id":"FMB-MN-15-0032","cadastral_sheet_no":"SHT-MN-15","surveyed_area_sqm":"4000.0","survey_status":"PENDING","urban_authority":"Lamphelpat Sub-Division Urban Development & Town Planning Authority","zone_name":"Residential Zone","permitted_land_use":"OTHER","building_permission_status":"PENDING","violations_reported":"True","is_encumbered":"False","encumbrance_certificate_number":"EC-MN-2024-115-0032","encumbrance_type":"NIL","financial_institution":"","mortgage_amount":"0.0","created_at":"2026-01-15T09:00:00Z","updated_at":"2026-09-24T11:30:00Z"}},{"type":"Feature","geometry":{"type":"Polygon","coordinates":[[[93.47762970025363,24.283460644642002],[93.55829418836399,24.26419370311437],[93.5616863369965,24.35606874046889],[93.45927862270156,24.36609547448468],[93.47762970025363,24.283460644642002]]]},"properties":{"ulpin":"14157752965686","parcel_id":"3e908d55-4872-420d-981b-aa9a59f2730d","state":"Manipur","state_code":"MN","state_type":"STATE","state_lgd_code":"14","district_lgd_code":"255","district_name":"Imphal West","subdistrict_lgd_code":"2310","subdistrict_name":"Lamphelpat Sub-Division","subdistrict_type":"Tehsil / Taluk","village_lgd_code":"281090","village_name":"Uripok","khasra_plot_no":"Dag 614/Pari 2/D33","recorded_area":"0.4","recorded_area_unit":"Pari-Lou","normalized_area_sqm":"4000.0","gis_area_sqm":"4000.0","land_use_category":"RESIDENTIAL","land_use_raw":"Ingkhol (Homestead Land)","status":"ACTIVE","data_freshness_status":"CURRENT","scenario_index":"10242","use_case_description":"Government revenue lien and tax demand","mutation_workflow_status":"UNDER_VERIFICATION","revenue_record_id":"ROR-MN-2025-1015-0033","revenue_record_type":"Jamabandi (Loucha Pathap)","khata_khewat_no":"KHT-65","khatauni_no":"KHN-165","owner_name":"Laishram Tomba Singh","owner_name_local":"লাইশ্ৰম তোম্বা সিংহ","co_owners":"","tenure_type":"Bhumiswami / Raiyati with Transferable Rights","mutation_status":"MUTATED","active_mutation_id":"","tax_demand_status":"PAID","annual_tax_inr":"185.5","deed_number":"DEED-MN-2024-415-0033","deed_type":"Sale Deed / Conveyance","sro_office":"Sub-Registrar Office, Lamphelpat Sub-Division","execution_date":"2024-05-10","registered_owner":"Laishram Tomba Singh","seller_name":"Previous Landholder","consideration_amount_inr":"3500000.0","stamp_duty_inr":"210000.0","survey_sketch_id":"FMB-MN-15-0033","cadastral_sheet_no":"SHT-MN-15","surveyed_area_sqm":"4000.0","survey_status":"DISPUTED","urban_authority":"Lamphelpat Sub-Division Urban Development & Town Planning Authority","zone_name":"Residential Zone","permitted_land_use":"RESIDENTIAL","building_permission_status":"REJECTED","violations_reported":"False","is_encumbered":"True","encumbrance_certificate_number":"EC-MN-00000033-0033","encumbrance_type":"BANK_MORTGAGE","financial_institution":"","mortgage_amount":"0.0","created_at":"2026-01-15T09:00:00Z","updated_at":"2026-09-24T11:30:00Z"}},{"type":"Feature","geometry":{"type":"Polygon","coordinates":[[[93.06886142201891,24.765108247245433],[93.19066697138744,24.762910183318247],[93.21432631066199,24.901469176864136],[93.06886142201891,24.901469176864136],[93.06886142201891,24.765108247245433]]]},"properties":{"ulpin":"14390919088871","parcel_id":"4bb24955-e3d6-40a9-8aea-283f83081478","state":"Manipur","state_code":"MN","state_type":"STATE","state_lgd_code":"14","district_lgd_code":"255","district_name":"Imphal West","subdistrict_lgd_code":"2310","subdistrict_name":"Lamphelpat Sub-Division","subdistrict_type":"Tehsil / Taluk","village_lgd_code":"281090","village_name":"Uripok","khasra_plot_no":"Dag 614/Pari 2/D34","recorded_area":"0.4","recorded_area_unit":"Pari-Lou","normalized_area_sqm":"4000.0","gis_area_sqm":"4000.0","land_use_category":"COMMERCIAL","land_use_raw":"Ingkhol (Homestead Land)","status":"PENDING_MUTATION","data_freshness_status":"STALE","scenario_index":"10243","use_case_description":"Court attachment and disputed possession","mutation_workflow_status":"NOTICE_PERIOD","revenue_record_id":"ROR-MN-2025-1015-0034","revenue_record_type":"Jamabandi (Loucha Pathap)","khata_khewat_no":"KHT-65","khatauni_no":"KHN-165","owner_name":"Laishram Tomba Singh","owner_name_local":"লাইশ্ৰম তোম্বা সিংহ","co_owners":"","tenure_type":"Bhumiswami / Freehold","mutation_status":"PENDING","active_mutation_id":"MUT-MN-00000034","tax_demand_status":"PAID","annual_tax_inr":"185.5","deed_number":"DEED-MN-2024-415-0034","deed_type":"Sale Deed / Conveyance","sro_office":"Sub-Registrar Office, Lamphelpat Sub-Division","execution_date":"2024-05-10","registered_owner":"Laishram Tomba Singh","seller_name":"Previous Landholder","consideration_amount_inr":"3500000.0","stamp_duty_inr":"210000.0","survey_sketch_id":"FMB-MN-15-0034","cadastral_sheet_no":"SHT-MN-15","surveyed_area_sqm":"4000.0","survey_status":"RESURVEY_REQUIRED","urban_authority":"Lamphelpat Sub-Division Urban Development & Town Planning Authority","zone_name":"Residential Zone","permitted_land_use":"COMMERCIAL","building_permission_status":"NOT_APPLICABLE","violations_reported":"False","is_encumbered":"True","encumbrance_certificate_number":"EC-MN-00000034-0034","encumbrance_type":"GOVT_REVENUE_LIEN","financial_institution":"","mortgage_amount":"0.0","created_at":"2026-01-15T09:00:00Z","updated_at":"2026-09-24T11:30:00Z"}},{"type":"Feature","geometry":{"type":"Polygon","coordinates":[[[94.3141406850633,24.412809052940215],[94.4348248864343,24.404165524151047],[94.4384827494747,24.49607005263676],[94.29737296338408,24.49607005263676],[94.3141406850633,24.412809052940215]]]},"properties":{"ulpin":"14934283699653","parcel_id":"00a98d64-62e1-4c4a-a05a-54878f747df0","state":"Manipur","state_code":"MN","state_type":"STATE","state_lgd_code":"14","district_lgd_code":"255","district_name":"Imphal West","subdistrict_lgd_code":"2310","subdistrict_name":"Lamphelpat Sub-Division","subdistrict_type":"Tehsil / Taluk","village_lgd_code":"281090","village_name":"Uripok","khasra_plot_no":"Dag 614/Pari 2/D35","recorded_area":"0.4","recorded_area_unit":"Pari-Lou","normalized_area_sqm":"4000.0","gis_area_sqm":"4000.0","land_use_category":"INDUSTRIAL","land_use_raw":"Ingkhol (Homestead Land)","status":"SUBDIVIDED","data_freshness_status":"UNKNOWN","scenario_index":"10244","use_case_description":"Tribal non-alienation protection review","mutation_workflow_status":"HEARING_SCHEDULED","revenue_record_id":"ROR-MN-2025-1015-0035","revenue_record_type":"Jamabandi (Loucha Pathap)","khata_khewat_no":"KHT-65","khatauni_no":"KHN-165","owner_name":"Laishram Tomba Singh","owner_name_local":"লাইশ্ৰম তোম্বা সিংহ","co_owners":"","tenure_type":"Leasehold","mutation_status":"UNMUTATED_TRANSACTION","active_mutation_id":"MUT-MN-00000035","tax_demand_status":"PAID","annual_tax_inr":"185.5","deed_number":"DEED-MN-2024-415-0035","deed_type":"Sale Deed / Conveyance","sro_office":"Sub-Registrar Office, Lamphelpat Sub-Division","execution_date":"2024-05-10","registered_owner":"Registry Variance Owner 35","seller_name":"Previous Landholder","consideration_amount_inr":"3500000.0","stamp_duty_inr":"210000.0","survey_sketch_id":"FMB-MN-15-0035","cadastral_sheet_no":"SHT-MN-15","surveyed_area_sqm":"4000.0","survey_status":"SURVEYED","urban_authority":"Lamphelpat Sub-Division Urban Development & Town Planning Authority","zone_name":"Residential Zone","permitted_land_use":"INDUSTRIAL","building_permission_status":"SANCTIONED","violations_reported":"False","is_encumbered":"True","encumbrance_certificate_number":"EC-MN-00000035-0035","encumbrance_type":"COURT_ATTACHMENT","financial_institution":"","mortgage_amount":"0.0","created_at":"2026-01-15T09:00:00Z","updated_at":"2026-09-24T11:30:00Z"}},{"type":"Feature","geometry":{"type":"Polygon","coordinates":[[[94.30766485272363,24.30933963275892],[94.41259751620352,24.306593697681908],[94.4348248864343,24.404165524151047],[94.3141406850633,24.412809052940215],[94.30766485272363,24.30933963275892]]]},"properties":{"ulpin":"14083045732958","parcel_id":"9f33e81c-c296-4aa0-8244-3cd7e47687d2","state":"Manipur","state_code":"MN","state_type":"STATE","state_lgd_code":"14","district_lgd_code":"255","district_name":"Imphal West","subdistrict_lgd_code":"2310","subdistrict_name":"Lamphelpat Sub-Division","subdistrict_type":"Tehsil / Taluk","village_lgd_code":"281090","village_name":"Uripok","khasra_plot_no":"Dag 614/Pari 2/D36","recorded_area":"0.4","recorded_area_unit":"Pari-Lou","normalized_area_sqm":"4000.0","gis_area_sqm":"4000.0","land_use_category":"AGRICULTURAL","land_use_raw":"Ingkhol (Homestead Land)","status":"AMALGAMATED","data_freshness_status":"CURRENT","scenario_index":"10245","use_case_description":"Lease charge and institutional tenancy","mutation_workflow_status":"APPROVED","revenue_record_id":"ROR-MN-2025-1015-0036","revenue_record_type":"Jamabandi (Loucha Pathap)","khata_khewat_no":"KHT-65","khatauni_no":"KHN-165","owner_name":"Laishram Tomba Singh","owner_name_local":"লাইশ্ৰম তোম্বা সিংহ","co_owners":"","tenure_type":"Government Grant","mutation_status":"REJECTED","active_mutation_id":"MUT-MN-00000036","tax_demand_status":"PAID","annual_tax_inr":"185.5","deed_number":"DEED-MN-2024-415-0036","deed_type":"Sale Deed / Conveyance","sro_office":"Sub-Registrar Office, Lamphelpat Sub-Division","execution_date":"2024-05-10","registered_owner":"Laishram Tomba Singh","seller_name":"Previous Landholder","consideration_amount_inr":"3500000.0","stamp_duty_inr":"210000.0","survey_sketch_id":"FMB-MN-15-0036","cadastral_sheet_no":"SHT-MN-15","surveyed_area_sqm":"4000.0","survey_status":"PENDING","urban_authority":"Lamphelpat Sub-Division Urban Development & Town Planning Authority","zone_name":"Residential Zone","permitted_land_use":"AGRICULTURAL","building_permission_status":"PENDING","violations_reported":"False","is_encumbered":"True","encumbrance_certificate_number":"EC-MN-00000036-0036","encumbrance_type":"TRIBAL_NON_ALIENATION","financial_institution":"","mortgage_amount":"0.0","created_at":"2026-01-15T09:00:00Z","updated_at":"2026-09-24T11:30:00Z"}},{"type":"Feature","geometry":{"type":"Polygon","coordinates":[[[93.18838042951741,24.66018521392729],[93.3457751537908,24.66018521392729],[93.34816688688383,24.786329019409145],[93.19066697138744,24.762910183318247],[93.18838042951741,24.66018521392729]]]},"properties":{"ulpin":"14717641026634","parcel_id":"c3636481-8abf-4f45-b022-3d186500187d","state":"Manipur","state_code":"MN","state_type":"STATE","state_lgd_code":"14","district_lgd_code":"255","district_name":"Imphal West","subdistrict_lgd_code":"2310","subdistrict_name":"Lamphelpat Sub-Division","subdistrict_type":"Tehsil / Taluk","village_lgd_code":"281090","village_name":"Uripok","khasra_plot_no":"Dag 614/Pari 2/D37","recorded_area":"0.4","recorded_area_unit":"Pari-Lou","normalized_area_sqm":"4000.0","gis_area_sqm":"4000.0","land_use_category":"INSTITUTIONAL","land_use_raw":"Ingkhol (Homestead Land)","status":"DISPUTED","data_freshness_status":"STALE","scenario_index":"10246","use_case_description":"Subdivision or amalgamation history review","mutation_workflow_status":"REJECTED","revenue_record_id":"ROR-MN-2025-1015-0037","revenue_record_type":"Jamabandi (Loucha Pathap)","khata_khewat_no":"KHT-65","khatauni_no":"KHN-165","owner_name":"Laishram Tomba Singh","owner_name_local":"লাইশ্ৰম তোম্বা সিংহ","co_owners":"","tenure_type":"Waqf / Religious Trust","mutation_status":"DISPUTED","active_mutation_id":"MUT-MN-00000037","tax_demand_status":"PAID","annual_tax_inr":"185.5","deed_number":"DEED-MN-2024-415-0037","deed_type":"Sale Deed / Conveyance","sro_office":"Sub-Registrar Office, Lamphelpat Sub-Division","execution_date":"2024-05-10","registered_owner":"Laishram Tomba Singh","seller_name":"Previous Landholder","consideration_amount_inr":"3500000.0","stamp_duty_inr":"210000.0","survey_sketch_id":"FMB-MN-15-0037","cadastral_sheet_no":"SHT-MN-15","surveyed_area_sqm":"4000.0","survey_status":"DISPUTED","urban_authority":"Lamphelpat Sub-Division Urban Development & Town Planning Authority","zone_name":"Residential Zone","permitted_land_use":"INSTITUTIONAL","building_permission_status":"REJECTED","violations_reported":"False","is_encumbered":"True","encumbrance_certificate_number":"EC-MN-00000037-0037","encumbrance_type":"LEASE_CHARGE","financial_institution":"","mortgage_amount":"0.0","created_at":"2026-01-15T09:00:00Z","updated_at":"2026-09-24T11:30:00Z"}},{"type":"Feature","geometry":{"type":"Polygon","coordinates":[[[93.23598220167098,24.348354332830343],[93.33522810327452,24.350788221222295],[93.33995394357656,24.439230738011855],[93.23863251522803,24.439230738011855],[93.23598220167098,24.348354332830343]]]},"properties":{"ulpin":"14637170114117","parcel_id":"2bbc9d84-c529-476d-8982-5e27e5668b50","state":"Manipur","state_code":"MN","state_type":"STATE","state_lgd_code":"14","district_lgd_code":"255","district_name":"Imphal West","subdistrict_lgd_code":"2310","subdistrict_name":"Lamphelpat Sub-Division","subdistrict_type":"Tehsil / Taluk","village_lgd_code":"281090","village_name":"Uripok","khasra_plot_no":"Dag 614/Pari 2/D38","recorded_area":"0.4","recorded_area_unit":"Pari-Lou","normalized_area_sqm":"4000.0","gis_area_sqm":"4000.0","land_use_category":"FOREST_GREEN_BELT","land_use_raw":"Ingkhol (Homestead Land)","status":"ARCHIVED","data_freshness_status":"UNKNOWN","scenario_index":"10247","use_case_description":"Pending sale mutation within statutory SLA","mutation_workflow_status":"SLA_BREACHED","revenue_record_id":"ROR-MN-2025-1015-0038","revenue_record_type":"Jamabandi (Loucha Pathap)","khata_khewat_no":"KHT-65","khatauni_no":"KHN-165","owner_name":"Laishram Tomba Singh","owner_name_local":"লাইশ্ৰম তোম্বা সিংহ","co_owners":"","tenure_type":"Tribal Community Tenure","mutation_status":"NONE","active_mutation_id":"MUT-MN-00000038","tax_demand_status":"PAID","annual_tax_inr":"185.5","deed_number":"DEED-MN-2024-415-0038","deed_type":"Sale Deed / Conveyance","sro_office":"Sub-Registrar Office, Lamphelpat Sub-Division","execution_date":"2024-05-10","registered_owner":"Laishram Tomba Singh","seller_name":"Previous Landholder","consideration_amount_inr":"3500000.0","stamp_duty_inr":"210000.0","survey_sketch_id":"FMB-MN-15-0038","cadastral_sheet_no":"SHT-MN-15","surveyed_area_sqm":"4000.0","survey_status":"RESURVEY_REQUIRED","urban_authority":"Lamphelpat Sub-Division Urban Development & Town Planning Authority","zone_name":"Residential Zone","permitted_land_use":"FOREST_GREEN_BELT","building_permission_status":"NOT_APPLICABLE","violations_reported":"False","is_encumbered":"False","encumbrance_certificate_number":"EC-MN-2024-115-0038","encumbrance_type":"NIL","financial_institution":"","mortgage_amount":"0.0","created_at":"2026-01-15T09:00:00Z","updated_at":"2026-09-24T11:30:00Z"}},{"type":"Feature","geometry":{"type":"Polygon","coordinates":[[[94.31395468955799,24.81450478962882],[94.43398901817666,24.820945542690325],[94.42335740451954,24.897022688547345],[94.33786581109077,24.897022688547345],[94.31395468955799,24.81450478962882]]]},"properties":{"ulpin":"14762462824235","parcel_id":"72ddafbd-c30c-4975-857f-34c084fd7257","state":"Manipur","state_code":"MN","state_type":"STATE","state_lgd_code":"14","district_lgd_code":"255","district_name":"Imphal West","subdistrict_lgd_code":"2310","subdistrict_name":"Lamphelpat Sub-Division","subdistrict_type":"Tehsil / Taluk","village_lgd_code":"281090","village_name":"Uripok","khasra_plot_no":"Dag 614/Pari 2/D39","recorded_area":"0.4","recorded_area_unit":"Pari-Lou","normalized_area_sqm":"4000.0","gis_area_sqm":"4000.0","land_use_category":"WATER_BODY","land_use_raw":"Ingkhol (Homestead Land)","status":"ACTIVE","data_freshness_status":"CURRENT","scenario_index":"10248","use_case_description":"Bank mortgage and active encumbrance","mutation_workflow_status":"SUBMITTED","revenue_record_id":"ROR-MN-2025-1015-0039","revenue_record_type":"Jamabandi (Loucha Pathap)","khata_khewat_no":"KHT-65","khatauni_no":"KHN-165","owner_name":"Laishram Tomba Singh","owner_name_local":"লাইশ্ৰম তোম্বা সিংহ","co_owners":"","tenure_type":"Bhumiswami / Raiyati with Transferable Rights","mutation_status":"MUTATED","active_mutation_id":"","tax_demand_status":"PAID","annual_tax_inr":"185.5","deed_number":"DEED-MN-2024-415-0039","deed_type":"Sale Deed / Conveyance","sro_office":"Sub-Registrar Office, Lamphelpat Sub-Division","execution_date":"2024-05-10","registered_owner":"Laishram Tomba Singh","seller_name":"Previous Landholder","consideration_amount_inr":"3500000.0","stamp_duty_inr":"210000.0","survey_sketch_id":"FMB-MN-15-0039","cadastral_sheet_no":"SHT-MN-15","surveyed_area_sqm":"4000.0","survey_status":"SURVEYED","urban_authority":"Lamphelpat Sub-Division Urban Development & Town Planning Authority","zone_name":"Residential Zone","permitted_land_use":"WATER_BODY","building_permission_status":"SANCTIONED","violations_reported":"True","is_encumbered":"True","encumbrance_certificate_number":"EC-MN-00000039-0039","encumbrance_type":"BANK_MORTGAGE","financial_institution":"","mortgage_amount":"0.0","created_at":"2026-01-15T09:00:00Z","updated_at":"2026-09-24T11:30:00Z"}},{"type":"Feature","geometry":{"type":"Polygon","coordinates":[[[94.2177608198768,24.827876014867652],[94.31395468955799,24.81450478962882],[94.33786581109077,24.897022688547345],[94.22506862920424,24.897022688547345],[94.2177608198768,24.827876014867652]]]},"properties":{"ulpin":"14246363272250","parcel_id":"014149ad-6bfc-4075-8bac-19fb6ea04504","state":"Manipur","state_code":"MN","state_type":"STATE","state_lgd_code":"14","district_lgd_code":"255","district_name":"Imphal West","subdistrict_lgd_code":"2310","subdistrict_name":"Lamphelpat Sub-Division","subdistrict_type":"Tehsil / Taluk","village_lgd_code":"281090","village_name":"Uripok","khasra_plot_no":"Dag 614/Pari 2/D40","recorded_area":"0.4","recorded_area_unit":"Pari-Lou","normalized_area_sqm":"4000.0","gis_area_sqm":"4000.0","land_use_category":"MIXED_USE","land_use_raw":"Ingkhol (Homestead Land)","status":"PENDING_MUTATION","data_freshness_status":"STALE","scenario_index":"10249","use_case_description":"Government revenue lien and tax demand","mutation_workflow_status":"UNDER_VERIFICATION","revenue_record_id":"ROR-MN-2025-1015-0040","revenue_record_type":"Jamabandi (Loucha Pathap)","khata_khewat_no":"KHT-65","khatauni_no":"KHN-165","owner_name":"Laishram Tomba Singh","owner_name_local":"লাইশ্ৰম তোম্বা সিংহ","co_owners":"","tenure_type":"Bhumiswami / Freehold","mutation_status":"PENDING","active_mutation_id":"MUT-MN-00000040","tax_demand_status":"PAID","annual_tax_inr":"185.5","deed_number":"DEED-MN-2024-415-0040","deed_type":"Sale Deed / Conveyance","sro_office":"Sub-Registrar Office, Lamphelpat Sub-Division","execution_date":"2024-05-10","registered_owner":"Registry Variance Owner 40","seller_name":"Previous Landholder","consideration_amount_inr":"3500000.0","stamp_duty_inr":"210000.0","survey_sketch_id":"FMB-MN-15-0040","cadastral_sheet_no":"SHT-MN-15","surveyed_area_sqm":"4000.0","survey_status":"PENDING","urban_authority":"Lamphelpat Sub-Division Urban Development & Town Planning Authority","zone_name":"Residential Zone","permitted_land_use":"MIXED_USE","building_permission_status":"PENDING","violations_reported":"False","is_encumbered":"True","encumbrance_certificate_number":"EC-MN-00000040-0040","encumbrance_type":"GOVT_REVENUE_LIEN","financial_institution":"","mortgage_amount":"0.0","created_at":"2026-01-15T09:00:00Z","updated_at":"2026-09-24T11:30:00Z"}},{"type":"Feature","geometry":{"type":"Polygon","coordinates":[[[94.43957350765685,24.745018170285878],[94.52921684001693,24.749375406797647],[94.516488795697,24.812208150957506],[94.43398901817666,24.820945542690325],[94.43957350765685,24.745018170285878]]]},"properties":{"ulpin":"14560390773293","parcel_id":"8b682dce-28de-4ba9-b292-6f9943ceb004","state":"Manipur","state_code":"MN","state_type":"STATE","state_lgd_code":"14","district_lgd_code":"255","district_name":"Imphal West","subdistrict_lgd_code":"2310","subdistrict_name":"Lamphelpat Sub-Division","subdistrict_type":"Tehsil / Taluk","village_lgd_code":"281090","village_name":"Uripok","khasra_plot_no":"Dag 614/Pari 2/D41","recorded_area":"0.4","recorded_area_unit":"Pari-Lou","normalized_area_sqm":"4000.0","gis_area_sqm":"4000.0","land_use_category":"OTHER","land_use_raw":"Ingkhol (Homestead Land)","status":"SUBDIVIDED","data_freshness_status":"UNKNOWN","scenario_index":"10250","use_case_description":"Court attachment and disputed possession","mutation_workflow_status":"NOTICE_PERIOD","revenue_record_id":"ROR-MN-2025-1015-0041","revenue_record_type":"Jamabandi (Loucha Pathap)","khata_khewat_no":"KHT-65","khatauni_no":"KHN-165","owner_name":"Laishram Tomba Singh","owner_name_local":"লাইশ্ৰম তোম্বা সিংহ","co_owners":"","tenure_type":"Leasehold","mutation_status":"UNMUTATED_TRANSACTION","active_mutation_id":"MUT-MN-00000041","tax_demand_status":"PAID","annual_tax_inr":"185.5","deed_number":"DEED-MN-2024-415-0041","deed_type":"Sale Deed / Conveyance","sro_office":"Sub-Registrar Office, Lamphelpat Sub-Division","execution_date":"2024-05-10","registered_owner":"Laishram Tomba Singh","seller_name":"Previous Landholder","consideration_amount_inr":"3500000.0","stamp_duty_inr":"210000.0","survey_sketch_id":"FMB-MN-15-0041","cadastral_sheet_no":"SHT-MN-15","surveyed_area_sqm":"4000.0","survey_status":"DISPUTED","urban_authority":"Lamphelpat Sub-Division Urban Development & Town Planning Authority","zone_name":"Residential Zone","permitted_land_use":"OTHER","building_permission_status":"REJECTED","violations_reported":"False","is_encumbered":"True","encumbrance_certificate_number":"EC-MN-00000041-0041","encumbrance_type":"COURT_ATTACHMENT","financial_institution":"","mortgage_amount":"0.0","created_at":"2026-01-15T09:00:00Z","updated_at":"2026-09-24T11:30:00Z"}},{"type":"Feature","geometry":{"type":"Polygon","coordinates":[[[93.35664807824304,24.189117146524158],[93.46372962105663,24.189117146524158],[93.47762970025363,24.283460644642002],[93.34221618897514,24.27486582478076],[93.35664807824304,24.189117146524158]]]},"properties":{"ulpin":"14561617874517","parcel_id":"cceac120-3adc-4718-bd84-ffb9ec352d51","state":"Manipur","state_code":"MN","state_type":"STATE","state_lgd_code":"14","district_lgd_code":"255","district_name":"Imphal West","subdistrict_lgd_code":"2310","subdistrict_name":"Lamphelpat Sub-Division","subdistrict_type":"Tehsil / Taluk","village_lgd_code":"281090","village_name":"Uripok","khasra_plot_no":"Dag 614/Pari 2/D42","recorded_area":"0.4","recorded_area_unit":"Pari-Lou","normalized_area_sqm":"4000.0","gis_area_sqm":"4000.0","land_use_category":"RESIDENTIAL","land_use_raw":"Ingkhol (Homestead Land)","status":"AMALGAMATED","data_freshness_status":"CURRENT","scenario_index":"10251","use_case_description":"Tribal non-alienation protection review","mutation_workflow_status":"HEARING_SCHEDULED","revenue_record_id":"ROR-MN-2025-1015-0042","revenue_record_type":"Jamabandi (Loucha Pathap)","khata_khewat_no":"KHT-65","khatauni_no":"KHN-165","owner_name":"Laishram Tomba Singh","owner_name_local":"লাইশ্ৰম তোম্বা সিংহ","co_owners":"","tenure_type":"Government Grant","mutation_status":"REJECTED","active_mutation_id":"MUT-MN-00000042","tax_demand_status":"PAID","annual_tax_inr":"185.5","deed_number":"DEED-MN-2024-415-0042","deed_type":"Sale Deed / Conveyance","sro_office":"Sub-Registrar Office, Lamphelpat Sub-Division","execution_date":"2024-05-10","registered_owner":"Laishram Tomba Singh","seller_name":"Previous Landholder","consideration_amount_inr":"3500000.0","stamp_duty_inr":"210000.0","survey_sketch_id":"FMB-MN-15-0042","cadastral_sheet_no":"SHT-MN-15","surveyed_area_sqm":"4000.0","survey_status":"RESURVEY_REQUIRED","urban_authority":"Lamphelpat Sub-Division Urban Development & Town Planning Authority","zone_name":"Residential Zone","permitted_land_use":"RESIDENTIAL","building_permission_status":"NOT_APPLICABLE","violations_reported":"False","is_encumbered":"True","encumbrance_certificate_number":"EC-MN-00000042-0042","encumbrance_type":"TRIBAL_NON_ALIENATION","financial_institution":"","mortgage_amount":"0.0","created_at":"2026-01-15T09:00:00Z","updated_at":"2026-09-24T11:30:00Z"}},{"type":"Feature","geometry":{"type":"Polygon","coordinates":[[[93.9151753401586,24.30802303192272],[94.04193124933161,24.304632709256712],[94.05309258739786,24.410370507210988],[93.9151753401586,24.403098288188435],[93.9151753401586,24.30802303192272]]]},"properties":{"ulpin":"14661090322805","parcel_id":"db81cd4c-d133-4ad9-a654-df5df3fa9e8f","state":"Manipur","state_code":"MN","state_type":"STATE","state_lgd_code":"14","district_lgd_code":"255","district_name":"Imphal West","subdistrict_lgd_code":"2310","subdistrict_name":"Lamphelpat Sub-Division","subdistrict_type":"Tehsil / Taluk","village_lgd_code":"281090","village_name":"Uripok","khasra_plot_no":"Dag 614/Pari 2/D43","recorded_area":"0.4","recorded_area_unit":"Pari-Lou","normalized_area_sqm":"4000.0","gis_area_sqm":"4000.0","land_use_category":"COMMERCIAL","land_use_raw":"Ingkhol (Homestead Land)","status":"DISPUTED","data_freshness_status":"STALE","scenario_index":"10252","use_case_description":"Lease charge and institutional tenancy","mutation_workflow_status":"APPROVED","revenue_record_id":"ROR-MN-2025-1015-0043","revenue_record_type":"Jamabandi (Loucha Pathap)","khata_khewat_no":"KHT-65","khatauni_no":"KHN-165","owner_name":"Laishram Tomba Singh","owner_name_local":"লাইশ্ৰম তোম্বা সিংহ","co_owners":"","tenure_type":"Waqf / Religious Trust","mutation_status":"DISPUTED","active_mutation_id":"MUT-MN-00000043","tax_demand_status":"PAID","annual_tax_inr":"185.5","deed_number":"DEED-MN-2024-415-0043","deed_type":"Sale Deed / Conveyance","sro_office":"Sub-Registrar Office, Lamphelpat Sub-Division","execution_date":"2024-05-10","registered_owner":"Laishram Tomba Singh","seller_name":"Previous Landholder","consideration_amount_inr":"3500000.0","stamp_duty_inr":"210000.0","survey_sketch_id":"FMB-MN-15-0043","cadastral_sheet_no":"SHT-MN-15","surveyed_area_sqm":"4000.0","survey_status":"SURVEYED","urban_authority":"Lamphelpat Sub-Division Urban Development & Town Planning Authority","zone_name":"Residential Zone","permitted_land_use":"COMMERCIAL","building_permission_status":"SANCTIONED","violations_reported":"False","is_encumbered":"True","encumbrance_certificate_number":"EC-MN-00000043-0043","encumbrance_type":"LEASE_CHARGE","financial_institution":"","mortgage_amount":"0.0","created_at":"2026-01-15T09:00:00Z","updated_at":"2026-09-24T11:30:00Z"}},{"type":"Feature","geometry":{"type":"Polygon","coordinates":[[[93.34816688688383,24.786329019409145],[93.46874140059066,24.761649595564432],[93.44957114129147,24.901469176864136],[93.3530872206029,24.901469176864136],[93.34816688688383,24.786329019409145]]]},"properties":{"ulpin":"14914299670422","parcel_id":"b9c17fb8-4cee-4902-9180-a796b491bcff","state":"Manipur","state_code":"MN","state_type":"STATE","state_lgd_code":"14","district_lgd_code":"255","district_name":"Imphal West","subdistrict_lgd_code":"2310","subdistrict_name":"Lamphelpat Sub-Division","subdistrict_type":"Tehsil / Taluk","village_lgd_code":"281090","village_name":"Uripok","khasra_plot_no":"Dag 614/Pari 2/D44","recorded_area":"0.4","recorded_area_unit":"Pari-Lou","normalized_area_sqm":"4000.0","gis_area_sqm":"4000.0","land_use_category":"INDUSTRIAL","land_use_raw":"Ingkhol (Homestead Land)","status":"ARCHIVED","data_freshness_status":"UNKNOWN","scenario_index":"10253","use_case_description":"Bank mortgage and active encumbrance","mutation_workflow_status":"REJECTED","revenue_record_id":"ROR-MN-2025-1015-0044","revenue_record_type":"Jamabandi (Loucha Pathap)","khata_khewat_no":"KHT-65","khatauni_no":"KHN-165","owner_name":"Laishram Tomba Singh","owner_name_local":"লাইশ্ৰম তোম্বা সিংহ","co_owners":"","tenure_type":"Tribal Community Tenure","mutation_status":"NONE","active_mutation_id":"MUT-MN-00000044","tax_demand_status":"PAID","annual_tax_inr":"185.5","deed_number":"DEED-MN-2024-415-0044","deed_type":"Sale Deed / Conveyance","sro_office":"Sub-Registrar Office, Lamphelpat Sub-Division","execution_date":"2024-05-10","registered_owner":"Laishram Tomba Singh","seller_name":"Previous Landholder","consideration_amount_inr":"3500000.0","stamp_duty_inr":"210000.0","survey_sketch_id":"FMB-MN-15-0044","cadastral_sheet_no":"SHT-MN-15","surveyed_area_sqm":"4000.0","survey_status":"PENDING","urban_authority":"Lamphelpat Sub-Division Urban Development & Town Planning Authority","zone_name":"Residential Zone","permitted_land_use":"INDUSTRIAL","building_permission_status":"PENDING","violations_reported":"False","is_encumbered":"False","encumbrance_certificate_number":"EC-MN-2024-115-0044","encumbrance_type":"NIL","financial_institution":"","mortgage_amount":"0.0","created_at":"2026-01-15T09:00:00Z","updated_at":"2026-09-24T11:30:00Z"}},{"type":"Feature","geometry":{"type":"Polygon","coordinates":[[[94.16737609548417,24.209924252277354],[94.30550293231975,24.209924252277354],[94.30766485272363,24.30933963275892],[94.15100570468722,24.298938158018853],[94.16737609548417,24.209924252277354]]]},"properties":{"ulpin":"14513731205480","parcel_id":"18b92d69-f643-4d80-bf30-54ead5491530","state":"Manipur","state_code":"MN","state_type":"STATE","state_lgd_code":"14","district_lgd_code":"255","district_name":"Imphal West","subdistrict_lgd_code":"2310","subdistrict_name":"Lamphelpat Sub-Division","subdistrict_type":"Tehsil / Taluk","village_lgd_code":"281090","village_name":"Uripok","khasra_plot_no":"Dag 614/Pari 2/D45","recorded_area":"0.4","recorded_area_unit":"Pari-Lou","normalized_area_sqm":"4000.0","gis_area_sqm":"4000.0","land_use_category":"AGRICULTURAL","land_use_raw":"Ingkhol (Homestead Land)","status":"ACTIVE","data_freshness_status":"CURRENT","scenario_index":"10254","use_case_description":"Archived historical record for audit retrieval","mutation_workflow_status":"SLA_BREACHED","revenue_record_id":"ROR-MN-2025-1015-0045","revenue_record_type":"Jamabandi (Loucha Pathap)","khata_khewat_no":"KHT-65","khatauni_no":"KHN-165","owner_name":"Laishram Tomba Singh","owner_name_local":"লাইশ্ৰম তোম্বা সিংহ","co_owners":"","tenure_type":"Bhumiswami / Raiyati with Transferable Rights","mutation_status":"MUTATED","active_mutation_id":"","tax_demand_status":"PAID","annual_tax_inr":"185.5","deed_number":"DEED-MN-2024-415-0045","deed_type":"Sale Deed / Conveyance","sro_office":"Sub-Registrar Office, Lamphelpat Sub-Division","execution_date":"2024-05-10","registered_owner":"Registry Variance Owner 45","seller_name":"Previous Landholder","consideration_amount_inr":"3500000.0","stamp_duty_inr":"210000.0","survey_sketch_id":"FMB-MN-15-0045","cadastral_sheet_no":"SHT-MN-15","surveyed_area_sqm":"4000.0","survey_status":"DISPUTED","urban_authority":"Lamphelpat Sub-Division Urban Development & Town Planning Authority","zone_name":"Residential Zone","permitted_land_use":"AGRICULTURAL","building_permission_status":"REJECTED","violations_reported":"False","is_encumbered":"True","encumbrance_certificate_number":"EC-MN-00000045-0045","encumbrance_type":"BANK_MORTGAGE","financial_institution":"","mortgage_amount":"0.0","created_at":"2026-01-15T09:00:00Z","updated_at":"2026-09-24T11:30:00Z"}},{"type":"Feature","geometry":{"type":"Polygon","coordinates":[[[94.04193124933161,24.304632709256712],[94.15100570468722,24.298938158018853],[94.17987714868045,24.390088289557184],[94.05309258739786,24.410370507210988],[94.04193124933161,24.304632709256712]]]},"properties":{"ulpin":"14793421844729","parcel_id":"db0ad6e7-17b1-4e89-aa42-e180a7a163b5","state":"Manipur","state_code":"MN","state_type":"STATE","state_lgd_code":"14","district_lgd_code":"255","district_name":"Imphal West","subdistrict_lgd_code":"2310","subdistrict_name":"Lamphelpat Sub-Division","subdistrict_type":"Tehsil / Taluk","village_lgd_code":"281090","village_name":"Uripok","khasra_plot_no":"Dag 614/Pari 2/D46","recorded_area":"0.4","recorded_area_unit":"Pari-Lou","normalized_area_sqm":"4000.0","gis_area_sqm":"4000.0","land_use_category":"INSTITUTIONAL","land_use_raw":"Ingkhol (Homestead Land)","status":"PENDING_MUTATION","data_freshness_status":"STALE","scenario_index":"10255","use_case_description":"Bank mortgage and active encumbrance","mutation_workflow_status":"SUBMITTED","revenue_record_id":"ROR-MN-2025-1015-0046","revenue_record_type":"Jamabandi (Loucha Pathap)","khata_khewat_no":"KHT-65","khatauni_no":"KHN-165","owner_name":"Laishram Tomba Singh","owner_name_local":"লাইশ্ৰম তোম্বা সিংহ","co_owners":"","tenure_type":"Bhumiswami / Freehold","mutation_status":"PENDING","active_mutation_id":"MUT-MN-00000046","tax_demand_status":"PAID","annual_tax_inr":"185.5","deed_number":"DEED-MN-2024-415-0046","deed_type":"Sale Deed / Conveyance","sro_office":"Sub-Registrar Office, Lamphelpat Sub-Division","execution_date":"2024-05-10","registered_owner":"Laishram Tomba Singh","seller_name":"Previous Landholder","consideration_amount_inr":"3500000.0","stamp_duty_inr":"210000.0","survey_sketch_id":"FMB-MN-15-0046","cadastral_sheet_no":"SHT-MN-15","surveyed_area_sqm":"4000.0","survey_status":"RESURVEY_REQUIRED","urban_authority":"Lamphelpat Sub-Division Urban Development & Town Planning Authority","zone_name":"Residential Zone","permitted_land_use":"INSTITUTIONAL","building_permission_status":"NOT_APPLICABLE","violations_reported":"True","is_encumbered":"True","encumbrance_certificate_number":"EC-MN-00000046-0046","encumbrance_type":"GOVT_REVENUE_LIEN","financial_institution":"","mortgage_amount":"0.0","created_at":"2026-01-15T09:00:00Z","updated_at":"2026-09-24T11:30:00Z"}},{"type":"Feature","geometry":{"type":"Polygon","coordinates":[[[94.15100570468722,24.298938158018853],[94.30766485272363,24.30933963275892],[94.3141406850633,24.412809052940215],[94.17987714868045,24.390088289557184],[94.15100570468722,24.298938158018853]]]},"properties":{"ulpin":"14371538513007","parcel_id":"30a401da-8759-4d19-aec8-3d3c6f41911b","state":"Manipur","state_code":"MN","state_type":"STATE","state_lgd_code":"14","district_lgd_code":"255","district_name":"Imphal West","subdistrict_lgd_code":"2310","subdistrict_name":"Lamphelpat Sub-Division","subdistrict_type":"Tehsil / Taluk","village_lgd_code":"281090","village_name":"Uripok","khasra_plot_no":"Dag 614/Pari 2/D47","recorded_area":"0.4","recorded_area_unit":"Pari-Lou","normalized_area_sqm":"4000.0","gis_area_sqm":"4000.0","land_use_category":"FOREST_GREEN_BELT","land_use_raw":"Ingkhol (Homestead Land)","status":"SUBDIVIDED","data_freshness_status":"UNKNOWN","scenario_index":"10256","use_case_description":"Government revenue lien and tax demand","mutation_workflow_status":"UNDER_VERIFICATION","revenue_record_id":"ROR-MN-2025-1015-0047","revenue_record_type":"Jamabandi (Loucha Pathap)","khata_khewat_no":"KHT-65","khatauni_no":"KHN-165","owner_name":"Laishram Tomba Singh","owner_name_local":"লাইশ্ৰম তোম্বা সিংহ","co_owners":"","tenure_type":"Leasehold","mutation_status":"UNMUTATED_TRANSACTION","active_mutation_id":"MUT-MN-00000047","tax_demand_status":"PAID","annual_tax_inr":"185.5","deed_number":"DEED-MN-2024-415-0047","deed_type":"Sale Deed / Conveyance","sro_office":"Sub-Registrar Office, Lamphelpat Sub-Division","execution_date":"2024-05-10","registered_owner":"Laishram Tomba Singh","seller_name":"Previous Landholder","consideration_amount_inr":"3500000.0","stamp_duty_inr":"210000.0","survey_sketch_id":"FMB-MN-15-0047","cadastral_sheet_no":"SHT-MN-15","surveyed_area_sqm":"4000.0","survey_status":"SURVEYED","urban_authority":"Lamphelpat Sub-Division Urban Development & Town Planning Authority","zone_name":"Residential Zone","permitted_land_use":"FOREST_GREEN_BELT","building_permission_status":"SANCTIONED","violations_reported":"False","is_encumbered":"True","encumbrance_certificate_number":"EC-MN-00000047-0047","encumbrance_type":"COURT_ATTACHMENT","financial_institution":"","mortgage_amount":"0.0","created_at":"2026-01-15T09:00:00Z","updated_at":"2026-09-24T11:30:00Z"}},{"type":"Feature","geometry":{"type":"Polygon","coordinates":[[[93.45927862270156,24.36609547448468],[93.5616863369965,24.35606874046889],[93.58416951234788,24.439230738011855],[93.47981484707539,24.439230738011855],[93.45927862270156,24.36609547448468]]]},"properties":{"ulpin":"14256819685713","parcel_id":"dd21790b-4c55-49d7-a70b-25492fb7f8e6","state":"Manipur","state_code":"MN","state_type":"STATE","state_lgd_code":"14","district_lgd_code":"255","district_name":"Imphal West","subdistrict_lgd_code":"2310","subdistrict_name":"Lamphelpat Sub-Division","subdistrict_type":"Tehsil / Taluk","village_lgd_code":"281090","village_name":"Uripok","khasra_plot_no":"Dag 614/Pari 2/D48","recorded_area":"0.4","recorded_area_unit":"Pari-Lou","normalized_area_sqm":"4000.0","gis_area_sqm":"4000.0","land_use_category":"WATER_BODY","land_use_raw":"Ingkhol (Homestead Land)","status":"AMALGAMATED","data_freshness_status":"CURRENT","scenario_index":"10257","use_case_description":"Court attachment and disputed possession","mutation_workflow_status":"NOTICE_PERIOD","revenue_record_id":"ROR-MN-2025-1015-0048","revenue_record_type":"Jamabandi (Loucha Pathap)","khata_khewat_no":"KHT-65","khatauni_no":"KHN-165","owner_name":"Laishram Tomba Singh","owner_name_local":"লাইশ্ৰম তোম্বা সিংহ","co_owners":"","tenure_type":"Government Grant","mutation_status":"REJECTED","active_mutation_id":"MUT-MN-00000048","tax_demand_status":"PAID","annual_tax_inr":"185.5","deed_number":"DEED-MN-2024-415-0048","deed_type":"Sale Deed / Conveyance","sro_office":"Sub-Registrar Office, Lamphelpat Sub-Division","execution_date":"2024-05-10","registered_owner":"Laishram Tomba Singh","seller_name":"Previous Landholder","consideration_amount_inr":"3500000.0","stamp_duty_inr":"210000.0","survey_sketch_id":"FMB-MN-15-0048","cadastral_sheet_no":"SHT-MN-15","surveyed_area_sqm":"4000.0","survey_status":"PENDING","urban_authority":"Lamphelpat Sub-Division Urban Development & Town Planning Authority","zone_name":"Residential Zone","permitted_land_use":"WATER_BODY","building_permission_status":"PENDING","violations_reported":"False","is_encumbered":"True","encumbrance_certificate_number":"EC-MN-00000048-0048","encumbrance_type":"TRIBAL_NON_ALIENATION","financial_institution":"","mortgage_amount":"0.0","created_at":"2026-01-15T09:00:00Z","updated_at":"2026-09-24T11:30:00Z"}}]}