{"type":"FeatureCollection","features":[{"type":"Feature","geometry":{"type":"Polygon","coordinates":[[[92.05399354337105,23.62369482024644],[92.1503115437003,23.62369482024644],[92.14569913775134,23.691955697335683],[92.05263587012519,23.689484369711344],[92.05399354337105,23.62369482024644]]]},"properties":{"ulpin":"16084897242004","parcel_id":"0a9fed5e-aaea-4591-af3f-f2616ec39946","state":"Tripura","state_code":"TR","state_type":"STATE","state_lgd_code":"16","district_lgd_code":"270","district_name":"West Tripura","subdistrict_lgd_code":"2490","subdistrict_name":"Agartala Sadar","subdistrict_type":"Tehsil / Taluk","village_lgd_code":"294012","village_name":"Indranagar Mouza","khasra_plot_no":"Dag 502/Khatian 180/D1","recorded_area":"5.0","recorded_area_unit":"Ganda-Kani","normalized_area_sqm":"202.34","gis_area_sqm":"202.34","land_use_category":"OTHER","land_use_raw":"Nal (Agricultural Lowland)","status":"SUBDIVIDED","data_freshness_status":"UNKNOWN","scenario_index":"14426","use_case_description":"Archived historical record for audit retrieval","mutation_workflow_status":"SLA_BREACHED","revenue_record_id":"ROR-TR-2025-1025-0001","revenue_record_type":"E-Khatian (Jatan Portal Tripura)","khata_khewat_no":"KHT-75","khatauni_no":"KHN-175","owner_name":"Pradip Kumar Debbarma","owner_name_local":"প্রদীপ কুমার দেববর্মা","co_owners":"","tenure_type":"Leasehold","mutation_status":"UNMUTATED_TRANSACTION","active_mutation_id":"MUT-TR-00000001","tax_demand_status":"PAID","annual_tax_inr":"185.5","deed_number":"DEED-TR-2024-425-0001","deed_type":"Sale Deed / Conveyance","sro_office":"Sub-Registrar Office, Agartala Sadar","execution_date":"2024-05-10","registered_owner":"Pradip Kumar Debbarma","seller_name":"Previous Landholder","consideration_amount_inr":"3500000.0","stamp_duty_inr":"210000.0","survey_sketch_id":"FMB-TR-25-0001","cadastral_sheet_no":"SHT-TR-25","surveyed_area_sqm":"202.34","survey_status":"DISPUTED","urban_authority":"Agartala Sadar Urban Development & Town Planning Authority","zone_name":"Agricultural / Green Buffer","permitted_land_use":"OTHER","building_permission_status":"REJECTED","violations_reported":"False","is_encumbered":"True","encumbrance_certificate_number":"EC-TR-00000001-0001","encumbrance_type":"COURT_ATTACHMENT","financial_institution":"","mortgage_amount":"0.0","created_at":"2026-01-15T09:00:00Z","updated_at":"2026-09-24T11:30:00Z"}},{"type":"Feature","geometry":{"type":"Polygon","coordinates":[[[92.05535466956155,23.89319283042073],[92.16001345788482,23.894018347880284],[92.15462775439211,23.95908288766014],[92.06323597096299,23.95908288766014],[92.05535466956155,23.89319283042073]]]},"properties":{"ulpin":"16111290696490","parcel_id":"9d18a841-1e59-4b3d-a7e3-b2448215657e","state":"Tripura","state_code":"TR","state_type":"STATE","state_lgd_code":"16","district_lgd_code":"270","district_name":"West Tripura","subdistrict_lgd_code":"2490","subdistrict_name":"Agartala Sadar","subdistrict_type":"Tehsil / Taluk","village_lgd_code":"294012","village_name":"Indranagar Mouza","khasra_plot_no":"Dag 502/Khatian 180/D2","recorded_area":"5.0","recorded_area_unit":"Ganda-Kani","normalized_area_sqm":"202.34","gis_area_sqm":"202.34","land_use_category":"RESIDENTIAL","land_use_raw":"Nal (Agricultural Lowland)","status":"AMALGAMATED","data_freshness_status":"CURRENT","scenario_index":"14427","use_case_description":"Bank mortgage and active encumbrance","mutation_workflow_status":"SUBMITTED","revenue_record_id":"ROR-TR-2025-1025-0002","revenue_record_type":"E-Khatian (Jatan Portal Tripura)","khata_khewat_no":"KHT-75","khatauni_no":"KHN-175","owner_name":"Pradip Kumar Debbarma","owner_name_local":"প্রদীপ কুমার দেববর্মা","co_owners":"","tenure_type":"Government Grant","mutation_status":"REJECTED","active_mutation_id":"MUT-TR-00000002","tax_demand_status":"PAID","annual_tax_inr":"185.5","deed_number":"DEED-TR-2024-425-0002","deed_type":"Sale Deed / Conveyance","sro_office":"Sub-Registrar Office, Agartala Sadar","execution_date":"2024-05-10","registered_owner":"Pradip Kumar Debbarma","seller_name":"Previous Landholder","consideration_amount_inr":"3500000.0","stamp_duty_inr":"210000.0","survey_sketch_id":"FMB-TR-25-0002","cadastral_sheet_no":"SHT-TR-25","surveyed_area_sqm":"202.34","survey_status":"RESURVEY_REQUIRED","urban_authority":"Agartala Sadar Urban Development & Town Planning Authority","zone_name":"Agricultural / Green Buffer","permitted_land_use":"RESIDENTIAL","building_permission_status":"NOT_APPLICABLE","violations_reported":"True","is_encumbered":"True","encumbrance_certificate_number":"EC-TR-00000002-0002","encumbrance_type":"TRIBAL_NON_ALIENATION","financial_institution":"","mortgage_amount":"0.0","created_at":"2026-01-15T09:00:00Z","updated_at":"2026-09-24T11:30:00Z"}},{"type":"Feature","geometry":{"type":"Polygon","coordinates":[[[91.43796054842724,24.171273381206472],[91.52229782565416,24.176114881104773],[91.51844843535065,24.258566011340353],[91.43089180915919,24.244676029237436],[91.43796054842724,24.171273381206472]]]},"properties":{"ulpin":"16321689945483","parcel_id":"3c959af5-d364-4d73-8196-18fff00d16b4","state":"Tripura","state_code":"TR","state_type":"STATE","state_lgd_code":"16","district_lgd_code":"270","district_name":"West Tripura","subdistrict_lgd_code":"2490","subdistrict_name":"Agartala Sadar","subdistrict_type":"Tehsil / Taluk","village_lgd_code":"294012","village_name":"Indranagar Mouza","khasra_plot_no":"Dag 502/Khatian 180/D3","recorded_area":"5.0","recorded_area_unit":"Ganda-Kani","normalized_area_sqm":"202.34","gis_area_sqm":"202.34","land_use_category":"COMMERCIAL","land_use_raw":"Nal (Agricultural Lowland)","status":"DISPUTED","data_freshness_status":"STALE","scenario_index":"14428","use_case_description":"Government revenue lien and tax demand","mutation_workflow_status":"UNDER_VERIFICATION","revenue_record_id":"ROR-TR-2025-1025-0003","revenue_record_type":"E-Khatian (Jatan Portal Tripura)","khata_khewat_no":"KHT-75","khatauni_no":"KHN-175","owner_name":"Pradip Kumar Debbarma","owner_name_local":"প্রদীপ কুমার দেববর্মা","co_owners":"","tenure_type":"Waqf / Religious Trust","mutation_status":"DISPUTED","active_mutation_id":"MUT-TR-00000003","tax_demand_status":"PAID","annual_tax_inr":"185.5","deed_number":"DEED-TR-2024-425-0003","deed_type":"Sale Deed / Conveyance","sro_office":"Sub-Registrar Office, Agartala Sadar","execution_date":"2024-05-10","registered_owner":"Pradip Kumar Debbarma","seller_name":"Previous Landholder","consideration_amount_inr":"3500000.0","stamp_duty_inr":"210000.0","survey_sketch_id":"FMB-TR-25-0003","cadastral_sheet_no":"SHT-TR-25","surveyed_area_sqm":"202.34","survey_status":"SURVEYED","urban_authority":"Agartala Sadar Urban Development & Town Planning Authority","zone_name":"Agricultural / Green Buffer","permitted_land_use":"COMMERCIAL","building_permission_status":"SANCTIONED","violations_reported":"False","is_encumbered":"True","encumbrance_certificate_number":"EC-TR-00000003-0003","encumbrance_type":"LEASE_CHARGE","financial_institution":"","mortgage_amount":"0.0","created_at":"2026-01-15T09:00:00Z","updated_at":"2026-09-24T11:30:00Z"}},{"type":"Feature","geometry":{"type":"Polygon","coordinates":[[[91.58487548352863,23.673165700816664],[91.67943291541025,23.673165700816664],[91.67943291541025,23.775812684672648],[91.5966907344629,23.75423899045077],[91.58487548352863,23.673165700816664]]]},"properties":{"ulpin":"16829103777251","parcel_id":"fd169d4e-ed3a-43b4-ac09-64d6ea22a7ec","state":"Tripura","state_code":"TR","state_type":"STATE","state_lgd_code":"16","district_lgd_code":"270","district_name":"West Tripura","subdistrict_lgd_code":"2490","subdistrict_name":"Agartala Sadar","subdistrict_type":"Tehsil / Taluk","village_lgd_code":"294012","village_name":"Indranagar Mouza","khasra_plot_no":"Dag 502/Khatian 180/D4","recorded_area":"5.0","recorded_area_unit":"Ganda-Kani","normalized_area_sqm":"202.34","gis_area_sqm":"202.34","land_use_category":"INDUSTRIAL","land_use_raw":"Nal (Agricultural Lowland)","status":"ARCHIVED","data_freshness_status":"UNKNOWN","scenario_index":"14429","use_case_description":"Archived historical record for audit retrieval","mutation_workflow_status":"NOTICE_PERIOD","revenue_record_id":"ROR-TR-2025-1025-0004","revenue_record_type":"E-Khatian (Jatan Portal Tripura)","khata_khewat_no":"KHT-75","khatauni_no":"KHN-175","owner_name":"Pradip Kumar Debbarma","owner_name_local":"প্রদীপ কুমার দেববর্মা","co_owners":"","tenure_type":"Tribal Community Tenure","mutation_status":"NONE","active_mutation_id":"MUT-TR-00000004","tax_demand_status":"PAID","annual_tax_inr":"185.5","deed_number":"DEED-TR-2024-425-0004","deed_type":"Sale Deed / Conveyance","sro_office":"Sub-Registrar Office, Agartala Sadar","execution_date":"2024-05-10","registered_owner":"Registry Variance Owner 4","seller_name":"Previous Landholder","consideration_amount_inr":"3500000.0","stamp_duty_inr":"210000.0","survey_sketch_id":"FMB-TR-25-0004","cadastral_sheet_no":"SHT-TR-25","surveyed_area_sqm":"202.34","survey_status":"PENDING","urban_authority":"Agartala Sadar Urban Development & Town Planning Authority","zone_name":"Agricultural / Green Buffer","permitted_land_use":"INDUSTRIAL","building_permission_status":"PENDING","violations_reported":"False","is_encumbered":"False","encumbrance_certificate_number":"EC-TR-2024-125-0004","encumbrance_type":"NIL","financial_institution":"","mortgage_amount":"0.0","created_at":"2026-01-15T09:00:00Z","updated_at":"2026-09-24T11:30:00Z"}},{"type":"Feature","geometry":{"type":"Polygon","coordinates":[[[91.59765911480154,23.86645629692941],[91.67943291541025,23.86949853835152],[91.67943291541025,23.957285601415006],[91.61021041202181,23.957285601415006],[91.59765911480154,23.86645629692941]]]},"properties":{"ulpin":"16827440624745","parcel_id":"a81f30f1-916b-42bc-a606-5a4729e94dc8","state":"Tripura","state_code":"TR","state_type":"STATE","state_lgd_code":"16","district_lgd_code":"270","district_name":"West Tripura","subdistrict_lgd_code":"2490","subdistrict_name":"Agartala Sadar","subdistrict_type":"Tehsil / Taluk","village_lgd_code":"294012","village_name":"Indranagar Mouza","khasra_plot_no":"Dag 502/Khatian 180/D5","recorded_area":"5.0","recorded_area_unit":"Ganda-Kani","normalized_area_sqm":"202.34","gis_area_sqm":"202.34","land_use_category":"AGRICULTURAL","land_use_raw":"Nal (Agricultural Lowland)","status":"ACTIVE","data_freshness_status":"CURRENT","scenario_index":"14430","use_case_description":"Tribal non-alienation protection review","mutation_workflow_status":"HEARING_SCHEDULED","revenue_record_id":"ROR-TR-2025-1025-0005","revenue_record_type":"E-Khatian (Jatan Portal Tripura)","khata_khewat_no":"KHT-75","khatauni_no":"KHN-175","owner_name":"Pradip Kumar Debbarma","owner_name_local":"প্রদীপ কুমার দেববর্মা","co_owners":"","tenure_type":"Bhumiswami / Raiyati with Transferable Rights","mutation_status":"MUTATED","active_mutation_id":"","tax_demand_status":"PAID","annual_tax_inr":"185.5","deed_number":"DEED-TR-2024-425-0005","deed_type":"Sale Deed / Conveyance","sro_office":"Sub-Registrar Office, Agartala Sadar","execution_date":"2024-05-10","registered_owner":"Pradip Kumar Debbarma","seller_name":"Previous Landholder","consideration_amount_inr":"3500000.0","stamp_duty_inr":"210000.0","survey_sketch_id":"FMB-TR-25-0005","cadastral_sheet_no":"SHT-TR-25","surveyed_area_sqm":"202.34","survey_status":"DISPUTED","urban_authority":"Agartala Sadar Urban Development & Town Planning Authority","zone_name":"Agricultural / Green Buffer","permitted_land_use":"AGRICULTURAL","building_permission_status":"REJECTED","violations_reported":"False","is_encumbered":"True","encumbrance_certificate_number":"EC-TR-00000005-0005","encumbrance_type":"BANK_MORTGAGE","financial_institution":"","mortgage_amount":"0.0","created_at":"2026-01-15T09:00:00Z","updated_at":"2026-09-24T11:30:00Z"}},{"type":"Feature","geometry":{"type":"Polygon","coordinates":[[[91.95354155255215,23.62369482024644],[92.05399354337105,23.62369482024644],[92.05263587012519,23.689484369711344],[91.96825661619869,23.68369815249349],[91.95354155255215,23.62369482024644]]]},"properties":{"ulpin":"16123352009610","parcel_id":"1bd370ea-2fa4-4163-a3ce-fc3c85e92b8e","state":"Tripura","state_code":"TR","state_type":"STATE","state_lgd_code":"16","district_lgd_code":"270","district_name":"West Tripura","subdistrict_lgd_code":"2490","subdistrict_name":"Agartala Sadar","subdistrict_type":"Tehsil / Taluk","village_lgd_code":"294012","village_name":"Indranagar Mouza","khasra_plot_no":"Dag 502/Khatian 180/D6","recorded_area":"5.0","recorded_area_unit":"Ganda-Kani","normalized_area_sqm":"202.34","gis_area_sqm":"202.34","land_use_category":"INSTITUTIONAL","land_use_raw":"Nal (Agricultural Lowland)","status":"PENDING_MUTATION","data_freshness_status":"STALE","scenario_index":"14431","use_case_description":"Lease charge and institutional tenancy","mutation_workflow_status":"APPROVED","revenue_record_id":"ROR-TR-2025-1025-0006","revenue_record_type":"E-Khatian (Jatan Portal Tripura)","khata_khewat_no":"KHT-75","khatauni_no":"KHN-175","owner_name":"Pradip Kumar Debbarma","owner_name_local":"প্রদীপ কুমার দেববর্মা","co_owners":"","tenure_type":"Bhumiswami / Freehold","mutation_status":"PENDING","active_mutation_id":"MUT-TR-00000006","tax_demand_status":"PAID","annual_tax_inr":"185.5","deed_number":"DEED-TR-2024-425-0006","deed_type":"Sale Deed / Conveyance","sro_office":"Sub-Registrar Office, Agartala Sadar","execution_date":"2024-05-10","registered_owner":"Pradip Kumar Debbarma","seller_name":"Previous Landholder","consideration_amount_inr":"3500000.0","stamp_duty_inr":"210000.0","survey_sketch_id":"FMB-TR-25-0006","cadastral_sheet_no":"SHT-TR-25","surveyed_area_sqm":"202.34","survey_status":"RESURVEY_REQUIRED","urban_authority":"Agartala Sadar Urban Development & Town Planning Authority","zone_name":"Agricultural / Green Buffer","permitted_land_use":"INSTITUTIONAL","building_permission_status":"NOT_APPLICABLE","violations_reported":"False","is_encumbered":"True","encumbrance_certificate_number":"EC-TR-00000006-0006","encumbrance_type":"GOVT_REVENUE_LIEN","financial_institution":"","mortgage_amount":"0.0","created_at":"2026-01-15T09:00:00Z","updated_at":"2026-09-24T11:30:00Z"}},{"type":"Feature","geometry":{"type":"Polygon","coordinates":[[[91.28356679783295,24.108316753866852],[91.37132913277065,24.1018857289077],[91.37222977282342,24.179137195544108],[91.28356679783295,24.180666853784132],[91.28356679783295,24.108316753866852]]]},"properties":{"ulpin":"16045411948994","parcel_id":"e9c5a0f0-be09-4486-be45-7190417161b4","state":"Tripura","state_code":"TR","state_type":"STATE","state_lgd_code":"16","district_lgd_code":"270","district_name":"West Tripura","subdistrict_lgd_code":"2490","subdistrict_name":"Agartala Sadar","subdistrict_type":"Tehsil / Taluk","village_lgd_code":"294012","village_name":"Indranagar Mouza","khasra_plot_no":"Dag 502/Khatian 180/D7","recorded_area":"5.0","recorded_area_unit":"Ganda-Kani","normalized_area_sqm":"202.34","gis_area_sqm":"202.34","land_use_category":"FOREST_GREEN_BELT","land_use_raw":"Nal (Agricultural Lowland)","status":"SUBDIVIDED","data_freshness_status":"UNKNOWN","scenario_index":"14432","use_case_description":"Subdivision or amalgamation history review","mutation_workflow_status":"REJECTED","revenue_record_id":"ROR-TR-2025-1025-0007","revenue_record_type":"E-Khatian (Jatan Portal Tripura)","khata_khewat_no":"KHT-75","khatauni_no":"KHN-175","owner_name":"Pradip Kumar Debbarma","owner_name_local":"প্রদীপ কুমার দেববর্মা","co_owners":"","tenure_type":"Leasehold","mutation_status":"UNMUTATED_TRANSACTION","active_mutation_id":"MUT-TR-00000007","tax_demand_status":"PAID","annual_tax_inr":"185.5","deed_number":"DEED-TR-2024-425-0007","deed_type":"Sale Deed / Conveyance","sro_office":"Sub-Registrar Office, Agartala Sadar","execution_date":"2024-05-10","registered_owner":"Pradip Kumar Debbarma","seller_name":"Previous Landholder","consideration_amount_inr":"3500000.0","stamp_duty_inr":"210000.0","survey_sketch_id":"FMB-TR-25-0007","cadastral_sheet_no":"SHT-TR-25","surveyed_area_sqm":"202.34","survey_status":"SURVEYED","urban_authority":"Agartala Sadar Urban Development & Town Planning Authority","zone_name":"Agricultural / Green Buffer","permitted_land_use":"FOREST_GREEN_BELT","building_permission_status":"SANCTIONED","violations_reported":"False","is_encumbered":"True","encumbrance_certificate_number":"EC-TR-00000007-0007","encumbrance_type":"COURT_ATTACHMENT","financial_institution":"","mortgage_amount":"0.0","created_at":"2026-01-15T09:00:00Z","updated_at":"2026-09-24T11:30:00Z"}},{"type":"Feature","geometry":{"type":"Polygon","coordinates":[[[91.86531283939836,23.82817124392569],[91.9731323590303,23.825012962845914],[91.9573649253813,23.90257264711495],[91.86531283939836,23.898349846345067],[91.86531283939836,23.82817124392569]]]},"properties":{"ulpin":"16264239531945","parcel_id":"88d48564-e507-4710-bc33-4f23c8536177","state":"Tripura","state_code":"TR","state_type":"STATE","state_lgd_code":"16","district_lgd_code":"270","district_name":"West Tripura","subdistrict_lgd_code":"2490","subdistrict_name":"Agartala Sadar","subdistrict_type":"Tehsil / Taluk","village_lgd_code":"294012","village_name":"Indranagar Mouza","khasra_plot_no":"Dag 502/Khatian 180/D8","recorded_area":"5.0","recorded_area_unit":"Ganda-Kani","normalized_area_sqm":"202.34","gis_area_sqm":"202.34","land_use_category":"WATER_BODY","land_use_raw":"Nal (Agricultural Lowland)","status":"AMALGAMATED","data_freshness_status":"CURRENT","scenario_index":"14433","use_case_description":"Archived historical record for audit retrieval","mutation_workflow_status":"SLA_BREACHED","revenue_record_id":"ROR-TR-2025-1025-0008","revenue_record_type":"E-Khatian (Jatan Portal Tripura)","khata_khewat_no":"KHT-75","khatauni_no":"KHN-175","owner_name":"Pradip Kumar Debbarma","owner_name_local":"প্রদীপ কুমার দেববর্মা","co_owners":"","tenure_type":"Government Grant","mutation_status":"REJECTED","active_mutation_id":"MUT-TR-00000008","tax_demand_status":"PAID","annual_tax_inr":"185.5","deed_number":"DEED-TR-2024-425-0008","deed_type":"Sale Deed / Conveyance","sro_office":"Sub-Registrar Office, Agartala Sadar","execution_date":"2024-05-10","registered_owner":"Pradip Kumar Debbarma","seller_name":"Previous Landholder","consideration_amount_inr":"3500000.0","stamp_duty_inr":"210000.0","survey_sketch_id":"FMB-TR-25-0008","cadastral_sheet_no":"SHT-TR-25","surveyed_area_sqm":"202.34","survey_status":"PENDING","urban_authority":"Agartala Sadar Urban Development & Town Planning Authority","zone_name":"Agricultural / Green Buffer","permitted_land_use":"WATER_BODY","building_permission_status":"PENDING","violations_reported":"False","is_encumbered":"True","encumbrance_certificate_number":"EC-TR-00000008-0008","encumbrance_type":"TRIBAL_NON_ALIENATION","financial_institution":"","mortgage_amount":"0.0","created_at":"2026-01-15T09:00:00Z","updated_at":"2026-09-24T11:30:00Z"}},{"type":"Feature","geometry":{"type":"Polygon","coordinates":[[[92.15600760553052,23.822394935984743],[92.24026495327978,23.819711912752283],[92.24026495327978,23.889959582743675],[92.16001345788482,23.894018347880284],[92.15600760553052,23.822394935984743]]]},"properties":{"ulpin":"16341488720478","parcel_id":"7560772d-ad5d-4127-b77c-51ae98c13b39","state":"Tripura","state_code":"TR","state_type":"STATE","state_lgd_code":"16","district_lgd_code":"270","district_name":"West Tripura","subdistrict_lgd_code":"2490","subdistrict_name":"Agartala Sadar","subdistrict_type":"Tehsil / Taluk","village_lgd_code":"294012","village_name":"Indranagar Mouza","khasra_plot_no":"Dag 502/Khatian 180/D9","recorded_area":"5.0","recorded_area_unit":"Ganda-Kani","normalized_area_sqm":"202.34","gis_area_sqm":"202.34","land_use_category":"MIXED_USE","land_use_raw":"Nal (Agricultural Lowland)","status":"DISPUTED","data_freshness_status":"STALE","scenario_index":"14434","use_case_description":"Bank mortgage and active encumbrance","mutation_workflow_status":"SUBMITTED","revenue_record_id":"ROR-TR-2025-1025-0009","revenue_record_type":"E-Khatian (Jatan Portal Tripura)","khata_khewat_no":"KHT-75","khatauni_no":"KHN-175","owner_name":"Pradip Kumar Debbarma","owner_name_local":"প্রদীপ কুমার দেববর্মা","co_owners":"","tenure_type":"Waqf / Religious Trust","mutation_status":"DISPUTED","active_mutation_id":"MUT-TR-00000009","tax_demand_status":"PAID","annual_tax_inr":"185.5","deed_number":"DEED-TR-2024-425-0009","deed_type":"Sale Deed / Conveyance","sro_office":"Sub-Registrar Office, Agartala Sadar","execution_date":"2024-05-10","registered_owner":"Registry Variance Owner 9","seller_name":"Previous Landholder","consideration_amount_inr":"3500000.0","stamp_duty_inr":"210000.0","survey_sketch_id":"FMB-TR-25-0009","cadastral_sheet_no":"SHT-TR-25","surveyed_area_sqm":"202.34","survey_status":"DISPUTED","urban_authority":"Agartala Sadar Urban Development & Town Planning Authority","zone_name":"Agricultural / Green Buffer","permitted_land_use":"MIXED_USE","building_permission_status":"REJECTED","violations_reported":"True","is_encumbered":"True","encumbrance_certificate_number":"EC-TR-00000009-0009","encumbrance_type":"LEASE_CHARGE","financial_institution":"","mortgage_amount":"0.0","created_at":"2026-01-15T09:00:00Z","updated_at":"2026-09-24T11:30:00Z"}},{"type":"Feature","geometry":{"type":"Polygon","coordinates":[[[91.45360261383831,24.017696775064948],[91.5219688948706,24.017696775064948],[91.52182053439117,24.097947450207293],[91.45256980890314,24.099689527894974],[91.45360261383831,24.017696775064948]]]},"properties":{"ulpin":"16794242527606","parcel_id":"190e03f9-0bc5-44ba-9355-d9162df88774","state":"Tripura","state_code":"TR","state_type":"STATE","state_lgd_code":"16","district_lgd_code":"270","district_name":"West Tripura","subdistrict_lgd_code":"2490","subdistrict_name":"Agartala Sadar","subdistrict_type":"Tehsil / Taluk","village_lgd_code":"294012","village_name":"Indranagar Mouza","khasra_plot_no":"Dag 502/Khatian 180/D10","recorded_area":"5.0","recorded_area_unit":"Ganda-Kani","normalized_area_sqm":"202.34","gis_area_sqm":"202.34","land_use_category":"OTHER","land_use_raw":"Nal (Agricultural Lowland)","status":"ARCHIVED","data_freshness_status":"UNKNOWN","scenario_index":"14435","use_case_description":"Cadastral area discrepancy requiring resurvey","mutation_workflow_status":"UNDER_VERIFICATION","revenue_record_id":"ROR-TR-2025-1025-0010","revenue_record_type":"E-Khatian (Jatan Portal Tripura)","khata_khewat_no":"KHT-75","khatauni_no":"KHN-175","owner_name":"Pradip Kumar Debbarma","owner_name_local":"প্রদীপ কুমার দেববর্মা","co_owners":"","tenure_type":"Tribal Community Tenure","mutation_status":"NONE","active_mutation_id":"MUT-TR-00000010","tax_demand_status":"PAID","annual_tax_inr":"185.5","deed_number":"DEED-TR-2024-425-0010","deed_type":"Sale Deed / Conveyance","sro_office":"Sub-Registrar Office, Agartala Sadar","execution_date":"2024-05-10","registered_owner":"Pradip Kumar Debbarma","seller_name":"Previous Landholder","consideration_amount_inr":"3500000.0","stamp_duty_inr":"210000.0","survey_sketch_id":"FMB-TR-25-0010","cadastral_sheet_no":"SHT-TR-25","surveyed_area_sqm":"202.34","survey_status":"RESURVEY_REQUIRED","urban_authority":"Agartala Sadar Urban Development & Town Planning Authority","zone_name":"Agricultural / Green Buffer","permitted_land_use":"OTHER","building_permission_status":"NOT_APPLICABLE","violations_reported":"False","is_encumbered":"False","encumbrance_certificate_number":"EC-TR-2024-125-0010","encumbrance_type":"NIL","financial_institution":"","mortgage_amount":"0.0","created_at":"2026-01-15T09:00:00Z","updated_at":"2026-09-24T11:30:00Z"}},{"type":"Feature","geometry":{"type":"Polygon","coordinates":[[[92.3262988532698,23.769145166652933],[92.42221376925802,23.78580444546642],[92.43270975466764,23.87322528446091],[92.3262988532698,23.87322528446091],[92.3262988532698,23.769145166652933]]]},"properties":{"ulpin":"16014416677327","parcel_id":"92cfeae0-df82-481d-8063-f1cf59b7d816","state":"Tripura","state_code":"TR","state_type":"STATE","state_lgd_code":"16","district_lgd_code":"270","district_name":"West Tripura","subdistrict_lgd_code":"2490","subdistrict_name":"Agartala Sadar","subdistrict_type":"Tehsil / Taluk","village_lgd_code":"294012","village_name":"Indranagar Mouza","khasra_plot_no":"Dag 502/Khatian 180/D11","recorded_area":"5.0","recorded_area_unit":"Ganda-Kani","normalized_area_sqm":"202.34","gis_area_sqm":"202.34","land_use_category":"RESIDENTIAL","land_use_raw":"Nal (Agricultural Lowland)","status":"ACTIVE","data_freshness_status":"CURRENT","scenario_index":"14436","use_case_description":"Court attachment and disputed possession","mutation_workflow_status":"NOTICE_PERIOD","revenue_record_id":"ROR-TR-2025-1025-0011","revenue_record_type":"E-Khatian (Jatan Portal Tripura)","khata_khewat_no":"KHT-75","khatauni_no":"KHN-175","owner_name":"Pradip Kumar Debbarma","owner_name_local":"প্রদীপ কুমার দেববর্মা","co_owners":"","tenure_type":"Bhumiswami / Raiyati with Transferable Rights","mutation_status":"MUTATED","active_mutation_id":"","tax_demand_status":"PAID","annual_tax_inr":"185.5","deed_number":"DEED-TR-2024-425-0011","deed_type":"Sale Deed / Conveyance","sro_office":"Sub-Registrar Office, Agartala Sadar","execution_date":"2024-05-10","registered_owner":"Pradip Kumar Debbarma","seller_name":"Previous Landholder","consideration_amount_inr":"3500000.0","stamp_duty_inr":"210000.0","survey_sketch_id":"FMB-TR-25-0011","cadastral_sheet_no":"SHT-TR-25","surveyed_area_sqm":"202.34","survey_status":"SURVEYED","urban_authority":"Agartala Sadar Urban Development & Town Planning Authority","zone_name":"Agricultural / Green Buffer","permitted_land_use":"RESIDENTIAL","building_permission_status":"SANCTIONED","violations_reported":"False","is_encumbered":"True","encumbrance_certificate_number":"EC-TR-00000011-0011","encumbrance_type":"BANK_MORTGAGE","financial_institution":"","mortgage_amount":"0.0","created_at":"2026-01-15T09:00:00Z","updated_at":"2026-09-24T11:30:00Z"}},{"type":"Feature","geometry":{"type":"Polygon","coordinates":[[[91.28356679783295,24.180666853784132],[91.37222977282342,24.179137195544108],[91.36076725430837,24.24832042101502],[91.28356679783295,24.25992468008857],[91.28356679783295,24.180666853784132]]]},"properties":{"ulpin":"16285212652603","parcel_id":"4a6f87ec-4591-403e-a8b6-43bf933ed3e6","state":"Tripura","state_code":"TR","state_type":"STATE","state_lgd_code":"16","district_lgd_code":"270","district_name":"West Tripura","subdistrict_lgd_code":"2490","subdistrict_name":"Agartala Sadar","subdistrict_type":"Tehsil / Taluk","village_lgd_code":"294012","village_name":"Indranagar Mouza","khasra_plot_no":"Dag 502/Khatian 180/D12","recorded_area":"5.0","recorded_area_unit":"Ganda-Kani","normalized_area_sqm":"202.34","gis_area_sqm":"202.34","land_use_category":"COMMERCIAL","land_use_raw":"Nal (Agricultural Lowland)","status":"PENDING_MUTATION","data_freshness_status":"STALE","scenario_index":"14437","use_case_description":"Tribal non-alienation protection review","mutation_workflow_status":"HEARING_SCHEDULED","revenue_record_id":"ROR-TR-2025-1025-0012","revenue_record_type":"E-Khatian (Jatan Portal Tripura)","khata_khewat_no":"KHT-75","khatauni_no":"KHN-175","owner_name":"Pradip Kumar Debbarma","owner_name_local":"প্রদীপ কুমার দেববর্মা","co_owners":"","tenure_type":"Bhumiswami / Freehold","mutation_status":"PENDING","active_mutation_id":"MUT-TR-00000012","tax_demand_status":"PAID","annual_tax_inr":"185.5","deed_number":"DEED-TR-2024-425-0012","deed_type":"Sale Deed / Conveyance","sro_office":"Sub-Registrar Office, Agartala Sadar","execution_date":"2024-05-10","registered_owner":"Pradip Kumar Debbarma","seller_name":"Previous Landholder","consideration_amount_inr":"3500000.0","stamp_duty_inr":"210000.0","survey_sketch_id":"FMB-TR-25-0012","cadastral_sheet_no":"SHT-TR-25","surveyed_area_sqm":"202.34","survey_status":"PENDING","urban_authority":"Agartala Sadar Urban Development & Town Planning Authority","zone_name":"Agricultural / Green Buffer","permitted_land_use":"COMMERCIAL","building_permission_status":"PENDING","violations_reported":"False","is_encumbered":"True","encumbrance_certificate_number":"EC-TR-00000012-0012","encumbrance_type":"GOVT_REVENUE_LIEN","financial_institution":"","mortgage_amount":"0.0","created_at":"2026-01-15T09:00:00Z","updated_at":"2026-09-24T11:30:00Z"}},{"type":"Feature","geometry":{"type":"Polygon","coordinates":[[[92.44021402057994,24.254524325251392],[92.53030220343358,24.245292914634398],[92.5432658698917,24.326570754083203],[92.44021402057994,24.33375427487118],[92.44021402057994,24.254524325251392]]]},"properties":{"ulpin":"16853522934041","parcel_id":"1d91be15-74a9-44d1-9d5d-43bf50e45d15","state":"Tripura","state_code":"TR","state_type":"STATE","state_lgd_code":"16","district_lgd_code":"270","district_name":"West Tripura","subdistrict_lgd_code":"2490","subdistrict_name":"Agartala Sadar","subdistrict_type":"Tehsil / Taluk","village_lgd_code":"294012","village_name":"Indranagar Mouza","khasra_plot_no":"Dag 502/Khatian 180/D13","recorded_area":"5.0","recorded_area_unit":"Ganda-Kani","normalized_area_sqm":"202.34","gis_area_sqm":"202.34","land_use_category":"INDUSTRIAL","land_use_raw":"Nal (Agricultural Lowland)","status":"SUBDIVIDED","data_freshness_status":"UNKNOWN","scenario_index":"14438","use_case_description":"Lease charge and institutional tenancy","mutation_workflow_status":"APPROVED","revenue_record_id":"ROR-TR-2025-1025-0013","revenue_record_type":"E-Khatian (Jatan Portal Tripura)","khata_khewat_no":"KHT-75","khatauni_no":"KHN-175","owner_name":"Pradip Kumar Debbarma","owner_name_local":"প্রদীপ কুমার দেববর্মা","co_owners":"","tenure_type":"Leasehold","mutation_status":"UNMUTATED_TRANSACTION","active_mutation_id":"MUT-TR-00000013","tax_demand_status":"PAID","annual_tax_inr":"185.5","deed_number":"DEED-TR-2024-425-0013","deed_type":"Sale Deed / Conveyance","sro_office":"Sub-Registrar Office, Agartala Sadar","execution_date":"2024-05-10","registered_owner":"Pradip Kumar Debbarma","seller_name":"Previous Landholder","consideration_amount_inr":"3500000.0","stamp_duty_inr":"210000.0","survey_sketch_id":"FMB-TR-25-0013","cadastral_sheet_no":"SHT-TR-25","surveyed_area_sqm":"202.34","survey_status":"DISPUTED","urban_authority":"Agartala Sadar Urban Development & Town Planning Authority","zone_name":"Agricultural / Green Buffer","permitted_land_use":"INDUSTRIAL","building_permission_status":"REJECTED","violations_reported":"False","is_encumbered":"True","encumbrance_certificate_number":"EC-TR-00000013-0013","encumbrance_type":"COURT_ATTACHMENT","financial_institution":"","mortgage_amount":"0.0","created_at":"2026-01-15T09:00:00Z","updated_at":"2026-09-24T11:30:00Z"}},{"type":"Feature","geometry":{"type":"Polygon","coordinates":[[[91.35157660214472,23.673165700816664],[91.44024466071873,23.673165700816664],[91.42525301554092,23.7728315803465],[91.35157660214472,23.781842587892598],[91.35157660214472,23.673165700816664]]]},"properties":{"ulpin":"16755412244396","parcel_id":"39cf9b11-9bc2-4834-9564-bb50268e58f2","state":"Tripura","state_code":"TR","state_type":"STATE","state_lgd_code":"16","district_lgd_code":"270","district_name":"West Tripura","subdistrict_lgd_code":"2490","subdistrict_name":"Agartala Sadar","subdistrict_type":"Tehsil / Taluk","village_lgd_code":"294012","village_name":"Indranagar Mouza","khasra_plot_no":"Dag 502/Khatian 180/D14","recorded_area":"5.0","recorded_area_unit":"Ganda-Kani","normalized_area_sqm":"202.34","gis_area_sqm":"202.34","land_use_category":"AGRICULTURAL","land_use_raw":"Nal (Agricultural Lowland)","status":"AMALGAMATED","data_freshness_status":"CURRENT","scenario_index":"14439","use_case_description":"Subdivision or amalgamation history review","mutation_workflow_status":"REJECTED","revenue_record_id":"ROR-TR-2025-1025-0014","revenue_record_type":"E-Khatian (Jatan Portal Tripura)","khata_khewat_no":"KHT-75","khatauni_no":"KHN-175","owner_name":"Pradip Kumar Debbarma","owner_name_local":"প্রদীপ কুমার দেববর্মা","co_owners":"","tenure_type":"Government Grant","mutation_status":"REJECTED","active_mutation_id":"MUT-TR-00000014","tax_demand_status":"PAID","annual_tax_inr":"185.5","deed_number":"DEED-TR-2024-425-0014","deed_type":"Sale Deed / Conveyance","sro_office":"Sub-Registrar Office, Agartala Sadar","execution_date":"2024-05-10","registered_owner":"Registry Variance Owner 14","seller_name":"Previous Landholder","consideration_amount_inr":"3500000.0","stamp_duty_inr":"210000.0","survey_sketch_id":"FMB-TR-25-0014","cadastral_sheet_no":"SHT-TR-25","surveyed_area_sqm":"202.34","survey_status":"RESURVEY_REQUIRED","urban_authority":"Agartala Sadar Urban Development & Town Planning Authority","zone_name":"Agricultural / Green Buffer","permitted_land_use":"AGRICULTURAL","building_permission_status":"NOT_APPLICABLE","violations_reported":"False","is_encumbered":"True","encumbrance_certificate_number":"EC-TR-00000014-0014","encumbrance_type":"TRIBAL_NON_ALIENATION","financial_institution":"","mortgage_amount":"0.0","created_at":"2026-01-15T09:00:00Z","updated_at":"2026-09-24T11:30:00Z"}},{"type":"Feature","geometry":{"type":"Polygon","coordinates":[[[91.45256980890314,24.099689527894974],[91.52182053439117,24.097947450207293],[91.52229782565416,24.176114881104773],[91.43796054842724,24.171273381206472],[91.45256980890314,24.099689527894974]]]},"properties":{"ulpin":"16587005685436","parcel_id":"053bc6e9-bb51-4eae-b93d-f99a7e3abd79","state":"Tripura","state_code":"TR","state_type":"STATE","state_lgd_code":"16","district_lgd_code":"270","district_name":"West Tripura","subdistrict_lgd_code":"2490","subdistrict_name":"Agartala Sadar","subdistrict_type":"Tehsil / Taluk","village_lgd_code":"294012","village_name":"Indranagar Mouza","khasra_plot_no":"Dag 502/Khatian 180/D15","recorded_area":"5.0","recorded_area_unit":"Ganda-Kani","normalized_area_sqm":"202.34","gis_area_sqm":"202.34","land_use_category":"INSTITUTIONAL","land_use_raw":"Nal (Agricultural Lowland)","status":"DISPUTED","data_freshness_status":"STALE","scenario_index":"14440","use_case_description":"Archived historical record for audit retrieval","mutation_workflow_status":"SLA_BREACHED","revenue_record_id":"ROR-TR-2025-1025-0015","revenue_record_type":"E-Khatian (Jatan Portal Tripura)","khata_khewat_no":"KHT-75","khatauni_no":"KHN-175","owner_name":"Pradip Kumar Debbarma","owner_name_local":"প্রদীপ কুমার দেববর্মা","co_owners":"","tenure_type":"Waqf / Religious Trust","mutation_status":"DISPUTED","active_mutation_id":"MUT-TR-00000015","tax_demand_status":"PAID","annual_tax_inr":"185.5","deed_number":"DEED-TR-2024-425-0015","deed_type":"Sale Deed / Conveyance","sro_office":"Sub-Registrar Office, Agartala Sadar","execution_date":"2024-05-10","registered_owner":"Pradip Kumar Debbarma","seller_name":"Previous Landholder","consideration_amount_inr":"3500000.0","stamp_duty_inr":"210000.0","survey_sketch_id":"FMB-TR-25-0015","cadastral_sheet_no":"SHT-TR-25","surveyed_area_sqm":"202.34","survey_status":"SURVEYED","urban_authority":"Agartala Sadar Urban Development & Town Planning Authority","zone_name":"Agricultural / Green Buffer","permitted_land_use":"INSTITUTIONAL","building_permission_status":"SANCTIONED","violations_reported":"False","is_encumbered":"True","encumbrance_certificate_number":"EC-TR-00000015-0015","encumbrance_type":"LEASE_CHARGE","financial_institution":"","mortgage_amount":"0.0","created_at":"2026-01-15T09:00:00Z","updated_at":"2026-09-24T11:30:00Z"}},{"type":"Feature","geometry":{"type":"Polygon","coordinates":[[[91.37160929332546,24.017696775064948],[91.45360261383831,24.017696775064948],[91.45256980890314,24.099689527894974],[91.37132913277065,24.1018857289077],[91.37160929332546,24.017696775064948]]]},"properties":{"ulpin":"16110166909638","parcel_id":"12d545f4-2a0c-4872-a9f6-1cbf7cda1c8b","state":"Tripura","state_code":"TR","state_type":"STATE","state_lgd_code":"16","district_lgd_code":"270","district_name":"West Tripura","subdistrict_lgd_code":"2490","subdistrict_name":"Agartala Sadar","subdistrict_type":"Tehsil / Taluk","village_lgd_code":"294012","village_name":"Indranagar Mouza","khasra_plot_no":"Dag 502/Khatian 180/D16","recorded_area":"5.0","recorded_area_unit":"Ganda-Kani","normalized_area_sqm":"202.34","gis_area_sqm":"202.34","land_use_category":"FOREST_GREEN_BELT","land_use_raw":"Nal (Agricultural Lowland)","status":"ARCHIVED","data_freshness_status":"UNKNOWN","scenario_index":"14441","use_case_description":"Tribal non-alienation protection review","mutation_workflow_status":"SUBMITTED","revenue_record_id":"ROR-TR-2025-1025-0016","revenue_record_type":"E-Khatian (Jatan Portal Tripura)","khata_khewat_no":"KHT-75","khatauni_no":"KHN-175","owner_name":"Pradip Kumar Debbarma","owner_name_local":"প্রদীপ কুমার দেববর্মা","co_owners":"","tenure_type":"Tribal Community Tenure","mutation_status":"NONE","active_mutation_id":"MUT-TR-00000016","tax_demand_status":"PAID","annual_tax_inr":"185.5","deed_number":"DEED-TR-2024-425-0016","deed_type":"Sale Deed / Conveyance","sro_office":"Sub-Registrar Office, Agartala Sadar","execution_date":"2024-05-10","registered_owner":"Pradip Kumar Debbarma","seller_name":"Previous Landholder","consideration_amount_inr":"3500000.0","stamp_duty_inr":"210000.0","survey_sketch_id":"FMB-TR-25-0016","cadastral_sheet_no":"SHT-TR-25","surveyed_area_sqm":"202.34","survey_status":"PENDING","urban_authority":"Agartala Sadar Urban Development & Town Planning Authority","zone_name":"Agricultural / Green Buffer","permitted_land_use":"FOREST_GREEN_BELT","building_permission_status":"PENDING","violations_reported":"True","is_encumbered":"False","encumbrance_certificate_number":"EC-TR-2024-125-0016","encumbrance_type":"NIL","financial_institution":"","mortgage_amount":"0.0","created_at":"2026-01-15T09:00:00Z","updated_at":"2026-09-24T11:30:00Z"}},{"type":"Feature","geometry":{"type":"Polygon","coordinates":[[[92.06530929481318,23.759730530009005],[92.13752887303806,23.753475828070844],[92.15600760553052,23.822394935984743],[92.0500406251869,23.832246444170657],[92.06530929481318,23.759730530009005]]]},"properties":{"ulpin":"16512880699328","parcel_id":"33f1e86f-7f5e-4a3b-9b0e-1473d494d946","state":"Tripura","state_code":"TR","state_type":"STATE","state_lgd_code":"16","district_lgd_code":"270","district_name":"West Tripura","subdistrict_lgd_code":"2490","subdistrict_name":"Agartala Sadar","subdistrict_type":"Tehsil / Taluk","village_lgd_code":"294012","village_name":"Indranagar Mouza","khasra_plot_no":"Dag 502/Khatian 180/D17","recorded_area":"5.0","recorded_area_unit":"Ganda-Kani","normalized_area_sqm":"202.34","gis_area_sqm":"202.34","land_use_category":"WATER_BODY","land_use_raw":"Nal (Agricultural Lowland)","status":"ACTIVE","data_freshness_status":"CURRENT","scenario_index":"14442","use_case_description":"Government revenue lien and tax demand","mutation_workflow_status":"UNDER_VERIFICATION","revenue_record_id":"ROR-TR-2025-1025-0017","revenue_record_type":"E-Khatian (Jatan Portal Tripura)","khata_khewat_no":"KHT-75","khatauni_no":"KHN-175","owner_name":"Pradip Kumar Debbarma","owner_name_local":"প্রদীপ কুমার দেববর্মা","co_owners":"","tenure_type":"Bhumiswami / Raiyati with Transferable Rights","mutation_status":"MUTATED","active_mutation_id":"","tax_demand_status":"PAID","annual_tax_inr":"185.5","deed_number":"DEED-TR-2024-425-0017","deed_type":"Sale Deed / Conveyance","sro_office":"Sub-Registrar Office, Agartala Sadar","execution_date":"2024-05-10","registered_owner":"Pradip Kumar Debbarma","seller_name":"Previous Landholder","consideration_amount_inr":"3500000.0","stamp_duty_inr":"210000.0","survey_sketch_id":"FMB-TR-25-0017","cadastral_sheet_no":"SHT-TR-25","surveyed_area_sqm":"202.34","survey_status":"DISPUTED","urban_authority":"Agartala Sadar Urban Development & Town Planning Authority","zone_name":"Agricultural / Green Buffer","permitted_land_use":"WATER_BODY","building_permission_status":"REJECTED","violations_reported":"False","is_encumbered":"True","encumbrance_certificate_number":"EC-TR-00000017-0017","encumbrance_type":"BANK_MORTGAGE","financial_institution":"","mortgage_amount":"0.0","created_at":"2026-01-15T09:00:00Z","updated_at":"2026-09-24T11:30:00Z"}},{"type":"Feature","geometry":{"type":"Polygon","coordinates":[[[91.44024466071873,23.673165700816664],[91.52717747039158,23.673165700816664],[91.51654787138268,23.77569420065166],[91.42525301554092,23.7728315803465],[91.44024466071873,23.673165700816664]]]},"properties":{"ulpin":"16183621576217","parcel_id":"6ef85336-3e6a-4fbb-816d-9cb95f626e6a","state":"Tripura","state_code":"TR","state_type":"STATE","state_lgd_code":"16","district_lgd_code":"270","district_name":"West Tripura","subdistrict_lgd_code":"2490","subdistrict_name":"Agartala Sadar","subdistrict_type":"Tehsil / Taluk","village_lgd_code":"294012","village_name":"Indranagar Mouza","khasra_plot_no":"Dag 502/Khatian 180/D18","recorded_area":"5.0","recorded_area_unit":"Ganda-Kani","normalized_area_sqm":"202.34","gis_area_sqm":"202.34","land_use_category":"MIXED_USE","land_use_raw":"Nal (Agricultural Lowland)","status":"PENDING_MUTATION","data_freshness_status":"STALE","scenario_index":"14443","use_case_description":"Court attachment and disputed possession","mutation_workflow_status":"NOTICE_PERIOD","revenue_record_id":"ROR-TR-2025-1025-0018","revenue_record_type":"E-Khatian (Jatan Portal Tripura)","khata_khewat_no":"KHT-75","khatauni_no":"KHN-175","owner_name":"Pradip Kumar Debbarma","owner_name_local":"প্রদীপ কুমার দেববর্মা","co_owners":"","tenure_type":"Bhumiswami / Freehold","mutation_status":"PENDING","active_mutation_id":"MUT-TR-00000018","tax_demand_status":"PAID","annual_tax_inr":"185.5","deed_number":"DEED-TR-2024-425-0018","deed_type":"Sale Deed / Conveyance","sro_office":"Sub-Registrar Office, Agartala Sadar","execution_date":"2024-05-10","registered_owner":"Pradip Kumar Debbarma","seller_name":"Previous Landholder","consideration_amount_inr":"3500000.0","stamp_duty_inr":"210000.0","survey_sketch_id":"FMB-TR-25-0018","cadastral_sheet_no":"SHT-TR-25","surveyed_area_sqm":"202.34","survey_status":"RESURVEY_REQUIRED","urban_authority":"Agartala Sadar Urban Development & Town Planning Authority","zone_name":"Agricultural / Green Buffer","permitted_land_use":"MIXED_USE","building_permission_status":"NOT_APPLICABLE","violations_reported":"False","is_encumbered":"True","encumbrance_certificate_number":"EC-TR-00000018-0018","encumbrance_type":"GOVT_REVENUE_LIEN","financial_institution":"","mortgage_amount":"0.0","created_at":"2026-01-15T09:00:00Z","updated_at":"2026-09-24T11:30:00Z"}},{"type":"Feature","geometry":{"type":"Polygon","coordinates":[[[91.5966907344629,23.75423899045077],[91.67943291541025,23.775812684672648],[91.67943291541025,23.86949853835152],[91.59765911480154,23.86645629692941],[91.5966907344629,23.75423899045077]]]},"properties":{"ulpin":"16619015360693","parcel_id":"7ba0b6bf-733e-4f01-9167-1eeded64f204","state":"Tripura","state_code":"TR","state_type":"STATE","state_lgd_code":"16","district_lgd_code":"270","district_name":"West Tripura","subdistrict_lgd_code":"2490","subdistrict_name":"Agartala Sadar","subdistrict_type":"Tehsil / Taluk","village_lgd_code":"294012","village_name":"Indranagar Mouza","khasra_plot_no":"Dag 502/Khatian 180/D19","recorded_area":"5.0","recorded_area_unit":"Ganda-Kani","normalized_area_sqm":"202.34","gis_area_sqm":"202.34","land_use_category":"OTHER","land_use_raw":"Nal (Agricultural Lowland)","status":"SUBDIVIDED","data_freshness_status":"UNKNOWN","scenario_index":"14444","use_case_description":"Tribal non-alienation protection review","mutation_workflow_status":"HEARING_SCHEDULED","revenue_record_id":"ROR-TR-2025-1025-0019","revenue_record_type":"E-Khatian (Jatan Portal Tripura)","khata_khewat_no":"KHT-75","khatauni_no":"KHN-175","owner_name":"Pradip Kumar Debbarma","owner_name_local":"প্রদীপ কুমার দেববর্মা","co_owners":"","tenure_type":"Leasehold","mutation_status":"UNMUTATED_TRANSACTION","active_mutation_id":"MUT-TR-00000019","tax_demand_status":"PAID","annual_tax_inr":"185.5","deed_number":"DEED-TR-2024-425-0019","deed_type":"Sale Deed / Conveyance","sro_office":"Sub-Registrar Office, Agartala Sadar","execution_date":"2024-05-10","registered_owner":"Registry Variance Owner 19","seller_name":"Previous Landholder","consideration_amount_inr":"3500000.0","stamp_duty_inr":"210000.0","survey_sketch_id":"FMB-TR-25-0019","cadastral_sheet_no":"SHT-TR-25","surveyed_area_sqm":"202.34","survey_status":"SURVEYED","urban_authority":"Agartala Sadar Urban Development & Town Planning Authority","zone_name":"Agricultural / Green Buffer","permitted_land_use":"OTHER","building_permission_status":"SANCTIONED","violations_reported":"False","is_encumbered":"True","encumbrance_certificate_number":"EC-TR-00000019-0019","encumbrance_type":"COURT_ATTACHMENT","financial_institution":"","mortgage_amount":"0.0","created_at":"2026-01-15T09:00:00Z","updated_at":"2026-09-24T11:30:00Z"}},{"type":"Feature","geometry":{"type":"Polygon","coordinates":[[[92.44021402057994,24.33375427487118],[92.5432658698917,24.326570754083203],[92.54260284692057,24.42688683041271],[92.44021402057994,24.42688683041271],[92.44021402057994,24.33375427487118]]]},"properties":{"ulpin":"16298862465708","parcel_id":"bc9947b1-f7d8-45bd-8962-c004e05d2481","state":"Tripura","state_code":"TR","state_type":"STATE","state_lgd_code":"16","district_lgd_code":"270","district_name":"West Tripura","subdistrict_lgd_code":"2490","subdistrict_name":"Agartala Sadar","subdistrict_type":"Tehsil / Taluk","village_lgd_code":"294012","village_name":"Indranagar Mouza","khasra_plot_no":"Dag 502/Khatian 180/D20","recorded_area":"5.0","recorded_area_unit":"Ganda-Kani","normalized_area_sqm":"202.34","gis_area_sqm":"202.34","land_use_category":"RESIDENTIAL","land_use_raw":"Nal (Agricultural Lowland)","status":"AMALGAMATED","data_freshness_status":"CURRENT","scenario_index":"14445","use_case_description":"Lease charge and institutional tenancy","mutation_workflow_status":"APPROVED","revenue_record_id":"ROR-TR-2025-1025-0020","revenue_record_type":"E-Khatian (Jatan Portal Tripura)","khata_khewat_no":"KHT-75","khatauni_no":"KHN-175","owner_name":"Pradip Kumar Debbarma","owner_name_local":"প্রদীপ কুমার দেববর্মা","co_owners":"","tenure_type":"Government Grant","mutation_status":"REJECTED","active_mutation_id":"MUT-TR-00000020","tax_demand_status":"PAID","annual_tax_inr":"185.5","deed_number":"DEED-TR-2024-425-0020","deed_type":"Sale Deed / Conveyance","sro_office":"Sub-Registrar Office, Agartala Sadar","execution_date":"2024-05-10","registered_owner":"Pradip Kumar Debbarma","seller_name":"Previous Landholder","consideration_amount_inr":"3500000.0","stamp_duty_inr":"210000.0","survey_sketch_id":"FMB-TR-25-0020","cadastral_sheet_no":"SHT-TR-25","surveyed_area_sqm":"202.34","survey_status":"PENDING","urban_authority":"Agartala Sadar Urban Development & Town Planning Authority","zone_name":"Agricultural / Green Buffer","permitted_land_use":"RESIDENTIAL","building_permission_status":"PENDING","violations_reported":"False","is_encumbered":"True","encumbrance_certificate_number":"EC-TR-00000020-0020","encumbrance_type":"TRIBAL_NON_ALIENATION","financial_institution":"","mortgage_amount":"0.0","created_at":"2026-01-15T09:00:00Z","updated_at":"2026-09-24T11:30:00Z"}},{"type":"Feature","geometry":{"type":"Polygon","coordinates":[[[91.52229782565416,24.176114881104773],[91.60012139876892,24.17322656181737],[91.60012139876892,24.25217474530707],[91.51844843535065,24.258566011340353],[91.52229782565416,24.176114881104773]]]},"properties":{"ulpin":"16178190019332","parcel_id":"43473ee1-c85b-4a4a-80d7-0c465e5037d3","state":"Tripura","state_code":"TR","state_type":"STATE","state_lgd_code":"16","district_lgd_code":"270","district_name":"West Tripura","subdistrict_lgd_code":"2490","subdistrict_name":"Agartala Sadar","subdistrict_type":"Tehsil / Taluk","village_lgd_code":"294012","village_name":"Indranagar Mouza","khasra_plot_no":"Dag 502/Khatian 180/D21","recorded_area":"5.0","recorded_area_unit":"Ganda-Kani","normalized_area_sqm":"202.34","gis_area_sqm":"202.34","land_use_category":"COMMERCIAL","land_use_raw":"Nal (Agricultural Lowland)","status":"DISPUTED","data_freshness_status":"STALE","scenario_index":"14446","use_case_description":"Subdivision or amalgamation history review","mutation_workflow_status":"REJECTED","revenue_record_id":"ROR-TR-2025-1025-0021","revenue_record_type":"E-Khatian (Jatan Portal Tripura)","khata_khewat_no":"KHT-75","khatauni_no":"KHN-175","owner_name":"Pradip Kumar Debbarma","owner_name_local":"প্রদীপ কুমার দেববর্মা","co_owners":"","tenure_type":"Waqf / Religious Trust","mutation_status":"DISPUTED","active_mutation_id":"MUT-TR-00000021","tax_demand_status":"PAID","annual_tax_inr":"185.5","deed_number":"DEED-TR-2024-425-0021","deed_type":"Sale Deed / Conveyance","sro_office":"Sub-Registrar Office, Agartala Sadar","execution_date":"2024-05-10","registered_owner":"Pradip Kumar Debbarma","seller_name":"Previous Landholder","consideration_amount_inr":"3500000.0","stamp_duty_inr":"210000.0","survey_sketch_id":"FMB-TR-25-0021","cadastral_sheet_no":"SHT-TR-25","surveyed_area_sqm":"202.34","survey_status":"DISPUTED","urban_authority":"Agartala Sadar Urban Development & Town Planning Authority","zone_name":"Agricultural / Green Buffer","permitted_land_use":"COMMERCIAL","building_permission_status":"REJECTED","violations_reported":"False","is_encumbered":"True","encumbrance_certificate_number":"EC-TR-00000021-0021","encumbrance_type":"LEASE_CHARGE","financial_institution":"","mortgage_amount":"0.0","created_at":"2026-01-15T09:00:00Z","updated_at":"2026-09-24T11:30:00Z"}},{"type":"Feature","geometry":{"type":"Polygon","coordinates":[[[92.0500406251869,23.832246444170657],[92.15600760553052,23.822394935984743],[92.16001345788482,23.894018347880284],[92.05535466956155,23.89319283042073],[92.0500406251869,23.832246444170657]]]},"properties":{"ulpin":"16500712909366","parcel_id":"5d93a1f1-12af-4215-a59e-e9381dc834c7","state":"Tripura","state_code":"TR","state_type":"STATE","state_lgd_code":"16","district_lgd_code":"270","district_name":"West Tripura","subdistrict_lgd_code":"2490","subdistrict_name":"Agartala Sadar","subdistrict_type":"Tehsil / Taluk","village_lgd_code":"294012","village_name":"Indranagar Mouza","khasra_plot_no":"Dag 502/Khatian 180/D22","recorded_area":"5.0","recorded_area_unit":"Ganda-Kani","normalized_area_sqm":"202.34","gis_area_sqm":"202.34","land_use_category":"INDUSTRIAL","land_use_raw":"Nal (Agricultural Lowland)","status":"ARCHIVED","data_freshness_status":"UNKNOWN","scenario_index":"14447","use_case_description":"Pending sale mutation within statutory SLA","mutation_workflow_status":"SLA_BREACHED","revenue_record_id":"ROR-TR-2025-1025-0022","revenue_record_type":"E-Khatian (Jatan Portal Tripura)","khata_khewat_no":"KHT-75","khatauni_no":"KHN-175","owner_name":"Pradip Kumar Debbarma","owner_name_local":"প্রদীপ কুমার দেববর্মা","co_owners":"","tenure_type":"Tribal Community Tenure","mutation_status":"NONE","active_mutation_id":"MUT-TR-00000022","tax_demand_status":"PAID","annual_tax_inr":"185.5","deed_number":"DEED-TR-2024-425-0022","deed_type":"Sale Deed / Conveyance","sro_office":"Sub-Registrar Office, Agartala Sadar","execution_date":"2024-05-10","registered_owner":"Pradip Kumar Debbarma","seller_name":"Previous Landholder","consideration_amount_inr":"3500000.0","stamp_duty_inr":"210000.0","survey_sketch_id":"FMB-TR-25-0022","cadastral_sheet_no":"SHT-TR-25","surveyed_area_sqm":"202.34","survey_status":"RESURVEY_REQUIRED","urban_authority":"Agartala Sadar Urban Development & Town Planning Authority","zone_name":"Agricultural / Green Buffer","permitted_land_use":"INDUSTRIAL","building_permission_status":"NOT_APPLICABLE","violations_reported":"False","is_encumbered":"False","encumbrance_certificate_number":"EC-TR-2024-125-0022","encumbrance_type":"NIL","financial_institution":"","mortgage_amount":"0.0","created_at":"2026-01-15T09:00:00Z","updated_at":"2026-09-24T11:30:00Z"}},{"type":"Feature","geometry":{"type":"Polygon","coordinates":[[[92.5252422887835,23.66277034533141],[92.61098841974571,23.68977261626391],[92.612064799916,23.789579534403106],[92.5256370314848,23.781989402719113],[92.5252422887835,23.66277034533141]]]},"properties":{"ulpin":"16977062848743","parcel_id":"ca74f77d-20c0-41cf-b035-3541b76a27dc","state":"Tripura","state_code":"TR","state_type":"STATE","state_lgd_code":"16","district_lgd_code":"270","district_name":"West Tripura","subdistrict_lgd_code":"2490","subdistrict_name":"Agartala Sadar","subdistrict_type":"Tehsil / Taluk","village_lgd_code":"294012","village_name":"Indranagar Mouza","khasra_plot_no":"Dag 502/Khatian 180/D23","recorded_area":"5.0","recorded_area_unit":"Ganda-Kani","normalized_area_sqm":"202.34","gis_area_sqm":"202.34","land_use_category":"AGRICULTURAL","land_use_raw":"Nal (Agricultural Lowland)","status":"ACTIVE","data_freshness_status":"CURRENT","scenario_index":"14448","use_case_description":"Bank mortgage and active encumbrance","mutation_workflow_status":"SUBMITTED","revenue_record_id":"ROR-TR-2025-1025-0023","revenue_record_type":"E-Khatian (Jatan Portal Tripura)","khata_khewat_no":"KHT-75","khatauni_no":"KHN-175","owner_name":"Pradip Kumar Debbarma","owner_name_local":"প্রদীপ কুমার দেববর্মা","co_owners":"","tenure_type":"Bhumiswami / Raiyati with Transferable Rights","mutation_status":"MUTATED","active_mutation_id":"","tax_demand_status":"PAID","annual_tax_inr":"185.5","deed_number":"DEED-TR-2024-425-0023","deed_type":"Sale Deed / Conveyance","sro_office":"Sub-Registrar Office, Agartala Sadar","execution_date":"2024-05-10","registered_owner":"Pradip Kumar Debbarma","seller_name":"Previous Landholder","consideration_amount_inr":"3500000.0","stamp_duty_inr":"210000.0","survey_sketch_id":"FMB-TR-25-0023","cadastral_sheet_no":"SHT-TR-25","surveyed_area_sqm":"202.34","survey_status":"SURVEYED","urban_authority":"Agartala Sadar Urban Development & Town Planning Authority","zone_name":"Agricultural / Green Buffer","permitted_land_use":"AGRICULTURAL","building_permission_status":"SANCTIONED","violations_reported":"True","is_encumbered":"True","encumbrance_certificate_number":"EC-TR-00000023-0023","encumbrance_type":"BANK_MORTGAGE","financial_institution":"","mortgage_amount":"0.0","created_at":"2026-01-15T09:00:00Z","updated_at":"2026-09-24T11:30:00Z"}},{"type":"Feature","geometry":{"type":"Polygon","coordinates":[[[91.52631242972801,23.87715868857515],[91.59765911480154,23.86645629692941],[91.61021041202181,23.957285601415006],[91.50784584583106,23.957285601415006],[91.52631242972801,23.87715868857515]]]},"properties":{"ulpin":"16108503872643","parcel_id":"badb7bc3-d087-45d0-8147-e8be6ab104f8","state":"Tripura","state_code":"TR","state_type":"STATE","state_lgd_code":"16","district_lgd_code":"270","district_name":"West Tripura","subdistrict_lgd_code":"2490","subdistrict_name":"Agartala Sadar","subdistrict_type":"Tehsil / Taluk","village_lgd_code":"294012","village_name":"Indranagar Mouza","khasra_plot_no":"Dag 502/Khatian 180/D24","recorded_area":"5.0","recorded_area_unit":"Ganda-Kani","normalized_area_sqm":"202.34","gis_area_sqm":"202.34","land_use_category":"INSTITUTIONAL","land_use_raw":"Nal (Agricultural Lowland)","status":"PENDING_MUTATION","data_freshness_status":"STALE","scenario_index":"14449","use_case_description":"Government revenue lien and tax demand","mutation_workflow_status":"UNDER_VERIFICATION","revenue_record_id":"ROR-TR-2025-1025-0024","revenue_record_type":"E-Khatian (Jatan Portal Tripura)","khata_khewat_no":"KHT-75","khatauni_no":"KHN-175","owner_name":"Pradip Kumar Debbarma","owner_name_local":"প্রদীপ কুমার দেববর্মা","co_owners":"","tenure_type":"Bhumiswami / Freehold","mutation_status":"PENDING","active_mutation_id":"MUT-TR-00000024","tax_demand_status":"PAID","annual_tax_inr":"185.5","deed_number":"DEED-TR-2024-425-0024","deed_type":"Sale Deed / Conveyance","sro_office":"Sub-Registrar Office, Agartala Sadar","execution_date":"2024-05-10","registered_owner":"Registry Variance Owner 24","seller_name":"Previous Landholder","consideration_amount_inr":"3500000.0","stamp_duty_inr":"210000.0","survey_sketch_id":"FMB-TR-25-0024","cadastral_sheet_no":"SHT-TR-25","surveyed_area_sqm":"202.34","survey_status":"PENDING","urban_authority":"Agartala Sadar Urban Development & Town Planning Authority","zone_name":"Agricultural / Green Buffer","permitted_land_use":"INSTITUTIONAL","building_permission_status":"PENDING","violations_reported":"False","is_encumbered":"True","encumbrance_certificate_number":"EC-TR-00000024-0024","encumbrance_type":"GOVT_REVENUE_LIEN","financial_institution":"","mortgage_amount":"0.0","created_at":"2026-01-15T09:00:00Z","updated_at":"2026-09-24T11:30:00Z"}},{"type":"Feature","geometry":{"type":"Polygon","coordinates":[[[92.4157746380147,23.578879873760357],[92.51468902088254,23.578879873760357],[92.5252422887835,23.66277034533141],[92.42534485964889,23.66253486943823],[92.4157746380147,23.578879873760357]]]},"properties":{"ulpin":"16001334283044","parcel_id":"2868cda6-5c3d-4618-8f65-a499c50256bc","state":"Tripura","state_code":"TR","state_type":"STATE","state_lgd_code":"16","district_lgd_code":"270","district_name":"West Tripura","subdistrict_lgd_code":"2490","subdistrict_name":"Agartala Sadar","subdistrict_type":"Tehsil / Taluk","village_lgd_code":"294012","village_name":"Indranagar Mouza","khasra_plot_no":"Dag 502/Khatian 180/D25","recorded_area":"5.0","recorded_area_unit":"Ganda-Kani","normalized_area_sqm":"202.34","gis_area_sqm":"202.34","land_use_category":"FOREST_GREEN_BELT","land_use_raw":"Nal (Agricultural Lowland)","status":"SUBDIVIDED","data_freshness_status":"UNKNOWN","scenario_index":"14450","use_case_description":"Court attachment and disputed possession","mutation_workflow_status":"NOTICE_PERIOD","revenue_record_id":"ROR-TR-2025-1025-0025","revenue_record_type":"E-Khatian (Jatan Portal Tripura)","khata_khewat_no":"KHT-75","khatauni_no":"KHN-175","owner_name":"Pradip Kumar Debbarma","owner_name_local":"প্রদীপ কুমার দেববর্মা","co_owners":"","tenure_type":"Leasehold","mutation_status":"UNMUTATED_TRANSACTION","active_mutation_id":"MUT-TR-00000025","tax_demand_status":"PAID","annual_tax_inr":"185.5","deed_number":"DEED-TR-2024-425-0025","deed_type":"Sale Deed / Conveyance","sro_office":"Sub-Registrar Office, Agartala Sadar","execution_date":"2024-05-10","registered_owner":"Pradip Kumar Debbarma","seller_name":"Previous Landholder","consideration_amount_inr":"3500000.0","stamp_duty_inr":"210000.0","survey_sketch_id":"FMB-TR-25-0025","cadastral_sheet_no":"SHT-TR-25","surveyed_area_sqm":"202.34","survey_status":"DISPUTED","urban_authority":"Agartala Sadar Urban Development & Town Planning Authority","zone_name":"Agricultural / Green Buffer","permitted_land_use":"FOREST_GREEN_BELT","building_permission_status":"REJECTED","violations_reported":"False","is_encumbered":"True","encumbrance_certificate_number":"EC-TR-00000025-0025","encumbrance_type":"COURT_ATTACHMENT","financial_institution":"","mortgage_amount":"0.0","created_at":"2026-01-15T09:00:00Z","updated_at":"2026-09-24T11:30:00Z"}},{"type":"Feature","geometry":{"type":"Polygon","coordinates":[[[92.44021402057994,24.160994809968006],[92.53222105347677,24.160994809968006],[92.53030220343358,24.245292914634398],[92.44021402057994,24.254524325251392],[92.44021402057994,24.160994809968006]]]},"properties":{"ulpin":"16476484931359","parcel_id":"f7741cad-09e7-4830-aab4-3be98ecd8fb8","state":"Tripura","state_code":"TR","state_type":"STATE","state_lgd_code":"16","district_lgd_code":"270","district_name":"West Tripura","subdistrict_lgd_code":"2490","subdistrict_name":"Agartala Sadar","subdistrict_type":"Tehsil / Taluk","village_lgd_code":"294012","village_name":"Indranagar Mouza","khasra_plot_no":"Dag 502/Khatian 180/D26","recorded_area":"5.0","recorded_area_unit":"Ganda-Kani","normalized_area_sqm":"202.34","gis_area_sqm":"202.34","land_use_category":"WATER_BODY","land_use_raw":"Nal (Agricultural Lowland)","status":"AMALGAMATED","data_freshness_status":"CURRENT","scenario_index":"14451","use_case_description":"Tribal non-alienation protection review","mutation_workflow_status":"HEARING_SCHEDULED","revenue_record_id":"ROR-TR-2025-1025-0026","revenue_record_type":"E-Khatian (Jatan Portal Tripura)","khata_khewat_no":"KHT-75","khatauni_no":"KHN-175","owner_name":"Pradip Kumar Debbarma","owner_name_local":"প্রদীপ কুমার দেববর্মা","co_owners":"","tenure_type":"Government Grant","mutation_status":"REJECTED","active_mutation_id":"MUT-TR-00000026","tax_demand_status":"PAID","annual_tax_inr":"185.5","deed_number":"DEED-TR-2024-425-0026","deed_type":"Sale Deed / Conveyance","sro_office":"Sub-Registrar Office, Agartala Sadar","execution_date":"2024-05-10","registered_owner":"Pradip Kumar Debbarma","seller_name":"Previous Landholder","consideration_amount_inr":"3500000.0","stamp_duty_inr":"210000.0","survey_sketch_id":"FMB-TR-25-0026","cadastral_sheet_no":"SHT-TR-25","surveyed_area_sqm":"202.34","survey_status":"RESURVEY_REQUIRED","urban_authority":"Agartala Sadar Urban Development & Town Planning Authority","zone_name":"Agricultural / Green Buffer","permitted_land_use":"WATER_BODY","building_permission_status":"NOT_APPLICABLE","violations_reported":"False","is_encumbered":"True","encumbrance_certificate_number":"EC-TR-00000026-0026","encumbrance_type":"TRIBAL_NON_ALIENATION","financial_institution":"","mortgage_amount":"0.0","created_at":"2026-01-15T09:00:00Z","updated_at":"2026-09-24T11:30:00Z"}},{"type":"Feature","geometry":{"type":"Polygon","coordinates":[[[92.1503115437003,23.62369482024644],[92.24026495327978,23.62369482024644],[92.24026495327978,23.70120909415573],[92.14569913775134,23.691955697335683],[92.1503115437003,23.62369482024644]]]},"properties":{"ulpin":"16508063999026","parcel_id":"2cb1ddff-1542-46df-ad3c-ada5777d87c0","state":"Tripura","state_code":"TR","state_type":"STATE","state_lgd_code":"16","district_lgd_code":"270","district_name":"West Tripura","subdistrict_lgd_code":"2490","subdistrict_name":"Agartala Sadar","subdistrict_type":"Tehsil / Taluk","village_lgd_code":"294012","village_name":"Indranagar Mouza","khasra_plot_no":"Dag 502/Khatian 180/D27","recorded_area":"5.0","recorded_area_unit":"Ganda-Kani","normalized_area_sqm":"202.34","gis_area_sqm":"202.34","land_use_category":"MIXED_USE","land_use_raw":"Nal (Agricultural Lowland)","status":"DISPUTED","data_freshness_status":"STALE","scenario_index":"14452","use_case_description":"Lease charge and institutional tenancy","mutation_workflow_status":"APPROVED","revenue_record_id":"ROR-TR-2025-1025-0027","revenue_record_type":"E-Khatian (Jatan Portal Tripura)","khata_khewat_no":"KHT-75","khatauni_no":"KHN-175","owner_name":"Pradip Kumar Debbarma","owner_name_local":"প্রদীপ কুমার দেববর্মা","co_owners":"","tenure_type":"Waqf / Religious Trust","mutation_status":"DISPUTED","active_mutation_id":"MUT-TR-00000027","tax_demand_status":"PAID","annual_tax_inr":"185.5","deed_number":"DEED-TR-2024-425-0027","deed_type":"Sale Deed / Conveyance","sro_office":"Sub-Registrar Office, Agartala Sadar","execution_date":"2024-05-10","registered_owner":"Pradip Kumar Debbarma","seller_name":"Previous Landholder","consideration_amount_inr":"3500000.0","stamp_duty_inr":"210000.0","survey_sketch_id":"FMB-TR-25-0027","cadastral_sheet_no":"SHT-TR-25","surveyed_area_sqm":"202.34","survey_status":"SURVEYED","urban_authority":"Agartala Sadar Urban Development & Town Planning Authority","zone_name":"Agricultural / Green Buffer","permitted_land_use":"MIXED_USE","building_permission_status":"SANCTIONED","violations_reported":"False","is_encumbered":"True","encumbrance_certificate_number":"EC-TR-00000027-0027","encumbrance_type":"LEASE_CHARGE","financial_institution":"","mortgage_amount":"0.0","created_at":"2026-01-15T09:00:00Z","updated_at":"2026-09-24T11:30:00Z"}},{"type":"Feature","geometry":{"type":"Polygon","coordinates":[[[91.28356679783295,24.017696775064948],[91.37160929332546,24.017696775064948],[91.37132913277065,24.1018857289077],[91.28356679783295,24.108316753866852],[91.28356679783295,24.017696775064948]]]},"properties":{"ulpin":"16550423766489","parcel_id":"3b00e696-d61e-485a-8bbd-07cdda621afb","state":"Tripura","state_code":"TR","state_type":"STATE","state_lgd_code":"16","district_lgd_code":"270","district_name":"West Tripura","subdistrict_lgd_code":"2490","subdistrict_name":"Agartala Sadar","subdistrict_type":"Tehsil / Taluk","village_lgd_code":"294012","village_name":"Indranagar Mouza","khasra_plot_no":"Dag 502/Khatian 180/D28","recorded_area":"5.0","recorded_area_unit":"Ganda-Kani","normalized_area_sqm":"202.34","gis_area_sqm":"202.34","land_use_category":"OTHER","land_use_raw":"Nal (Agricultural Lowland)","status":"ARCHIVED","data_freshness_status":"UNKNOWN","scenario_index":"14453","use_case_description":"Bank mortgage and active encumbrance","mutation_workflow_status":"REJECTED","revenue_record_id":"ROR-TR-2025-1025-0028","revenue_record_type":"E-Khatian (Jatan Portal Tripura)","khata_khewat_no":"KHT-75","khatauni_no":"KHN-175","owner_name":"Pradip Kumar Debbarma","owner_name_local":"প্রদীপ কুমার দেববর্মা","co_owners":"","tenure_type":"Tribal Community Tenure","mutation_status":"NONE","active_mutation_id":"MUT-TR-00000028","tax_demand_status":"PAID","annual_tax_inr":"185.5","deed_number":"DEED-TR-2024-425-0028","deed_type":"Sale Deed / Conveyance","sro_office":"Sub-Registrar Office, Agartala Sadar","execution_date":"2024-05-10","registered_owner":"Pradip Kumar Debbarma","seller_name":"Previous Landholder","consideration_amount_inr":"3500000.0","stamp_duty_inr":"210000.0","survey_sketch_id":"FMB-TR-25-0028","cadastral_sheet_no":"SHT-TR-25","surveyed_area_sqm":"202.34","survey_status":"PENDING","urban_authority":"Agartala Sadar Urban Development & Town Planning Authority","zone_name":"Agricultural / Green Buffer","permitted_land_use":"OTHER","building_permission_status":"PENDING","violations_reported":"False","is_encumbered":"False","encumbrance_certificate_number":"EC-TR-2024-125-0028","encumbrance_type":"NIL","financial_institution":"","mortgage_amount":"0.0","created_at":"2026-01-15T09:00:00Z","updated_at":"2026-09-24T11:30:00Z"}},{"type":"Feature","geometry":{"type":"Polygon","coordinates":[[[91.36076725430837,24.24832042101502],[91.43089180915919,24.244676029237436],[91.44769225888204,24.335589491483475],[91.3503558477163,24.335589491483475],[91.36076725430837,24.24832042101502]]]},"properties":{"ulpin":"16490908182372","parcel_id":"1a126a7b-39f2-434b-b239-056ce3208e74","state":"Tripura","state_code":"TR","state_type":"STATE","state_lgd_code":"16","district_lgd_code":"270","district_name":"West Tripura","subdistrict_lgd_code":"2490","subdistrict_name":"Agartala Sadar","subdistrict_type":"Tehsil / Taluk","village_lgd_code":"294012","village_name":"Indranagar Mouza","khasra_plot_no":"Dag 502/Khatian 180/D29","recorded_area":"5.0","recorded_area_unit":"Ganda-Kani","normalized_area_sqm":"202.34","gis_area_sqm":"202.34","land_use_category":"RESIDENTIAL","land_use_raw":"Nal (Agricultural Lowland)","status":"ACTIVE","data_freshness_status":"CURRENT","scenario_index":"14454","use_case_description":"Archived historical record for audit retrieval","mutation_workflow_status":"SLA_BREACHED","revenue_record_id":"ROR-TR-2025-1025-0029","revenue_record_type":"E-Khatian (Jatan Portal Tripura)","khata_khewat_no":"KHT-75","khatauni_no":"KHN-175","owner_name":"Pradip Kumar Debbarma","owner_name_local":"প্রদীপ কুমার দেববর্মা","co_owners":"","tenure_type":"Bhumiswami / Raiyati with Transferable Rights","mutation_status":"MUTATED","active_mutation_id":"","tax_demand_status":"PAID","annual_tax_inr":"185.5","deed_number":"DEED-TR-2024-425-0029","deed_type":"Sale Deed / Conveyance","sro_office":"Sub-Registrar Office, Agartala Sadar","execution_date":"2024-05-10","registered_owner":"Registry Variance Owner 29","seller_name":"Previous Landholder","consideration_amount_inr":"3500000.0","stamp_duty_inr":"210000.0","survey_sketch_id":"FMB-TR-25-0029","cadastral_sheet_no":"SHT-TR-25","surveyed_area_sqm":"202.34","survey_status":"DISPUTED","urban_authority":"Agartala Sadar Urban Development & Town Planning Authority","zone_name":"Agricultural / Green Buffer","permitted_land_use":"RESIDENTIAL","building_permission_status":"REJECTED","violations_reported":"False","is_encumbered":"True","encumbrance_certificate_number":"EC-TR-00000029-0029","encumbrance_type":"BANK_MORTGAGE","financial_institution":"","mortgage_amount":"0.0","created_at":"2026-01-15T09:00:00Z","updated_at":"2026-09-24T11:30:00Z"}},{"type":"Feature","geometry":{"type":"Polygon","coordinates":[[[91.35157660214472,23.781842587892598],[91.42525301554092,23.7728315803465],[91.4301964827375,23.86625685395398],[91.35157660214472,23.851528589443834],[91.35157660214472,23.781842587892598]]]},"properties":{"ulpin":"16174084566622","parcel_id":"cb6061b8-2d2f-4275-8506-49881f0b3b19","state":"Tripura","state_code":"TR","state_type":"STATE","state_lgd_code":"16","district_lgd_code":"270","district_name":"West Tripura","subdistrict_lgd_code":"2490","subdistrict_name":"Agartala Sadar","subdistrict_type":"Tehsil / Taluk","village_lgd_code":"294012","village_name":"Indranagar Mouza","khasra_plot_no":"Dag 502/Khatian 180/D30","recorded_area":"5.0","recorded_area_unit":"Ganda-Kani","normalized_area_sqm":"202.34","gis_area_sqm":"202.34","land_use_category":"COMMERCIAL","land_use_raw":"Nal (Agricultural Lowland)","status":"PENDING_MUTATION","data_freshness_status":"STALE","scenario_index":"14455","use_case_description":"Bank mortgage and active encumbrance","mutation_workflow_status":"SUBMITTED","revenue_record_id":"ROR-TR-2025-1025-0030","revenue_record_type":"E-Khatian (Jatan Portal Tripura)","khata_khewat_no":"KHT-75","khatauni_no":"KHN-175","owner_name":"Pradip Kumar Debbarma","owner_name_local":"প্রদীপ কুমার দেববর্মা","co_owners":"","tenure_type":"Bhumiswami / Freehold","mutation_status":"PENDING","active_mutation_id":"MUT-TR-00000030","tax_demand_status":"PAID","annual_tax_inr":"185.5","deed_number":"DEED-TR-2024-425-0030","deed_type":"Sale Deed / Conveyance","sro_office":"Sub-Registrar Office, Agartala Sadar","execution_date":"2024-05-10","registered_owner":"Pradip Kumar Debbarma","seller_name":"Previous Landholder","consideration_amount_inr":"3500000.0","stamp_duty_inr":"210000.0","survey_sketch_id":"FMB-TR-25-0030","cadastral_sheet_no":"SHT-TR-25","surveyed_area_sqm":"202.34","survey_status":"RESURVEY_REQUIRED","urban_authority":"Agartala Sadar Urban Development & Town Planning Authority","zone_name":"Agricultural / Green Buffer","permitted_land_use":"COMMERCIAL","building_permission_status":"NOT_APPLICABLE","violations_reported":"True","is_encumbered":"True","encumbrance_certificate_number":"EC-TR-00000030-0030","encumbrance_type":"GOVT_REVENUE_LIEN","financial_institution":"","mortgage_amount":"0.0","created_at":"2026-01-15T09:00:00Z","updated_at":"2026-09-24T11:30:00Z"}},{"type":"Feature","geometry":{"type":"Polygon","coordinates":[[[92.51468902088254,23.578879873760357],[92.62956310035395,23.578879873760357],[92.61098841974571,23.68977261626391],[92.5252422887835,23.66277034533141],[92.51468902088254,23.578879873760357]]]},"properties":{"ulpin":"16094896762683","parcel_id":"01940322-47ea-4c21-ac6c-54b408d9f0e6","state":"Tripura","state_code":"TR","state_type":"STATE","state_lgd_code":"16","district_lgd_code":"270","district_name":"West Tripura","subdistrict_lgd_code":"2490","subdistrict_name":"Agartala Sadar","subdistrict_type":"Tehsil / Taluk","village_lgd_code":"294012","village_name":"Indranagar Mouza","khasra_plot_no":"Dag 502/Khatian 180/D31","recorded_area":"5.0","recorded_area_unit":"Ganda-Kani","normalized_area_sqm":"202.34","gis_area_sqm":"202.34","land_use_category":"INDUSTRIAL","land_use_raw":"Nal (Agricultural Lowland)","status":"SUBDIVIDED","data_freshness_status":"UNKNOWN","scenario_index":"14456","use_case_description":"Government revenue lien and tax demand","mutation_workflow_status":"UNDER_VERIFICATION","revenue_record_id":"ROR-TR-2025-1025-0031","revenue_record_type":"E-Khatian (Jatan Portal Tripura)","khata_khewat_no":"KHT-75","khatauni_no":"KHN-175","owner_name":"Pradip Kumar Debbarma","owner_name_local":"প্রদীপ কুমার দেববর্মা","co_owners":"","tenure_type":"Leasehold","mutation_status":"UNMUTATED_TRANSACTION","active_mutation_id":"MUT-TR-00000031","tax_demand_status":"PAID","annual_tax_inr":"185.5","deed_number":"DEED-TR-2024-425-0031","deed_type":"Sale Deed / Conveyance","sro_office":"Sub-Registrar Office, Agartala Sadar","execution_date":"2024-05-10","registered_owner":"Pradip Kumar Debbarma","seller_name":"Previous Landholder","consideration_amount_inr":"3500000.0","stamp_duty_inr":"210000.0","survey_sketch_id":"FMB-TR-25-0031","cadastral_sheet_no":"SHT-TR-25","surveyed_area_sqm":"202.34","survey_status":"SURVEYED","urban_authority":"Agartala Sadar Urban Development & Town Planning Authority","zone_name":"Agricultural / Green Buffer","permitted_land_use":"INDUSTRIAL","building_permission_status":"SANCTIONED","violations_reported":"False","is_encumbered":"True","encumbrance_certificate_number":"EC-TR-00000031-0031","encumbrance_type":"COURT_ATTACHMENT","financial_institution":"","mortgage_amount":"0.0","created_at":"2026-01-15T09:00:00Z","updated_at":"2026-09-24T11:30:00Z"}},{"type":"Feature","geometry":{"type":"Polygon","coordinates":[[[92.62956310035395,23.578879873760357],[92.7268427058057,23.578879873760357],[92.7268427058057,23.683044947216032],[92.61098841974571,23.68977261626391],[92.62956310035395,23.578879873760357]]]},"properties":{"ulpin":"16060847674561","parcel_id":"f4c7eecc-3af3-4fce-9034-c61c9ba80c99","state":"Tripura","state_code":"TR","state_type":"STATE","state_lgd_code":"16","district_lgd_code":"270","district_name":"West Tripura","subdistrict_lgd_code":"2490","subdistrict_name":"Agartala Sadar","subdistrict_type":"Tehsil / Taluk","village_lgd_code":"294012","village_name":"Indranagar Mouza","khasra_plot_no":"Dag 502/Khatian 180/D32","recorded_area":"5.0","recorded_area_unit":"Ganda-Kani","normalized_area_sqm":"202.34","gis_area_sqm":"202.34","land_use_category":"AGRICULTURAL","land_use_raw":"Nal (Agricultural Lowland)","status":"AMALGAMATED","data_freshness_status":"CURRENT","scenario_index":"14457","use_case_description":"Court attachment and disputed possession","mutation_workflow_status":"NOTICE_PERIOD","revenue_record_id":"ROR-TR-2025-1025-0032","revenue_record_type":"E-Khatian (Jatan Portal Tripura)","khata_khewat_no":"KHT-75","khatauni_no":"KHN-175","owner_name":"Pradip Kumar Debbarma","owner_name_local":"প্রদীপ কুমার দেববর্মা","co_owners":"","tenure_type":"Government Grant","mutation_status":"REJECTED","active_mutation_id":"MUT-TR-00000032","tax_demand_status":"PAID","annual_tax_inr":"185.5","deed_number":"DEED-TR-2024-425-0032","deed_type":"Sale Deed / Conveyance","sro_office":"Sub-Registrar Office, Agartala Sadar","execution_date":"2024-05-10","registered_owner":"Pradip Kumar Debbarma","seller_name":"Previous Landholder","consideration_amount_inr":"3500000.0","stamp_duty_inr":"210000.0","survey_sketch_id":"FMB-TR-25-0032","cadastral_sheet_no":"SHT-TR-25","surveyed_area_sqm":"202.34","survey_status":"PENDING","urban_authority":"Agartala Sadar Urban Development & Town Planning Authority","zone_name":"Agricultural / Green Buffer","permitted_land_use":"AGRICULTURAL","building_permission_status":"PENDING","violations_reported":"False","is_encumbered":"True","encumbrance_certificate_number":"EC-TR-00000032-0032","encumbrance_type":"TRIBAL_NON_ALIENATION","financial_institution":"","mortgage_amount":"0.0","created_at":"2026-01-15T09:00:00Z","updated_at":"2026-09-24T11:30:00Z"}},{"type":"Feature","geometry":{"type":"Polygon","coordinates":[[[92.61098841974571,23.68977261626391],[92.7268427058057,23.683044947216032],[92.7268427058057,23.788962881842277],[92.612064799916,23.789579534403106],[92.61098841974571,23.68977261626391]]]},"properties":{"ulpin":"16221055237293","parcel_id":"a5d2a6fe-33ec-44f2-84f2-e3fe3da8be45","state":"Tripura","state_code":"TR","state_type":"STATE","state_lgd_code":"16","district_lgd_code":"270","district_name":"West Tripura","subdistrict_lgd_code":"2490","subdistrict_name":"Agartala Sadar","subdistrict_type":"Tehsil / Taluk","village_lgd_code":"294012","village_name":"Indranagar Mouza","khasra_plot_no":"Dag 502/Khatian 180/D33","recorded_area":"5.0","recorded_area_unit":"Ganda-Kani","normalized_area_sqm":"202.34","gis_area_sqm":"202.34","land_use_category":"INSTITUTIONAL","land_use_raw":"Nal (Agricultural Lowland)","status":"DISPUTED","data_freshness_status":"STALE","scenario_index":"14458","use_case_description":"Tribal non-alienation protection review","mutation_workflow_status":"HEARING_SCHEDULED","revenue_record_id":"ROR-TR-2025-1025-0033","revenue_record_type":"E-Khatian (Jatan Portal Tripura)","khata_khewat_no":"KHT-75","khatauni_no":"KHN-175","owner_name":"Pradip Kumar Debbarma","owner_name_local":"প্রদীপ কুমার দেববর্মা","co_owners":"","tenure_type":"Waqf / Religious Trust","mutation_status":"DISPUTED","active_mutation_id":"MUT-TR-00000033","tax_demand_status":"PAID","annual_tax_inr":"185.5","deed_number":"DEED-TR-2024-425-0033","deed_type":"Sale Deed / Conveyance","sro_office":"Sub-Registrar Office, Agartala Sadar","execution_date":"2024-05-10","registered_owner":"Pradip Kumar Debbarma","seller_name":"Previous Landholder","consideration_amount_inr":"3500000.0","stamp_duty_inr":"210000.0","survey_sketch_id":"FMB-TR-25-0033","cadastral_sheet_no":"SHT-TR-25","surveyed_area_sqm":"202.34","survey_status":"DISPUTED","urban_authority":"Agartala Sadar Urban Development & Town Planning Authority","zone_name":"Agricultural / Green Buffer","permitted_land_use":"INSTITUTIONAL","building_permission_status":"REJECTED","violations_reported":"False","is_encumbered":"True","encumbrance_certificate_number":"EC-TR-00000033-0033","encumbrance_type":"LEASE_CHARGE","financial_institution":"","mortgage_amount":"0.0","created_at":"2026-01-15T09:00:00Z","updated_at":"2026-09-24T11:30:00Z"}},{"type":"Feature","geometry":{"type":"Polygon","coordinates":[[[91.37222977282342,24.179137195544108],[91.43796054842724,24.171273381206472],[91.43089180915919,24.244676029237436],[91.36076725430837,24.24832042101502],[91.37222977282342,24.179137195544108]]]},"properties":{"ulpin":"16743377838186","parcel_id":"d3228e6e-ccf2-4db4-9753-97dfbf1b565e","state":"Tripura","state_code":"TR","state_type":"STATE","state_lgd_code":"16","district_lgd_code":"270","district_name":"West Tripura","subdistrict_lgd_code":"2490","subdistrict_name":"Agartala Sadar","subdistrict_type":"Tehsil / Taluk","village_lgd_code":"294012","village_name":"Indranagar Mouza","khasra_plot_no":"Dag 502/Khatian 180/D34","recorded_area":"5.0","recorded_area_unit":"Ganda-Kani","normalized_area_sqm":"202.34","gis_area_sqm":"202.34","land_use_category":"FOREST_GREEN_BELT","land_use_raw":"Nal (Agricultural Lowland)","status":"ARCHIVED","data_freshness_status":"UNKNOWN","scenario_index":"14459","use_case_description":"Archived historical record for audit retrieval","mutation_workflow_status":"APPROVED","revenue_record_id":"ROR-TR-2025-1025-0034","revenue_record_type":"E-Khatian (Jatan Portal Tripura)","khata_khewat_no":"KHT-75","khatauni_no":"KHN-175","owner_name":"Pradip Kumar Debbarma","owner_name_local":"প্রদীপ কুমার দেববর্মা","co_owners":"","tenure_type":"Tribal Community Tenure","mutation_status":"NONE","active_mutation_id":"MUT-TR-00000034","tax_demand_status":"PAID","annual_tax_inr":"185.5","deed_number":"DEED-TR-2024-425-0034","deed_type":"Sale Deed / Conveyance","sro_office":"Sub-Registrar Office, Agartala Sadar","execution_date":"2024-05-10","registered_owner":"Registry Variance Owner 34","seller_name":"Previous Landholder","consideration_amount_inr":"3500000.0","stamp_duty_inr":"210000.0","survey_sketch_id":"FMB-TR-25-0034","cadastral_sheet_no":"SHT-TR-25","surveyed_area_sqm":"202.34","survey_status":"RESURVEY_REQUIRED","urban_authority":"Agartala Sadar Urban Development & Town Planning Authority","zone_name":"Agricultural / Green Buffer","permitted_land_use":"FOREST_GREEN_BELT","building_permission_status":"NOT_APPLICABLE","violations_reported":"False","is_encumbered":"False","encumbrance_certificate_number":"EC-TR-2024-125-0034","encumbrance_type":"NIL","financial_institution":"","mortgage_amount":"0.0","created_at":"2026-01-15T09:00:00Z","updated_at":"2026-09-24T11:30:00Z"}},{"type":"Feature","geometry":{"type":"Polygon","coordinates":[[[91.9573649253813,23.90257264711495],[92.05535466956155,23.89319283042073],[92.06323597096299,23.95908288766014],[91.96255913624006,23.95908288766014],[91.9573649253813,23.90257264711495]]]},"properties":{"ulpin":"16991578062687","parcel_id":"52327bd8-c849-4abd-8724-975b6b168a75","state":"Tripura","state_code":"TR","state_type":"STATE","state_lgd_code":"16","district_lgd_code":"270","district_name":"West Tripura","subdistrict_lgd_code":"2490","subdistrict_name":"Agartala Sadar","subdistrict_type":"Tehsil / Taluk","village_lgd_code":"294012","village_name":"Indranagar Mouza","khasra_plot_no":"Dag 502/Khatian 180/D35","recorded_area":"5.0","recorded_area_unit":"Ganda-Kani","normalized_area_sqm":"202.34","gis_area_sqm":"202.34","land_use_category":"WATER_BODY","land_use_raw":"Nal (Agricultural Lowland)","status":"ACTIVE","data_freshness_status":"CURRENT","scenario_index":"14460","use_case_description":"Subdivision or amalgamation history review","mutation_workflow_status":"REJECTED","revenue_record_id":"ROR-TR-2025-1025-0035","revenue_record_type":"E-Khatian (Jatan Portal Tripura)","khata_khewat_no":"KHT-75","khatauni_no":"KHN-175","owner_name":"Pradip Kumar Debbarma","owner_name_local":"প্রদীপ কুমার দেববর্মা","co_owners":"","tenure_type":"Bhumiswami / Raiyati with Transferable Rights","mutation_status":"MUTATED","active_mutation_id":"","tax_demand_status":"PAID","annual_tax_inr":"185.5","deed_number":"DEED-TR-2024-425-0035","deed_type":"Sale Deed / Conveyance","sro_office":"Sub-Registrar Office, Agartala Sadar","execution_date":"2024-05-10","registered_owner":"Pradip Kumar Debbarma","seller_name":"Previous Landholder","consideration_amount_inr":"3500000.0","stamp_duty_inr":"210000.0","survey_sketch_id":"FMB-TR-25-0035","cadastral_sheet_no":"SHT-TR-25","surveyed_area_sqm":"202.34","survey_status":"SURVEYED","urban_authority":"Agartala Sadar Urban Development & Town Planning Authority","zone_name":"Agricultural / Green Buffer","permitted_land_use":"WATER_BODY","building_permission_status":"SANCTIONED","violations_reported":"False","is_encumbered":"True","encumbrance_certificate_number":"EC-TR-00000035-0035","encumbrance_type":"BANK_MORTGAGE","financial_institution":"","mortgage_amount":"0.0","created_at":"2026-01-15T09:00:00Z","updated_at":"2026-09-24T11:30:00Z"}},{"type":"Feature","geometry":{"type":"Polygon","coordinates":[[[92.62409361042869,24.259124346191886],[92.73463889685077,24.26131473744458],[92.73463889685077,24.35133714819678],[92.63382645497538,24.34795481742439],[92.62409361042869,24.259124346191886]]]},"properties":{"ulpin":"16973738016453","parcel_id":"212e19cf-b6f4-4c09-bc7d-8349477ce68f","state":"Tripura","state_code":"TR","state_type":"STATE","state_lgd_code":"16","district_lgd_code":"270","district_name":"West Tripura","subdistrict_lgd_code":"2490","subdistrict_name":"Agartala Sadar","subdistrict_type":"Tehsil / Taluk","village_lgd_code":"294012","village_name":"Indranagar Mouza","khasra_plot_no":"Dag 502/Khatian 180/D36","recorded_area":"5.0","recorded_area_unit":"Ganda-Kani","normalized_area_sqm":"202.34","gis_area_sqm":"202.34","land_use_category":"MIXED_USE","land_use_raw":"Nal (Agricultural Lowland)","status":"PENDING_MUTATION","data_freshness_status":"STALE","scenario_index":"14461","use_case_description":"Archived historical record for audit retrieval","mutation_workflow_status":"SLA_BREACHED","revenue_record_id":"ROR-TR-2025-1025-0036","revenue_record_type":"E-Khatian (Jatan Portal Tripura)","khata_khewat_no":"KHT-75","khatauni_no":"KHN-175","owner_name":"Pradip Kumar Debbarma","owner_name_local":"প্রদীপ কুমার দেববর্মা","co_owners":"","tenure_type":"Bhumiswami / Freehold","mutation_status":"PENDING","active_mutation_id":"MUT-TR-00000036","tax_demand_status":"PAID","annual_tax_inr":"185.5","deed_number":"DEED-TR-2024-425-0036","deed_type":"Sale Deed / Conveyance","sro_office":"Sub-Registrar Office, Agartala Sadar","execution_date":"2024-05-10","registered_owner":"Pradip Kumar Debbarma","seller_name":"Previous Landholder","consideration_amount_inr":"3500000.0","stamp_duty_inr":"210000.0","survey_sketch_id":"FMB-TR-25-0036","cadastral_sheet_no":"SHT-TR-25","surveyed_area_sqm":"202.34","survey_status":"PENDING","urban_authority":"Agartala Sadar Urban Development & Town Planning Authority","zone_name":"Agricultural / Green Buffer","permitted_land_use":"MIXED_USE","building_permission_status":"PENDING","violations_reported":"False","is_encumbered":"True","encumbrance_certificate_number":"EC-TR-00000036-0036","encumbrance_type":"GOVT_REVENUE_LIEN","financial_institution":"","mortgage_amount":"0.0","created_at":"2026-01-15T09:00:00Z","updated_at":"2026-09-24T11:30:00Z"}},{"type":"Feature","geometry":{"type":"Polygon","coordinates":[[[92.14569913775134,23.691955697335683],[92.24026495327978,23.70120909415573],[92.24026495327978,23.763809660923766],[92.13752887303806,23.753475828070844],[92.14569913775134,23.691955697335683]]]},"properties":{"ulpin":"16113777571198","parcel_id":"0dd52f6b-9de8-48d9-818a-e840c724327e","state":"Tripura","state_code":"TR","state_type":"STATE","state_lgd_code":"16","district_lgd_code":"270","district_name":"West Tripura","subdistrict_lgd_code":"2490","subdistrict_name":"Agartala Sadar","subdistrict_type":"Tehsil / Taluk","village_lgd_code":"294012","village_name":"Indranagar Mouza","khasra_plot_no":"Dag 502/Khatian 180/D37","recorded_area":"5.0","recorded_area_unit":"Ganda-Kani","normalized_area_sqm":"202.34","gis_area_sqm":"202.34","land_use_category":"OTHER","land_use_raw":"Nal (Agricultural Lowland)","status":"SUBDIVIDED","data_freshness_status":"UNKNOWN","scenario_index":"14462","use_case_description":"Bank mortgage and active encumbrance","mutation_workflow_status":"SUBMITTED","revenue_record_id":"ROR-TR-2025-1025-0037","revenue_record_type":"E-Khatian (Jatan Portal Tripura)","khata_khewat_no":"KHT-75","khatauni_no":"KHN-175","owner_name":"Pradip Kumar Debbarma","owner_name_local":"প্রদীপ কুমার দেববর্মা","co_owners":"","tenure_type":"Leasehold","mutation_status":"UNMUTATED_TRANSACTION","active_mutation_id":"MUT-TR-00000037","tax_demand_status":"PAID","annual_tax_inr":"185.5","deed_number":"DEED-TR-2024-425-0037","deed_type":"Sale Deed / Conveyance","sro_office":"Sub-Registrar Office, Agartala Sadar","execution_date":"2024-05-10","registered_owner":"Pradip Kumar Debbarma","seller_name":"Previous Landholder","consideration_amount_inr":"3500000.0","stamp_duty_inr":"210000.0","survey_sketch_id":"FMB-TR-25-0037","cadastral_sheet_no":"SHT-TR-25","surveyed_area_sqm":"202.34","survey_status":"DISPUTED","urban_authority":"Agartala Sadar Urban Development & Town Planning Authority","zone_name":"Agricultural / Green Buffer","permitted_land_use":"OTHER","building_permission_status":"REJECTED","violations_reported":"True","is_encumbered":"True","encumbrance_certificate_number":"EC-TR-00000037-0037","encumbrance_type":"COURT_ATTACHMENT","financial_institution":"","mortgage_amount":"0.0","created_at":"2026-01-15T09:00:00Z","updated_at":"2026-09-24T11:30:00Z"}},{"type":"Feature","geometry":{"type":"Polygon","coordinates":[[[92.42221376925802,23.78580444546642],[92.5256370314848,23.781989402719113],[92.51823884954312,23.87322528446091],[92.43270975466764,23.87322528446091],[92.42221376925802,23.78580444546642]]]},"properties":{"ulpin":"16830268157670","parcel_id":"166b87cb-2f97-4990-8b7a-4006ea9d3f7f","state":"Tripura","state_code":"TR","state_type":"STATE","state_lgd_code":"16","district_lgd_code":"270","district_name":"West Tripura","subdistrict_lgd_code":"2490","subdistrict_name":"Agartala Sadar","subdistrict_type":"Tehsil / Taluk","village_lgd_code":"294012","village_name":"Indranagar Mouza","khasra_plot_no":"Dag 502/Khatian 180/D38","recorded_area":"5.0","recorded_area_unit":"Ganda-Kani","normalized_area_sqm":"202.34","gis_area_sqm":"202.34","land_use_category":"RESIDENTIAL","land_use_raw":"Nal (Agricultural Lowland)","status":"AMALGAMATED","data_freshness_status":"CURRENT","scenario_index":"14463","use_case_description":"Government revenue lien and tax demand","mutation_workflow_status":"UNDER_VERIFICATION","revenue_record_id":"ROR-TR-2025-1025-0038","revenue_record_type":"E-Khatian (Jatan Portal Tripura)","khata_khewat_no":"KHT-75","khatauni_no":"KHN-175","owner_name":"Pradip Kumar Debbarma","owner_name_local":"প্রদীপ কুমার দেববর্মা","co_owners":"","tenure_type":"Government Grant","mutation_status":"REJECTED","active_mutation_id":"MUT-TR-00000038","tax_demand_status":"PAID","annual_tax_inr":"185.5","deed_number":"DEED-TR-2024-425-0038","deed_type":"Sale Deed / Conveyance","sro_office":"Sub-Registrar Office, Agartala Sadar","execution_date":"2024-05-10","registered_owner":"Pradip Kumar Debbarma","seller_name":"Previous Landholder","consideration_amount_inr":"3500000.0","stamp_duty_inr":"210000.0","survey_sketch_id":"FMB-TR-25-0038","cadastral_sheet_no":"SHT-TR-25","surveyed_area_sqm":"202.34","survey_status":"RESURVEY_REQUIRED","urban_authority":"Agartala Sadar Urban Development & Town Planning Authority","zone_name":"Agricultural / Green Buffer","permitted_land_use":"RESIDENTIAL","building_permission_status":"NOT_APPLICABLE","violations_reported":"False","is_encumbered":"True","encumbrance_certificate_number":"EC-TR-00000038-0038","encumbrance_type":"TRIBAL_NON_ALIENATION","financial_institution":"","mortgage_amount":"0.0","created_at":"2026-01-15T09:00:00Z","updated_at":"2026-09-24T11:30:00Z"}},{"type":"Feature","geometry":{"type":"Polygon","coordinates":[[[92.53030220343358,24.245292914634398],[92.62409361042869,24.259124346191886],[92.63382645497538,24.34795481742439],[92.5432658698917,24.326570754083203],[92.53030220343358,24.245292914634398]]]},"properties":{"ulpin":"16114972240969","parcel_id":"faed7e79-5ef3-44ae-92fa-39bc00d6c599","state":"Tripura","state_code":"TR","state_type":"STATE","state_lgd_code":"16","district_lgd_code":"270","district_name":"West Tripura","subdistrict_lgd_code":"2490","subdistrict_name":"Agartala Sadar","subdistrict_type":"Tehsil / Taluk","village_lgd_code":"294012","village_name":"Indranagar Mouza","khasra_plot_no":"Dag 502/Khatian 180/D39","recorded_area":"5.0","recorded_area_unit":"Ganda-Kani","normalized_area_sqm":"202.34","gis_area_sqm":"202.34","land_use_category":"COMMERCIAL","land_use_raw":"Nal (Agricultural Lowland)","status":"DISPUTED","data_freshness_status":"STALE","scenario_index":"14464","use_case_description":"Court attachment and disputed possession","mutation_workflow_status":"NOTICE_PERIOD","revenue_record_id":"ROR-TR-2025-1025-0039","revenue_record_type":"E-Khatian (Jatan Portal Tripura)","khata_khewat_no":"KHT-75","khatauni_no":"KHN-175","owner_name":"Pradip Kumar Debbarma","owner_name_local":"প্রদীপ কুমার দেববর্মা","co_owners":"","tenure_type":"Waqf / Religious Trust","mutation_status":"DISPUTED","active_mutation_id":"MUT-TR-00000039","tax_demand_status":"PAID","annual_tax_inr":"185.5","deed_number":"DEED-TR-2024-425-0039","deed_type":"Sale Deed / Conveyance","sro_office":"Sub-Registrar Office, Agartala Sadar","execution_date":"2024-05-10","registered_owner":"Registry Variance Owner 39","seller_name":"Previous Landholder","consideration_amount_inr":"3500000.0","stamp_duty_inr":"210000.0","survey_sketch_id":"FMB-TR-25-0039","cadastral_sheet_no":"SHT-TR-25","surveyed_area_sqm":"202.34","survey_status":"SURVEYED","urban_authority":"Agartala Sadar Urban Development & Town Planning Authority","zone_name":"Agricultural / Green Buffer","permitted_land_use":"COMMERCIAL","building_permission_status":"SANCTIONED","violations_reported":"False","is_encumbered":"True","encumbrance_certificate_number":"EC-TR-00000039-0039","encumbrance_type":"LEASE_CHARGE","financial_institution":"","mortgage_amount":"0.0","created_at":"2026-01-15T09:00:00Z","updated_at":"2026-09-24T11:30:00Z"}},{"type":"Feature","geometry":{"type":"Polygon","coordinates":[[[92.5432658698917,24.326570754083203],[92.63382645497538,24.34795481742439],[92.62501387585363,24.42688683041271],[92.54260284692057,24.42688683041271],[92.5432658698917,24.326570754083203]]]},"properties":{"ulpin":"16202845947009","parcel_id":"7f99f73b-c1e3-4682-9358-93de636bfca6","state":"Tripura","state_code":"TR","state_type":"STATE","state_lgd_code":"16","district_lgd_code":"270","district_name":"West Tripura","subdistrict_lgd_code":"2490","subdistrict_name":"Agartala Sadar","subdistrict_type":"Tehsil / Taluk","village_lgd_code":"294012","village_name":"Indranagar Mouza","khasra_plot_no":"Dag 502/Khatian 180/D40","recorded_area":"5.0","recorded_area_unit":"Ganda-Kani","normalized_area_sqm":"202.34","gis_area_sqm":"202.34","land_use_category":"INDUSTRIAL","land_use_raw":"Nal (Agricultural Lowland)","status":"ARCHIVED","data_freshness_status":"UNKNOWN","scenario_index":"14465","use_case_description":"Cadastral area discrepancy requiring resurvey","mutation_workflow_status":"HEARING_SCHEDULED","revenue_record_id":"ROR-TR-2025-1025-0040","revenue_record_type":"E-Khatian (Jatan Portal Tripura)","khata_khewat_no":"KHT-75","khatauni_no":"KHN-175","owner_name":"Pradip Kumar Debbarma","owner_name_local":"প্রদীপ কুমার দেববর্মা","co_owners":"","tenure_type":"Tribal Community Tenure","mutation_status":"NONE","active_mutation_id":"MUT-TR-00000040","tax_demand_status":"PAID","annual_tax_inr":"185.5","deed_number":"DEED-TR-2024-425-0040","deed_type":"Sale Deed / Conveyance","sro_office":"Sub-Registrar Office, Agartala Sadar","execution_date":"2024-05-10","registered_owner":"Pradip Kumar Debbarma","seller_name":"Previous Landholder","consideration_amount_inr":"3500000.0","stamp_duty_inr":"210000.0","survey_sketch_id":"FMB-TR-25-0040","cadastral_sheet_no":"SHT-TR-25","surveyed_area_sqm":"202.34","survey_status":"PENDING","urban_authority":"Agartala Sadar Urban Development & Town Planning Authority","zone_name":"Agricultural / Green Buffer","permitted_land_use":"INDUSTRIAL","building_permission_status":"PENDING","violations_reported":"False","is_encumbered":"False","encumbrance_certificate_number":"EC-TR-2024-125-0040","encumbrance_type":"NIL","financial_institution":"","mortgage_amount":"0.0","created_at":"2026-01-15T09:00:00Z","updated_at":"2026-09-24T11:30:00Z"}},{"type":"Feature","geometry":{"type":"Polygon","coordinates":[[[91.35157660214472,23.851528589443834],[91.4301964827375,23.86625685395398],[91.43981986208333,23.957285601415006],[91.35157660214472,23.957285601415006],[91.35157660214472,23.851528589443834]]]},"properties":{"ulpin":"16963077227842","parcel_id":"c73e6fbf-1eee-48f4-aa64-243741f901be","state":"Tripura","state_code":"TR","state_type":"STATE","state_lgd_code":"16","district_lgd_code":"270","district_name":"West Tripura","subdistrict_lgd_code":"2490","subdistrict_name":"Agartala Sadar","subdistrict_type":"Tehsil / Taluk","village_lgd_code":"294012","village_name":"Indranagar Mouza","khasra_plot_no":"Dag 502/Khatian 180/D41","recorded_area":"5.0","recorded_area_unit":"Ganda-Kani","normalized_area_sqm":"202.34","gis_area_sqm":"202.34","land_use_category":"AGRICULTURAL","land_use_raw":"Nal (Agricultural Lowland)","status":"ACTIVE","data_freshness_status":"CURRENT","scenario_index":"14466","use_case_description":"Lease charge and institutional tenancy","mutation_workflow_status":"APPROVED","revenue_record_id":"ROR-TR-2025-1025-0041","revenue_record_type":"E-Khatian (Jatan Portal Tripura)","khata_khewat_no":"KHT-75","khatauni_no":"KHN-175","owner_name":"Pradip Kumar Debbarma","owner_name_local":"প্রদীপ কুমার দেববর্মা","co_owners":"","tenure_type":"Bhumiswami / Raiyati with Transferable Rights","mutation_status":"MUTATED","active_mutation_id":"","tax_demand_status":"PAID","annual_tax_inr":"185.5","deed_number":"DEED-TR-2024-425-0041","deed_type":"Sale Deed / Conveyance","sro_office":"Sub-Registrar Office, Agartala Sadar","execution_date":"2024-05-10","registered_owner":"Pradip Kumar Debbarma","seller_name":"Previous Landholder","consideration_amount_inr":"3500000.0","stamp_duty_inr":"210000.0","survey_sketch_id":"FMB-TR-25-0041","cadastral_sheet_no":"SHT-TR-25","surveyed_area_sqm":"202.34","survey_status":"DISPUTED","urban_authority":"Agartala Sadar Urban Development & Town Planning Authority","zone_name":"Agricultural / Green Buffer","permitted_land_use":"AGRICULTURAL","building_permission_status":"REJECTED","violations_reported":"False","is_encumbered":"True","encumbrance_certificate_number":"EC-TR-00000041-0041","encumbrance_type":"BANK_MORTGAGE","financial_institution":"","mortgage_amount":"0.0","created_at":"2026-01-15T09:00:00Z","updated_at":"2026-09-24T11:30:00Z"}},{"type":"Feature","geometry":{"type":"Polygon","coordinates":[[[92.13752887303806,23.753475828070844],[92.24026495327978,23.763809660923766],[92.24026495327978,23.819711912752283],[92.15600760553052,23.822394935984743],[92.13752887303806,23.753475828070844]]]},"properties":{"ulpin":"16106801988424","parcel_id":"b1fcc632-7dbe-4ae8-8c07-c4baf6e51490","state":"Tripura","state_code":"TR","state_type":"STATE","state_lgd_code":"16","district_lgd_code":"270","district_name":"West Tripura","subdistrict_lgd_code":"2490","subdistrict_name":"Agartala Sadar","subdistrict_type":"Tehsil / Taluk","village_lgd_code":"294012","village_name":"Indranagar Mouza","khasra_plot_no":"Dag 502/Khatian 180/D42","recorded_area":"5.0","recorded_area_unit":"Ganda-Kani","normalized_area_sqm":"202.34","gis_area_sqm":"202.34","land_use_category":"INSTITUTIONAL","land_use_raw":"Nal (Agricultural Lowland)","status":"PENDING_MUTATION","data_freshness_status":"STALE","scenario_index":"14467","use_case_description":"Subdivision or amalgamation history review","mutation_workflow_status":"REJECTED","revenue_record_id":"ROR-TR-2025-1025-0042","revenue_record_type":"E-Khatian (Jatan Portal Tripura)","khata_khewat_no":"KHT-75","khatauni_no":"KHN-175","owner_name":"Pradip Kumar Debbarma","owner_name_local":"প্রদীপ কুমার দেববর্মা","co_owners":"","tenure_type":"Bhumiswami / Freehold","mutation_status":"PENDING","active_mutation_id":"MUT-TR-00000042","tax_demand_status":"PAID","annual_tax_inr":"185.5","deed_number":"DEED-TR-2024-425-0042","deed_type":"Sale Deed / Conveyance","sro_office":"Sub-Registrar Office, Agartala Sadar","execution_date":"2024-05-10","registered_owner":"Pradip Kumar Debbarma","seller_name":"Previous Landholder","consideration_amount_inr":"3500000.0","stamp_duty_inr":"210000.0","survey_sketch_id":"FMB-TR-25-0042","cadastral_sheet_no":"SHT-TR-25","surveyed_area_sqm":"202.34","survey_status":"RESURVEY_REQUIRED","urban_authority":"Agartala Sadar Urban Development & Town Planning Authority","zone_name":"Agricultural / Green Buffer","permitted_land_use":"INSTITUTIONAL","building_permission_status":"NOT_APPLICABLE","violations_reported":"False","is_encumbered":"True","encumbrance_certificate_number":"EC-TR-00000042-0042","encumbrance_type":"GOVT_REVENUE_LIEN","financial_institution":"","mortgage_amount":"0.0","created_at":"2026-01-15T09:00:00Z","updated_at":"2026-09-24T11:30:00Z"}},{"type":"Feature","geometry":{"type":"Polygon","coordinates":[[[92.63382645497538,24.34795481742439],[92.73463889685077,24.35133714819678],[92.73463889685077,24.42688683041271],[92.62501387585363,24.42688683041271],[92.63382645497538,24.34795481742439]]]},"properties":{"ulpin":"16468647065458","parcel_id":"39a25e57-b28a-494d-9248-5e9c7a5a2827","state":"Tripura","state_code":"TR","state_type":"STATE","state_lgd_code":"16","district_lgd_code":"270","district_name":"West Tripura","subdistrict_lgd_code":"2490","subdistrict_name":"Agartala Sadar","subdistrict_type":"Tehsil / Taluk","village_lgd_code":"294012","village_name":"Indranagar Mouza","khasra_plot_no":"Dag 502/Khatian 180/D43","recorded_area":"5.0","recorded_area_unit":"Ganda-Kani","normalized_area_sqm":"202.34","gis_area_sqm":"202.34","land_use_category":"FOREST_GREEN_BELT","land_use_raw":"Nal (Agricultural Lowland)","status":"SUBDIVIDED","data_freshness_status":"UNKNOWN","scenario_index":"14468","use_case_description":"Archived historical record for audit retrieval","mutation_workflow_status":"SLA_BREACHED","revenue_record_id":"ROR-TR-2025-1025-0043","revenue_record_type":"E-Khatian (Jatan Portal Tripura)","khata_khewat_no":"KHT-75","khatauni_no":"KHN-175","owner_name":"Pradip Kumar Debbarma","owner_name_local":"প্রদীপ কুমার দেববর্মা","co_owners":"","tenure_type":"Leasehold","mutation_status":"UNMUTATED_TRANSACTION","active_mutation_id":"MUT-TR-00000043","tax_demand_status":"PAID","annual_tax_inr":"185.5","deed_number":"DEED-TR-2024-425-0043","deed_type":"Sale Deed / Conveyance","sro_office":"Sub-Registrar Office, Agartala Sadar","execution_date":"2024-05-10","registered_owner":"Pradip Kumar Debbarma","seller_name":"Previous Landholder","consideration_amount_inr":"3500000.0","stamp_duty_inr":"210000.0","survey_sketch_id":"FMB-TR-25-0043","cadastral_sheet_no":"SHT-TR-25","surveyed_area_sqm":"202.34","survey_status":"SURVEYED","urban_authority":"Agartala Sadar Urban Development & Town Planning Authority","zone_name":"Agricultural / Green Buffer","permitted_land_use":"FOREST_GREEN_BELT","building_permission_status":"SANCTIONED","violations_reported":"False","is_encumbered":"True","encumbrance_certificate_number":"EC-TR-00000043-0043","encumbrance_type":"COURT_ATTACHMENT","financial_institution":"","mortgage_amount":"0.0","created_at":"2026-01-15T09:00:00Z","updated_at":"2026-09-24T11:30:00Z"}},{"type":"Feature","geometry":{"type":"Polygon","coordinates":[[[92.05263587012519,23.689484369711344],[92.14569913775134,23.691955697335683],[92.13752887303806,23.753475828070844],[92.06530929481318,23.759730530009005],[92.05263587012519,23.689484369711344]]]},"properties":{"ulpin":"16532000271860","parcel_id":"062b97b9-367f-4051-aa8b-8944efeb3f80","state":"Tripura","state_code":"TR","state_type":"STATE","state_lgd_code":"16","district_lgd_code":"270","district_name":"West Tripura","subdistrict_lgd_code":"2490","subdistrict_name":"Agartala Sadar","subdistrict_type":"Tehsil / Taluk","village_lgd_code":"294012","village_name":"Indranagar Mouza","khasra_plot_no":"Dag 502/Khatian 180/D44","recorded_area":"5.0","recorded_area_unit":"Ganda-Kani","normalized_area_sqm":"202.34","gis_area_sqm":"202.34","land_use_category":"WATER_BODY","land_use_raw":"Nal (Agricultural Lowland)","status":"AMALGAMATED","data_freshness_status":"CURRENT","scenario_index":"14469","use_case_description":"Bank mortgage and active encumbrance","mutation_workflow_status":"SUBMITTED","revenue_record_id":"ROR-TR-2025-1025-0044","revenue_record_type":"E-Khatian (Jatan Portal Tripura)","khata_khewat_no":"KHT-75","khatauni_no":"KHN-175","owner_name":"Pradip Kumar Debbarma","owner_name_local":"প্রদীপ কুমার দেববর্মা","co_owners":"","tenure_type":"Government Grant","mutation_status":"REJECTED","active_mutation_id":"MUT-TR-00000044","tax_demand_status":"PAID","annual_tax_inr":"185.5","deed_number":"DEED-TR-2024-425-0044","deed_type":"Sale Deed / Conveyance","sro_office":"Sub-Registrar Office, Agartala Sadar","execution_date":"2024-05-10","registered_owner":"Registry Variance Owner 44","seller_name":"Previous Landholder","consideration_amount_inr":"3500000.0","stamp_duty_inr":"210000.0","survey_sketch_id":"FMB-TR-25-0044","cadastral_sheet_no":"SHT-TR-25","surveyed_area_sqm":"202.34","survey_status":"PENDING","urban_authority":"Agartala Sadar Urban Development & Town Planning Authority","zone_name":"Agricultural / Green Buffer","permitted_land_use":"WATER_BODY","building_permission_status":"PENDING","violations_reported":"True","is_encumbered":"True","encumbrance_certificate_number":"EC-TR-00000044-0044","encumbrance_type":"TRIBAL_NON_ALIENATION","financial_institution":"","mortgage_amount":"0.0","created_at":"2026-01-15T09:00:00Z","updated_at":"2026-09-24T11:30:00Z"}},{"type":"Feature","geometry":{"type":"Polygon","coordinates":[[[91.52182053439117,24.097947450207293],[91.60012139876892,24.09466407445581],[91.60012139876892,24.17322656181737],[91.52229782565416,24.176114881104773],[91.52182053439117,24.097947450207293]]]},"properties":{"ulpin":"16961492852567","parcel_id":"1ebf7c3d-b94d-4368-818e-2f3dbbb823c5","state":"Tripura","state_code":"TR","state_type":"STATE","state_lgd_code":"16","district_lgd_code":"270","district_name":"West Tripura","subdistrict_lgd_code":"2490","subdistrict_name":"Agartala Sadar","subdistrict_type":"Tehsil / Taluk","village_lgd_code":"294012","village_name":"Indranagar Mouza","khasra_plot_no":"Dag 502/Khatian 180/D45","recorded_area":"5.0","recorded_area_unit":"Ganda-Kani","normalized_area_sqm":"202.34","gis_area_sqm":"202.34","land_use_category":"MIXED_USE","land_use_raw":"Nal (Agricultural Lowland)","status":"DISPUTED","data_freshness_status":"STALE","scenario_index":"14470","use_case_description":"Government revenue lien and tax demand","mutation_workflow_status":"UNDER_VERIFICATION","revenue_record_id":"ROR-TR-2025-1025-0045","revenue_record_type":"E-Khatian (Jatan Portal Tripura)","khata_khewat_no":"KHT-75","khatauni_no":"KHN-175","owner_name":"Pradip Kumar Debbarma","owner_name_local":"প্রদীপ কুমার দেববর্মা","co_owners":"","tenure_type":"Waqf / Religious Trust","mutation_status":"DISPUTED","active_mutation_id":"MUT-TR-00000045","tax_demand_status":"PAID","annual_tax_inr":"185.5","deed_number":"DEED-TR-2024-425-0045","deed_type":"Sale Deed / Conveyance","sro_office":"Sub-Registrar Office, Agartala Sadar","execution_date":"2024-05-10","registered_owner":"Pradip Kumar Debbarma","seller_name":"Previous Landholder","consideration_amount_inr":"3500000.0","stamp_duty_inr":"210000.0","survey_sketch_id":"FMB-TR-25-0045","cadastral_sheet_no":"SHT-TR-25","surveyed_area_sqm":"202.34","survey_status":"DISPUTED","urban_authority":"Agartala Sadar Urban Development & Town Planning Authority","zone_name":"Agricultural / Green Buffer","permitted_land_use":"MIXED_USE","building_permission_status":"REJECTED","violations_reported":"False","is_encumbered":"True","encumbrance_certificate_number":"EC-TR-00000045-0045","encumbrance_type":"LEASE_CHARGE","financial_institution":"","mortgage_amount":"0.0","created_at":"2026-01-15T09:00:00Z","updated_at":"2026-09-24T11:30:00Z"}},{"type":"Feature","geometry":{"type":"Polygon","coordinates":[[[91.9731323590303,23.825012962845914],[92.0500406251869,23.832246444170657],[92.05535466956155,23.89319283042073],[91.9573649253813,23.90257264711495],[91.9731323590303,23.825012962845914]]]},"properties":{"ulpin":"16425251026338","parcel_id":"88404e73-ee87-4f8e-ade2-4a30e8d51637","state":"Tripura","state_code":"TR","state_type":"STATE","state_lgd_code":"16","district_lgd_code":"270","district_name":"West Tripura","subdistrict_lgd_code":"2490","subdistrict_name":"Agartala Sadar","subdistrict_type":"Tehsil / Taluk","village_lgd_code":"294012","village_name":"Indranagar Mouza","khasra_plot_no":"Dag 502/Khatian 180/D46","recorded_area":"5.0","recorded_area_unit":"Ganda-Kani","normalized_area_sqm":"202.34","gis_area_sqm":"202.34","land_use_category":"OTHER","land_use_raw":"Nal (Agricultural Lowland)","status":"ARCHIVED","data_freshness_status":"UNKNOWN","scenario_index":"14471","use_case_description":"Tribal non-alienation protection review","mutation_workflow_status":"NOTICE_PERIOD","revenue_record_id":"ROR-TR-2025-1025-0046","revenue_record_type":"E-Khatian (Jatan Portal Tripura)","khata_khewat_no":"KHT-75","khatauni_no":"KHN-175","owner_name":"Pradip Kumar Debbarma","owner_name_local":"প্রদীপ কুমার দেববর্মা","co_owners":"","tenure_type":"Tribal Community Tenure","mutation_status":"NONE","active_mutation_id":"MUT-TR-00000046","tax_demand_status":"PAID","annual_tax_inr":"185.5","deed_number":"DEED-TR-2024-425-0046","deed_type":"Sale Deed / Conveyance","sro_office":"Sub-Registrar Office, Agartala Sadar","execution_date":"2024-05-10","registered_owner":"Pradip Kumar Debbarma","seller_name":"Previous Landholder","consideration_amount_inr":"3500000.0","stamp_duty_inr":"210000.0","survey_sketch_id":"FMB-TR-25-0046","cadastral_sheet_no":"SHT-TR-25","surveyed_area_sqm":"202.34","survey_status":"RESURVEY_REQUIRED","urban_authority":"Agartala Sadar Urban Development & Town Planning Authority","zone_name":"Agricultural / Green Buffer","permitted_land_use":"OTHER","building_permission_status":"NOT_APPLICABLE","violations_reported":"False","is_encumbered":"False","encumbrance_certificate_number":"EC-TR-2024-125-0046","encumbrance_type":"NIL","financial_institution":"","mortgage_amount":"0.0","created_at":"2026-01-15T09:00:00Z","updated_at":"2026-09-24T11:30:00Z"}},{"type":"Feature","geometry":{"type":"Polygon","coordinates":[[[92.612064799916,23.789579534403106],[92.7268427058057,23.788962881842277],[92.7268427058057,23.87322528446091],[92.61594299452437,23.87322528446091],[92.612064799916,23.789579534403106]]]},"properties":{"ulpin":"16565087235911","parcel_id":"30afd12a-19cd-490c-bd24-b710b8ba72c1","state":"Tripura","state_code":"TR","state_type":"STATE","state_lgd_code":"16","district_lgd_code":"270","district_name":"West Tripura","subdistrict_lgd_code":"2490","subdistrict_name":"Agartala Sadar","subdistrict_type":"Tehsil / Taluk","village_lgd_code":"294012","village_name":"Indranagar Mouza","khasra_plot_no":"Dag 502/Khatian 180/D47","recorded_area":"5.0","recorded_area_unit":"Ganda-Kani","normalized_area_sqm":"202.34","gis_area_sqm":"202.34","land_use_category":"RESIDENTIAL","land_use_raw":"Nal (Agricultural Lowland)","status":"ACTIVE","data_freshness_status":"CURRENT","scenario_index":"14472","use_case_description":"Tribal non-alienation protection review","mutation_workflow_status":"HEARING_SCHEDULED","revenue_record_id":"ROR-TR-2025-1025-0047","revenue_record_type":"E-Khatian (Jatan Portal Tripura)","khata_khewat_no":"KHT-75","khatauni_no":"KHN-175","owner_name":"Pradip Kumar Debbarma","owner_name_local":"প্রদীপ কুমার দেববর্মা","co_owners":"","tenure_type":"Bhumiswami / Raiyati with Transferable Rights","mutation_status":"MUTATED","active_mutation_id":"","tax_demand_status":"PAID","annual_tax_inr":"185.5","deed_number":"DEED-TR-2024-425-0047","deed_type":"Sale Deed / Conveyance","sro_office":"Sub-Registrar Office, Agartala Sadar","execution_date":"2024-05-10","registered_owner":"Pradip Kumar Debbarma","seller_name":"Previous Landholder","consideration_amount_inr":"3500000.0","stamp_duty_inr":"210000.0","survey_sketch_id":"FMB-TR-25-0047","cadastral_sheet_no":"SHT-TR-25","surveyed_area_sqm":"202.34","survey_status":"SURVEYED","urban_authority":"Agartala Sadar Urban Development & Town Planning Authority","zone_name":"Agricultural / Green Buffer","permitted_land_use":"RESIDENTIAL","building_permission_status":"SANCTIONED","violations_reported":"False","is_encumbered":"True","encumbrance_certificate_number":"EC-TR-00000047-0047","encumbrance_type":"BANK_MORTGAGE","financial_institution":"","mortgage_amount":"0.0","created_at":"2026-01-15T09:00:00Z","updated_at":"2026-09-24T11:30:00Z"}},{"type":"Feature","geometry":{"type":"Polygon","coordinates":[[[91.52717747039158,23.673165700816664],[91.58487548352863,23.673165700816664],[91.5966907344629,23.75423899045077],[91.51654787138268,23.77569420065166],[91.52717747039158,23.673165700816664]]]},"properties":{"ulpin":"16004934239792","parcel_id":"c0b87d70-d66f-47da-901c-e9bb14913274","state":"Tripura","state_code":"TR","state_type":"STATE","state_lgd_code":"16","district_lgd_code":"270","district_name":"West Tripura","subdistrict_lgd_code":"2490","subdistrict_name":"Agartala Sadar","subdistrict_type":"Tehsil / Taluk","village_lgd_code":"294012","village_name":"Indranagar Mouza","khasra_plot_no":"Dag 502/Khatian 180/D48","recorded_area":"5.0","recorded_area_unit":"Ganda-Kani","normalized_area_sqm":"202.34","gis_area_sqm":"202.34","land_use_category":"COMMERCIAL","land_use_raw":"Nal (Agricultural Lowland)","status":"PENDING_MUTATION","data_freshness_status":"STALE","scenario_index":"14473","use_case_description":"Lease charge and institutional tenancy","mutation_workflow_status":"APPROVED","revenue_record_id":"ROR-TR-2025-1025-0048","revenue_record_type":"E-Khatian (Jatan Portal Tripura)","khata_khewat_no":"KHT-75","khatauni_no":"KHN-175","owner_name":"Pradip Kumar Debbarma","owner_name_local":"প্রদীপ কুমার দেববর্মা","co_owners":"","tenure_type":"Bhumiswami / Freehold","mutation_status":"PENDING","active_mutation_id":"MUT-TR-00000048","tax_demand_status":"PAID","annual_tax_inr":"185.5","deed_number":"DEED-TR-2024-425-0048","deed_type":"Sale Deed / Conveyance","sro_office":"Sub-Registrar Office, Agartala Sadar","execution_date":"2024-05-10","registered_owner":"Pradip Kumar Debbarma","seller_name":"Previous Landholder","consideration_amount_inr":"3500000.0","stamp_duty_inr":"210000.0","survey_sketch_id":"FMB-TR-25-0048","cadastral_sheet_no":"SHT-TR-25","surveyed_area_sqm":"202.34","survey_status":"PENDING","urban_authority":"Agartala Sadar Urban Development & Town Planning Authority","zone_name":"Agricultural / Green Buffer","permitted_land_use":"COMMERCIAL","building_permission_status":"PENDING","violations_reported":"False","is_encumbered":"True","encumbrance_certificate_number":"EC-TR-00000048-0048","encumbrance_type":"GOVT_REVENUE_LIEN","financial_institution":"","mortgage_amount":"0.0","created_at":"2026-01-15T09:00:00Z","updated_at":"2026-09-24T11:30:00Z"}},{"type":"Feature","geometry":{"type":"Polygon","coordinates":[[[91.51654787138268,23.77569420065166],[91.5966907344629,23.75423899045077],[91.59765911480154,23.86645629692941],[91.52631242972801,23.87715868857515],[91.51654787138268,23.77569420065166]]]},"properties":{"ulpin":"16822999005721","parcel_id":"f927ee49-f6ea-4434-b54f-2fbd3b4850f9","state":"Tripura","state_code":"TR","state_type":"STATE","state_lgd_code":"16","district_lgd_code":"270","district_name":"West Tripura","subdistrict_lgd_code":"2490","subdistrict_name":"Agartala Sadar","subdistrict_type":"Tehsil / Taluk","village_lgd_code":"294012","village_name":"Indranagar Mouza","khasra_plot_no":"Dag 502/Khatian 180/D49","recorded_area":"5.0","recorded_area_unit":"Ganda-Kani","normalized_area_sqm":"202.34","gis_area_sqm":"202.34","land_use_category":"INDUSTRIAL","land_use_raw":"Nal (Agricultural Lowland)","status":"SUBDIVIDED","data_freshness_status":"UNKNOWN","scenario_index":"14474","use_case_description":"Subdivision or amalgamation history review","mutation_workflow_status":"REJECTED","revenue_record_id":"ROR-TR-2025-1025-0049","revenue_record_type":"E-Khatian (Jatan Portal Tripura)","khata_khewat_no":"KHT-75","khatauni_no":"KHN-175","owner_name":"Pradip Kumar Debbarma","owner_name_local":"প্রদীপ কুমার দেববর্মা","co_owners":"","tenure_type":"Leasehold","mutation_status":"UNMUTATED_TRANSACTION","active_mutation_id":"MUT-TR-00000049","tax_demand_status":"PAID","annual_tax_inr":"185.5","deed_number":"DEED-TR-2024-425-0049","deed_type":"Sale Deed / Conveyance","sro_office":"Sub-Registrar Office, Agartala Sadar","execution_date":"2024-05-10","registered_owner":"Registry Variance Owner 49","seller_name":"Previous Landholder","consideration_amount_inr":"3500000.0","stamp_duty_inr":"210000.0","survey_sketch_id":"FMB-TR-25-0049","cadastral_sheet_no":"SHT-TR-25","surveyed_area_sqm":"202.34","survey_status":"DISPUTED","urban_authority":"Agartala Sadar Urban Development & Town Planning Authority","zone_name":"Agricultural / Green Buffer","permitted_land_use":"INDUSTRIAL","building_permission_status":"REJECTED","violations_reported":"False","is_encumbered":"True","encumbrance_certificate_number":"EC-TR-00000049-0049","encumbrance_type":"COURT_ATTACHMENT","financial_institution":"","mortgage_amount":"0.0","created_at":"2026-01-15T09:00:00Z","updated_at":"2026-09-24T11:30:00Z"}},{"type":"Feature","geometry":{"type":"Polygon","coordinates":[[[91.86531283939836,23.69800748527892],[91.96825661619869,23.68369815249349],[91.96514695292885,23.760616021847756],[91.86531283939836,23.75210508599134],[91.86531283939836,23.69800748527892]]]},"properties":{"ulpin":"16313595278191","parcel_id":"cbddad2b-2127-49c7-9ca0-c67d9a8fa810","state":"Tripura","state_code":"TR","state_type":"STATE","state_lgd_code":"16","district_lgd_code":"270","district_name":"West Tripura","subdistrict_lgd_code":"2490","subdistrict_name":"Agartala Sadar","subdistrict_type":"Tehsil / Taluk","village_lgd_code":"294012","village_name":"Indranagar Mouza","khasra_plot_no":"Dag 502/Khatian 180/D50","recorded_area":"5.0","recorded_area_unit":"Ganda-Kani","normalized_area_sqm":"202.34","gis_area_sqm":"202.34","land_use_category":"AGRICULTURAL","land_use_raw":"Nal (Agricultural Lowland)","status":"AMALGAMATED","data_freshness_status":"CURRENT","scenario_index":"14475","use_case_description":"Archived historical record for audit retrieval","mutation_workflow_status":"SLA_BREACHED","revenue_record_id":"ROR-TR-2025-1025-0050","revenue_record_type":"E-Khatian (Jatan Portal Tripura)","khata_khewat_no":"KHT-75","khatauni_no":"KHN-175","owner_name":"Pradip Kumar Debbarma","owner_name_local":"প্রদীপ কুমার দেববর্মা","co_owners":"","tenure_type":"Government Grant","mutation_status":"REJECTED","active_mutation_id":"MUT-TR-00000050","tax_demand_status":"PAID","annual_tax_inr":"185.5","deed_number":"DEED-TR-2024-425-0050","deed_type":"Sale Deed / Conveyance","sro_office":"Sub-Registrar Office, Agartala Sadar","execution_date":"2024-05-10","registered_owner":"Pradip Kumar Debbarma","seller_name":"Previous Landholder","consideration_amount_inr":"3500000.0","stamp_duty_inr":"210000.0","survey_sketch_id":"FMB-TR-25-0050","cadastral_sheet_no":"SHT-TR-25","surveyed_area_sqm":"202.34","survey_status":"RESURVEY_REQUIRED","urban_authority":"Agartala Sadar Urban Development & Town Planning Authority","zone_name":"Agricultural / Green Buffer","permitted_land_use":"AGRICULTURAL","building_permission_status":"NOT_APPLICABLE","violations_reported":"False","is_encumbered":"True","encumbrance_certificate_number":"EC-TR-00000050-0050","encumbrance_type":"TRIBAL_NON_ALIENATION","financial_institution":"","mortgage_amount":"0.0","created_at":"2026-01-15T09:00:00Z","updated_at":"2026-09-24T11:30:00Z"}},{"type":"Feature","geometry":{"type":"Polygon","coordinates":[[[92.42534485964889,23.66253486943823],[92.5252422887835,23.66277034533141],[92.5256370314848,23.781989402719113],[92.42221376925802,23.78580444546642],[92.42534485964889,23.66253486943823]]]},"properties":{"ulpin":"16833530445497","parcel_id":"41bc0e97-9721-4ea5-843a-b478f8f8e04e","state":"Tripura","state_code":"TR","state_type":"STATE","state_lgd_code":"16","district_lgd_code":"270","district_name":"West Tripura","subdistrict_lgd_code":"2490","subdistrict_name":"Agartala Sadar","subdistrict_type":"Tehsil / Taluk","village_lgd_code":"294012","village_name":"Indranagar Mouza","khasra_plot_no":"Dag 502/Khatian 180/D51","recorded_area":"5.0","recorded_area_unit":"Ganda-Kani","normalized_area_sqm":"202.34","gis_area_sqm":"202.34","land_use_category":"INSTITUTIONAL","land_use_raw":"Nal (Agricultural Lowland)","status":"DISPUTED","data_freshness_status":"STALE","scenario_index":"14476","use_case_description":"Bank mortgage and active encumbrance","mutation_workflow_status":"SUBMITTED","revenue_record_id":"ROR-TR-2025-1025-0051","revenue_record_type":"E-Khatian (Jatan Portal Tripura)","khata_khewat_no":"KHT-75","khatauni_no":"KHN-175","owner_name":"Pradip Kumar Debbarma","owner_name_local":"প্রদীপ কুমার দেববর্মা","co_owners":"","tenure_type":"Waqf / Religious Trust","mutation_status":"DISPUTED","active_mutation_id":"MUT-TR-00000051","tax_demand_status":"PAID","annual_tax_inr":"185.5","deed_number":"DEED-TR-2024-425-0051","deed_type":"Sale Deed / Conveyance","sro_office":"Sub-Registrar Office, Agartala Sadar","execution_date":"2024-05-10","registered_owner":"Pradip Kumar Debbarma","seller_name":"Previous Landholder","consideration_amount_inr":"3500000.0","stamp_duty_inr":"210000.0","survey_sketch_id":"FMB-TR-25-0051","cadastral_sheet_no":"SHT-TR-25","surveyed_area_sqm":"202.34","survey_status":"SURVEYED","urban_authority":"Agartala Sadar Urban Development & Town Planning Authority","zone_name":"Agricultural / Green Buffer","permitted_land_use":"INSTITUTIONAL","building_permission_status":"SANCTIONED","violations_reported":"True","is_encumbered":"True","encumbrance_certificate_number":"EC-TR-00000051-0051","encumbrance_type":"LEASE_CHARGE","financial_institution":"","mortgage_amount":"0.0","created_at":"2026-01-15T09:00:00Z","updated_at":"2026-09-24T11:30:00Z"}},{"type":"Feature","geometry":{"type":"Polygon","coordinates":[[[91.43089180915919,24.244676029237436],[91.51844843535065,24.258566011340353],[91.51065408719647,24.335589491483475],[91.44769225888204,24.335589491483475],[91.43089180915919,24.244676029237436]]]},"properties":{"ulpin":"16965203904188","parcel_id":"9d3160de-8d83-4515-a6c4-f5d822b455b9","state":"Tripura","state_code":"TR","state_type":"STATE","state_lgd_code":"16","district_lgd_code":"270","district_name":"West Tripura","subdistrict_lgd_code":"2490","subdistrict_name":"Agartala Sadar","subdistrict_type":"Tehsil / Taluk","village_lgd_code":"294012","village_name":"Indranagar Mouza","khasra_plot_no":"Dag 502/Khatian 180/D52","recorded_area":"5.0","recorded_area_unit":"Ganda-Kani","normalized_area_sqm":"202.34","gis_area_sqm":"202.34","land_use_category":"FOREST_GREEN_BELT","land_use_raw":"Nal (Agricultural Lowland)","status":"ARCHIVED","data_freshness_status":"UNKNOWN","scenario_index":"14477","use_case_description":"Pending sale mutation within statutory SLA","mutation_workflow_status":"UNDER_VERIFICATION","revenue_record_id":"ROR-TR-2025-1025-0052","revenue_record_type":"E-Khatian (Jatan Portal Tripura)","khata_khewat_no":"KHT-75","khatauni_no":"KHN-175","owner_name":"Pradip Kumar Debbarma","owner_name_local":"প্রদীপ কুমার দেববর্মা","co_owners":"","tenure_type":"Tribal Community Tenure","mutation_status":"NONE","active_mutation_id":"MUT-TR-00000052","tax_demand_status":"PAID","annual_tax_inr":"185.5","deed_number":"DEED-TR-2024-425-0052","deed_type":"Sale Deed / Conveyance","sro_office":"Sub-Registrar Office, Agartala Sadar","execution_date":"2024-05-10","registered_owner":"Pradip Kumar Debbarma","seller_name":"Previous Landholder","consideration_amount_inr":"3500000.0","stamp_duty_inr":"210000.0","survey_sketch_id":"FMB-TR-25-0052","cadastral_sheet_no":"SHT-TR-25","surveyed_area_sqm":"202.34","survey_status":"PENDING","urban_authority":"Agartala Sadar Urban Development & Town Planning Authority","zone_name":"Agricultural / Green Buffer","permitted_land_use":"FOREST_GREEN_BELT","building_permission_status":"PENDING","violations_reported":"False","is_encumbered":"False","encumbrance_certificate_number":"EC-TR-2024-125-0052","encumbrance_type":"NIL","financial_institution":"","mortgage_amount":"0.0","created_at":"2026-01-15T09:00:00Z","updated_at":"2026-09-24T11:30:00Z"}},{"type":"Feature","geometry":{"type":"Polygon","coordinates":[[[91.4301964827375,23.86625685395398],[91.52631242972801,23.87715868857515],[91.50784584583106,23.957285601415006],[91.43981986208333,23.957285601415006],[91.4301964827375,23.86625685395398]]]},"properties":{"ulpin":"16950853455574","parcel_id":"6a35cb76-f109-45f7-b9a1-eb084ab95819","state":"Tripura","state_code":"TR","state_type":"STATE","state_lgd_code":"16","district_lgd_code":"270","district_name":"West Tripura","subdistrict_lgd_code":"2490","subdistrict_name":"Agartala Sadar","subdistrict_type":"Tehsil / Taluk","village_lgd_code":"294012","village_name":"Indranagar Mouza","khasra_plot_no":"Dag 502/Khatian 180/D53","recorded_area":"5.0","recorded_area_unit":"Ganda-Kani","normalized_area_sqm":"202.34","gis_area_sqm":"202.34","land_use_category":"WATER_BODY","land_use_raw":"Nal (Agricultural Lowland)","status":"ACTIVE","data_freshness_status":"CURRENT","scenario_index":"14478","use_case_description":"Court attachment and disputed possession","mutation_workflow_status":"NOTICE_PERIOD","revenue_record_id":"ROR-TR-2025-1025-0053","revenue_record_type":"E-Khatian (Jatan Portal Tripura)","khata_khewat_no":"KHT-75","khatauni_no":"KHN-175","owner_name":"Pradip Kumar Debbarma","owner_name_local":"প্রদীপ কুমার দেববর্মা","co_owners":"","tenure_type":"Bhumiswami / Raiyati with Transferable Rights","mutation_status":"MUTATED","active_mutation_id":"","tax_demand_status":"PAID","annual_tax_inr":"185.5","deed_number":"DEED-TR-2024-425-0053","deed_type":"Sale Deed / Conveyance","sro_office":"Sub-Registrar Office, Agartala Sadar","execution_date":"2024-05-10","registered_owner":"Pradip Kumar Debbarma","seller_name":"Previous Landholder","consideration_amount_inr":"3500000.0","stamp_duty_inr":"210000.0","survey_sketch_id":"FMB-TR-25-0053","cadastral_sheet_no":"SHT-TR-25","surveyed_area_sqm":"202.34","survey_status":"DISPUTED","urban_authority":"Agartala Sadar Urban Development & Town Planning Authority","zone_name":"Agricultural / Green Buffer","permitted_land_use":"WATER_BODY","building_permission_status":"REJECTED","violations_reported":"False","is_encumbered":"True","encumbrance_certificate_number":"EC-TR-00000053-0053","encumbrance_type":"BANK_MORTGAGE","financial_institution":"","mortgage_amount":"0.0","created_at":"2026-01-15T09:00:00Z","updated_at":"2026-09-24T11:30:00Z"}},{"type":"Feature","geometry":{"type":"Polygon","coordinates":[[[92.3262988532698,23.683748485468875],[92.42534485964889,23.66253486943823],[92.42221376925802,23.78580444546642],[92.3262988532698,23.769145166652933],[92.3262988532698,23.683748485468875]]]},"properties":{"ulpin":"16001869027574","parcel_id":"65741226-d095-427e-8b4b-8219f8f27805","state":"Tripura","state_code":"TR","state_type":"STATE","state_lgd_code":"16","district_lgd_code":"270","district_name":"West Tripura","subdistrict_lgd_code":"2490","subdistrict_name":"Agartala Sadar","subdistrict_type":"Tehsil / Taluk","village_lgd_code":"294012","village_name":"Indranagar Mouza","khasra_plot_no":"Dag 502/Khatian 180/D54","recorded_area":"5.0","recorded_area_unit":"Ganda-Kani","normalized_area_sqm":"202.34","gis_area_sqm":"202.34","land_use_category":"MIXED_USE","land_use_raw":"Nal (Agricultural Lowland)","status":"PENDING_MUTATION","data_freshness_status":"STALE","scenario_index":"14479","use_case_description":"Tribal non-alienation protection review","mutation_workflow_status":"HEARING_SCHEDULED","revenue_record_id":"ROR-TR-2025-1025-0054","revenue_record_type":"E-Khatian (Jatan Portal Tripura)","khata_khewat_no":"KHT-75","khatauni_no":"KHN-175","owner_name":"Pradip Kumar Debbarma","owner_name_local":"প্রদীপ কুমার দেববর্মা","co_owners":"","tenure_type":"Bhumiswami / Freehold","mutation_status":"PENDING","active_mutation_id":"MUT-TR-00000054","tax_demand_status":"PAID","annual_tax_inr":"185.5","deed_number":"DEED-TR-2024-425-0054","deed_type":"Sale Deed / Conveyance","sro_office":"Sub-Registrar Office, Agartala Sadar","execution_date":"2024-05-10","registered_owner":"Registry Variance Owner 54","seller_name":"Previous Landholder","consideration_amount_inr":"3500000.0","stamp_duty_inr":"210000.0","survey_sketch_id":"FMB-TR-25-0054","cadastral_sheet_no":"SHT-TR-25","surveyed_area_sqm":"202.34","survey_status":"RESURVEY_REQUIRED","urban_authority":"Agartala Sadar Urban Development & Town Planning Authority","zone_name":"Agricultural / Green Buffer","permitted_land_use":"MIXED_USE","building_permission_status":"NOT_APPLICABLE","violations_reported":"False","is_encumbered":"True","encumbrance_certificate_number":"EC-TR-00000054-0054","encumbrance_type":"GOVT_REVENUE_LIEN","financial_institution":"","mortgage_amount":"0.0","created_at":"2026-01-15T09:00:00Z","updated_at":"2026-09-24T11:30:00Z"}},{"type":"Feature","geometry":{"type":"Polygon","coordinates":[[[91.96825661619869,23.68369815249349],[92.05263587012519,23.689484369711344],[92.06530929481318,23.759730530009005],[91.96514695292885,23.760616021847756],[91.96825661619869,23.68369815249349]]]},"properties":{"ulpin":"16319607196390","parcel_id":"e01bbfe5-60de-43d7-a154-8a0ea50bc803","state":"Tripura","state_code":"TR","state_type":"STATE","state_lgd_code":"16","district_lgd_code":"270","district_name":"West Tripura","subdistrict_lgd_code":"2490","subdistrict_name":"Agartala Sadar","subdistrict_type":"Tehsil / Taluk","village_lgd_code":"294012","village_name":"Indranagar Mouza","khasra_plot_no":"Dag 502/Khatian 180/D55","recorded_area":"5.0","recorded_area_unit":"Ganda-Kani","normalized_area_sqm":"202.34","gis_area_sqm":"202.34","land_use_category":"OTHER","land_use_raw":"Nal (Agricultural Lowland)","status":"SUBDIVIDED","data_freshness_status":"UNKNOWN","scenario_index":"14480","use_case_description":"Lease charge and institutional tenancy","mutation_workflow_status":"APPROVED","revenue_record_id":"ROR-TR-2025-1025-0055","revenue_record_type":"E-Khatian (Jatan Portal Tripura)","khata_khewat_no":"KHT-75","khatauni_no":"KHN-175","owner_name":"Pradip Kumar Debbarma","owner_name_local":"প্রদীপ কুমার দেববর্মা","co_owners":"","tenure_type":"Leasehold","mutation_status":"UNMUTATED_TRANSACTION","active_mutation_id":"MUT-TR-00000055","tax_demand_status":"PAID","annual_tax_inr":"185.5","deed_number":"DEED-TR-2024-425-0055","deed_type":"Sale Deed / Conveyance","sro_office":"Sub-Registrar Office, Agartala Sadar","execution_date":"2024-05-10","registered_owner":"Pradip Kumar Debbarma","seller_name":"Previous Landholder","consideration_amount_inr":"3500000.0","stamp_duty_inr":"210000.0","survey_sketch_id":"FMB-TR-25-0055","cadastral_sheet_no":"SHT-TR-25","surveyed_area_sqm":"202.34","survey_status":"SURVEYED","urban_authority":"Agartala Sadar Urban Development & Town Planning Authority","zone_name":"Agricultural / Green Buffer","permitted_land_use":"OTHER","building_permission_status":"SANCTIONED","violations_reported":"False","is_encumbered":"True","encumbrance_certificate_number":"EC-TR-00000055-0055","encumbrance_type":"COURT_ATTACHMENT","financial_institution":"","mortgage_amount":"0.0","created_at":"2026-01-15T09:00:00Z","updated_at":"2026-09-24T11:30:00Z"}},{"type":"Feature","geometry":{"type":"Polygon","coordinates":[[[92.63962434907343,24.160994809968006],[92.73463889685077,24.160994809968006],[92.73463889685077,24.26131473744458],[92.62409361042869,24.259124346191886],[92.63962434907343,24.160994809968006]]]},"properties":{"ulpin":"16625705438498","parcel_id":"0fa9f413-19fa-44e8-a8f5-8a8ab62997f0","state":"Tripura","state_code":"TR","state_type":"STATE","state_lgd_code":"16","district_lgd_code":"270","district_name":"West Tripura","subdistrict_lgd_code":"2490","subdistrict_name":"Agartala Sadar","subdistrict_type":"Tehsil / Taluk","village_lgd_code":"294012","village_name":"Indranagar Mouza","khasra_plot_no":"Dag 502/Khatian 180/D56","recorded_area":"5.0","recorded_area_unit":"Ganda-Kani","normalized_area_sqm":"202.34","gis_area_sqm":"202.34","land_use_category":"RESIDENTIAL","land_use_raw":"Nal (Agricultural Lowland)","status":"AMALGAMATED","data_freshness_status":"CURRENT","scenario_index":"14481","use_case_description":"Subdivision or amalgamation history review","mutation_workflow_status":"REJECTED","revenue_record_id":"ROR-TR-2025-1025-0056","revenue_record_type":"E-Khatian (Jatan Portal Tripura)","khata_khewat_no":"KHT-75","khatauni_no":"KHN-175","owner_name":"Pradip Kumar Debbarma","owner_name_local":"প্রদীপ কুমার দেববর্মা","co_owners":"","tenure_type":"Government Grant","mutation_status":"REJECTED","active_mutation_id":"MUT-TR-00000056","tax_demand_status":"PAID","annual_tax_inr":"185.5","deed_number":"DEED-TR-2024-425-0056","deed_type":"Sale Deed / Conveyance","sro_office":"Sub-Registrar Office, Agartala Sadar","execution_date":"2024-05-10","registered_owner":"Pradip Kumar Debbarma","seller_name":"Previous Landholder","consideration_amount_inr":"3500000.0","stamp_duty_inr":"210000.0","survey_sketch_id":"FMB-TR-25-0056","cadastral_sheet_no":"SHT-TR-25","surveyed_area_sqm":"202.34","survey_status":"PENDING","urban_authority":"Agartala Sadar Urban Development & Town Planning Authority","zone_name":"Agricultural / Green Buffer","permitted_land_use":"RESIDENTIAL","building_permission_status":"PENDING","violations_reported":"False","is_encumbered":"True","encumbrance_certificate_number":"EC-TR-00000056-0056","encumbrance_type":"TRIBAL_NON_ALIENATION","financial_institution":"","mortgage_amount":"0.0","created_at":"2026-01-15T09:00:00Z","updated_at":"2026-09-24T11:30:00Z"}},{"type":"Feature","geometry":{"type":"Polygon","coordinates":[[[92.53222105347677,24.160994809968006],[92.63962434907343,24.160994809968006],[92.62409361042869,24.259124346191886],[92.53030220343358,24.245292914634398],[92.53222105347677,24.160994809968006]]]},"properties":{"ulpin":"16856551396054","parcel_id":"909aa9c8-851c-40e8-b30f-7334eb4736f5","state":"Tripura","state_code":"TR","state_type":"STATE","state_lgd_code":"16","district_lgd_code":"270","district_name":"West Tripura","subdistrict_lgd_code":"2490","subdistrict_name":"Agartala Sadar","subdistrict_type":"Tehsil / Taluk","village_lgd_code":"294012","village_name":"Indranagar Mouza","khasra_plot_no":"Dag 502/Khatian 180/D57","recorded_area":"5.0","recorded_area_unit":"Ganda-Kani","normalized_area_sqm":"202.34","gis_area_sqm":"202.34","land_use_category":"COMMERCIAL","land_use_raw":"Nal (Agricultural Lowland)","status":"DISPUTED","data_freshness_status":"STALE","scenario_index":"14482","use_case_description":"Archived historical record for audit retrieval","mutation_workflow_status":"SLA_BREACHED","revenue_record_id":"ROR-TR-2025-1025-0057","revenue_record_type":"E-Khatian (Jatan Portal Tripura)","khata_khewat_no":"KHT-75","khatauni_no":"KHN-175","owner_name":"Pradip Kumar Debbarma","owner_name_local":"প্রদীপ কুমার দেববর্মা","co_owners":"","tenure_type":"Waqf / Religious Trust","mutation_status":"DISPUTED","active_mutation_id":"MUT-TR-00000057","tax_demand_status":"PAID","annual_tax_inr":"185.5","deed_number":"DEED-TR-2024-425-0057","deed_type":"Sale Deed / Conveyance","sro_office":"Sub-Registrar Office, Agartala Sadar","execution_date":"2024-05-10","registered_owner":"Pradip Kumar Debbarma","seller_name":"Previous Landholder","consideration_amount_inr":"3500000.0","stamp_duty_inr":"210000.0","survey_sketch_id":"FMB-TR-25-0057","cadastral_sheet_no":"SHT-TR-25","surveyed_area_sqm":"202.34","survey_status":"DISPUTED","urban_authority":"Agartala Sadar Urban Development & Town Planning Authority","zone_name":"Agricultural / Green Buffer","permitted_land_use":"COMMERCIAL","building_permission_status":"REJECTED","violations_reported":"False","is_encumbered":"True","encumbrance_certificate_number":"EC-TR-00000057-0057","encumbrance_type":"LEASE_CHARGE","financial_institution":"","mortgage_amount":"0.0","created_at":"2026-01-15T09:00:00Z","updated_at":"2026-09-24T11:30:00Z"}},{"type":"Feature","geometry":{"type":"Polygon","coordinates":[[[91.86531283939836,23.75210508599134],[91.96514695292885,23.760616021847756],[91.9731323590303,23.825012962845914],[91.86531283939836,23.82817124392569],[91.86531283939836,23.75210508599134]]]},"properties":{"ulpin":"16763827703019","parcel_id":"3a9e4dba-c767-41c3-8406-9093249923f6","state":"Tripura","state_code":"TR","state_type":"STATE","state_lgd_code":"16","district_lgd_code":"270","district_name":"West Tripura","subdistrict_lgd_code":"2490","subdistrict_name":"Agartala Sadar","subdistrict_type":"Tehsil / Taluk","village_lgd_code":"294012","village_name":"Indranagar Mouza","khasra_plot_no":"Dag 502/Khatian 180/D58","recorded_area":"5.0","recorded_area_unit":"Ganda-Kani","normalized_area_sqm":"202.34","gis_area_sqm":"202.34","land_use_category":"INDUSTRIAL","land_use_raw":"Nal (Agricultural Lowland)","status":"ARCHIVED","data_freshness_status":"UNKNOWN","scenario_index":"14483","use_case_description":"Bank mortgage and active encumbrance","mutation_workflow_status":"SUBMITTED","revenue_record_id":"ROR-TR-2025-1025-0058","revenue_record_type":"E-Khatian (Jatan Portal Tripura)","khata_khewat_no":"KHT-75","khatauni_no":"KHN-175","owner_name":"Pradip Kumar Debbarma","owner_name_local":"প্রদীপ কুমার দেববর্মা","co_owners":"","tenure_type":"Tribal Community Tenure","mutation_status":"NONE","active_mutation_id":"MUT-TR-00000058","tax_demand_status":"PAID","annual_tax_inr":"185.5","deed_number":"DEED-TR-2024-425-0058","deed_type":"Sale Deed / Conveyance","sro_office":"Sub-Registrar Office, Agartala Sadar","execution_date":"2024-05-10","registered_owner":"Pradip Kumar Debbarma","seller_name":"Previous Landholder","consideration_amount_inr":"3500000.0","stamp_duty_inr":"210000.0","survey_sketch_id":"FMB-TR-25-0058","cadastral_sheet_no":"SHT-TR-25","surveyed_area_sqm":"202.34","survey_status":"RESURVEY_REQUIRED","urban_authority":"Agartala Sadar Urban Development & Town Planning Authority","zone_name":"Agricultural / Green Buffer","permitted_land_use":"INDUSTRIAL","building_permission_status":"NOT_APPLICABLE","violations_reported":"True","is_encumbered":"False","encumbrance_certificate_number":"EC-TR-2024-125-0058","encumbrance_type":"NIL","financial_institution":"","mortgage_amount":"0.0","created_at":"2026-01-15T09:00:00Z","updated_at":"2026-09-24T11:30:00Z"}},{"type":"Feature","geometry":{"type":"Polygon","coordinates":[[[91.42525301554092,23.7728315803465],[91.51654787138268,23.77569420065166],[91.52631242972801,23.87715868857515],[91.4301964827375,23.86625685395398],[91.42525301554092,23.7728315803465]]]},"properties":{"ulpin":"16858940143065","parcel_id":"8f56017e-472e-4229-868a-cb87ff299da3","state":"Tripura","state_code":"TR","state_type":"STATE","state_lgd_code":"16","district_lgd_code":"270","district_name":"West Tripura","subdistrict_lgd_code":"2490","subdistrict_name":"Agartala Sadar","subdistrict_type":"Tehsil / Taluk","village_lgd_code":"294012","village_name":"Indranagar Mouza","khasra_plot_no":"Dag 502/Khatian 180/D59","recorded_area":"5.0","recorded_area_unit":"Ganda-Kani","normalized_area_sqm":"202.34","gis_area_sqm":"202.34","land_use_category":"AGRICULTURAL","land_use_raw":"Nal (Agricultural Lowland)","status":"ACTIVE","data_freshness_status":"CURRENT","scenario_index":"14484","use_case_description":"Government revenue lien and tax demand","mutation_workflow_status":"UNDER_VERIFICATION","revenue_record_id":"ROR-TR-2025-1025-0059","revenue_record_type":"E-Khatian (Jatan Portal Tripura)","khata_khewat_no":"KHT-75","khatauni_no":"KHN-175","owner_name":"Pradip Kumar Debbarma","owner_name_local":"প্রদীপ কুমার দেববর্মা","co_owners":"","tenure_type":"Bhumiswami / Raiyati with Transferable Rights","mutation_status":"MUTATED","active_mutation_id":"","tax_demand_status":"PAID","annual_tax_inr":"185.5","deed_number":"DEED-TR-2024-425-0059","deed_type":"Sale Deed / Conveyance","sro_office":"Sub-Registrar Office, Agartala Sadar","execution_date":"2024-05-10","registered_owner":"Registry Variance Owner 59","seller_name":"Previous Landholder","consideration_amount_inr":"3500000.0","stamp_duty_inr":"210000.0","survey_sketch_id":"FMB-TR-25-0059","cadastral_sheet_no":"SHT-TR-25","surveyed_area_sqm":"202.34","survey_status":"SURVEYED","urban_authority":"Agartala Sadar Urban Development & Town Planning Authority","zone_name":"Agricultural / Green Buffer","permitted_land_use":"AGRICULTURAL","building_permission_status":"SANCTIONED","violations_reported":"False","is_encumbered":"True","encumbrance_certificate_number":"EC-TR-00000059-0059","encumbrance_type":"BANK_MORTGAGE","financial_institution":"","mortgage_amount":"0.0","created_at":"2026-01-15T09:00:00Z","updated_at":"2026-09-24T11:30:00Z"}},{"type":"Feature","geometry":{"type":"Polygon","coordinates":[[[92.5256370314848,23.781989402719113],[92.612064799916,23.789579534403106],[92.61594299452437,23.87322528446091],[92.51823884954312,23.87322528446091],[92.5256370314848,23.781989402719113]]]},"properties":{"ulpin":"16984942227459","parcel_id":"42de9b1a-34d4-4265-96fe-cf7cd9df4c8c","state":"Tripura","state_code":"TR","state_type":"STATE","state_lgd_code":"16","district_lgd_code":"270","district_name":"West Tripura","subdistrict_lgd_code":"2490","subdistrict_name":"Agartala Sadar","subdistrict_type":"Tehsil / Taluk","village_lgd_code":"294012","village_name":"Indranagar Mouza","khasra_plot_no":"Dag 502/Khatian 180/D60","recorded_area":"5.0","recorded_area_unit":"Ganda-Kani","normalized_area_sqm":"202.34","gis_area_sqm":"202.34","land_use_category":"INSTITUTIONAL","land_use_raw":"Nal (Agricultural Lowland)","status":"PENDING_MUTATION","data_freshness_status":"STALE","scenario_index":"14485","use_case_description":"Court attachment and disputed possession","mutation_workflow_status":"NOTICE_PERIOD","revenue_record_id":"ROR-TR-2025-1025-0060","revenue_record_type":"E-Khatian (Jatan Portal Tripura)","khata_khewat_no":"KHT-75","khatauni_no":"KHN-175","owner_name":"Pradip Kumar Debbarma","owner_name_local":"প্রদীপ কুমার দেববর্মা","co_owners":"","tenure_type":"Bhumiswami / Freehold","mutation_status":"PENDING","active_mutation_id":"MUT-TR-00000060","tax_demand_status":"PAID","annual_tax_inr":"185.5","deed_number":"DEED-TR-2024-425-0060","deed_type":"Sale Deed / Conveyance","sro_office":"Sub-Registrar Office, Agartala Sadar","execution_date":"2024-05-10","registered_owner":"Pradip Kumar Debbarma","seller_name":"Previous Landholder","consideration_amount_inr":"3500000.0","stamp_duty_inr":"210000.0","survey_sketch_id":"FMB-TR-25-0060","cadastral_sheet_no":"SHT-TR-25","surveyed_area_sqm":"202.34","survey_status":"PENDING","urban_authority":"Agartala Sadar Urban Development & Town Planning Authority","zone_name":"Agricultural / Green Buffer","permitted_land_use":"INSTITUTIONAL","building_permission_status":"PENDING","violations_reported":"False","is_encumbered":"True","encumbrance_certificate_number":"EC-TR-00000060-0060","encumbrance_type":"GOVT_REVENUE_LIEN","financial_institution":"","mortgage_amount":"0.0","created_at":"2026-01-15T09:00:00Z","updated_at":"2026-09-24T11:30:00Z"}},{"type":"Feature","geometry":{"type":"Polygon","coordinates":[[[91.37132913277065,24.1018857289077],[91.45256980890314,24.099689527894974],[91.43796054842724,24.171273381206472],[91.37222977282342,24.179137195544108],[91.37132913277065,24.1018857289077]]]},"properties":{"ulpin":"16801097785533","parcel_id":"f0a0dadb-22fd-43b5-b577-d4b64122e70b","state":"Tripura","state_code":"TR","state_type":"STATE","state_lgd_code":"16","district_lgd_code":"270","district_name":"West Tripura","subdistrict_lgd_code":"2490","subdistrict_name":"Agartala Sadar","subdistrict_type":"Tehsil / Taluk","village_lgd_code":"294012","village_name":"Indranagar Mouza","khasra_plot_no":"Dag 502/Khatian 180/D61","recorded_area":"5.0","recorded_area_unit":"Ganda-Kani","normalized_area_sqm":"202.34","gis_area_sqm":"202.34","land_use_category":"FOREST_GREEN_BELT","land_use_raw":"Nal (Agricultural Lowland)","status":"SUBDIVIDED","data_freshness_status":"UNKNOWN","scenario_index":"14486","use_case_description":"Tribal non-alienation protection review","mutation_workflow_status":"HEARING_SCHEDULED","revenue_record_id":"ROR-TR-2025-1025-0061","revenue_record_type":"E-Khatian (Jatan Portal Tripura)","khata_khewat_no":"KHT-75","khatauni_no":"KHN-175","owner_name":"Pradip Kumar Debbarma","owner_name_local":"প্রদীপ কুমার দেববর্মা","co_owners":"","tenure_type":"Leasehold","mutation_status":"UNMUTATED_TRANSACTION","active_mutation_id":"MUT-TR-00000061","tax_demand_status":"PAID","annual_tax_inr":"185.5","deed_number":"DEED-TR-2024-425-0061","deed_type":"Sale Deed / Conveyance","sro_office":"Sub-Registrar Office, Agartala Sadar","execution_date":"2024-05-10","registered_owner":"Pradip Kumar Debbarma","seller_name":"Previous Landholder","consideration_amount_inr":"3500000.0","stamp_duty_inr":"210000.0","survey_sketch_id":"FMB-TR-25-0061","cadastral_sheet_no":"SHT-TR-25","surveyed_area_sqm":"202.34","survey_status":"DISPUTED","urban_authority":"Agartala Sadar Urban Development & Town Planning Authority","zone_name":"Agricultural / Green Buffer","permitted_land_use":"FOREST_GREEN_BELT","building_permission_status":"REJECTED","violations_reported":"False","is_encumbered":"True","encumbrance_certificate_number":"EC-TR-00000061-0061","encumbrance_type":"COURT_ATTACHMENT","financial_institution":"","mortgage_amount":"0.0","created_at":"2026-01-15T09:00:00Z","updated_at":"2026-09-24T11:30:00Z"}},{"type":"Feature","geometry":{"type":"Polygon","coordinates":[[[91.96514695292885,23.760616021847756],[92.06530929481318,23.759730530009005],[92.0500406251869,23.832246444170657],[91.9731323590303,23.825012962845914],[91.96514695292885,23.760616021847756]]]},"properties":{"ulpin":"16216870393949","parcel_id":"9323b725-d450-4bfb-892f-9d50725eab6b","state":"Tripura","state_code":"TR","state_type":"STATE","state_lgd_code":"16","district_lgd_code":"270","district_name":"West Tripura","subdistrict_lgd_code":"2490","subdistrict_name":"Agartala Sadar","subdistrict_type":"Tehsil / Taluk","village_lgd_code":"294012","village_name":"Indranagar Mouza","khasra_plot_no":"Dag 502/Khatian 180/D62","recorded_area":"5.0","recorded_area_unit":"Ganda-Kani","normalized_area_sqm":"202.34","gis_area_sqm":"202.34","land_use_category":"WATER_BODY","land_use_raw":"Nal (Agricultural Lowland)","status":"AMALGAMATED","data_freshness_status":"CURRENT","scenario_index":"14487","use_case_description":"Lease charge and institutional tenancy","mutation_workflow_status":"APPROVED","revenue_record_id":"ROR-TR-2025-1025-0062","revenue_record_type":"E-Khatian (Jatan Portal Tripura)","khata_khewat_no":"KHT-75","khatauni_no":"KHN-175","owner_name":"Pradip Kumar Debbarma","owner_name_local":"প্রদীপ কুমার দেববর্মা","co_owners":"","tenure_type":"Government Grant","mutation_status":"REJECTED","active_mutation_id":"MUT-TR-00000062","tax_demand_status":"PAID","annual_tax_inr":"185.5","deed_number":"DEED-TR-2024-425-0062","deed_type":"Sale Deed / Conveyance","sro_office":"Sub-Registrar Office, Agartala Sadar","execution_date":"2024-05-10","registered_owner":"Pradip Kumar Debbarma","seller_name":"Previous Landholder","consideration_amount_inr":"3500000.0","stamp_duty_inr":"210000.0","survey_sketch_id":"FMB-TR-25-0062","cadastral_sheet_no":"SHT-TR-25","surveyed_area_sqm":"202.34","survey_status":"RESURVEY_REQUIRED","urban_authority":"Agartala Sadar Urban Development & Town Planning Authority","zone_name":"Agricultural / Green Buffer","permitted_land_use":"WATER_BODY","building_permission_status":"NOT_APPLICABLE","violations_reported":"False","is_encumbered":"True","encumbrance_certificate_number":"EC-TR-00000062-0062","encumbrance_type":"TRIBAL_NON_ALIENATION","financial_institution":"","mortgage_amount":"0.0","created_at":"2026-01-15T09:00:00Z","updated_at":"2026-09-24T11:30:00Z"}}]}