{"type":"FeatureCollection","features":[{"type":"Feature","geometry":{"type":"Polygon","coordinates":[[[80.38721626795761,31.023343850134463],[80.53747205781791,31.00692488905913],[80.52302857338877,31.117837331523187],[80.39643544300658,31.102854067204923],[80.38721626795761,31.023343850134463]]]},"properties":{"ulpin":"05762900890785","parcel_id":"3d3de66e-0785-4662-92d6-89dd1e323bc6","state":"Uttarakhand","state_code":"UK","state_type":"STATE","state_lgd_code":"5","district_lgd_code":"65","district_name":"Dehradun","subdistrict_lgd_code":"510","subdistrict_name":"Rishikesh Tehsil","subdistrict_type":"Tehsil / Taluk","village_lgd_code":"51201","village_name":"Shyampur","khasra_plot_no":"Khasra 340/D1","recorded_area":"8.0","recorded_area_unit":"Bigha-Nali","normalized_area_sqm":"1600.0","gis_area_sqm":"1600.0","land_use_category":"RESIDENTIAL","land_use_raw":"Krishi Bagayat","status":"ACTIVE","data_freshness_status":"CURRENT","scenario_index":"17784","use_case_description":"Lease charge and institutional tenancy","mutation_workflow_status":"APPROVED","revenue_record_id":"ROR-UK-2025-1027-0001","revenue_record_type":"Khatauni (Devbhoomi Uttarakhand)","khata_khewat_no":"KHT-77","khatauni_no":"KHN-177","owner_name":"Mahesh Chandra Joshi","owner_name_local":"महेश चंद्र जोशी","co_owners":"","tenure_type":"Bhumiswami / Raiyati with Transferable Rights","mutation_status":"MUTATED","active_mutation_id":"","tax_demand_status":"PAID","annual_tax_inr":"185.5","deed_number":"DEED-UK-2024-427-0001","deed_type":"Sale Deed / Conveyance","sro_office":"Sub-Registrar Office, Rishikesh Tehsil","execution_date":"2024-05-10","registered_owner":"Registry Variance Owner 1","seller_name":"Previous Landholder","consideration_amount_inr":"3500000.0","stamp_duty_inr":"210000.0","survey_sketch_id":"FMB-UK-27-0001","cadastral_sheet_no":"SHT-UK-27","surveyed_area_sqm":"1600.0","survey_status":"SURVEYED","urban_authority":"Rishikesh Tehsil Urban Development & Town Planning Authority","zone_name":"Agricultural / Green Buffer","permitted_land_use":"RESIDENTIAL","building_permission_status":"SANCTIONED","violations_reported":"False","is_encumbered":"True","encumbrance_certificate_number":"EC-UK-00000001-0001","encumbrance_type":"BANK_MORTGAGE","financial_institution":"","mortgage_amount":"0.0","created_at":"2026-01-15T09:00:00Z","updated_at":"2026-09-24T11:30:00Z"}},{"type":"Feature","geometry":{"type":"Polygon","coordinates":[[[79.11813135228613,30.93048856514009],[79.2598818286727,30.904401307275606],[79.23681472508652,31.032787764438375],[79.11813135228613,31.059604966183525],[79.11813135228613,30.93048856514009]]]},"properties":{"ulpin":"05653819982119","parcel_id":"fef9a709-6b32-4285-beda-227be42d150f","state":"Uttarakhand","state_code":"UK","state_type":"STATE","state_lgd_code":"5","district_lgd_code":"65","district_name":"Dehradun","subdistrict_lgd_code":"510","subdistrict_name":"Rishikesh Tehsil","subdistrict_type":"Tehsil / Taluk","village_lgd_code":"51201","village_name":"Shyampur","khasra_plot_no":"Khasra 340/D2","recorded_area":"8.0","recorded_area_unit":"Bigha-Nali","normalized_area_sqm":"1600.0","gis_area_sqm":"1600.0","land_use_category":"COMMERCIAL","land_use_raw":"Krishi Bagayat","status":"PENDING_MUTATION","data_freshness_status":"STALE","scenario_index":"17785","use_case_description":"Subdivision or amalgamation history review","mutation_workflow_status":"REJECTED","revenue_record_id":"ROR-UK-2025-1027-0002","revenue_record_type":"Khatauni (Devbhoomi Uttarakhand)","khata_khewat_no":"KHT-77","khatauni_no":"KHN-177","owner_name":"Mahesh Chandra Joshi","owner_name_local":"महेश चंद्र जोशी","co_owners":"","tenure_type":"Bhumiswami / Freehold","mutation_status":"PENDING","active_mutation_id":"MUT-UK-00000002","tax_demand_status":"PAID","annual_tax_inr":"185.5","deed_number":"DEED-UK-2024-427-0002","deed_type":"Sale Deed / Conveyance","sro_office":"Sub-Registrar Office, Rishikesh Tehsil","execution_date":"2024-05-10","registered_owner":"Mahesh Chandra Joshi","seller_name":"Previous Landholder","consideration_amount_inr":"3500000.0","stamp_duty_inr":"210000.0","survey_sketch_id":"FMB-UK-27-0002","cadastral_sheet_no":"SHT-UK-27","surveyed_area_sqm":"1600.0","survey_status":"PENDING","urban_authority":"Rishikesh Tehsil Urban Development & Town Planning Authority","zone_name":"Agricultural / Green Buffer","permitted_land_use":"COMMERCIAL","building_permission_status":"PENDING","violations_reported":"False","is_encumbered":"True","encumbrance_certificate_number":"EC-UK-00000002-0002","encumbrance_type":"GOVT_REVENUE_LIEN","financial_institution":"","mortgage_amount":"0.0","created_at":"2026-01-15T09:00:00Z","updated_at":"2026-09-24T11:30:00Z"}},{"type":"Feature","geometry":{"type":"Polygon","coordinates":[[[78.78348934581824,29.718971949055433],[78.92736291242161,29.709614310608345],[78.92736291242161,29.820083570903403],[78.80062387541678,29.825300803121024],[78.78348934581824,29.718971949055433]]]},"properties":{"ulpin":"05756103966659","parcel_id":"4a10dd1c-25b3-4e79-be41-3a4d5074e732","state":"Uttarakhand","state_code":"UK","state_type":"STATE","state_lgd_code":"5","district_lgd_code":"65","district_name":"Dehradun","subdistrict_lgd_code":"510","subdistrict_name":"Rishikesh Tehsil","subdistrict_type":"Tehsil / Taluk","village_lgd_code":"51201","village_name":"Shyampur","khasra_plot_no":"Khasra 340/D3","recorded_area":"8.0","recorded_area_unit":"Bigha-Nali","normalized_area_sqm":"1600.0","gis_area_sqm":"1600.0","land_use_category":"INDUSTRIAL","land_use_raw":"Krishi Bagayat","status":"SUBDIVIDED","data_freshness_status":"UNKNOWN","scenario_index":"17786","use_case_description":"Archived historical record for audit retrieval","mutation_workflow_status":"SLA_BREACHED","revenue_record_id":"ROR-UK-2025-1027-0003","revenue_record_type":"Khatauni (Devbhoomi Uttarakhand)","khata_khewat_no":"KHT-77","khatauni_no":"KHN-177","owner_name":"Mahesh Chandra Joshi","owner_name_local":"महेश चंद्र जोशी","co_owners":"","tenure_type":"Leasehold","mutation_status":"UNMUTATED_TRANSACTION","active_mutation_id":"MUT-UK-00000003","tax_demand_status":"PAID","annual_tax_inr":"185.5","deed_number":"DEED-UK-2024-427-0003","deed_type":"Sale Deed / Conveyance","sro_office":"Sub-Registrar Office, Rishikesh Tehsil","execution_date":"2024-05-10","registered_owner":"Mahesh Chandra Joshi","seller_name":"Previous Landholder","consideration_amount_inr":"3500000.0","stamp_duty_inr":"210000.0","survey_sketch_id":"FMB-UK-27-0003","cadastral_sheet_no":"SHT-UK-27","surveyed_area_sqm":"1600.0","survey_status":"DISPUTED","urban_authority":"Rishikesh Tehsil Urban Development & Town Planning Authority","zone_name":"Agricultural / Green Buffer","permitted_land_use":"INDUSTRIAL","building_permission_status":"REJECTED","violations_reported":"False","is_encumbered":"True","encumbrance_certificate_number":"EC-UK-00000003-0003","encumbrance_type":"COURT_ATTACHMENT","financial_institution":"","mortgage_amount":"0.0","created_at":"2026-01-15T09:00:00Z","updated_at":"2026-09-24T11:30:00Z"}},{"type":"Feature","geometry":{"type":"Polygon","coordinates":[[[80.24286574820944,31.115973356145343],[80.39643544300658,31.102854067204923],[80.3697464826273,31.236013441498358],[80.2484809993276,31.217489052055704],[80.24286574820944,31.115973356145343]]]},"properties":{"ulpin":"05800531597008","parcel_id":"9761fe86-f8c3-465d-91b7-d13917e3f374","state":"Uttarakhand","state_code":"UK","state_type":"STATE","state_lgd_code":"5","district_lgd_code":"65","district_name":"Dehradun","subdistrict_lgd_code":"510","subdistrict_name":"Rishikesh Tehsil","subdistrict_type":"Tehsil / Taluk","village_lgd_code":"51201","village_name":"Shyampur","khasra_plot_no":"Khasra 340/D4","recorded_area":"8.0","recorded_area_unit":"Bigha-Nali","normalized_area_sqm":"1600.0","gis_area_sqm":"1600.0","land_use_category":"AGRICULTURAL","land_use_raw":"Krishi Bagayat","status":"AMALGAMATED","data_freshness_status":"CURRENT","scenario_index":"17787","use_case_description":"Bank mortgage and active encumbrance","mutation_workflow_status":"SUBMITTED","revenue_record_id":"ROR-UK-2025-1027-0004","revenue_record_type":"Khatauni (Devbhoomi Uttarakhand)","khata_khewat_no":"KHT-77","khatauni_no":"KHN-177","owner_name":"Mahesh Chandra Joshi","owner_name_local":"महेश चंद्र जोशी","co_owners":"","tenure_type":"Government Grant","mutation_status":"REJECTED","active_mutation_id":"MUT-UK-00000004","tax_demand_status":"PAID","annual_tax_inr":"185.5","deed_number":"DEED-UK-2024-427-0004","deed_type":"Sale Deed / Conveyance","sro_office":"Sub-Registrar Office, Rishikesh Tehsil","execution_date":"2024-05-10","registered_owner":"Mahesh Chandra Joshi","seller_name":"Previous Landholder","consideration_amount_inr":"3500000.0","stamp_duty_inr":"210000.0","survey_sketch_id":"FMB-UK-27-0004","cadastral_sheet_no":"SHT-UK-27","surveyed_area_sqm":"1600.0","survey_status":"RESURVEY_REQUIRED","urban_authority":"Rishikesh Tehsil Urban Development & Town Planning Authority","zone_name":"Agricultural / Green Buffer","permitted_land_use":"AGRICULTURAL","building_permission_status":"NOT_APPLICABLE","violations_reported":"True","is_encumbered":"True","encumbrance_certificate_number":"EC-UK-00000004-0004","encumbrance_type":"TRIBAL_NON_ALIENATION","financial_institution":"","mortgage_amount":"0.0","created_at":"2026-01-15T09:00:00Z","updated_at":"2026-09-24T11:30:00Z"}},{"type":"Feature","geometry":{"type":"Polygon","coordinates":[[[80.26363839710338,29.497931383635397],[80.35439254864663,29.497931383635397],[80.36161630508066,29.652879862963278],[80.23546879842331,29.63850149137273],[80.26363839710338,29.497931383635397]]]},"properties":{"ulpin":"05320354751102","parcel_id":"c22eb26e-d4c2-4f15-9459-500f9db2e70e","state":"Uttarakhand","state_code":"UK","state_type":"STATE","state_lgd_code":"5","district_lgd_code":"65","district_name":"Dehradun","subdistrict_lgd_code":"510","subdistrict_name":"Rishikesh Tehsil","subdistrict_type":"Tehsil / Taluk","village_lgd_code":"51201","village_name":"Shyampur","khasra_plot_no":"Khasra 340/D5","recorded_area":"8.0","recorded_area_unit":"Bigha-Nali","normalized_area_sqm":"1600.0","gis_area_sqm":"1600.0","land_use_category":"INSTITUTIONAL","land_use_raw":"Krishi Bagayat","status":"DISPUTED","data_freshness_status":"STALE","scenario_index":"17788","use_case_description":"Government revenue lien and tax demand","mutation_workflow_status":"UNDER_VERIFICATION","revenue_record_id":"ROR-UK-2025-1027-0005","revenue_record_type":"Khatauni (Devbhoomi Uttarakhand)","khata_khewat_no":"KHT-77","khatauni_no":"KHN-177","owner_name":"Mahesh Chandra Joshi","owner_name_local":"महेश चंद्र जोशी","co_owners":"","tenure_type":"Waqf / Religious Trust","mutation_status":"DISPUTED","active_mutation_id":"MUT-UK-00000005","tax_demand_status":"PAID","annual_tax_inr":"185.5","deed_number":"DEED-UK-2024-427-0005","deed_type":"Sale Deed / Conveyance","sro_office":"Sub-Registrar Office, Rishikesh Tehsil","execution_date":"2024-05-10","registered_owner":"Mahesh Chandra Joshi","seller_name":"Previous Landholder","consideration_amount_inr":"3500000.0","stamp_duty_inr":"210000.0","survey_sketch_id":"FMB-UK-27-0005","cadastral_sheet_no":"SHT-UK-27","surveyed_area_sqm":"1600.0","survey_status":"SURVEYED","urban_authority":"Rishikesh Tehsil Urban Development & Town Planning Authority","zone_name":"Agricultural / Green Buffer","permitted_land_use":"INSTITUTIONAL","building_permission_status":"SANCTIONED","violations_reported":"False","is_encumbered":"True","encumbrance_certificate_number":"EC-UK-00000005-0005","encumbrance_type":"LEASE_CHARGE","financial_institution":"","mortgage_amount":"0.0","created_at":"2026-01-15T09:00:00Z","updated_at":"2026-09-24T11:30:00Z"}},{"type":"Feature","geometry":{"type":"Polygon","coordinates":[[[80.2423036141602,31.44029807301753],[80.4058861935602,31.437865167188658],[80.38655770260347,31.558942073781076],[80.24922130158474,31.533270422402097],[80.2423036141602,31.44029807301753]]]},"properties":{"ulpin":"05603910185700","parcel_id":"a89bec8b-1de2-40e2-9990-0c80c1f98852","state":"Uttarakhand","state_code":"UK","state_type":"STATE","state_lgd_code":"5","district_lgd_code":"65","district_name":"Dehradun","subdistrict_lgd_code":"510","subdistrict_name":"Rishikesh Tehsil","subdistrict_type":"Tehsil / Taluk","village_lgd_code":"51201","village_name":"Shyampur","khasra_plot_no":"Khasra 340/D6","recorded_area":"8.0","recorded_area_unit":"Bigha-Nali","normalized_area_sqm":"1600.0","gis_area_sqm":"1600.0","land_use_category":"FOREST_GREEN_BELT","land_use_raw":"Krishi Bagayat","status":"ARCHIVED","data_freshness_status":"UNKNOWN","scenario_index":"17789","use_case_description":"Archived historical record for audit retrieval","mutation_workflow_status":"NOTICE_PERIOD","revenue_record_id":"ROR-UK-2025-1027-0006","revenue_record_type":"Khatauni (Devbhoomi Uttarakhand)","khata_khewat_no":"KHT-77","khatauni_no":"KHN-177","owner_name":"Mahesh Chandra Joshi","owner_name_local":"महेश चंद्र जोशी","co_owners":"","tenure_type":"Tribal Community Tenure","mutation_status":"NONE","active_mutation_id":"MUT-UK-00000006","tax_demand_status":"PAID","annual_tax_inr":"185.5","deed_number":"DEED-UK-2024-427-0006","deed_type":"Sale Deed / Conveyance","sro_office":"Sub-Registrar Office, Rishikesh Tehsil","execution_date":"2024-05-10","registered_owner":"Registry Variance Owner 6","seller_name":"Previous Landholder","consideration_amount_inr":"3500000.0","stamp_duty_inr":"210000.0","survey_sketch_id":"FMB-UK-27-0006","cadastral_sheet_no":"SHT-UK-27","surveyed_area_sqm":"1600.0","survey_status":"PENDING","urban_authority":"Rishikesh Tehsil Urban Development & Town Planning Authority","zone_name":"Agricultural / Green Buffer","permitted_land_use":"FOREST_GREEN_BELT","building_permission_status":"PENDING","violations_reported":"False","is_encumbered":"False","encumbrance_certificate_number":"EC-UK-2024-127-0006","encumbrance_type":"NIL","financial_institution":"","mortgage_amount":"0.0","created_at":"2026-01-15T09:00:00Z","updated_at":"2026-09-24T11:30:00Z"}},{"type":"Feature","geometry":{"type":"Polygon","coordinates":[[[78.50556993739872,31.474004588427135],[78.67360108258102,31.462058523147892],[78.6379399681026,31.62407850521331],[78.49150894959634,31.62407850521331],[78.50556993739872,31.474004588427135]]]},"properties":{"ulpin":"05738434987746","parcel_id":"d07dafbe-768f-4299-b1fb-c11961a57cfb","state":"Uttarakhand","state_code":"UK","state_type":"STATE","state_lgd_code":"5","district_lgd_code":"65","district_name":"Dehradun","subdistrict_lgd_code":"510","subdistrict_name":"Rishikesh Tehsil","subdistrict_type":"Tehsil / Taluk","village_lgd_code":"51201","village_name":"Shyampur","khasra_plot_no":"Khasra 340/D7","recorded_area":"8.0","recorded_area_unit":"Bigha-Nali","normalized_area_sqm":"1600.0","gis_area_sqm":"1600.0","land_use_category":"WATER_BODY","land_use_raw":"Krishi Bagayat","status":"ACTIVE","data_freshness_status":"CURRENT","scenario_index":"17790","use_case_description":"Tribal non-alienation protection review","mutation_workflow_status":"HEARING_SCHEDULED","revenue_record_id":"ROR-UK-2025-1027-0007","revenue_record_type":"Khatauni (Devbhoomi Uttarakhand)","khata_khewat_no":"KHT-77","khatauni_no":"KHN-177","owner_name":"Mahesh Chandra Joshi","owner_name_local":"महेश चंद्र जोशी","co_owners":"","tenure_type":"Bhumiswami / Raiyati with Transferable Rights","mutation_status":"MUTATED","active_mutation_id":"","tax_demand_status":"PAID","annual_tax_inr":"185.5","deed_number":"DEED-UK-2024-427-0007","deed_type":"Sale Deed / Conveyance","sro_office":"Sub-Registrar Office, Rishikesh Tehsil","execution_date":"2024-05-10","registered_owner":"Mahesh Chandra Joshi","seller_name":"Previous Landholder","consideration_amount_inr":"3500000.0","stamp_duty_inr":"210000.0","survey_sketch_id":"FMB-UK-27-0007","cadastral_sheet_no":"SHT-UK-27","surveyed_area_sqm":"1600.0","survey_status":"DISPUTED","urban_authority":"Rishikesh Tehsil Urban Development & Town Planning Authority","zone_name":"Agricultural / Green Buffer","permitted_land_use":"WATER_BODY","building_permission_status":"REJECTED","violations_reported":"False","is_encumbered":"True","encumbrance_certificate_number":"EC-UK-00000007-0007","encumbrance_type":"BANK_MORTGAGE","financial_institution":"","mortgage_amount":"0.0","created_at":"2026-01-15T09:00:00Z","updated_at":"2026-09-24T11:30:00Z"}},{"type":"Feature","geometry":{"type":"Polygon","coordinates":[[[78.37226670631615,30.75183331294765],[78.52095317405447,30.75183331294765],[78.5028565102665,30.886127246954633],[78.37226670631615,30.906881828601627],[78.37226670631615,30.75183331294765]]]},"properties":{"ulpin":"05886548904882","parcel_id":"7815956f-44c3-4882-a801-947be0bc575b","state":"Uttarakhand","state_code":"UK","state_type":"STATE","state_lgd_code":"5","district_lgd_code":"65","district_name":"Dehradun","subdistrict_lgd_code":"510","subdistrict_name":"Rishikesh Tehsil","subdistrict_type":"Tehsil / Taluk","village_lgd_code":"51201","village_name":"Shyampur","khasra_plot_no":"Khasra 340/D8","recorded_area":"8.0","recorded_area_unit":"Bigha-Nali","normalized_area_sqm":"1600.0","gis_area_sqm":"1600.0","land_use_category":"MIXED_USE","land_use_raw":"Krishi Bagayat","status":"PENDING_MUTATION","data_freshness_status":"STALE","scenario_index":"17791","use_case_description":"Lease charge and institutional tenancy","mutation_workflow_status":"APPROVED","revenue_record_id":"ROR-UK-2025-1027-0008","revenue_record_type":"Khatauni (Devbhoomi Uttarakhand)","khata_khewat_no":"KHT-77","khatauni_no":"KHN-177","owner_name":"Mahesh Chandra Joshi","owner_name_local":"महेश चंद्र जोशी","co_owners":"","tenure_type":"Bhumiswami / Freehold","mutation_status":"PENDING","active_mutation_id":"MUT-UK-00000008","tax_demand_status":"PAID","annual_tax_inr":"185.5","deed_number":"DEED-UK-2024-427-0008","deed_type":"Sale Deed / Conveyance","sro_office":"Sub-Registrar Office, Rishikesh Tehsil","execution_date":"2024-05-10","registered_owner":"Mahesh Chandra Joshi","seller_name":"Previous Landholder","consideration_amount_inr":"3500000.0","stamp_duty_inr":"210000.0","survey_sketch_id":"FMB-UK-27-0008","cadastral_sheet_no":"SHT-UK-27","surveyed_area_sqm":"1600.0","survey_status":"RESURVEY_REQUIRED","urban_authority":"Rishikesh Tehsil Urban Development & Town Planning Authority","zone_name":"Agricultural / Green Buffer","permitted_land_use":"MIXED_USE","building_permission_status":"NOT_APPLICABLE","violations_reported":"False","is_encumbered":"True","encumbrance_certificate_number":"EC-UK-00000008-0008","encumbrance_type":"GOVT_REVENUE_LIEN","financial_institution":"","mortgage_amount":"0.0","created_at":"2026-01-15T09:00:00Z","updated_at":"2026-09-24T11:30:00Z"}},{"type":"Feature","geometry":{"type":"Polygon","coordinates":[[[80.12201859490813,31.451224102144284],[80.2423036141602,31.44029807301753],[80.24922130158474,31.533270422402097],[80.10875694626537,31.551945943662723],[80.12201859490813,31.451224102144284]]]},"properties":{"ulpin":"05353423063412","parcel_id":"79dc0616-0132-43aa-a70c-8f3586f5479e","state":"Uttarakhand","state_code":"UK","state_type":"STATE","state_lgd_code":"5","district_lgd_code":"65","district_name":"Dehradun","subdistrict_lgd_code":"510","subdistrict_name":"Rishikesh Tehsil","subdistrict_type":"Tehsil / Taluk","village_lgd_code":"51201","village_name":"Shyampur","khasra_plot_no":"Khasra 340/D9","recorded_area":"8.0","recorded_area_unit":"Bigha-Nali","normalized_area_sqm":"1600.0","gis_area_sqm":"1600.0","land_use_category":"OTHER","land_use_raw":"Krishi Bagayat","status":"SUBDIVIDED","data_freshness_status":"UNKNOWN","scenario_index":"17792","use_case_description":"Subdivision or amalgamation history review","mutation_workflow_status":"REJECTED","revenue_record_id":"ROR-UK-2025-1027-0009","revenue_record_type":"Khatauni (Devbhoomi Uttarakhand)","khata_khewat_no":"KHT-77","khatauni_no":"KHN-177","owner_name":"Mahesh Chandra Joshi","owner_name_local":"महेश चंद्र जोशी","co_owners":"","tenure_type":"Leasehold","mutation_status":"UNMUTATED_TRANSACTION","active_mutation_id":"MUT-UK-00000009","tax_demand_status":"PAID","annual_tax_inr":"185.5","deed_number":"DEED-UK-2024-427-0009","deed_type":"Sale Deed / Conveyance","sro_office":"Sub-Registrar Office, Rishikesh Tehsil","execution_date":"2024-05-10","registered_owner":"Mahesh Chandra Joshi","seller_name":"Previous Landholder","consideration_amount_inr":"3500000.0","stamp_duty_inr":"210000.0","survey_sketch_id":"FMB-UK-27-0009","cadastral_sheet_no":"SHT-UK-27","surveyed_area_sqm":"1600.0","survey_status":"SURVEYED","urban_authority":"Rishikesh Tehsil Urban Development & Town Planning Authority","zone_name":"Agricultural / Green Buffer","permitted_land_use":"OTHER","building_permission_status":"SANCTIONED","violations_reported":"False","is_encumbered":"True","encumbrance_certificate_number":"EC-UK-00000009-0009","encumbrance_type":"COURT_ATTACHMENT","financial_institution":"","mortgage_amount":"0.0","created_at":"2026-01-15T09:00:00Z","updated_at":"2026-09-24T11:30:00Z"}},{"type":"Feature","geometry":{"type":"Polygon","coordinates":[[[80.26357502708727,30.792724756524716],[80.36599545441204,30.792724756524716],[80.40024780744776,30.90030529368962],[80.2500957783768,30.888295503306782],[80.26357502708727,30.792724756524716]]]},"properties":{"ulpin":"05149479038925","parcel_id":"56d3b372-6f55-4f37-ac8c-eb865aaf0b96","state":"Uttarakhand","state_code":"UK","state_type":"STATE","state_lgd_code":"5","district_lgd_code":"65","district_name":"Dehradun","subdistrict_lgd_code":"510","subdistrict_name":"Rishikesh Tehsil","subdistrict_type":"Tehsil / Taluk","village_lgd_code":"51201","village_name":"Shyampur","khasra_plot_no":"Khasra 340/D10","recorded_area":"8.0","recorded_area_unit":"Bigha-Nali","normalized_area_sqm":"1600.0","gis_area_sqm":"1600.0","land_use_category":"RESIDENTIAL","land_use_raw":"Krishi Bagayat","status":"AMALGAMATED","data_freshness_status":"CURRENT","scenario_index":"17793","use_case_description":"Archived historical record for audit retrieval","mutation_workflow_status":"SLA_BREACHED","revenue_record_id":"ROR-UK-2025-1027-0010","revenue_record_type":"Khatauni (Devbhoomi Uttarakhand)","khata_khewat_no":"KHT-77","khatauni_no":"KHN-177","owner_name":"Mahesh Chandra Joshi","owner_name_local":"महेश चंद्र जोशी","co_owners":"","tenure_type":"Government Grant","mutation_status":"REJECTED","active_mutation_id":"MUT-UK-00000010","tax_demand_status":"PAID","annual_tax_inr":"185.5","deed_number":"DEED-UK-2024-427-0010","deed_type":"Sale Deed / Conveyance","sro_office":"Sub-Registrar Office, Rishikesh Tehsil","execution_date":"2024-05-10","registered_owner":"Mahesh Chandra Joshi","seller_name":"Previous Landholder","consideration_amount_inr":"3500000.0","stamp_duty_inr":"210000.0","survey_sketch_id":"FMB-UK-27-0010","cadastral_sheet_no":"SHT-UK-27","surveyed_area_sqm":"1600.0","survey_status":"PENDING","urban_authority":"Rishikesh Tehsil Urban Development & Town Planning Authority","zone_name":"Agricultural / Green Buffer","permitted_land_use":"RESIDENTIAL","building_permission_status":"PENDING","violations_reported":"False","is_encumbered":"True","encumbrance_certificate_number":"EC-UK-00000010-0010","encumbrance_type":"TRIBAL_NON_ALIENATION","financial_institution":"","mortgage_amount":"0.0","created_at":"2026-01-15T09:00:00Z","updated_at":"2026-09-24T11:30:00Z"}},{"type":"Feature","geometry":{"type":"Polygon","coordinates":[[[80.11895474533735,30.08593096831274],[80.23720540123072,30.08052998520383],[80.25351004143039,30.2581945741319],[80.1087558556792,30.25645212139558],[80.11895474533735,30.08593096831274]]]},"properties":{"ulpin":"05898055213635","parcel_id":"3ba9510e-08f2-4593-828c-81c16cb8e757","state":"Uttarakhand","state_code":"UK","state_type":"STATE","state_lgd_code":"5","district_lgd_code":"65","district_name":"Dehradun","subdistrict_lgd_code":"510","subdistrict_name":"Rishikesh Tehsil","subdistrict_type":"Tehsil / Taluk","village_lgd_code":"51201","village_name":"Shyampur","khasra_plot_no":"Khasra 340/D11","recorded_area":"8.0","recorded_area_unit":"Bigha-Nali","normalized_area_sqm":"1600.0","gis_area_sqm":"1600.0","land_use_category":"COMMERCIAL","land_use_raw":"Krishi Bagayat","status":"DISPUTED","data_freshness_status":"STALE","scenario_index":"17794","use_case_description":"Bank mortgage and active encumbrance","mutation_workflow_status":"SUBMITTED","revenue_record_id":"ROR-UK-2025-1027-0011","revenue_record_type":"Khatauni (Devbhoomi Uttarakhand)","khata_khewat_no":"KHT-77","khatauni_no":"KHN-177","owner_name":"Mahesh Chandra Joshi","owner_name_local":"महेश चंद्र जोशी","co_owners":"","tenure_type":"Waqf / Religious Trust","mutation_status":"DISPUTED","active_mutation_id":"MUT-UK-00000011","tax_demand_status":"PAID","annual_tax_inr":"185.5","deed_number":"DEED-UK-2024-427-0011","deed_type":"Sale Deed / Conveyance","sro_office":"Sub-Registrar Office, Rishikesh Tehsil","execution_date":"2024-05-10","registered_owner":"Registry Variance Owner 11","seller_name":"Previous Landholder","consideration_amount_inr":"3500000.0","stamp_duty_inr":"210000.0","survey_sketch_id":"FMB-UK-27-0011","cadastral_sheet_no":"SHT-UK-27","surveyed_area_sqm":"1600.0","survey_status":"DISPUTED","urban_authority":"Rishikesh Tehsil Urban Development & Town Planning Authority","zone_name":"Agricultural / Green Buffer","permitted_land_use":"COMMERCIAL","building_permission_status":"REJECTED","violations_reported":"True","is_encumbered":"True","encumbrance_certificate_number":"EC-UK-00000011-0011","encumbrance_type":"LEASE_CHARGE","financial_institution":"","mortgage_amount":"0.0","created_at":"2026-01-15T09:00:00Z","updated_at":"2026-09-24T11:30:00Z"}},{"type":"Feature","geometry":{"type":"Polygon","coordinates":[[[79.23526942734296,30.775876450291577],[79.3569457448444,30.774262926974938],[79.35440873902284,30.913604545308708],[79.2598818286727,30.904401307275606],[79.23526942734296,30.775876450291577]]]},"properties":{"ulpin":"05759760219655","parcel_id":"2f9c6a14-6b64-42d8-9c4b-e8014daca134","state":"Uttarakhand","state_code":"UK","state_type":"STATE","state_lgd_code":"5","district_lgd_code":"65","district_name":"Dehradun","subdistrict_lgd_code":"510","subdistrict_name":"Rishikesh Tehsil","subdistrict_type":"Tehsil / Taluk","village_lgd_code":"51201","village_name":"Shyampur","khasra_plot_no":"Khasra 340/D12","recorded_area":"8.0","recorded_area_unit":"Bigha-Nali","normalized_area_sqm":"1600.0","gis_area_sqm":"1600.0","land_use_category":"INDUSTRIAL","land_use_raw":"Krishi Bagayat","status":"ARCHIVED","data_freshness_status":"UNKNOWN","scenario_index":"17795","use_case_description":"Cadastral area discrepancy requiring resurvey","mutation_workflow_status":"UNDER_VERIFICATION","revenue_record_id":"ROR-UK-2025-1027-0012","revenue_record_type":"Khatauni (Devbhoomi Uttarakhand)","khata_khewat_no":"KHT-77","khatauni_no":"KHN-177","owner_name":"Mahesh Chandra Joshi","owner_name_local":"महेश चंद्र जोशी","co_owners":"","tenure_type":"Tribal Community Tenure","mutation_status":"NONE","active_mutation_id":"MUT-UK-00000012","tax_demand_status":"PAID","annual_tax_inr":"185.5","deed_number":"DEED-UK-2024-427-0012","deed_type":"Sale Deed / Conveyance","sro_office":"Sub-Registrar Office, Rishikesh Tehsil","execution_date":"2024-05-10","registered_owner":"Mahesh Chandra Joshi","seller_name":"Previous Landholder","consideration_amount_inr":"3500000.0","stamp_duty_inr":"210000.0","survey_sketch_id":"FMB-UK-27-0012","cadastral_sheet_no":"SHT-UK-27","surveyed_area_sqm":"1600.0","survey_status":"RESURVEY_REQUIRED","urban_authority":"Rishikesh Tehsil Urban Development & Town Planning Authority","zone_name":"Agricultural / Green Buffer","permitted_land_use":"INDUSTRIAL","building_permission_status":"NOT_APPLICABLE","violations_reported":"False","is_encumbered":"False","encumbrance_certificate_number":"EC-UK-2024-127-0012","encumbrance_type":"NIL","financial_institution":"","mortgage_amount":"0.0","created_at":"2026-01-15T09:00:00Z","updated_at":"2026-09-24T11:30:00Z"}},{"type":"Feature","geometry":{"type":"Polygon","coordinates":[[[79.36304200710387,31.189895303268173],[79.48823666455968,31.159564714910015],[79.49830412526251,31.299418624942007],[79.3874346006635,31.320064568689627],[79.36304200710387,31.189895303268173]]]},"properties":{"ulpin":"05518686793787","parcel_id":"d09891ea-fa6a-4877-b558-a639d5908698","state":"Uttarakhand","state_code":"UK","state_type":"STATE","state_lgd_code":"5","district_lgd_code":"65","district_name":"Dehradun","subdistrict_lgd_code":"510","subdistrict_name":"Rishikesh Tehsil","subdistrict_type":"Tehsil / Taluk","village_lgd_code":"51201","village_name":"Shyampur","khasra_plot_no":"Khasra 340/D13","recorded_area":"8.0","recorded_area_unit":"Bigha-Nali","normalized_area_sqm":"1600.0","gis_area_sqm":"1600.0","land_use_category":"AGRICULTURAL","land_use_raw":"Krishi Bagayat","status":"ACTIVE","data_freshness_status":"CURRENT","scenario_index":"17796","use_case_description":"Court attachment and disputed possession","mutation_workflow_status":"NOTICE_PERIOD","revenue_record_id":"ROR-UK-2025-1027-0013","revenue_record_type":"Khatauni (Devbhoomi Uttarakhand)","khata_khewat_no":"KHT-77","khatauni_no":"KHN-177","owner_name":"Mahesh Chandra Joshi","owner_name_local":"महेश चंद्र जोशी","co_owners":"","tenure_type":"Bhumiswami / Raiyati with Transferable Rights","mutation_status":"MUTATED","active_mutation_id":"","tax_demand_status":"PAID","annual_tax_inr":"185.5","deed_number":"DEED-UK-2024-427-0013","deed_type":"Sale Deed / Conveyance","sro_office":"Sub-Registrar Office, Rishikesh Tehsil","execution_date":"2024-05-10","registered_owner":"Mahesh Chandra Joshi","seller_name":"Previous Landholder","consideration_amount_inr":"3500000.0","stamp_duty_inr":"210000.0","survey_sketch_id":"FMB-UK-27-0013","cadastral_sheet_no":"SHT-UK-27","surveyed_area_sqm":"1600.0","survey_status":"SURVEYED","urban_authority":"Rishikesh Tehsil Urban Development & Town Planning Authority","zone_name":"Agricultural / Green Buffer","permitted_land_use":"AGRICULTURAL","building_permission_status":"SANCTIONED","violations_reported":"False","is_encumbered":"True","encumbrance_certificate_number":"EC-UK-00000013-0013","encumbrance_type":"BANK_MORTGAGE","financial_institution":"","mortgage_amount":"0.0","created_at":"2026-01-15T09:00:00Z","updated_at":"2026-09-24T11:30:00Z"}},{"type":"Feature","geometry":{"type":"Polygon","coordinates":[[[80.23573452519108,29.808962052234467],[80.37878888817185,29.81197243030588],[80.35976050684837,29.97348466109924],[80.23709380322342,29.97187622563392],[80.23573452519108,29.808962052234467]]]},"properties":{"ulpin":"05370955139894","parcel_id":"a9a6cdc5-87e3-45aa-8600-e6a630fc65c1","state":"Uttarakhand","state_code":"UK","state_type":"STATE","state_lgd_code":"5","district_lgd_code":"65","district_name":"Dehradun","subdistrict_lgd_code":"510","subdistrict_name":"Rishikesh Tehsil","subdistrict_type":"Tehsil / Taluk","village_lgd_code":"51201","village_name":"Shyampur","khasra_plot_no":"Khasra 340/D14","recorded_area":"8.0","recorded_area_unit":"Bigha-Nali","normalized_area_sqm":"1600.0","gis_area_sqm":"1600.0","land_use_category":"INSTITUTIONAL","land_use_raw":"Krishi Bagayat","status":"PENDING_MUTATION","data_freshness_status":"STALE","scenario_index":"17797","use_case_description":"Tribal non-alienation protection review","mutation_workflow_status":"HEARING_SCHEDULED","revenue_record_id":"ROR-UK-2025-1027-0014","revenue_record_type":"Khatauni (Devbhoomi Uttarakhand)","khata_khewat_no":"KHT-77","khatauni_no":"KHN-177","owner_name":"Mahesh Chandra Joshi","owner_name_local":"महेश चंद्र जोशी","co_owners":"","tenure_type":"Bhumiswami / Freehold","mutation_status":"PENDING","active_mutation_id":"MUT-UK-00000014","tax_demand_status":"PAID","annual_tax_inr":"185.5","deed_number":"DEED-UK-2024-427-0014","deed_type":"Sale Deed / Conveyance","sro_office":"Sub-Registrar Office, Rishikesh Tehsil","execution_date":"2024-05-10","registered_owner":"Mahesh Chandra Joshi","seller_name":"Previous Landholder","consideration_amount_inr":"3500000.0","stamp_duty_inr":"210000.0","survey_sketch_id":"FMB-UK-27-0014","cadastral_sheet_no":"SHT-UK-27","surveyed_area_sqm":"1600.0","survey_status":"PENDING","urban_authority":"Rishikesh Tehsil Urban Development & Town Planning Authority","zone_name":"Agricultural / Green Buffer","permitted_land_use":"INSTITUTIONAL","building_permission_status":"PENDING","violations_reported":"False","is_encumbered":"True","encumbrance_certificate_number":"EC-UK-00000014-0014","encumbrance_type":"GOVT_REVENUE_LIEN","financial_institution":"","mortgage_amount":"0.0","created_at":"2026-01-15T09:00:00Z","updated_at":"2026-09-24T11:30:00Z"}},{"type":"Feature","geometry":{"type":"Polygon","coordinates":[[[80.10875694626537,31.551945943662723],[80.24922130158474,31.533270422402097],[80.24042567332889,31.651219607942952],[80.09442175785354,31.651219607942952],[80.10875694626537,31.551945943662723]]]},"properties":{"ulpin":"05521574221570","parcel_id":"dc23dabd-00e2-4f5f-ad9d-7bfa30d1b798","state":"Uttarakhand","state_code":"UK","state_type":"STATE","state_lgd_code":"5","district_lgd_code":"65","district_name":"Dehradun","subdistrict_lgd_code":"510","subdistrict_name":"Rishikesh Tehsil","subdistrict_type":"Tehsil / Taluk","village_lgd_code":"51201","village_name":"Shyampur","khasra_plot_no":"Khasra 340/D15","recorded_area":"8.0","recorded_area_unit":"Bigha-Nali","normalized_area_sqm":"1600.0","gis_area_sqm":"1600.0","land_use_category":"FOREST_GREEN_BELT","land_use_raw":"Krishi Bagayat","status":"SUBDIVIDED","data_freshness_status":"UNKNOWN","scenario_index":"17798","use_case_description":"Lease charge and institutional tenancy","mutation_workflow_status":"APPROVED","revenue_record_id":"ROR-UK-2025-1027-0015","revenue_record_type":"Khatauni (Devbhoomi Uttarakhand)","khata_khewat_no":"KHT-77","khatauni_no":"KHN-177","owner_name":"Mahesh Chandra Joshi","owner_name_local":"महेश चंद्र जोशी","co_owners":"","tenure_type":"Leasehold","mutation_status":"UNMUTATED_TRANSACTION","active_mutation_id":"MUT-UK-00000015","tax_demand_status":"PAID","annual_tax_inr":"185.5","deed_number":"DEED-UK-2024-427-0015","deed_type":"Sale Deed / Conveyance","sro_office":"Sub-Registrar Office, Rishikesh Tehsil","execution_date":"2024-05-10","registered_owner":"Mahesh Chandra Joshi","seller_name":"Previous Landholder","consideration_amount_inr":"3500000.0","stamp_duty_inr":"210000.0","survey_sketch_id":"FMB-UK-27-0015","cadastral_sheet_no":"SHT-UK-27","surveyed_area_sqm":"1600.0","survey_status":"DISPUTED","urban_authority":"Rishikesh Tehsil Urban Development & Town Planning Authority","zone_name":"Agricultural / Green Buffer","permitted_land_use":"FOREST_GREEN_BELT","building_permission_status":"REJECTED","violations_reported":"False","is_encumbered":"True","encumbrance_certificate_number":"EC-UK-00000015-0015","encumbrance_type":"COURT_ATTACHMENT","financial_institution":"","mortgage_amount":"0.0","created_at":"2026-01-15T09:00:00Z","updated_at":"2026-09-24T11:30:00Z"}},{"type":"Feature","geometry":{"type":"Polygon","coordinates":[[[79.11813135228613,30.51209995904942],[79.25730471904046,30.51209995904942],[79.26243196945401,30.641370133010184],[79.11813135228613,30.651889574896067],[79.11813135228613,30.51209995904942]]]},"properties":{"ulpin":"05643686486330","parcel_id":"bca582e8-e70a-4c26-b494-d3ac705cc017","state":"Uttarakhand","state_code":"UK","state_type":"STATE","state_lgd_code":"5","district_lgd_code":"65","district_name":"Dehradun","subdistrict_lgd_code":"510","subdistrict_name":"Rishikesh Tehsil","subdistrict_type":"Tehsil / Taluk","village_lgd_code":"51201","village_name":"Shyampur","khasra_plot_no":"Khasra 340/D16","recorded_area":"8.0","recorded_area_unit":"Bigha-Nali","normalized_area_sqm":"1600.0","gis_area_sqm":"1600.0","land_use_category":"WATER_BODY","land_use_raw":"Krishi Bagayat","status":"AMALGAMATED","data_freshness_status":"CURRENT","scenario_index":"17799","use_case_description":"Subdivision or amalgamation history review","mutation_workflow_status":"REJECTED","revenue_record_id":"ROR-UK-2025-1027-0016","revenue_record_type":"Khatauni (Devbhoomi Uttarakhand)","khata_khewat_no":"KHT-77","khatauni_no":"KHN-177","owner_name":"Mahesh Chandra Joshi","owner_name_local":"महेश चंद्र जोशी","co_owners":"","tenure_type":"Government Grant","mutation_status":"REJECTED","active_mutation_id":"MUT-UK-00000016","tax_demand_status":"PAID","annual_tax_inr":"185.5","deed_number":"DEED-UK-2024-427-0016","deed_type":"Sale Deed / Conveyance","sro_office":"Sub-Registrar Office, Rishikesh Tehsil","execution_date":"2024-05-10","registered_owner":"Registry Variance Owner 16","seller_name":"Previous Landholder","consideration_amount_inr":"3500000.0","stamp_duty_inr":"210000.0","survey_sketch_id":"FMB-UK-27-0016","cadastral_sheet_no":"SHT-UK-27","surveyed_area_sqm":"1600.0","survey_status":"RESURVEY_REQUIRED","urban_authority":"Rishikesh Tehsil Urban Development & Town Planning Authority","zone_name":"Agricultural / Green Buffer","permitted_land_use":"WATER_BODY","building_permission_status":"NOT_APPLICABLE","violations_reported":"False","is_encumbered":"True","encumbrance_certificate_number":"EC-UK-00000016-0016","encumbrance_type":"TRIBAL_NON_ALIENATION","financial_institution":"","mortgage_amount":"0.0","created_at":"2026-01-15T09:00:00Z","updated_at":"2026-09-24T11:30:00Z"}},{"type":"Feature","geometry":{"type":"Polygon","coordinates":[[[79.50508498729923,30.775342328055405],[79.60706002399596,30.790409948869723],[79.63542542013222,30.896951488805712],[79.49924040648557,30.918383557272193],[79.50508498729923,30.775342328055405]]]},"properties":{"ulpin":"05955413933776","parcel_id":"74958f08-f394-49b1-8b07-ab0a7206504b","state":"Uttarakhand","state_code":"UK","state_type":"STATE","state_lgd_code":"5","district_lgd_code":"65","district_name":"Dehradun","subdistrict_lgd_code":"510","subdistrict_name":"Rishikesh Tehsil","subdistrict_type":"Tehsil / Taluk","village_lgd_code":"51201","village_name":"Shyampur","khasra_plot_no":"Khasra 340/D17","recorded_area":"8.0","recorded_area_unit":"Bigha-Nali","normalized_area_sqm":"1600.0","gis_area_sqm":"1600.0","land_use_category":"MIXED_USE","land_use_raw":"Krishi Bagayat","status":"DISPUTED","data_freshness_status":"STALE","scenario_index":"17800","use_case_description":"Archived historical record for audit retrieval","mutation_workflow_status":"SLA_BREACHED","revenue_record_id":"ROR-UK-2025-1027-0017","revenue_record_type":"Khatauni (Devbhoomi Uttarakhand)","khata_khewat_no":"KHT-77","khatauni_no":"KHN-177","owner_name":"Mahesh Chandra Joshi","owner_name_local":"महेश चंद्र जोशी","co_owners":"","tenure_type":"Waqf / Religious Trust","mutation_status":"DISPUTED","active_mutation_id":"MUT-UK-00000017","tax_demand_status":"PAID","annual_tax_inr":"185.5","deed_number":"DEED-UK-2024-427-0017","deed_type":"Sale Deed / Conveyance","sro_office":"Sub-Registrar Office, Rishikesh Tehsil","execution_date":"2024-05-10","registered_owner":"Mahesh Chandra Joshi","seller_name":"Previous Landholder","consideration_amount_inr":"3500000.0","stamp_duty_inr":"210000.0","survey_sketch_id":"FMB-UK-27-0017","cadastral_sheet_no":"SHT-UK-27","surveyed_area_sqm":"1600.0","survey_status":"SURVEYED","urban_authority":"Rishikesh Tehsil Urban Development & Town Planning Authority","zone_name":"Agricultural / Green Buffer","permitted_land_use":"MIXED_USE","building_permission_status":"SANCTIONED","violations_reported":"False","is_encumbered":"True","encumbrance_certificate_number":"EC-UK-00000017-0017","encumbrance_type":"LEASE_CHARGE","financial_institution":"","mortgage_amount":"0.0","created_at":"2026-01-15T09:00:00Z","updated_at":"2026-09-24T11:30:00Z"}},{"type":"Feature","geometry":{"type":"Polygon","coordinates":[[[79.97822961697013,30.992404215923603],[80.12133038868446,31.002081678648363],[80.10405138254316,31.09929221829317],[79.97822961697013,31.103442426359972],[79.97822961697013,30.992404215923603]]]},"properties":{"ulpin":"05379863314894","parcel_id":"850051d8-5943-4907-a0c5-e5d86401da6f","state":"Uttarakhand","state_code":"UK","state_type":"STATE","state_lgd_code":"5","district_lgd_code":"65","district_name":"Dehradun","subdistrict_lgd_code":"510","subdistrict_name":"Rishikesh Tehsil","subdistrict_type":"Tehsil / Taluk","village_lgd_code":"51201","village_name":"Shyampur","khasra_plot_no":"Khasra 340/D18","recorded_area":"8.0","recorded_area_unit":"Bigha-Nali","normalized_area_sqm":"1600.0","gis_area_sqm":"1600.0","land_use_category":"OTHER","land_use_raw":"Krishi Bagayat","status":"ARCHIVED","data_freshness_status":"UNKNOWN","scenario_index":"17801","use_case_description":"Tribal non-alienation protection review","mutation_workflow_status":"SUBMITTED","revenue_record_id":"ROR-UK-2025-1027-0018","revenue_record_type":"Khatauni (Devbhoomi Uttarakhand)","khata_khewat_no":"KHT-77","khatauni_no":"KHN-177","owner_name":"Mahesh Chandra Joshi","owner_name_local":"महेश चंद्र जोशी","co_owners":"","tenure_type":"Tribal Community Tenure","mutation_status":"NONE","active_mutation_id":"MUT-UK-00000018","tax_demand_status":"PAID","annual_tax_inr":"185.5","deed_number":"DEED-UK-2024-427-0018","deed_type":"Sale Deed / Conveyance","sro_office":"Sub-Registrar Office, Rishikesh Tehsil","execution_date":"2024-05-10","registered_owner":"Mahesh Chandra Joshi","seller_name":"Previous Landholder","consideration_amount_inr":"3500000.0","stamp_duty_inr":"210000.0","survey_sketch_id":"FMB-UK-27-0018","cadastral_sheet_no":"SHT-UK-27","surveyed_area_sqm":"1600.0","survey_status":"PENDING","urban_authority":"Rishikesh Tehsil Urban Development & Town Planning Authority","zone_name":"Agricultural / Green Buffer","permitted_land_use":"OTHER","building_permission_status":"PENDING","violations_reported":"True","is_encumbered":"False","encumbrance_certificate_number":"EC-UK-2024-127-0018","encumbrance_type":"NIL","financial_institution":"","mortgage_amount":"0.0","created_at":"2026-01-15T09:00:00Z","updated_at":"2026-09-24T11:30:00Z"}},{"type":"Feature","geometry":{"type":"Polygon","coordinates":[[[79.97822961697013,31.344855590924006],[80.13232456979182,31.33168823856238],[80.12201859490813,31.451224102144284],[79.97822961697013,31.434569632360088],[79.97822961697013,31.344855590924006]]]},"properties":{"ulpin":"05997331406179","parcel_id":"2c91f824-f99b-4721-971f-a94dda2f363b","state":"Uttarakhand","state_code":"UK","state_type":"STATE","state_lgd_code":"5","district_lgd_code":"65","district_name":"Dehradun","subdistrict_lgd_code":"510","subdistrict_name":"Rishikesh Tehsil","subdistrict_type":"Tehsil / Taluk","village_lgd_code":"51201","village_name":"Shyampur","khasra_plot_no":"Khasra 340/D19","recorded_area":"8.0","recorded_area_unit":"Bigha-Nali","normalized_area_sqm":"1600.0","gis_area_sqm":"1600.0","land_use_category":"RESIDENTIAL","land_use_raw":"Krishi Bagayat","status":"ACTIVE","data_freshness_status":"CURRENT","scenario_index":"17802","use_case_description":"Government revenue lien and tax demand","mutation_workflow_status":"UNDER_VERIFICATION","revenue_record_id":"ROR-UK-2025-1027-0019","revenue_record_type":"Khatauni (Devbhoomi Uttarakhand)","khata_khewat_no":"KHT-77","khatauni_no":"KHN-177","owner_name":"Mahesh Chandra Joshi","owner_name_local":"महेश चंद्र जोशी","co_owners":"","tenure_type":"Bhumiswami / Raiyati with Transferable Rights","mutation_status":"MUTATED","active_mutation_id":"","tax_demand_status":"PAID","annual_tax_inr":"185.5","deed_number":"DEED-UK-2024-427-0019","deed_type":"Sale Deed / Conveyance","sro_office":"Sub-Registrar Office, Rishikesh Tehsil","execution_date":"2024-05-10","registered_owner":"Mahesh Chandra Joshi","seller_name":"Previous Landholder","consideration_amount_inr":"3500000.0","stamp_duty_inr":"210000.0","survey_sketch_id":"FMB-UK-27-0019","cadastral_sheet_no":"SHT-UK-27","surveyed_area_sqm":"1600.0","survey_status":"DISPUTED","urban_authority":"Rishikesh Tehsil Urban Development & Town Planning Authority","zone_name":"Agricultural / Green Buffer","permitted_land_use":"RESIDENTIAL","building_permission_status":"REJECTED","violations_reported":"False","is_encumbered":"True","encumbrance_certificate_number":"EC-UK-00000019-0019","encumbrance_type":"BANK_MORTGAGE","financial_institution":"","mortgage_amount":"0.0","created_at":"2026-01-15T09:00:00Z","updated_at":"2026-09-24T11:30:00Z"}},{"type":"Feature","geometry":{"type":"Polygon","coordinates":[[[79.11813135228613,30.651889574896067],[79.26243196945401,30.641370133010184],[79.23526942734296,30.775876450291577],[79.11813135228613,30.77918987235125],[79.11813135228613,30.651889574896067]]]},"properties":{"ulpin":"05278378929124","parcel_id":"6c64e014-ca8c-4296-b57d-ae10781d02d3","state":"Uttarakhand","state_code":"UK","state_type":"STATE","state_lgd_code":"5","district_lgd_code":"65","district_name":"Dehradun","subdistrict_lgd_code":"510","subdistrict_name":"Rishikesh Tehsil","subdistrict_type":"Tehsil / Taluk","village_lgd_code":"51201","village_name":"Shyampur","khasra_plot_no":"Khasra 340/D20","recorded_area":"8.0","recorded_area_unit":"Bigha-Nali","normalized_area_sqm":"1600.0","gis_area_sqm":"1600.0","land_use_category":"COMMERCIAL","land_use_raw":"Krishi Bagayat","status":"PENDING_MUTATION","data_freshness_status":"STALE","scenario_index":"17803","use_case_description":"Court attachment and disputed possession","mutation_workflow_status":"NOTICE_PERIOD","revenue_record_id":"ROR-UK-2025-1027-0020","revenue_record_type":"Khatauni (Devbhoomi Uttarakhand)","khata_khewat_no":"KHT-77","khatauni_no":"KHN-177","owner_name":"Mahesh Chandra Joshi","owner_name_local":"महेश चंद्र जोशी","co_owners":"","tenure_type":"Bhumiswami / Freehold","mutation_status":"PENDING","active_mutation_id":"MUT-UK-00000020","tax_demand_status":"PAID","annual_tax_inr":"185.5","deed_number":"DEED-UK-2024-427-0020","deed_type":"Sale Deed / Conveyance","sro_office":"Sub-Registrar Office, Rishikesh Tehsil","execution_date":"2024-05-10","registered_owner":"Mahesh Chandra Joshi","seller_name":"Previous Landholder","consideration_amount_inr":"3500000.0","stamp_duty_inr":"210000.0","survey_sketch_id":"FMB-UK-27-0020","cadastral_sheet_no":"SHT-UK-27","surveyed_area_sqm":"1600.0","survey_status":"RESURVEY_REQUIRED","urban_authority":"Rishikesh Tehsil Urban Development & Town Planning Authority","zone_name":"Agricultural / Green Buffer","permitted_land_use":"COMMERCIAL","building_permission_status":"NOT_APPLICABLE","violations_reported":"False","is_encumbered":"True","encumbrance_certificate_number":"EC-UK-00000020-0020","encumbrance_type":"GOVT_REVENUE_LIEN","financial_institution":"","mortgage_amount":"0.0","created_at":"2026-01-15T09:00:00Z","updated_at":"2026-09-24T11:30:00Z"}},{"type":"Feature","geometry":{"type":"Polygon","coordinates":[[[80.2500957783768,30.888295503306782],[80.40024780744776,30.90030529368962],[80.38721626795761,31.023343850134463],[80.26050937013392,31.011648849604207],[80.2500957783768,30.888295503306782]]]},"properties":{"ulpin":"05352622140225","parcel_id":"62720bba-851a-4aa4-add4-d0baebd2dc46","state":"Uttarakhand","state_code":"UK","state_type":"STATE","state_lgd_code":"5","district_lgd_code":"65","district_name":"Dehradun","subdistrict_lgd_code":"510","subdistrict_name":"Rishikesh Tehsil","subdistrict_type":"Tehsil / Taluk","village_lgd_code":"51201","village_name":"Shyampur","khasra_plot_no":"Khasra 340/D21","recorded_area":"8.0","recorded_area_unit":"Bigha-Nali","normalized_area_sqm":"1600.0","gis_area_sqm":"1600.0","land_use_category":"INDUSTRIAL","land_use_raw":"Krishi Bagayat","status":"SUBDIVIDED","data_freshness_status":"UNKNOWN","scenario_index":"17804","use_case_description":"Tribal non-alienation protection review","mutation_workflow_status":"HEARING_SCHEDULED","revenue_record_id":"ROR-UK-2025-1027-0021","revenue_record_type":"Khatauni (Devbhoomi Uttarakhand)","khata_khewat_no":"KHT-77","khatauni_no":"KHN-177","owner_name":"Mahesh Chandra Joshi","owner_name_local":"महेश चंद्र जोशी","co_owners":"","tenure_type":"Leasehold","mutation_status":"UNMUTATED_TRANSACTION","active_mutation_id":"MUT-UK-00000021","tax_demand_status":"PAID","annual_tax_inr":"185.5","deed_number":"DEED-UK-2024-427-0021","deed_type":"Sale Deed / Conveyance","sro_office":"Sub-Registrar Office, Rishikesh Tehsil","execution_date":"2024-05-10","registered_owner":"Registry Variance Owner 21","seller_name":"Previous Landholder","consideration_amount_inr":"3500000.0","stamp_duty_inr":"210000.0","survey_sketch_id":"FMB-UK-27-0021","cadastral_sheet_no":"SHT-UK-27","surveyed_area_sqm":"1600.0","survey_status":"SURVEYED","urban_authority":"Rishikesh Tehsil Urban Development & Town Planning Authority","zone_name":"Agricultural / Green Buffer","permitted_land_use":"INDUSTRIAL","building_permission_status":"SANCTIONED","violations_reported":"False","is_encumbered":"True","encumbrance_certificate_number":"EC-UK-00000021-0021","encumbrance_type":"COURT_ATTACHMENT","financial_institution":"","mortgage_amount":"0.0","created_at":"2026-01-15T09:00:00Z","updated_at":"2026-09-24T11:30:00Z"}},{"type":"Feature","geometry":{"type":"Polygon","coordinates":[[[80.52009851851805,30.792724756524716],[80.65752503079126,30.792724756524716],[80.65752503079126,30.894882940579798],[80.51733797069335,30.906878792348767],[80.52009851851805,30.792724756524716]]]},"properties":{"ulpin":"05559953688741","parcel_id":"3bd2e15c-b4bd-4cb2-baca-c19287a99868","state":"Uttarakhand","state_code":"UK","state_type":"STATE","state_lgd_code":"5","district_lgd_code":"65","district_name":"Dehradun","subdistrict_lgd_code":"510","subdistrict_name":"Rishikesh Tehsil","subdistrict_type":"Tehsil / Taluk","village_lgd_code":"51201","village_name":"Shyampur","khasra_plot_no":"Khasra 340/D22","recorded_area":"8.0","recorded_area_unit":"Bigha-Nali","normalized_area_sqm":"1600.0","gis_area_sqm":"1600.0","land_use_category":"AGRICULTURAL","land_use_raw":"Krishi Bagayat","status":"AMALGAMATED","data_freshness_status":"CURRENT","scenario_index":"17805","use_case_description":"Lease charge and institutional tenancy","mutation_workflow_status":"APPROVED","revenue_record_id":"ROR-UK-2025-1027-0022","revenue_record_type":"Khatauni (Devbhoomi Uttarakhand)","khata_khewat_no":"KHT-77","khatauni_no":"KHN-177","owner_name":"Mahesh Chandra Joshi","owner_name_local":"महेश चंद्र जोशी","co_owners":"","tenure_type":"Government Grant","mutation_status":"REJECTED","active_mutation_id":"MUT-UK-00000022","tax_demand_status":"PAID","annual_tax_inr":"185.5","deed_number":"DEED-UK-2024-427-0022","deed_type":"Sale Deed / Conveyance","sro_office":"Sub-Registrar Office, Rishikesh Tehsil","execution_date":"2024-05-10","registered_owner":"Mahesh Chandra Joshi","seller_name":"Previous Landholder","consideration_amount_inr":"3500000.0","stamp_duty_inr":"210000.0","survey_sketch_id":"FMB-UK-27-0022","cadastral_sheet_no":"SHT-UK-27","surveyed_area_sqm":"1600.0","survey_status":"PENDING","urban_authority":"Rishikesh Tehsil Urban Development & Town Planning Authority","zone_name":"Agricultural / Green Buffer","permitted_land_use":"AGRICULTURAL","building_permission_status":"PENDING","violations_reported":"False","is_encumbered":"True","encumbrance_certificate_number":"EC-UK-00000022-0022","encumbrance_type":"TRIBAL_NON_ALIENATION","financial_institution":"","mortgage_amount":"0.0","created_at":"2026-01-15T09:00:00Z","updated_at":"2026-09-24T11:30:00Z"}},{"type":"Feature","geometry":{"type":"Polygon","coordinates":[[[80.11544691384145,29.790618605789046],[80.23573452519108,29.808962052234467],[80.23709380322342,29.97187622563392],[80.11007798801394,29.957468299112065],[80.11544691384145,29.790618605789046]]]},"properties":{"ulpin":"05846323379168","parcel_id":"148eb35e-916c-4726-864c-8a5473aa176c","state":"Uttarakhand","state_code":"UK","state_type":"STATE","state_lgd_code":"5","district_lgd_code":"65","district_name":"Dehradun","subdistrict_lgd_code":"510","subdistrict_name":"Rishikesh Tehsil","subdistrict_type":"Tehsil / Taluk","village_lgd_code":"51201","village_name":"Shyampur","khasra_plot_no":"Khasra 340/D23","recorded_area":"8.0","recorded_area_unit":"Bigha-Nali","normalized_area_sqm":"1600.0","gis_area_sqm":"1600.0","land_use_category":"INSTITUTIONAL","land_use_raw":"Krishi Bagayat","status":"DISPUTED","data_freshness_status":"STALE","scenario_index":"17806","use_case_description":"Subdivision or amalgamation history review","mutation_workflow_status":"REJECTED","revenue_record_id":"ROR-UK-2025-1027-0023","revenue_record_type":"Khatauni (Devbhoomi Uttarakhand)","khata_khewat_no":"KHT-77","khatauni_no":"KHN-177","owner_name":"Mahesh Chandra Joshi","owner_name_local":"महेश चंद्र जोशी","co_owners":"","tenure_type":"Waqf / Religious Trust","mutation_status":"DISPUTED","active_mutation_id":"MUT-UK-00000023","tax_demand_status":"PAID","annual_tax_inr":"185.5","deed_number":"DEED-UK-2024-427-0023","deed_type":"Sale Deed / Conveyance","sro_office":"Sub-Registrar Office, Rishikesh Tehsil","execution_date":"2024-05-10","registered_owner":"Mahesh Chandra Joshi","seller_name":"Previous Landholder","consideration_amount_inr":"3500000.0","stamp_duty_inr":"210000.0","survey_sketch_id":"FMB-UK-27-0023","cadastral_sheet_no":"SHT-UK-27","surveyed_area_sqm":"1600.0","survey_status":"DISPUTED","urban_authority":"Rishikesh Tehsil Urban Development & Town Planning Authority","zone_name":"Agricultural / Green Buffer","permitted_land_use":"INSTITUTIONAL","building_permission_status":"REJECTED","violations_reported":"False","is_encumbered":"True","encumbrance_certificate_number":"EC-UK-00000023-0023","encumbrance_type":"LEASE_CHARGE","financial_institution":"","mortgage_amount":"0.0","created_at":"2026-01-15T09:00:00Z","updated_at":"2026-09-24T11:30:00Z"}},{"type":"Feature","geometry":{"type":"Polygon","coordinates":[[[78.78695319956505,31.19194020906166],[78.93504563877035,31.199408546460823],[78.93504563877035,31.311292693322006],[78.80182160779214,31.326688131144987],[78.78695319956505,31.19194020906166]]]},"properties":{"ulpin":"05294779517639","parcel_id":"e41d61a3-c3c0-41a9-8ffd-a84f202762b3","state":"Uttarakhand","state_code":"UK","state_type":"STATE","state_lgd_code":"5","district_lgd_code":"65","district_name":"Dehradun","subdistrict_lgd_code":"510","subdistrict_name":"Rishikesh Tehsil","subdistrict_type":"Tehsil / Taluk","village_lgd_code":"51201","village_name":"Shyampur","khasra_plot_no":"Khasra 340/D24","recorded_area":"8.0","recorded_area_unit":"Bigha-Nali","normalized_area_sqm":"1600.0","gis_area_sqm":"1600.0","land_use_category":"FOREST_GREEN_BELT","land_use_raw":"Krishi Bagayat","status":"ARCHIVED","data_freshness_status":"UNKNOWN","scenario_index":"17807","use_case_description":"Pending sale mutation within statutory SLA","mutation_workflow_status":"SLA_BREACHED","revenue_record_id":"ROR-UK-2025-1027-0024","revenue_record_type":"Khatauni (Devbhoomi Uttarakhand)","khata_khewat_no":"KHT-77","khatauni_no":"KHN-177","owner_name":"Mahesh Chandra Joshi","owner_name_local":"महेश चंद्र जोशी","co_owners":"","tenure_type":"Tribal Community Tenure","mutation_status":"NONE","active_mutation_id":"MUT-UK-00000024","tax_demand_status":"PAID","annual_tax_inr":"185.5","deed_number":"DEED-UK-2024-427-0024","deed_type":"Sale Deed / Conveyance","sro_office":"Sub-Registrar Office, Rishikesh Tehsil","execution_date":"2024-05-10","registered_owner":"Mahesh Chandra Joshi","seller_name":"Previous Landholder","consideration_amount_inr":"3500000.0","stamp_duty_inr":"210000.0","survey_sketch_id":"FMB-UK-27-0024","cadastral_sheet_no":"SHT-UK-27","surveyed_area_sqm":"1600.0","survey_status":"RESURVEY_REQUIRED","urban_authority":"Rishikesh Tehsil Urban Development & Town Planning Authority","zone_name":"Agricultural / Green Buffer","permitted_land_use":"FOREST_GREEN_BELT","building_permission_status":"NOT_APPLICABLE","violations_reported":"False","is_encumbered":"False","encumbrance_certificate_number":"EC-UK-2024-127-0024","encumbrance_type":"NIL","financial_institution":"","mortgage_amount":"0.0","created_at":"2026-01-15T09:00:00Z","updated_at":"2026-09-24T11:30:00Z"}},{"type":"Feature","geometry":{"type":"Polygon","coordinates":[[[78.80936400674217,31.04402003129185],[78.93504563877035,31.048961543813817],[78.93504563877035,31.199408546460823],[78.78695319956505,31.19194020906166],[78.80936400674217,31.04402003129185]]]},"properties":{"ulpin":"05062718697654","parcel_id":"7179ba6a-c7d5-4644-ad4b-91e99754e1ac","state":"Uttarakhand","state_code":"UK","state_type":"STATE","state_lgd_code":"5","district_lgd_code":"65","district_name":"Dehradun","subdistrict_lgd_code":"510","subdistrict_name":"Rishikesh Tehsil","subdistrict_type":"Tehsil / Taluk","village_lgd_code":"51201","village_name":"Shyampur","khasra_plot_no":"Khasra 340/D25","recorded_area":"8.0","recorded_area_unit":"Bigha-Nali","normalized_area_sqm":"1600.0","gis_area_sqm":"1600.0","land_use_category":"WATER_BODY","land_use_raw":"Krishi Bagayat","status":"ACTIVE","data_freshness_status":"CURRENT","scenario_index":"17808","use_case_description":"Bank mortgage and active encumbrance","mutation_workflow_status":"SUBMITTED","revenue_record_id":"ROR-UK-2025-1027-0025","revenue_record_type":"Khatauni (Devbhoomi Uttarakhand)","khata_khewat_no":"KHT-77","khatauni_no":"KHN-177","owner_name":"Mahesh Chandra Joshi","owner_name_local":"महेश चंद्र जोशी","co_owners":"","tenure_type":"Bhumiswami / Raiyati with Transferable Rights","mutation_status":"MUTATED","active_mutation_id":"","tax_demand_status":"PAID","annual_tax_inr":"185.5","deed_number":"DEED-UK-2024-427-0025","deed_type":"Sale Deed / Conveyance","sro_office":"Sub-Registrar Office, Rishikesh Tehsil","execution_date":"2024-05-10","registered_owner":"Mahesh Chandra Joshi","seller_name":"Previous Landholder","consideration_amount_inr":"3500000.0","stamp_duty_inr":"210000.0","survey_sketch_id":"FMB-UK-27-0025","cadastral_sheet_no":"SHT-UK-27","surveyed_area_sqm":"1600.0","survey_status":"SURVEYED","urban_authority":"Rishikesh Tehsil Urban Development & Town Planning Authority","zone_name":"Agricultural / Green Buffer","permitted_land_use":"WATER_BODY","building_permission_status":"SANCTIONED","violations_reported":"True","is_encumbered":"True","encumbrance_certificate_number":"EC-UK-00000025-0025","encumbrance_type":"BANK_MORTGAGE","financial_institution":"","mortgage_amount":"0.0","created_at":"2026-01-15T09:00:00Z","updated_at":"2026-09-24T11:30:00Z"}},{"type":"Feature","geometry":{"type":"Polygon","coordinates":[[[80.53416005041741,31.215234571845354],[80.65752503079126,31.232848187398275],[80.65752503079126,31.32333376340493],[80.51627653430569,31.337179239638814],[80.53416005041741,31.215234571845354]]]},"properties":{"ulpin":"05233102174165","parcel_id":"1414e5ce-622a-4caa-8d19-9bb7c654816b","state":"Uttarakhand","state_code":"UK","state_type":"STATE","state_lgd_code":"5","district_lgd_code":"65","district_name":"Dehradun","subdistrict_lgd_code":"510","subdistrict_name":"Rishikesh Tehsil","subdistrict_type":"Tehsil / Taluk","village_lgd_code":"51201","village_name":"Shyampur","khasra_plot_no":"Khasra 340/D26","recorded_area":"8.0","recorded_area_unit":"Bigha-Nali","normalized_area_sqm":"1600.0","gis_area_sqm":"1600.0","land_use_category":"MIXED_USE","land_use_raw":"Krishi Bagayat","status":"PENDING_MUTATION","data_freshness_status":"STALE","scenario_index":"17809","use_case_description":"Government revenue lien and tax demand","mutation_workflow_status":"UNDER_VERIFICATION","revenue_record_id":"ROR-UK-2025-1027-0026","revenue_record_type":"Khatauni (Devbhoomi Uttarakhand)","khata_khewat_no":"KHT-77","khatauni_no":"KHN-177","owner_name":"Mahesh Chandra Joshi","owner_name_local":"महेश चंद्र जोशी","co_owners":"","tenure_type":"Bhumiswami / Freehold","mutation_status":"PENDING","active_mutation_id":"MUT-UK-00000026","tax_demand_status":"PAID","annual_tax_inr":"185.5","deed_number":"DEED-UK-2024-427-0026","deed_type":"Sale Deed / Conveyance","sro_office":"Sub-Registrar Office, Rishikesh Tehsil","execution_date":"2024-05-10","registered_owner":"Registry Variance Owner 26","seller_name":"Previous Landholder","consideration_amount_inr":"3500000.0","stamp_duty_inr":"210000.0","survey_sketch_id":"FMB-UK-27-0026","cadastral_sheet_no":"SHT-UK-27","surveyed_area_sqm":"1600.0","survey_status":"PENDING","urban_authority":"Rishikesh Tehsil Urban Development & Town Planning Authority","zone_name":"Agricultural / Green Buffer","permitted_land_use":"MIXED_USE","building_permission_status":"PENDING","violations_reported":"False","is_encumbered":"True","encumbrance_certificate_number":"EC-UK-00000026-0026","encumbrance_type":"GOVT_REVENUE_LIEN","financial_institution":"","mortgage_amount":"0.0","created_at":"2026-01-15T09:00:00Z","updated_at":"2026-09-24T11:30:00Z"}},{"type":"Feature","geometry":{"type":"Polygon","coordinates":[[[79.63653711689582,31.03108678017273],[79.75182256373938,31.036421356913305],[79.75182256373938,31.17485054323442],[79.63739237236035,31.201159565376283],[79.63653711689582,31.03108678017273]]]},"properties":{"ulpin":"05243534833841","parcel_id":"e5c48a4e-cf11-4ee3-8437-e8d2e23c16dc","state":"Uttarakhand","state_code":"UK","state_type":"STATE","state_lgd_code":"5","district_lgd_code":"65","district_name":"Dehradun","subdistrict_lgd_code":"510","subdistrict_name":"Rishikesh Tehsil","subdistrict_type":"Tehsil / Taluk","village_lgd_code":"51201","village_name":"Shyampur","khasra_plot_no":"Khasra 340/D27","recorded_area":"8.0","recorded_area_unit":"Bigha-Nali","normalized_area_sqm":"1600.0","gis_area_sqm":"1600.0","land_use_category":"OTHER","land_use_raw":"Krishi Bagayat","status":"SUBDIVIDED","data_freshness_status":"UNKNOWN","scenario_index":"17810","use_case_description":"Court attachment and disputed possession","mutation_workflow_status":"NOTICE_PERIOD","revenue_record_id":"ROR-UK-2025-1027-0027","revenue_record_type":"Khatauni (Devbhoomi Uttarakhand)","khata_khewat_no":"KHT-77","khatauni_no":"KHN-177","owner_name":"Mahesh Chandra Joshi","owner_name_local":"महेश चंद्र जोशी","co_owners":"","tenure_type":"Leasehold","mutation_status":"UNMUTATED_TRANSACTION","active_mutation_id":"MUT-UK-00000027","tax_demand_status":"PAID","annual_tax_inr":"185.5","deed_number":"DEED-UK-2024-427-0027","deed_type":"Sale Deed / Conveyance","sro_office":"Sub-Registrar Office, Rishikesh Tehsil","execution_date":"2024-05-10","registered_owner":"Mahesh Chandra Joshi","seller_name":"Previous Landholder","consideration_amount_inr":"3500000.0","stamp_duty_inr":"210000.0","survey_sketch_id":"FMB-UK-27-0027","cadastral_sheet_no":"SHT-UK-27","surveyed_area_sqm":"1600.0","survey_status":"DISPUTED","urban_authority":"Rishikesh Tehsil Urban Development & Town Planning Authority","zone_name":"Agricultural / Green Buffer","permitted_land_use":"OTHER","building_permission_status":"REJECTED","violations_reported":"False","is_encumbered":"True","encumbrance_certificate_number":"EC-UK-00000027-0027","encumbrance_type":"COURT_ATTACHMENT","financial_institution":"","mortgage_amount":"0.0","created_at":"2026-01-15T09:00:00Z","updated_at":"2026-09-24T11:30:00Z"}},{"type":"Feature","geometry":{"type":"Polygon","coordinates":[[[80.13776233017946,29.497931383635397],[80.26363839710338,29.497931383635397],[80.23546879842331,29.63850149137273],[80.13455844562807,29.648560084744148],[80.13776233017946,29.497931383635397]]]},"properties":{"ulpin":"05137182146451","parcel_id":"12beba66-4ea5-4ffc-b572-0b3a60791a54","state":"Uttarakhand","state_code":"UK","state_type":"STATE","state_lgd_code":"5","district_lgd_code":"65","district_name":"Dehradun","subdistrict_lgd_code":"510","subdistrict_name":"Rishikesh Tehsil","subdistrict_type":"Tehsil / Taluk","village_lgd_code":"51201","village_name":"Shyampur","khasra_plot_no":"Khasra 340/D28","recorded_area":"8.0","recorded_area_unit":"Bigha-Nali","normalized_area_sqm":"1600.0","gis_area_sqm":"1600.0","land_use_category":"RESIDENTIAL","land_use_raw":"Krishi Bagayat","status":"AMALGAMATED","data_freshness_status":"CURRENT","scenario_index":"17811","use_case_description":"Tribal non-alienation protection review","mutation_workflow_status":"HEARING_SCHEDULED","revenue_record_id":"ROR-UK-2025-1027-0028","revenue_record_type":"Khatauni (Devbhoomi Uttarakhand)","khata_khewat_no":"KHT-77","khatauni_no":"KHN-177","owner_name":"Mahesh Chandra Joshi","owner_name_local":"महेश चंद्र जोशी","co_owners":"","tenure_type":"Government Grant","mutation_status":"REJECTED","active_mutation_id":"MUT-UK-00000028","tax_demand_status":"PAID","annual_tax_inr":"185.5","deed_number":"DEED-UK-2024-427-0028","deed_type":"Sale Deed / Conveyance","sro_office":"Sub-Registrar Office, Rishikesh Tehsil","execution_date":"2024-05-10","registered_owner":"Mahesh Chandra Joshi","seller_name":"Previous Landholder","consideration_amount_inr":"3500000.0","stamp_duty_inr":"210000.0","survey_sketch_id":"FMB-UK-27-0028","cadastral_sheet_no":"SHT-UK-27","surveyed_area_sqm":"1600.0","survey_status":"RESURVEY_REQUIRED","urban_authority":"Rishikesh Tehsil Urban Development & Town Planning Authority","zone_name":"Agricultural / Green Buffer","permitted_land_use":"RESIDENTIAL","building_permission_status":"NOT_APPLICABLE","violations_reported":"False","is_encumbered":"True","encumbrance_certificate_number":"EC-UK-00000028-0028","encumbrance_type":"TRIBAL_NON_ALIENATION","financial_institution":"","mortgage_amount":"0.0","created_at":"2026-01-15T09:00:00Z","updated_at":"2026-09-24T11:30:00Z"}},{"type":"Feature","geometry":{"type":"Polygon","coordinates":[[[80.52791855518872,31.446002212208658],[80.65752503079126,31.437163293149396],[80.65752503079126,31.543765353483813],[80.50016536201095,31.5511075641204],[80.52791855518872,31.446002212208658]]]},"properties":{"ulpin":"05505740256146","parcel_id":"70b72b10-97b1-452c-8eac-e2a14db62cb0","state":"Uttarakhand","state_code":"UK","state_type":"STATE","state_lgd_code":"5","district_lgd_code":"65","district_name":"Dehradun","subdistrict_lgd_code":"510","subdistrict_name":"Rishikesh Tehsil","subdistrict_type":"Tehsil / Taluk","village_lgd_code":"51201","village_name":"Shyampur","khasra_plot_no":"Khasra 340/D29","recorded_area":"8.0","recorded_area_unit":"Bigha-Nali","normalized_area_sqm":"1600.0","gis_area_sqm":"1600.0","land_use_category":"COMMERCIAL","land_use_raw":"Krishi Bagayat","status":"DISPUTED","data_freshness_status":"STALE","scenario_index":"17812","use_case_description":"Lease charge and institutional tenancy","mutation_workflow_status":"APPROVED","revenue_record_id":"ROR-UK-2025-1027-0029","revenue_record_type":"Khatauni (Devbhoomi Uttarakhand)","khata_khewat_no":"KHT-77","khatauni_no":"KHN-177","owner_name":"Mahesh Chandra Joshi","owner_name_local":"महेश चंद्र जोशी","co_owners":"","tenure_type":"Waqf / Religious Trust","mutation_status":"DISPUTED","active_mutation_id":"MUT-UK-00000029","tax_demand_status":"PAID","annual_tax_inr":"185.5","deed_number":"DEED-UK-2024-427-0029","deed_type":"Sale Deed / Conveyance","sro_office":"Sub-Registrar Office, Rishikesh Tehsil","execution_date":"2024-05-10","registered_owner":"Mahesh Chandra Joshi","seller_name":"Previous Landholder","consideration_amount_inr":"3500000.0","stamp_duty_inr":"210000.0","survey_sketch_id":"FMB-UK-27-0029","cadastral_sheet_no":"SHT-UK-27","surveyed_area_sqm":"1600.0","survey_status":"SURVEYED","urban_authority":"Rishikesh Tehsil Urban Development & Town Planning Authority","zone_name":"Agricultural / Green Buffer","permitted_land_use":"COMMERCIAL","building_permission_status":"SANCTIONED","violations_reported":"False","is_encumbered":"True","encumbrance_certificate_number":"EC-UK-00000029-0029","encumbrance_type":"LEASE_CHARGE","financial_institution":"","mortgage_amount":"0.0","created_at":"2026-01-15T09:00:00Z","updated_at":"2026-09-24T11:30:00Z"}},{"type":"Feature","geometry":{"type":"Polygon","coordinates":[[[79.38730724466731,30.656809865468233],[79.5021448375756,30.62885270105166],[79.50508498729923,30.775342328055405],[79.3569457448444,30.774262926974938],[79.38730724466731,30.656809865468233]]]},"properties":{"ulpin":"05440535797746","parcel_id":"44f27f90-5bc4-4d66-9834-9b6bcf54eefc","state":"Uttarakhand","state_code":"UK","state_type":"STATE","state_lgd_code":"5","district_lgd_code":"65","district_name":"Dehradun","subdistrict_lgd_code":"510","subdistrict_name":"Rishikesh Tehsil","subdistrict_type":"Tehsil / Taluk","village_lgd_code":"51201","village_name":"Shyampur","khasra_plot_no":"Khasra 340/D30","recorded_area":"8.0","recorded_area_unit":"Bigha-Nali","normalized_area_sqm":"1600.0","gis_area_sqm":"1600.0","land_use_category":"INDUSTRIAL","land_use_raw":"Krishi Bagayat","status":"ARCHIVED","data_freshness_status":"UNKNOWN","scenario_index":"17813","use_case_description":"Bank mortgage and active encumbrance","mutation_workflow_status":"REJECTED","revenue_record_id":"ROR-UK-2025-1027-0030","revenue_record_type":"Khatauni (Devbhoomi Uttarakhand)","khata_khewat_no":"KHT-77","khatauni_no":"KHN-177","owner_name":"Mahesh Chandra Joshi","owner_name_local":"महेश चंद्र जोशी","co_owners":"","tenure_type":"Tribal Community Tenure","mutation_status":"NONE","active_mutation_id":"MUT-UK-00000030","tax_demand_status":"PAID","annual_tax_inr":"185.5","deed_number":"DEED-UK-2024-427-0030","deed_type":"Sale Deed / Conveyance","sro_office":"Sub-Registrar Office, Rishikesh Tehsil","execution_date":"2024-05-10","registered_owner":"Mahesh Chandra Joshi","seller_name":"Previous Landholder","consideration_amount_inr":"3500000.0","stamp_duty_inr":"210000.0","survey_sketch_id":"FMB-UK-27-0030","cadastral_sheet_no":"SHT-UK-27","surveyed_area_sqm":"1600.0","survey_status":"PENDING","urban_authority":"Rishikesh Tehsil Urban Development & Town Planning Authority","zone_name":"Agricultural / Green Buffer","permitted_land_use":"INDUSTRIAL","building_permission_status":"PENDING","violations_reported":"False","is_encumbered":"False","encumbrance_certificate_number":"EC-UK-2024-127-0030","encumbrance_type":"NIL","financial_institution":"","mortgage_amount":"0.0","created_at":"2026-01-15T09:00:00Z","updated_at":"2026-09-24T11:30:00Z"}},{"type":"Feature","geometry":{"type":"Polygon","coordinates":[[[80.35976050684837,29.97348466109924],[80.49378310321403,29.945906243781604],[80.49378310321403,30.085730658266435],[80.38370964537036,30.09947532368566],[80.35976050684837,29.97348466109924]]]},"properties":{"ulpin":"05626536045422","parcel_id":"bcc00cee-c8b2-4c49-8abc-25e0252595da","state":"Uttarakhand","state_code":"UK","state_type":"STATE","state_lgd_code":"5","district_lgd_code":"65","district_name":"Dehradun","subdistrict_lgd_code":"510","subdistrict_name":"Rishikesh Tehsil","subdistrict_type":"Tehsil / Taluk","village_lgd_code":"51201","village_name":"Shyampur","khasra_plot_no":"Khasra 340/D31","recorded_area":"8.0","recorded_area_unit":"Bigha-Nali","normalized_area_sqm":"1600.0","gis_area_sqm":"1600.0","land_use_category":"AGRICULTURAL","land_use_raw":"Krishi Bagayat","status":"ACTIVE","data_freshness_status":"CURRENT","scenario_index":"17814","use_case_description":"Archived historical record for audit retrieval","mutation_workflow_status":"SLA_BREACHED","revenue_record_id":"ROR-UK-2025-1027-0031","revenue_record_type":"Khatauni (Devbhoomi Uttarakhand)","khata_khewat_no":"KHT-77","khatauni_no":"KHN-177","owner_name":"Mahesh Chandra Joshi","owner_name_local":"महेश चंद्र जोशी","co_owners":"","tenure_type":"Bhumiswami / Raiyati with Transferable Rights","mutation_status":"MUTATED","active_mutation_id":"","tax_demand_status":"PAID","annual_tax_inr":"185.5","deed_number":"DEED-UK-2024-427-0031","deed_type":"Sale Deed / Conveyance","sro_office":"Sub-Registrar Office, Rishikesh Tehsil","execution_date":"2024-05-10","registered_owner":"Registry Variance Owner 31","seller_name":"Previous Landholder","consideration_amount_inr":"3500000.0","stamp_duty_inr":"210000.0","survey_sketch_id":"FMB-UK-27-0031","cadastral_sheet_no":"SHT-UK-27","surveyed_area_sqm":"1600.0","survey_status":"DISPUTED","urban_authority":"Rishikesh Tehsil Urban Development & Town Planning Authority","zone_name":"Agricultural / Green Buffer","permitted_land_use":"AGRICULTURAL","building_permission_status":"REJECTED","violations_reported":"False","is_encumbered":"True","encumbrance_certificate_number":"EC-UK-00000031-0031","encumbrance_type":"BANK_MORTGAGE","financial_institution":"","mortgage_amount":"0.0","created_at":"2026-01-15T09:00:00Z","updated_at":"2026-09-24T11:30:00Z"}},{"type":"Feature","geometry":{"type":"Polygon","coordinates":[[[80.39909804695151,31.345482831620558],[80.51627653430569,31.337179239638814],[80.52791855518872,31.446002212208658],[80.4058861935602,31.437865167188658],[80.39909804695151,31.345482831620558]]]},"properties":{"ulpin":"05986050536708","parcel_id":"fc095c3e-9555-482c-aee1-c039342dddaa","state":"Uttarakhand","state_code":"UK","state_type":"STATE","state_lgd_code":"5","district_lgd_code":"65","district_name":"Dehradun","subdistrict_lgd_code":"510","subdistrict_name":"Rishikesh Tehsil","subdistrict_type":"Tehsil / Taluk","village_lgd_code":"51201","village_name":"Shyampur","khasra_plot_no":"Khasra 340/D32","recorded_area":"8.0","recorded_area_unit":"Bigha-Nali","normalized_area_sqm":"1600.0","gis_area_sqm":"1600.0","land_use_category":"INSTITUTIONAL","land_use_raw":"Krishi Bagayat","status":"PENDING_MUTATION","data_freshness_status":"STALE","scenario_index":"17815","use_case_description":"Bank mortgage and active encumbrance","mutation_workflow_status":"SUBMITTED","revenue_record_id":"ROR-UK-2025-1027-0032","revenue_record_type":"Khatauni (Devbhoomi Uttarakhand)","khata_khewat_no":"KHT-77","khatauni_no":"KHN-177","owner_name":"Mahesh Chandra Joshi","owner_name_local":"महेश चंद्र जोशी","co_owners":"","tenure_type":"Bhumiswami / Freehold","mutation_status":"PENDING","active_mutation_id":"MUT-UK-00000032","tax_demand_status":"PAID","annual_tax_inr":"185.5","deed_number":"DEED-UK-2024-427-0032","deed_type":"Sale Deed / Conveyance","sro_office":"Sub-Registrar Office, Rishikesh Tehsil","execution_date":"2024-05-10","registered_owner":"Mahesh Chandra Joshi","seller_name":"Previous Landholder","consideration_amount_inr":"3500000.0","stamp_duty_inr":"210000.0","survey_sketch_id":"FMB-UK-27-0032","cadastral_sheet_no":"SHT-UK-27","surveyed_area_sqm":"1600.0","survey_status":"RESURVEY_REQUIRED","urban_authority":"Rishikesh Tehsil Urban Development & Town Planning Authority","zone_name":"Agricultural / Green Buffer","permitted_land_use":"INSTITUTIONAL","building_permission_status":"NOT_APPLICABLE","violations_reported":"True","is_encumbered":"True","encumbrance_certificate_number":"EC-UK-00000032-0032","encumbrance_type":"GOVT_REVENUE_LIEN","financial_institution":"","mortgage_amount":"0.0","created_at":"2026-01-15T09:00:00Z","updated_at":"2026-09-24T11:30:00Z"}},{"type":"Feature","geometry":{"type":"Polygon","coordinates":[[[79.2598818286727,30.904401307275606],[79.35440873902284,30.913604545308708],[79.38287854393236,31.037353814454985],[79.23681472508652,31.032787764438375],[79.2598818286727,30.904401307275606]]]},"properties":{"ulpin":"05307066558417","parcel_id":"8bdbabe7-f33f-464a-9baa-339b92b3bc08","state":"Uttarakhand","state_code":"UK","state_type":"STATE","state_lgd_code":"5","district_lgd_code":"65","district_name":"Dehradun","subdistrict_lgd_code":"510","subdistrict_name":"Rishikesh Tehsil","subdistrict_type":"Tehsil / Taluk","village_lgd_code":"51201","village_name":"Shyampur","khasra_plot_no":"Khasra 340/D33","recorded_area":"8.0","recorded_area_unit":"Bigha-Nali","normalized_area_sqm":"1600.0","gis_area_sqm":"1600.0","land_use_category":"FOREST_GREEN_BELT","land_use_raw":"Krishi Bagayat","status":"SUBDIVIDED","data_freshness_status":"UNKNOWN","scenario_index":"17816","use_case_description":"Government revenue lien and tax demand","mutation_workflow_status":"UNDER_VERIFICATION","revenue_record_id":"ROR-UK-2025-1027-0033","revenue_record_type":"Khatauni (Devbhoomi Uttarakhand)","khata_khewat_no":"KHT-77","khatauni_no":"KHN-177","owner_name":"Mahesh Chandra Joshi","owner_name_local":"महेश चंद्र जोशी","co_owners":"","tenure_type":"Leasehold","mutation_status":"UNMUTATED_TRANSACTION","active_mutation_id":"MUT-UK-00000033","tax_demand_status":"PAID","annual_tax_inr":"185.5","deed_number":"DEED-UK-2024-427-0033","deed_type":"Sale Deed / Conveyance","sro_office":"Sub-Registrar Office, Rishikesh Tehsil","execution_date":"2024-05-10","registered_owner":"Mahesh Chandra Joshi","seller_name":"Previous Landholder","consideration_amount_inr":"3500000.0","stamp_duty_inr":"210000.0","survey_sketch_id":"FMB-UK-27-0033","cadastral_sheet_no":"SHT-UK-27","surveyed_area_sqm":"1600.0","survey_status":"SURVEYED","urban_authority":"Rishikesh Tehsil Urban Development & Town Planning Authority","zone_name":"Agricultural / Green Buffer","permitted_land_use":"FOREST_GREEN_BELT","building_permission_status":"SANCTIONED","violations_reported":"False","is_encumbered":"True","encumbrance_certificate_number":"EC-UK-00000033-0033","encumbrance_type":"COURT_ATTACHMENT","financial_institution":"","mortgage_amount":"0.0","created_at":"2026-01-15T09:00:00Z","updated_at":"2026-09-24T11:30:00Z"}},{"type":"Feature","geometry":{"type":"Polygon","coordinates":[[[79.63542542013222,30.896951488805712],[79.75182256373938,30.912620842691535],[79.75182256373938,31.036421356913305],[79.63653711689582,31.03108678017273],[79.63542542013222,30.896951488805712]]]},"properties":{"ulpin":"05950791660920","parcel_id":"11ae5a49-4836-4a58-9d71-e0ab68d48c95","state":"Uttarakhand","state_code":"UK","state_type":"STATE","state_lgd_code":"5","district_lgd_code":"65","district_name":"Dehradun","subdistrict_lgd_code":"510","subdistrict_name":"Rishikesh Tehsil","subdistrict_type":"Tehsil / Taluk","village_lgd_code":"51201","village_name":"Shyampur","khasra_plot_no":"Khasra 340/D34","recorded_area":"8.0","recorded_area_unit":"Bigha-Nali","normalized_area_sqm":"1600.0","gis_area_sqm":"1600.0","land_use_category":"WATER_BODY","land_use_raw":"Krishi Bagayat","status":"AMALGAMATED","data_freshness_status":"CURRENT","scenario_index":"17817","use_case_description":"Court attachment and disputed possession","mutation_workflow_status":"NOTICE_PERIOD","revenue_record_id":"ROR-UK-2025-1027-0034","revenue_record_type":"Khatauni (Devbhoomi Uttarakhand)","khata_khewat_no":"KHT-77","khatauni_no":"KHN-177","owner_name":"Mahesh Chandra Joshi","owner_name_local":"महेश चंद्र जोशी","co_owners":"","tenure_type":"Government Grant","mutation_status":"REJECTED","active_mutation_id":"MUT-UK-00000034","tax_demand_status":"PAID","annual_tax_inr":"185.5","deed_number":"DEED-UK-2024-427-0034","deed_type":"Sale Deed / Conveyance","sro_office":"Sub-Registrar Office, Rishikesh Tehsil","execution_date":"2024-05-10","registered_owner":"Mahesh Chandra Joshi","seller_name":"Previous Landholder","consideration_amount_inr":"3500000.0","stamp_duty_inr":"210000.0","survey_sketch_id":"FMB-UK-27-0034","cadastral_sheet_no":"SHT-UK-27","surveyed_area_sqm":"1600.0","survey_status":"PENDING","urban_authority":"Rishikesh Tehsil Urban Development & Town Planning Authority","zone_name":"Agricultural / Green Buffer","permitted_land_use":"WATER_BODY","building_permission_status":"PENDING","violations_reported":"False","is_encumbered":"True","encumbrance_certificate_number":"EC-UK-00000034-0034","encumbrance_type":"TRIBAL_NON_ALIENATION","financial_institution":"","mortgage_amount":"0.0","created_at":"2026-01-15T09:00:00Z","updated_at":"2026-09-24T11:30:00Z"}},{"type":"Feature","geometry":{"type":"Polygon","coordinates":[[[80.4058861935602,31.437865167188658],[80.52791855518872,31.446002212208658],[80.50016536201095,31.5511075641204],[80.38655770260347,31.558942073781076],[80.4058861935602,31.437865167188658]]]},"properties":{"ulpin":"05128014469348","parcel_id":"647fdafe-5c2c-4d3b-9333-d673d0311dc7","state":"Uttarakhand","state_code":"UK","state_type":"STATE","state_lgd_code":"5","district_lgd_code":"65","district_name":"Dehradun","subdistrict_lgd_code":"510","subdistrict_name":"Rishikesh Tehsil","subdistrict_type":"Tehsil / Taluk","village_lgd_code":"51201","village_name":"Shyampur","khasra_plot_no":"Khasra 340/D35","recorded_area":"8.0","recorded_area_unit":"Bigha-Nali","normalized_area_sqm":"1600.0","gis_area_sqm":"1600.0","land_use_category":"MIXED_USE","land_use_raw":"Krishi Bagayat","status":"DISPUTED","data_freshness_status":"STALE","scenario_index":"17818","use_case_description":"Tribal non-alienation protection review","mutation_workflow_status":"HEARING_SCHEDULED","revenue_record_id":"ROR-UK-2025-1027-0035","revenue_record_type":"Khatauni (Devbhoomi Uttarakhand)","khata_khewat_no":"KHT-77","khatauni_no":"KHN-177","owner_name":"Mahesh Chandra Joshi","owner_name_local":"महेश चंद्र जोशी","co_owners":"","tenure_type":"Waqf / Religious Trust","mutation_status":"DISPUTED","active_mutation_id":"MUT-UK-00000035","tax_demand_status":"PAID","annual_tax_inr":"185.5","deed_number":"DEED-UK-2024-427-0035","deed_type":"Sale Deed / Conveyance","sro_office":"Sub-Registrar Office, Rishikesh Tehsil","execution_date":"2024-05-10","registered_owner":"Mahesh Chandra Joshi","seller_name":"Previous Landholder","consideration_amount_inr":"3500000.0","stamp_duty_inr":"210000.0","survey_sketch_id":"FMB-UK-27-0035","cadastral_sheet_no":"SHT-UK-27","surveyed_area_sqm":"1600.0","survey_status":"DISPUTED","urban_authority":"Rishikesh Tehsil Urban Development & Town Planning Authority","zone_name":"Agricultural / Green Buffer","permitted_land_use":"MIXED_USE","building_permission_status":"REJECTED","violations_reported":"False","is_encumbered":"True","encumbrance_certificate_number":"EC-UK-00000035-0035","encumbrance_type":"LEASE_CHARGE","financial_institution":"","mortgage_amount":"0.0","created_at":"2026-01-15T09:00:00Z","updated_at":"2026-09-24T11:30:00Z"}},{"type":"Feature","geometry":{"type":"Polygon","coordinates":[[[78.79755593763996,30.75183331294765],[78.93504563877035,30.75183331294765],[78.93504563877035,30.877828061395547],[78.79982957088745,30.917510403460636],[78.79755593763996,30.75183331294765]]]},"properties":{"ulpin":"05080054859729","parcel_id":"2373a957-f45d-4eb1-a088-7a70f0e0c432","state":"Uttarakhand","state_code":"UK","state_type":"STATE","state_lgd_code":"5","district_lgd_code":"65","district_name":"Dehradun","subdistrict_lgd_code":"510","subdistrict_name":"Rishikesh Tehsil","subdistrict_type":"Tehsil / Taluk","village_lgd_code":"51201","village_name":"Shyampur","khasra_plot_no":"Khasra 340/D36","recorded_area":"8.0","recorded_area_unit":"Bigha-Nali","normalized_area_sqm":"1600.0","gis_area_sqm":"1600.0","land_use_category":"OTHER","land_use_raw":"Krishi Bagayat","status":"ARCHIVED","data_freshness_status":"UNKNOWN","scenario_index":"17819","use_case_description":"Archived historical record for audit retrieval","mutation_workflow_status":"APPROVED","revenue_record_id":"ROR-UK-2025-1027-0036","revenue_record_type":"Khatauni (Devbhoomi Uttarakhand)","khata_khewat_no":"KHT-77","khatauni_no":"KHN-177","owner_name":"Mahesh Chandra Joshi","owner_name_local":"महेश चंद्र जोशी","co_owners":"","tenure_type":"Tribal Community Tenure","mutation_status":"NONE","active_mutation_id":"MUT-UK-00000036","tax_demand_status":"PAID","annual_tax_inr":"185.5","deed_number":"DEED-UK-2024-427-0036","deed_type":"Sale Deed / Conveyance","sro_office":"Sub-Registrar Office, Rishikesh Tehsil","execution_date":"2024-05-10","registered_owner":"Registry Variance Owner 36","seller_name":"Previous Landholder","consideration_amount_inr":"3500000.0","stamp_duty_inr":"210000.0","survey_sketch_id":"FMB-UK-27-0036","cadastral_sheet_no":"SHT-UK-27","surveyed_area_sqm":"1600.0","survey_status":"RESURVEY_REQUIRED","urban_authority":"Rishikesh Tehsil Urban Development & Town Planning Authority","zone_name":"Agricultural / Green Buffer","permitted_land_use":"OTHER","building_permission_status":"NOT_APPLICABLE","violations_reported":"False","is_encumbered":"False","encumbrance_certificate_number":"EC-UK-2024-127-0036","encumbrance_type":"NIL","financial_institution":"","mortgage_amount":"0.0","created_at":"2026-01-15T09:00:00Z","updated_at":"2026-09-24T11:30:00Z"}},{"type":"Feature","geometry":{"type":"Polygon","coordinates":[[[78.6542996841127,31.206390752411334],[78.78695319956505,31.19194020906166],[78.80182160779214,31.326688131144987],[78.66675093213595,31.32088926217334],[78.6542996841127,31.206390752411334]]]},"properties":{"ulpin":"05262028498877","parcel_id":"aa9fa736-308f-42b0-8dbd-b8bcaa7dba55","state":"Uttarakhand","state_code":"UK","state_type":"STATE","state_lgd_code":"5","district_lgd_code":"65","district_name":"Dehradun","subdistrict_lgd_code":"510","subdistrict_name":"Rishikesh Tehsil","subdistrict_type":"Tehsil / Taluk","village_lgd_code":"51201","village_name":"Shyampur","khasra_plot_no":"Khasra 340/D37","recorded_area":"8.0","recorded_area_unit":"Bigha-Nali","normalized_area_sqm":"1600.0","gis_area_sqm":"1600.0","land_use_category":"RESIDENTIAL","land_use_raw":"Krishi Bagayat","status":"ACTIVE","data_freshness_status":"CURRENT","scenario_index":"17820","use_case_description":"Subdivision or amalgamation history review","mutation_workflow_status":"REJECTED","revenue_record_id":"ROR-UK-2025-1027-0037","revenue_record_type":"Khatauni (Devbhoomi Uttarakhand)","khata_khewat_no":"KHT-77","khatauni_no":"KHN-177","owner_name":"Mahesh Chandra Joshi","owner_name_local":"महेश चंद्र जोशी","co_owners":"","tenure_type":"Bhumiswami / Raiyati with Transferable Rights","mutation_status":"MUTATED","active_mutation_id":"","tax_demand_status":"PAID","annual_tax_inr":"185.5","deed_number":"DEED-UK-2024-427-0037","deed_type":"Sale Deed / Conveyance","sro_office":"Sub-Registrar Office, Rishikesh Tehsil","execution_date":"2024-05-10","registered_owner":"Mahesh Chandra Joshi","seller_name":"Previous Landholder","consideration_amount_inr":"3500000.0","stamp_duty_inr":"210000.0","survey_sketch_id":"FMB-UK-27-0037","cadastral_sheet_no":"SHT-UK-27","surveyed_area_sqm":"1600.0","survey_status":"SURVEYED","urban_authority":"Rishikesh Tehsil Urban Development & Town Planning Authority","zone_name":"Agricultural / Green Buffer","permitted_land_use":"RESIDENTIAL","building_permission_status":"SANCTIONED","violations_reported":"False","is_encumbered":"True","encumbrance_certificate_number":"EC-UK-00000037-0037","encumbrance_type":"BANK_MORTGAGE","financial_institution":"","mortgage_amount":"0.0","created_at":"2026-01-15T09:00:00Z","updated_at":"2026-09-24T11:30:00Z"}},{"type":"Feature","geometry":{"type":"Polygon","coordinates":[[[80.50016536201095,31.5511075641204],[80.65752503079126,31.543765353483813],[80.65752503079126,31.651219607942952],[80.52203206535476,31.651219607942952],[80.50016536201095,31.5511075641204]]]},"properties":{"ulpin":"05763506218483","parcel_id":"2d5da868-41cf-475a-b598-c57befdab195","state":"Uttarakhand","state_code":"UK","state_type":"STATE","state_lgd_code":"5","district_lgd_code":"65","district_name":"Dehradun","subdistrict_lgd_code":"510","subdistrict_name":"Rishikesh Tehsil","subdistrict_type":"Tehsil / Taluk","village_lgd_code":"51201","village_name":"Shyampur","khasra_plot_no":"Khasra 340/D38","recorded_area":"8.0","recorded_area_unit":"Bigha-Nali","normalized_area_sqm":"1600.0","gis_area_sqm":"1600.0","land_use_category":"COMMERCIAL","land_use_raw":"Krishi Bagayat","status":"PENDING_MUTATION","data_freshness_status":"STALE","scenario_index":"17821","use_case_description":"Archived historical record for audit retrieval","mutation_workflow_status":"SLA_BREACHED","revenue_record_id":"ROR-UK-2025-1027-0038","revenue_record_type":"Khatauni (Devbhoomi Uttarakhand)","khata_khewat_no":"KHT-77","khatauni_no":"KHN-177","owner_name":"Mahesh Chandra Joshi","owner_name_local":"महेश चंद्र जोशी","co_owners":"","tenure_type":"Bhumiswami / Freehold","mutation_status":"PENDING","active_mutation_id":"MUT-UK-00000038","tax_demand_status":"PAID","annual_tax_inr":"185.5","deed_number":"DEED-UK-2024-427-0038","deed_type":"Sale Deed / Conveyance","sro_office":"Sub-Registrar Office, Rishikesh Tehsil","execution_date":"2024-05-10","registered_owner":"Mahesh Chandra Joshi","seller_name":"Previous Landholder","consideration_amount_inr":"3500000.0","stamp_duty_inr":"210000.0","survey_sketch_id":"FMB-UK-27-0038","cadastral_sheet_no":"SHT-UK-27","surveyed_area_sqm":"1600.0","survey_status":"PENDING","urban_authority":"Rishikesh Tehsil Urban Development & Town Planning Authority","zone_name":"Agricultural / Green Buffer","permitted_land_use":"COMMERCIAL","building_permission_status":"PENDING","violations_reported":"False","is_encumbered":"True","encumbrance_certificate_number":"EC-UK-00000038-0038","encumbrance_type":"GOVT_REVENUE_LIEN","financial_institution":"","mortgage_amount":"0.0","created_at":"2026-01-15T09:00:00Z","updated_at":"2026-09-24T11:30:00Z"}},{"type":"Feature","geometry":{"type":"Polygon","coordinates":[[[78.67360108258102,31.462058523147892],[78.7986637092328,31.495710428422374],[78.81066828380597,31.62407850521331],[78.6379399681026,31.62407850521331],[78.67360108258102,31.462058523147892]]]},"properties":{"ulpin":"05779229989118","parcel_id":"d56f0345-83c1-4861-9003-c268d751598b","state":"Uttarakhand","state_code":"UK","state_type":"STATE","state_lgd_code":"5","district_lgd_code":"65","district_name":"Dehradun","subdistrict_lgd_code":"510","subdistrict_name":"Rishikesh Tehsil","subdistrict_type":"Tehsil / Taluk","village_lgd_code":"51201","village_name":"Shyampur","khasra_plot_no":"Khasra 340/D39","recorded_area":"8.0","recorded_area_unit":"Bigha-Nali","normalized_area_sqm":"1600.0","gis_area_sqm":"1600.0","land_use_category":"INDUSTRIAL","land_use_raw":"Krishi Bagayat","status":"SUBDIVIDED","data_freshness_status":"UNKNOWN","scenario_index":"17822","use_case_description":"Bank mortgage and active encumbrance","mutation_workflow_status":"SUBMITTED","revenue_record_id":"ROR-UK-2025-1027-0039","revenue_record_type":"Khatauni (Devbhoomi Uttarakhand)","khata_khewat_no":"KHT-77","khatauni_no":"KHN-177","owner_name":"Mahesh Chandra Joshi","owner_name_local":"महेश चंद्र जोशी","co_owners":"","tenure_type":"Leasehold","mutation_status":"UNMUTATED_TRANSACTION","active_mutation_id":"MUT-UK-00000039","tax_demand_status":"PAID","annual_tax_inr":"185.5","deed_number":"DEED-UK-2024-427-0039","deed_type":"Sale Deed / Conveyance","sro_office":"Sub-Registrar Office, Rishikesh Tehsil","execution_date":"2024-05-10","registered_owner":"Mahesh Chandra Joshi","seller_name":"Previous Landholder","consideration_amount_inr":"3500000.0","stamp_duty_inr":"210000.0","survey_sketch_id":"FMB-UK-27-0039","cadastral_sheet_no":"SHT-UK-27","surveyed_area_sqm":"1600.0","survey_status":"DISPUTED","urban_authority":"Rishikesh Tehsil Urban Development & Town Planning Authority","zone_name":"Agricultural / Green Buffer","permitted_land_use":"INDUSTRIAL","building_permission_status":"REJECTED","violations_reported":"True","is_encumbered":"True","encumbrance_certificate_number":"EC-UK-00000039-0039","encumbrance_type":"COURT_ATTACHMENT","financial_institution":"","mortgage_amount":"0.0","created_at":"2026-01-15T09:00:00Z","updated_at":"2026-09-24T11:30:00Z"}},{"type":"Feature","geometry":{"type":"Polygon","coordinates":[[[80.13232456979182,31.33168823856238],[80.24191187429112,31.32068303783689],[80.2423036141602,31.44029807301753],[80.12201859490813,31.451224102144284],[80.13232456979182,31.33168823856238]]]},"properties":{"ulpin":"05239627055079","parcel_id":"3abb1727-1741-4695-9f48-dec61c7581ba","state":"Uttarakhand","state_code":"UK","state_type":"STATE","state_lgd_code":"5","district_lgd_code":"65","district_name":"Dehradun","subdistrict_lgd_code":"510","subdistrict_name":"Rishikesh Tehsil","subdistrict_type":"Tehsil / Taluk","village_lgd_code":"51201","village_name":"Shyampur","khasra_plot_no":"Khasra 340/D40","recorded_area":"8.0","recorded_area_unit":"Bigha-Nali","normalized_area_sqm":"1600.0","gis_area_sqm":"1600.0","land_use_category":"AGRICULTURAL","land_use_raw":"Krishi Bagayat","status":"AMALGAMATED","data_freshness_status":"CURRENT","scenario_index":"17823","use_case_description":"Government revenue lien and tax demand","mutation_workflow_status":"UNDER_VERIFICATION","revenue_record_id":"ROR-UK-2025-1027-0040","revenue_record_type":"Khatauni (Devbhoomi Uttarakhand)","khata_khewat_no":"KHT-77","khatauni_no":"KHN-177","owner_name":"Mahesh Chandra Joshi","owner_name_local":"महेश चंद्र जोशी","co_owners":"","tenure_type":"Government Grant","mutation_status":"REJECTED","active_mutation_id":"MUT-UK-00000040","tax_demand_status":"PAID","annual_tax_inr":"185.5","deed_number":"DEED-UK-2024-427-0040","deed_type":"Sale Deed / Conveyance","sro_office":"Sub-Registrar Office, Rishikesh Tehsil","execution_date":"2024-05-10","registered_owner":"Mahesh Chandra Joshi","seller_name":"Previous Landholder","consideration_amount_inr":"3500000.0","stamp_duty_inr":"210000.0","survey_sketch_id":"FMB-UK-27-0040","cadastral_sheet_no":"SHT-UK-27","surveyed_area_sqm":"1600.0","survey_status":"RESURVEY_REQUIRED","urban_authority":"Rishikesh Tehsil Urban Development & Town Planning Authority","zone_name":"Agricultural / Green Buffer","permitted_land_use":"AGRICULTURAL","building_permission_status":"NOT_APPLICABLE","violations_reported":"False","is_encumbered":"True","encumbrance_certificate_number":"EC-UK-00000040-0040","encumbrance_type":"TRIBAL_NON_ALIENATION","financial_institution":"","mortgage_amount":"0.0","created_at":"2026-01-15T09:00:00Z","updated_at":"2026-09-24T11:30:00Z"}},{"type":"Feature","geometry":{"type":"Polygon","coordinates":[[[78.5019000341976,31.025341573543766],[78.64975030445811,31.05117376557433],[78.6542996841127,31.206390752411334],[78.52908673200747,31.173020777588405],[78.5019000341976,31.025341573543766]]]},"properties":{"ulpin":"05915837829722","parcel_id":"a1d8a055-0d32-4ffe-a91e-a95796e79f84","state":"Uttarakhand","state_code":"UK","state_type":"STATE","state_lgd_code":"5","district_lgd_code":"65","district_name":"Dehradun","subdistrict_lgd_code":"510","subdistrict_name":"Rishikesh Tehsil","subdistrict_type":"Tehsil / Taluk","village_lgd_code":"51201","village_name":"Shyampur","khasra_plot_no":"Khasra 340/D41","recorded_area":"8.0","recorded_area_unit":"Bigha-Nali","normalized_area_sqm":"1600.0","gis_area_sqm":"1600.0","land_use_category":"INSTITUTIONAL","land_use_raw":"Krishi Bagayat","status":"DISPUTED","data_freshness_status":"STALE","scenario_index":"17824","use_case_description":"Court attachment and disputed possession","mutation_workflow_status":"NOTICE_PERIOD","revenue_record_id":"ROR-UK-2025-1027-0041","revenue_record_type":"Khatauni (Devbhoomi Uttarakhand)","khata_khewat_no":"KHT-77","khatauni_no":"KHN-177","owner_name":"Mahesh Chandra Joshi","owner_name_local":"महेश चंद्र जोशी","co_owners":"","tenure_type":"Waqf / Religious Trust","mutation_status":"DISPUTED","active_mutation_id":"MUT-UK-00000041","tax_demand_status":"PAID","annual_tax_inr":"185.5","deed_number":"DEED-UK-2024-427-0041","deed_type":"Sale Deed / Conveyance","sro_office":"Sub-Registrar Office, Rishikesh Tehsil","execution_date":"2024-05-10","registered_owner":"Registry Variance Owner 41","seller_name":"Previous Landholder","consideration_amount_inr":"3500000.0","stamp_duty_inr":"210000.0","survey_sketch_id":"FMB-UK-27-0041","cadastral_sheet_no":"SHT-UK-27","surveyed_area_sqm":"1600.0","survey_status":"SURVEYED","urban_authority":"Rishikesh Tehsil Urban Development & Town Planning Authority","zone_name":"Agricultural / Green Buffer","permitted_land_use":"INSTITUTIONAL","building_permission_status":"SANCTIONED","violations_reported":"False","is_encumbered":"True","encumbrance_certificate_number":"EC-UK-00000041-0041","encumbrance_type":"LEASE_CHARGE","financial_institution":"","mortgage_amount":"0.0","created_at":"2026-01-15T09:00:00Z","updated_at":"2026-09-24T11:30:00Z"}},{"type":"Feature","geometry":{"type":"Polygon","coordinates":[[[79.02985560994448,29.37804857728105],[79.23833874651281,29.431503973933367],[79.25271989840142,29.594849547965598],[79.02985560994448,29.55750385604007],[79.02985560994448,29.37804857728105]]]},"properties":{"ulpin":"05140385148055","parcel_id":"372f6909-b317-4549-9a60-ae80a8cad2a0","state":"Uttarakhand","state_code":"UK","state_type":"STATE","state_lgd_code":"5","district_lgd_code":"65","district_name":"Dehradun","subdistrict_lgd_code":"510","subdistrict_name":"Rishikesh Tehsil","subdistrict_type":"Tehsil / Taluk","village_lgd_code":"51201","village_name":"Shyampur","khasra_plot_no":"Khasra 340/D42","recorded_area":"8.0","recorded_area_unit":"Bigha-Nali","normalized_area_sqm":"1600.0","gis_area_sqm":"1600.0","land_use_category":"FOREST_GREEN_BELT","land_use_raw":"Krishi Bagayat","status":"ARCHIVED","data_freshness_status":"UNKNOWN","scenario_index":"17825","use_case_description":"Cadastral area discrepancy requiring resurvey","mutation_workflow_status":"HEARING_SCHEDULED","revenue_record_id":"ROR-UK-2025-1027-0042","revenue_record_type":"Khatauni (Devbhoomi Uttarakhand)","khata_khewat_no":"KHT-77","khatauni_no":"KHN-177","owner_name":"Mahesh Chandra Joshi","owner_name_local":"महेश चंद्र जोशी","co_owners":"","tenure_type":"Tribal Community Tenure","mutation_status":"NONE","active_mutation_id":"MUT-UK-00000042","tax_demand_status":"PAID","annual_tax_inr":"185.5","deed_number":"DEED-UK-2024-427-0042","deed_type":"Sale Deed / Conveyance","sro_office":"Sub-Registrar Office, Rishikesh Tehsil","execution_date":"2024-05-10","registered_owner":"Mahesh Chandra Joshi","seller_name":"Previous Landholder","consideration_amount_inr":"3500000.0","stamp_duty_inr":"210000.0","survey_sketch_id":"FMB-UK-27-0042","cadastral_sheet_no":"SHT-UK-27","surveyed_area_sqm":"1600.0","survey_status":"PENDING","urban_authority":"Rishikesh Tehsil Urban Development & Town Planning Authority","zone_name":"Agricultural / Green Buffer","permitted_land_use":"FOREST_GREEN_BELT","building_permission_status":"PENDING","violations_reported":"False","is_encumbered":"False","encumbrance_certificate_number":"EC-UK-2024-127-0042","encumbrance_type":"NIL","financial_institution":"","mortgage_amount":"0.0","created_at":"2026-01-15T09:00:00Z","updated_at":"2026-09-24T11:30:00Z"}},{"type":"Feature","geometry":{"type":"Polygon","coordinates":[[[78.39435262113145,29.56646935146288],[78.50921540714486,29.557602464005857],[78.53902607477121,29.699318746526952],[78.3809154096978,29.694132014638335],[78.39435262113145,29.56646935146288]]]},"properties":{"ulpin":"05858517865849","parcel_id":"84db4bdf-0bb1-4024-b30c-ff73d3042b78","state":"Uttarakhand","state_code":"UK","state_type":"STATE","state_lgd_code":"5","district_lgd_code":"65","district_name":"Dehradun","subdistrict_lgd_code":"510","subdistrict_name":"Rishikesh Tehsil","subdistrict_type":"Tehsil / Taluk","village_lgd_code":"51201","village_name":"Shyampur","khasra_plot_no":"Khasra 340/D43","recorded_area":"8.0","recorded_area_unit":"Bigha-Nali","normalized_area_sqm":"1600.0","gis_area_sqm":"1600.0","land_use_category":"WATER_BODY","land_use_raw":"Krishi Bagayat","status":"ACTIVE","data_freshness_status":"CURRENT","scenario_index":"17826","use_case_description":"Lease charge and institutional tenancy","mutation_workflow_status":"APPROVED","revenue_record_id":"ROR-UK-2025-1027-0043","revenue_record_type":"Khatauni (Devbhoomi Uttarakhand)","khata_khewat_no":"KHT-77","khatauni_no":"KHN-177","owner_name":"Mahesh Chandra Joshi","owner_name_local":"महेश चंद्र जोशी","co_owners":"","tenure_type":"Bhumiswami / Raiyati with Transferable Rights","mutation_status":"MUTATED","active_mutation_id":"","tax_demand_status":"PAID","annual_tax_inr":"185.5","deed_number":"DEED-UK-2024-427-0043","deed_type":"Sale Deed / Conveyance","sro_office":"Sub-Registrar Office, Rishikesh Tehsil","execution_date":"2024-05-10","registered_owner":"Mahesh Chandra Joshi","seller_name":"Previous Landholder","consideration_amount_inr":"3500000.0","stamp_duty_inr":"210000.0","survey_sketch_id":"FMB-UK-27-0043","cadastral_sheet_no":"SHT-UK-27","surveyed_area_sqm":"1600.0","survey_status":"DISPUTED","urban_authority":"Rishikesh Tehsil Urban Development & Town Planning Authority","zone_name":"Agricultural / Green Buffer","permitted_land_use":"WATER_BODY","building_permission_status":"REJECTED","violations_reported":"False","is_encumbered":"True","encumbrance_certificate_number":"EC-UK-00000043-0043","encumbrance_type":"BANK_MORTGAGE","financial_institution":"","mortgage_amount":"0.0","created_at":"2026-01-15T09:00:00Z","updated_at":"2026-09-24T11:30:00Z"}},{"type":"Feature","geometry":{"type":"Polygon","coordinates":[[[79.25730471904046,30.51209995904942],[79.35226330763045,30.51209995904942],[79.38730724466731,30.656809865468233],[79.26243196945401,30.641370133010184],[79.25730471904046,30.51209995904942]]]},"properties":{"ulpin":"05470131334271","parcel_id":"6ffc65b2-5a47-422d-a318-78b2d7c073c1","state":"Uttarakhand","state_code":"UK","state_type":"STATE","state_lgd_code":"5","district_lgd_code":"65","district_name":"Dehradun","subdistrict_lgd_code":"510","subdistrict_name":"Rishikesh Tehsil","subdistrict_type":"Tehsil / Taluk","village_lgd_code":"51201","village_name":"Shyampur","khasra_plot_no":"Khasra 340/D44","recorded_area":"8.0","recorded_area_unit":"Bigha-Nali","normalized_area_sqm":"1600.0","gis_area_sqm":"1600.0","land_use_category":"MIXED_USE","land_use_raw":"Krishi Bagayat","status":"PENDING_MUTATION","data_freshness_status":"STALE","scenario_index":"17827","use_case_description":"Subdivision or amalgamation history review","mutation_workflow_status":"REJECTED","revenue_record_id":"ROR-UK-2025-1027-0044","revenue_record_type":"Khatauni (Devbhoomi Uttarakhand)","khata_khewat_no":"KHT-77","khatauni_no":"KHN-177","owner_name":"Mahesh Chandra Joshi","owner_name_local":"महेश चंद्र जोशी","co_owners":"","tenure_type":"Bhumiswami / Freehold","mutation_status":"PENDING","active_mutation_id":"MUT-UK-00000044","tax_demand_status":"PAID","annual_tax_inr":"185.5","deed_number":"DEED-UK-2024-427-0044","deed_type":"Sale Deed / Conveyance","sro_office":"Sub-Registrar Office, Rishikesh Tehsil","execution_date":"2024-05-10","registered_owner":"Mahesh Chandra Joshi","seller_name":"Previous Landholder","consideration_amount_inr":"3500000.0","stamp_duty_inr":"210000.0","survey_sketch_id":"FMB-UK-27-0044","cadastral_sheet_no":"SHT-UK-27","surveyed_area_sqm":"1600.0","survey_status":"RESURVEY_REQUIRED","urban_authority":"Rishikesh Tehsil Urban Development & Town Planning Authority","zone_name":"Agricultural / Green Buffer","permitted_land_use":"MIXED_USE","building_permission_status":"NOT_APPLICABLE","violations_reported":"False","is_encumbered":"True","encumbrance_certificate_number":"EC-UK-00000044-0044","encumbrance_type":"GOVT_REVENUE_LIEN","financial_institution":"","mortgage_amount":"0.0","created_at":"2026-01-15T09:00:00Z","updated_at":"2026-09-24T11:30:00Z"}},{"type":"Feature","geometry":{"type":"Polygon","coordinates":[[[78.67302939121042,29.84218408204923],[78.80062387541678,29.825300803121024],[78.80169915855093,29.985241989750488],[78.67712762267033,29.985938987930496],[78.67302939121042,29.84218408204923]]]},"properties":{"ulpin":"05426907796839","parcel_id":"e482a57a-a7d4-49fd-a8e7-dd887202c17b","state":"Uttarakhand","state_code":"UK","state_type":"STATE","state_lgd_code":"5","district_lgd_code":"65","district_name":"Dehradun","subdistrict_lgd_code":"510","subdistrict_name":"Rishikesh Tehsil","subdistrict_type":"Tehsil / Taluk","village_lgd_code":"51201","village_name":"Shyampur","khasra_plot_no":"Khasra 340/D45","recorded_area":"8.0","recorded_area_unit":"Bigha-Nali","normalized_area_sqm":"1600.0","gis_area_sqm":"1600.0","land_use_category":"OTHER","land_use_raw":"Krishi Bagayat","status":"SUBDIVIDED","data_freshness_status":"UNKNOWN","scenario_index":"17828","use_case_description":"Archived historical record for audit retrieval","mutation_workflow_status":"SLA_BREACHED","revenue_record_id":"ROR-UK-2025-1027-0045","revenue_record_type":"Khatauni (Devbhoomi Uttarakhand)","khata_khewat_no":"KHT-77","khatauni_no":"KHN-177","owner_name":"Mahesh Chandra Joshi","owner_name_local":"महेश चंद्र जोशी","co_owners":"","tenure_type":"Leasehold","mutation_status":"UNMUTATED_TRANSACTION","active_mutation_id":"MUT-UK-00000045","tax_demand_status":"PAID","annual_tax_inr":"185.5","deed_number":"DEED-UK-2024-427-0045","deed_type":"Sale Deed / Conveyance","sro_office":"Sub-Registrar Office, Rishikesh Tehsil","execution_date":"2024-05-10","registered_owner":"Mahesh Chandra Joshi","seller_name":"Previous Landholder","consideration_amount_inr":"3500000.0","stamp_duty_inr":"210000.0","survey_sketch_id":"FMB-UK-27-0045","cadastral_sheet_no":"SHT-UK-27","surveyed_area_sqm":"1600.0","survey_status":"SURVEYED","urban_authority":"Rishikesh Tehsil Urban Development & Town Planning Authority","zone_name":"Agricultural / Green Buffer","permitted_land_use":"OTHER","building_permission_status":"SANCTIONED","violations_reported":"False","is_encumbered":"True","encumbrance_certificate_number":"EC-UK-00000045-0045","encumbrance_type":"COURT_ATTACHMENT","financial_institution":"","mortgage_amount":"0.0","created_at":"2026-01-15T09:00:00Z","updated_at":"2026-09-24T11:30:00Z"}},{"type":"Feature","geometry":{"type":"Polygon","coordinates":[[[80.35439254864663,29.497931383635397],[80.49378310321403,29.497931383635397],[80.49378310321403,29.630100128915064],[80.36161630508066,29.652879862963278],[80.35439254864663,29.497931383635397]]]},"properties":{"ulpin":"05607161886457","parcel_id":"b1ddd0a8-e0a0-4fe5-841b-d2a7f2e90e33","state":"Uttarakhand","state_code":"UK","state_type":"STATE","state_lgd_code":"5","district_lgd_code":"65","district_name":"Dehradun","subdistrict_lgd_code":"510","subdistrict_name":"Rishikesh Tehsil","subdistrict_type":"Tehsil / Taluk","village_lgd_code":"51201","village_name":"Shyampur","khasra_plot_no":"Khasra 340/D46","recorded_area":"8.0","recorded_area_unit":"Bigha-Nali","normalized_area_sqm":"1600.0","gis_area_sqm":"1600.0","land_use_category":"RESIDENTIAL","land_use_raw":"Krishi Bagayat","status":"AMALGAMATED","data_freshness_status":"CURRENT","scenario_index":"17829","use_case_description":"Bank mortgage and active encumbrance","mutation_workflow_status":"SUBMITTED","revenue_record_id":"ROR-UK-2025-1027-0046","revenue_record_type":"Khatauni (Devbhoomi Uttarakhand)","khata_khewat_no":"KHT-77","khatauni_no":"KHN-177","owner_name":"Mahesh Chandra Joshi","owner_name_local":"महेश चंद्र जोशी","co_owners":"","tenure_type":"Government Grant","mutation_status":"REJECTED","active_mutation_id":"MUT-UK-00000046","tax_demand_status":"PAID","annual_tax_inr":"185.5","deed_number":"DEED-UK-2024-427-0046","deed_type":"Sale Deed / Conveyance","sro_office":"Sub-Registrar Office, Rishikesh Tehsil","execution_date":"2024-05-10","registered_owner":"Registry Variance Owner 46","seller_name":"Previous Landholder","consideration_amount_inr":"3500000.0","stamp_duty_inr":"210000.0","survey_sketch_id":"FMB-UK-27-0046","cadastral_sheet_no":"SHT-UK-27","surveyed_area_sqm":"1600.0","survey_status":"PENDING","urban_authority":"Rishikesh Tehsil Urban Development & Town Planning Authority","zone_name":"Agricultural / Green Buffer","permitted_land_use":"RESIDENTIAL","building_permission_status":"PENDING","violations_reported":"True","is_encumbered":"True","encumbrance_certificate_number":"EC-UK-00000046-0046","encumbrance_type":"TRIBAL_NON_ALIENATION","financial_institution":"","mortgage_amount":"0.0","created_at":"2026-01-15T09:00:00Z","updated_at":"2026-09-24T11:30:00Z"}},{"type":"Feature","geometry":{"type":"Polygon","coordinates":[[[79.3874346006635,31.320064568689627],[79.49830412526251,31.299418624942007],[79.50985147091968,31.44781257098708],[79.36224437402575,31.44781257098708],[79.3874346006635,31.320064568689627]]]},"properties":{"ulpin":"05502233285461","parcel_id":"964bc197-8ca8-45f9-90df-0ddd22ac3dbc","state":"Uttarakhand","state_code":"UK","state_type":"STATE","state_lgd_code":"5","district_lgd_code":"65","district_name":"Dehradun","subdistrict_lgd_code":"510","subdistrict_name":"Rishikesh Tehsil","subdistrict_type":"Tehsil / Taluk","village_lgd_code":"51201","village_name":"Shyampur","khasra_plot_no":"Khasra 340/D47","recorded_area":"8.0","recorded_area_unit":"Bigha-Nali","normalized_area_sqm":"1600.0","gis_area_sqm":"1600.0","land_use_category":"COMMERCIAL","land_use_raw":"Krishi Bagayat","status":"DISPUTED","data_freshness_status":"STALE","scenario_index":"17830","use_case_description":"Government revenue lien and tax demand","mutation_workflow_status":"UNDER_VERIFICATION","revenue_record_id":"ROR-UK-2025-1027-0047","revenue_record_type":"Khatauni (Devbhoomi Uttarakhand)","khata_khewat_no":"KHT-77","khatauni_no":"KHN-177","owner_name":"Mahesh Chandra Joshi","owner_name_local":"महेश चंद्र जोशी","co_owners":"","tenure_type":"Waqf / Religious Trust","mutation_status":"DISPUTED","active_mutation_id":"MUT-UK-00000047","tax_demand_status":"PAID","annual_tax_inr":"185.5","deed_number":"DEED-UK-2024-427-0047","deed_type":"Sale Deed / Conveyance","sro_office":"Sub-Registrar Office, Rishikesh Tehsil","execution_date":"2024-05-10","registered_owner":"Mahesh Chandra Joshi","seller_name":"Previous Landholder","consideration_amount_inr":"3500000.0","stamp_duty_inr":"210000.0","survey_sketch_id":"FMB-UK-27-0047","cadastral_sheet_no":"SHT-UK-27","surveyed_area_sqm":"1600.0","survey_status":"DISPUTED","urban_authority":"Rishikesh Tehsil Urban Development & Town Planning Authority","zone_name":"Agricultural / Green Buffer","permitted_land_use":"COMMERCIAL","building_permission_status":"REJECTED","violations_reported":"False","is_encumbered":"True","encumbrance_certificate_number":"EC-UK-00000047-0047","encumbrance_type":"LEASE_CHARGE","financial_institution":"","mortgage_amount":"0.0","created_at":"2026-01-15T09:00:00Z","updated_at":"2026-09-24T11:30:00Z"}},{"type":"Feature","geometry":{"type":"Polygon","coordinates":[[[79.35440873902284,30.913604545308708],[79.49924040648557,30.918383557272193],[79.49252782356419,31.0591365374808],[79.38287854393236,31.037353814454985],[79.35440873902284,30.913604545308708]]]},"properties":{"ulpin":"05388748362284","parcel_id":"330104c6-181d-4f99-9bc5-402b1c3531fa","state":"Uttarakhand","state_code":"UK","state_type":"STATE","state_lgd_code":"5","district_lgd_code":"65","district_name":"Dehradun","subdistrict_lgd_code":"510","subdistrict_name":"Rishikesh Tehsil","subdistrict_type":"Tehsil / Taluk","village_lgd_code":"51201","village_name":"Shyampur","khasra_plot_no":"Khasra 340/D48","recorded_area":"8.0","recorded_area_unit":"Bigha-Nali","normalized_area_sqm":"1600.0","gis_area_sqm":"1600.0","land_use_category":"INDUSTRIAL","land_use_raw":"Krishi Bagayat","status":"ARCHIVED","data_freshness_status":"UNKNOWN","scenario_index":"17831","use_case_description":"Tribal non-alienation protection review","mutation_workflow_status":"NOTICE_PERIOD","revenue_record_id":"ROR-UK-2025-1027-0048","revenue_record_type":"Khatauni (Devbhoomi Uttarakhand)","khata_khewat_no":"KHT-77","khatauni_no":"KHN-177","owner_name":"Mahesh Chandra Joshi","owner_name_local":"महेश चंद्र जोशी","co_owners":"","tenure_type":"Tribal Community Tenure","mutation_status":"NONE","active_mutation_id":"MUT-UK-00000048","tax_demand_status":"PAID","annual_tax_inr":"185.5","deed_number":"DEED-UK-2024-427-0048","deed_type":"Sale Deed / Conveyance","sro_office":"Sub-Registrar Office, Rishikesh Tehsil","execution_date":"2024-05-10","registered_owner":"Mahesh Chandra Joshi","seller_name":"Previous Landholder","consideration_amount_inr":"3500000.0","stamp_duty_inr":"210000.0","survey_sketch_id":"FMB-UK-27-0048","cadastral_sheet_no":"SHT-UK-27","surveyed_area_sqm":"1600.0","survey_status":"RESURVEY_REQUIRED","urban_authority":"Rishikesh Tehsil Urban Development & Town Planning Authority","zone_name":"Agricultural / Green Buffer","permitted_land_use":"INDUSTRIAL","building_permission_status":"NOT_APPLICABLE","violations_reported":"False","is_encumbered":"False","encumbrance_certificate_number":"EC-UK-2024-127-0048","encumbrance_type":"NIL","financial_institution":"","mortgage_amount":"0.0","created_at":"2026-01-15T09:00:00Z","updated_at":"2026-09-24T11:30:00Z"}},{"type":"Feature","geometry":{"type":"Polygon","coordinates":[[[80.12133038868446,31.002081678648363],[80.26050937013392,31.011648849604207],[80.24286574820944,31.115973356145343],[80.10405138254316,31.09929221829317],[80.12133038868446,31.002081678648363]]]},"properties":{"ulpin":"05294035252529","parcel_id":"943ab414-b746-45e6-8a75-9d520493b18e","state":"Uttarakhand","state_code":"UK","state_type":"STATE","state_lgd_code":"5","district_lgd_code":"65","district_name":"Dehradun","subdistrict_lgd_code":"510","subdistrict_name":"Rishikesh Tehsil","subdistrict_type":"Tehsil / Taluk","village_lgd_code":"51201","village_name":"Shyampur","khasra_plot_no":"Khasra 340/D49","recorded_area":"8.0","recorded_area_unit":"Bigha-Nali","normalized_area_sqm":"1600.0","gis_area_sqm":"1600.0","land_use_category":"AGRICULTURAL","land_use_raw":"Krishi Bagayat","status":"ACTIVE","data_freshness_status":"CURRENT","scenario_index":"17832","use_case_description":"Tribal non-alienation protection review","mutation_workflow_status":"HEARING_SCHEDULED","revenue_record_id":"ROR-UK-2025-1027-0049","revenue_record_type":"Khatauni (Devbhoomi Uttarakhand)","khata_khewat_no":"KHT-77","khatauni_no":"KHN-177","owner_name":"Mahesh Chandra Joshi","owner_name_local":"महेश चंद्र जोशी","co_owners":"","tenure_type":"Bhumiswami / Raiyati with Transferable Rights","mutation_status":"MUTATED","active_mutation_id":"","tax_demand_status":"PAID","annual_tax_inr":"185.5","deed_number":"DEED-UK-2024-427-0049","deed_type":"Sale Deed / Conveyance","sro_office":"Sub-Registrar Office, Rishikesh Tehsil","execution_date":"2024-05-10","registered_owner":"Mahesh Chandra Joshi","seller_name":"Previous Landholder","consideration_amount_inr":"3500000.0","stamp_duty_inr":"210000.0","survey_sketch_id":"FMB-UK-27-0049","cadastral_sheet_no":"SHT-UK-27","surveyed_area_sqm":"1600.0","survey_status":"SURVEYED","urban_authority":"Rishikesh Tehsil Urban Development & Town Planning Authority","zone_name":"Agricultural / Green Buffer","permitted_land_use":"AGRICULTURAL","building_permission_status":"SANCTIONED","violations_reported":"False","is_encumbered":"True","encumbrance_certificate_number":"EC-UK-00000049-0049","encumbrance_type":"BANK_MORTGAGE","financial_institution":"","mortgage_amount":"0.0","created_at":"2026-01-15T09:00:00Z","updated_at":"2026-09-24T11:30:00Z"}},{"type":"Feature","geometry":{"type":"Polygon","coordinates":[[[79.63739237236035,31.201159565376283],[79.75182256373938,31.17485054323442],[79.75182256373938,31.314040374512828],[79.6284086463189,31.334322217267772],[79.63739237236035,31.201159565376283]]]},"properties":{"ulpin":"05677715622755","parcel_id":"33e73121-2bfa-4391-9a2f-ae8661696da6","state":"Uttarakhand","state_code":"UK","state_type":"STATE","state_lgd_code":"5","district_lgd_code":"65","district_name":"Dehradun","subdistrict_lgd_code":"510","subdistrict_name":"Rishikesh Tehsil","subdistrict_type":"Tehsil / Taluk","village_lgd_code":"51201","village_name":"Shyampur","khasra_plot_no":"Khasra 340/D50","recorded_area":"8.0","recorded_area_unit":"Bigha-Nali","normalized_area_sqm":"1600.0","gis_area_sqm":"1600.0","land_use_category":"INSTITUTIONAL","land_use_raw":"Krishi Bagayat","status":"PENDING_MUTATION","data_freshness_status":"STALE","scenario_index":"17833","use_case_description":"Lease charge and institutional tenancy","mutation_workflow_status":"APPROVED","revenue_record_id":"ROR-UK-2025-1027-0050","revenue_record_type":"Khatauni (Devbhoomi Uttarakhand)","khata_khewat_no":"KHT-77","khatauni_no":"KHN-177","owner_name":"Mahesh Chandra Joshi","owner_name_local":"महेश चंद्र जोशी","co_owners":"","tenure_type":"Bhumiswami / Freehold","mutation_status":"PENDING","active_mutation_id":"MUT-UK-00000050","tax_demand_status":"PAID","annual_tax_inr":"185.5","deed_number":"DEED-UK-2024-427-0050","deed_type":"Sale Deed / Conveyance","sro_office":"Sub-Registrar Office, Rishikesh Tehsil","execution_date":"2024-05-10","registered_owner":"Mahesh Chandra Joshi","seller_name":"Previous Landholder","consideration_amount_inr":"3500000.0","stamp_duty_inr":"210000.0","survey_sketch_id":"FMB-UK-27-0050","cadastral_sheet_no":"SHT-UK-27","surveyed_area_sqm":"1600.0","survey_status":"PENDING","urban_authority":"Rishikesh Tehsil Urban Development & Town Planning Authority","zone_name":"Agricultural / Green Buffer","permitted_land_use":"INSTITUTIONAL","building_permission_status":"PENDING","violations_reported":"False","is_encumbered":"True","encumbrance_certificate_number":"EC-UK-00000050-0050","encumbrance_type":"GOVT_REVENUE_LIEN","financial_institution":"","mortgage_amount":"0.0","created_at":"2026-01-15T09:00:00Z","updated_at":"2026-09-24T11:30:00Z"}},{"type":"Feature","geometry":{"type":"Polygon","coordinates":[[[79.99569315925804,29.80383217280339],[80.11544691384145,29.790618605789046],[80.11007798801394,29.957468299112065],[79.99569315925804,29.957987748252407],[79.99569315925804,29.80383217280339]]]},"properties":{"ulpin":"05637744312313","parcel_id":"c4ebc84c-344f-46d7-9c35-5bb2dea229fd","state":"Uttarakhand","state_code":"UK","state_type":"STATE","state_lgd_code":"5","district_lgd_code":"65","district_name":"Dehradun","subdistrict_lgd_code":"510","subdistrict_name":"Rishikesh Tehsil","subdistrict_type":"Tehsil / Taluk","village_lgd_code":"51201","village_name":"Shyampur","khasra_plot_no":"Khasra 340/D51","recorded_area":"8.0","recorded_area_unit":"Bigha-Nali","normalized_area_sqm":"1600.0","gis_area_sqm":"1600.0","land_use_category":"FOREST_GREEN_BELT","land_use_raw":"Krishi Bagayat","status":"SUBDIVIDED","data_freshness_status":"UNKNOWN","scenario_index":"17834","use_case_description":"Subdivision or amalgamation history review","mutation_workflow_status":"REJECTED","revenue_record_id":"ROR-UK-2025-1027-0051","revenue_record_type":"Khatauni (Devbhoomi Uttarakhand)","khata_khewat_no":"KHT-77","khatauni_no":"KHN-177","owner_name":"Mahesh Chandra Joshi","owner_name_local":"महेश चंद्र जोशी","co_owners":"","tenure_type":"Leasehold","mutation_status":"UNMUTATED_TRANSACTION","active_mutation_id":"MUT-UK-00000051","tax_demand_status":"PAID","annual_tax_inr":"185.5","deed_number":"DEED-UK-2024-427-0051","deed_type":"Sale Deed / Conveyance","sro_office":"Sub-Registrar Office, Rishikesh Tehsil","execution_date":"2024-05-10","registered_owner":"Registry Variance Owner 51","seller_name":"Previous Landholder","consideration_amount_inr":"3500000.0","stamp_duty_inr":"210000.0","survey_sketch_id":"FMB-UK-27-0051","cadastral_sheet_no":"SHT-UK-27","surveyed_area_sqm":"1600.0","survey_status":"DISPUTED","urban_authority":"Rishikesh Tehsil Urban Development & Town Planning Authority","zone_name":"Agricultural / Green Buffer","permitted_land_use":"FOREST_GREEN_BELT","building_permission_status":"REJECTED","violations_reported":"False","is_encumbered":"True","encumbrance_certificate_number":"EC-UK-00000051-0051","encumbrance_type":"COURT_ATTACHMENT","financial_institution":"","mortgage_amount":"0.0","created_at":"2026-01-15T09:00:00Z","updated_at":"2026-09-24T11:30:00Z"}},{"type":"Feature","geometry":{"type":"Polygon","coordinates":[[[80.1087558556792,30.25645212139558],[80.25351004143039,30.2581945741319],[80.2384219653145,30.403023793664595],[80.12945686723317,30.403023793664595],[80.1087558556792,30.25645212139558]]]},"properties":{"ulpin":"05130986011303","parcel_id":"7185df59-f5a2-4883-b160-d8bb5d35c284","state":"Uttarakhand","state_code":"UK","state_type":"STATE","state_lgd_code":"5","district_lgd_code":"65","district_name":"Dehradun","subdistrict_lgd_code":"510","subdistrict_name":"Rishikesh Tehsil","subdistrict_type":"Tehsil / Taluk","village_lgd_code":"51201","village_name":"Shyampur","khasra_plot_no":"Khasra 340/D52","recorded_area":"8.0","recorded_area_unit":"Bigha-Nali","normalized_area_sqm":"1600.0","gis_area_sqm":"1600.0","land_use_category":"WATER_BODY","land_use_raw":"Krishi Bagayat","status":"AMALGAMATED","data_freshness_status":"CURRENT","scenario_index":"17835","use_case_description":"Archived historical record for audit retrieval","mutation_workflow_status":"SLA_BREACHED","revenue_record_id":"ROR-UK-2025-1027-0052","revenue_record_type":"Khatauni (Devbhoomi Uttarakhand)","khata_khewat_no":"KHT-77","khatauni_no":"KHN-177","owner_name":"Mahesh Chandra Joshi","owner_name_local":"महेश चंद्र जोशी","co_owners":"","tenure_type":"Government Grant","mutation_status":"REJECTED","active_mutation_id":"MUT-UK-00000052","tax_demand_status":"PAID","annual_tax_inr":"185.5","deed_number":"DEED-UK-2024-427-0052","deed_type":"Sale Deed / Conveyance","sro_office":"Sub-Registrar Office, Rishikesh Tehsil","execution_date":"2024-05-10","registered_owner":"Mahesh Chandra Joshi","seller_name":"Previous Landholder","consideration_amount_inr":"3500000.0","stamp_duty_inr":"210000.0","survey_sketch_id":"FMB-UK-27-0052","cadastral_sheet_no":"SHT-UK-27","surveyed_area_sqm":"1600.0","survey_status":"RESURVEY_REQUIRED","urban_authority":"Rishikesh Tehsil Urban Development & Town Planning Authority","zone_name":"Agricultural / Green Buffer","permitted_land_use":"WATER_BODY","building_permission_status":"NOT_APPLICABLE","violations_reported":"False","is_encumbered":"True","encumbrance_certificate_number":"EC-UK-00000052-0052","encumbrance_type":"TRIBAL_NON_ALIENATION","financial_institution":"","mortgage_amount":"0.0","created_at":"2026-01-15T09:00:00Z","updated_at":"2026-09-24T11:30:00Z"}},{"type":"Feature","geometry":{"type":"Polygon","coordinates":[[[80.2484809993276,31.217489052055704],[80.3697464826273,31.236013441498358],[80.39909804695151,31.345482831620558],[80.24191187429112,31.32068303783689],[80.2484809993276,31.217489052055704]]]},"properties":{"ulpin":"05255864059749","parcel_id":"eda199b9-8475-4f25-b2db-68b7a3989426","state":"Uttarakhand","state_code":"UK","state_type":"STATE","state_lgd_code":"5","district_lgd_code":"65","district_name":"Dehradun","subdistrict_lgd_code":"510","subdistrict_name":"Rishikesh Tehsil","subdistrict_type":"Tehsil / Taluk","village_lgd_code":"51201","village_name":"Shyampur","khasra_plot_no":"Khasra 340/D53","recorded_area":"8.0","recorded_area_unit":"Bigha-Nali","normalized_area_sqm":"1600.0","gis_area_sqm":"1600.0","land_use_category":"MIXED_USE","land_use_raw":"Krishi Bagayat","status":"DISPUTED","data_freshness_status":"STALE","scenario_index":"17836","use_case_description":"Bank mortgage and active encumbrance","mutation_workflow_status":"SUBMITTED","revenue_record_id":"ROR-UK-2025-1027-0053","revenue_record_type":"Khatauni (Devbhoomi Uttarakhand)","khata_khewat_no":"KHT-77","khatauni_no":"KHN-177","owner_name":"Mahesh Chandra Joshi","owner_name_local":"महेश चंद्र जोशी","co_owners":"","tenure_type":"Waqf / Religious Trust","mutation_status":"DISPUTED","active_mutation_id":"MUT-UK-00000053","tax_demand_status":"PAID","annual_tax_inr":"185.5","deed_number":"DEED-UK-2024-427-0053","deed_type":"Sale Deed / Conveyance","sro_office":"Sub-Registrar Office, Rishikesh Tehsil","execution_date":"2024-05-10","registered_owner":"Mahesh Chandra Joshi","seller_name":"Previous Landholder","consideration_amount_inr":"3500000.0","stamp_duty_inr":"210000.0","survey_sketch_id":"FMB-UK-27-0053","cadastral_sheet_no":"SHT-UK-27","surveyed_area_sqm":"1600.0","survey_status":"SURVEYED","urban_authority":"Rishikesh Tehsil Urban Development & Town Planning Authority","zone_name":"Agricultural / Green Buffer","permitted_land_use":"MIXED_USE","building_permission_status":"SANCTIONED","violations_reported":"True","is_encumbered":"True","encumbrance_certificate_number":"EC-UK-00000053-0053","encumbrance_type":"LEASE_CHARGE","financial_institution":"","mortgage_amount":"0.0","created_at":"2026-01-15T09:00:00Z","updated_at":"2026-09-24T11:30:00Z"}},{"type":"Feature","geometry":{"type":"Polygon","coordinates":[[[78.67712762267033,29.985938987930496],[78.80169915855093,29.985241989750488],[78.79869615609859,30.11199931294838],[78.63699220111668,30.11199931294838],[78.67712762267033,29.985938987930496]]]},"properties":{"ulpin":"05777522437023","parcel_id":"a21c124a-8e1f-46a0-a501-764fb7a4a375","state":"Uttarakhand","state_code":"UK","state_type":"STATE","state_lgd_code":"5","district_lgd_code":"65","district_name":"Dehradun","subdistrict_lgd_code":"510","subdistrict_name":"Rishikesh Tehsil","subdistrict_type":"Tehsil / Taluk","village_lgd_code":"51201","village_name":"Shyampur","khasra_plot_no":"Khasra 340/D54","recorded_area":"8.0","recorded_area_unit":"Bigha-Nali","normalized_area_sqm":"1600.0","gis_area_sqm":"1600.0","land_use_category":"OTHER","land_use_raw":"Krishi Bagayat","status":"ARCHIVED","data_freshness_status":"UNKNOWN","scenario_index":"17837","use_case_description":"Pending sale mutation within statutory SLA","mutation_workflow_status":"UNDER_VERIFICATION","revenue_record_id":"ROR-UK-2025-1027-0054","revenue_record_type":"Khatauni (Devbhoomi Uttarakhand)","khata_khewat_no":"KHT-77","khatauni_no":"KHN-177","owner_name":"Mahesh Chandra Joshi","owner_name_local":"महेश चंद्र जोशी","co_owners":"","tenure_type":"Tribal Community Tenure","mutation_status":"NONE","active_mutation_id":"MUT-UK-00000054","tax_demand_status":"PAID","annual_tax_inr":"185.5","deed_number":"DEED-UK-2024-427-0054","deed_type":"Sale Deed / Conveyance","sro_office":"Sub-Registrar Office, Rishikesh Tehsil","execution_date":"2024-05-10","registered_owner":"Mahesh Chandra Joshi","seller_name":"Previous Landholder","consideration_amount_inr":"3500000.0","stamp_duty_inr":"210000.0","survey_sketch_id":"FMB-UK-27-0054","cadastral_sheet_no":"SHT-UK-27","surveyed_area_sqm":"1600.0","survey_status":"PENDING","urban_authority":"Rishikesh Tehsil Urban Development & Town Planning Authority","zone_name":"Agricultural / Green Buffer","permitted_land_use":"OTHER","building_permission_status":"PENDING","violations_reported":"False","is_encumbered":"False","encumbrance_certificate_number":"EC-UK-2024-127-0054","encumbrance_type":"NIL","financial_institution":"","mortgage_amount":"0.0","created_at":"2026-01-15T09:00:00Z","updated_at":"2026-09-24T11:30:00Z"}},{"type":"Feature","geometry":{"type":"Polygon","coordinates":[[[78.80182160779214,31.326688131144987],[78.93504563877035,31.311292693322006],[78.93504563877035,31.465625387275164],[78.7986637092328,31.495710428422374],[78.80182160779214,31.326688131144987]]]},"properties":{"ulpin":"05154951289322","parcel_id":"93150dd9-7365-4506-b901-e911794f8cc5","state":"Uttarakhand","state_code":"UK","state_type":"STATE","state_lgd_code":"5","district_lgd_code":"65","district_name":"Dehradun","subdistrict_lgd_code":"510","subdistrict_name":"Rishikesh Tehsil","subdistrict_type":"Tehsil / Taluk","village_lgd_code":"51201","village_name":"Shyampur","khasra_plot_no":"Khasra 340/D55","recorded_area":"8.0","recorded_area_unit":"Bigha-Nali","normalized_area_sqm":"1600.0","gis_area_sqm":"1600.0","land_use_category":"RESIDENTIAL","land_use_raw":"Krishi Bagayat","status":"ACTIVE","data_freshness_status":"CURRENT","scenario_index":"17838","use_case_description":"Court attachment and disputed possession","mutation_workflow_status":"NOTICE_PERIOD","revenue_record_id":"ROR-UK-2025-1027-0055","revenue_record_type":"Khatauni (Devbhoomi Uttarakhand)","khata_khewat_no":"KHT-77","khatauni_no":"KHN-177","owner_name":"Mahesh Chandra Joshi","owner_name_local":"महेश चंद्र जोशी","co_owners":"","tenure_type":"Bhumiswami / Raiyati with Transferable Rights","mutation_status":"MUTATED","active_mutation_id":"","tax_demand_status":"PAID","annual_tax_inr":"185.5","deed_number":"DEED-UK-2024-427-0055","deed_type":"Sale Deed / Conveyance","sro_office":"Sub-Registrar Office, Rishikesh Tehsil","execution_date":"2024-05-10","registered_owner":"Mahesh Chandra Joshi","seller_name":"Previous Landholder","consideration_amount_inr":"3500000.0","stamp_duty_inr":"210000.0","survey_sketch_id":"FMB-UK-27-0055","cadastral_sheet_no":"SHT-UK-27","surveyed_area_sqm":"1600.0","survey_status":"DISPUTED","urban_authority":"Rishikesh Tehsil Urban Development & Town Planning Authority","zone_name":"Agricultural / Green Buffer","permitted_land_use":"RESIDENTIAL","building_permission_status":"REJECTED","violations_reported":"False","is_encumbered":"True","encumbrance_certificate_number":"EC-UK-00000055-0055","encumbrance_type":"BANK_MORTGAGE","financial_institution":"","mortgage_amount":"0.0","created_at":"2026-01-15T09:00:00Z","updated_at":"2026-09-24T11:30:00Z"}},{"type":"Feature","geometry":{"type":"Polygon","coordinates":[[[79.02985560994448,29.55750385604007],[79.25271989840142,29.594849547965598],[79.23744780322525,29.769906232084942],[79.02985560994448,29.75139174379142],[79.02985560994448,29.55750385604007]]]},"properties":{"ulpin":"05260404444772","parcel_id":"1206d317-7f47-4819-9e94-57111166623a","state":"Uttarakhand","state_code":"UK","state_type":"STATE","state_lgd_code":"5","district_lgd_code":"65","district_name":"Dehradun","subdistrict_lgd_code":"510","subdistrict_name":"Rishikesh Tehsil","subdistrict_type":"Tehsil / Taluk","village_lgd_code":"51201","village_name":"Shyampur","khasra_plot_no":"Khasra 340/D56","recorded_area":"8.0","recorded_area_unit":"Bigha-Nali","normalized_area_sqm":"1600.0","gis_area_sqm":"1600.0","land_use_category":"COMMERCIAL","land_use_raw":"Krishi Bagayat","status":"PENDING_MUTATION","data_freshness_status":"STALE","scenario_index":"17839","use_case_description":"Tribal non-alienation protection review","mutation_workflow_status":"HEARING_SCHEDULED","revenue_record_id":"ROR-UK-2025-1027-0056","revenue_record_type":"Khatauni (Devbhoomi Uttarakhand)","khata_khewat_no":"KHT-77","khatauni_no":"KHN-177","owner_name":"Mahesh Chandra Joshi","owner_name_local":"महेश चंद्र जोशी","co_owners":"","tenure_type":"Bhumiswami / Freehold","mutation_status":"PENDING","active_mutation_id":"MUT-UK-00000056","tax_demand_status":"PAID","annual_tax_inr":"185.5","deed_number":"DEED-UK-2024-427-0056","deed_type":"Sale Deed / Conveyance","sro_office":"Sub-Registrar Office, Rishikesh Tehsil","execution_date":"2024-05-10","registered_owner":"Registry Variance Owner 56","seller_name":"Previous Landholder","consideration_amount_inr":"3500000.0","stamp_duty_inr":"210000.0","survey_sketch_id":"FMB-UK-27-0056","cadastral_sheet_no":"SHT-UK-27","surveyed_area_sqm":"1600.0","survey_status":"RESURVEY_REQUIRED","urban_authority":"Rishikesh Tehsil Urban Development & Town Planning Authority","zone_name":"Agricultural / Green Buffer","permitted_land_use":"COMMERCIAL","building_permission_status":"NOT_APPLICABLE","violations_reported":"False","is_encumbered":"True","encumbrance_certificate_number":"EC-UK-00000056-0056","encumbrance_type":"GOVT_REVENUE_LIEN","financial_institution":"","mortgage_amount":"0.0","created_at":"2026-01-15T09:00:00Z","updated_at":"2026-09-24T11:30:00Z"}},{"type":"Feature","geometry":{"type":"Polygon","coordinates":[[[78.50921540714486,29.557602464005857],[78.67009267130058,29.57436790460961],[78.67682697578286,29.7090534438415],[78.53902607477121,29.699318746526952],[78.50921540714486,29.557602464005857]]]},"properties":{"ulpin":"05229733096513","parcel_id":"9b05fba3-2e09-440d-b422-2428095268cc","state":"Uttarakhand","state_code":"UK","state_type":"STATE","state_lgd_code":"5","district_lgd_code":"65","district_name":"Dehradun","subdistrict_lgd_code":"510","subdistrict_name":"Rishikesh Tehsil","subdistrict_type":"Tehsil / Taluk","village_lgd_code":"51201","village_name":"Shyampur","khasra_plot_no":"Khasra 340/D57","recorded_area":"8.0","recorded_area_unit":"Bigha-Nali","normalized_area_sqm":"1600.0","gis_area_sqm":"1600.0","land_use_category":"INDUSTRIAL","land_use_raw":"Krishi Bagayat","status":"SUBDIVIDED","data_freshness_status":"UNKNOWN","scenario_index":"17840","use_case_description":"Lease charge and institutional tenancy","mutation_workflow_status":"APPROVED","revenue_record_id":"ROR-UK-2025-1027-0057","revenue_record_type":"Khatauni (Devbhoomi Uttarakhand)","khata_khewat_no":"KHT-77","khatauni_no":"KHN-177","owner_name":"Mahesh Chandra Joshi","owner_name_local":"महेश चंद्र जोशी","co_owners":"","tenure_type":"Leasehold","mutation_status":"UNMUTATED_TRANSACTION","active_mutation_id":"MUT-UK-00000057","tax_demand_status":"PAID","annual_tax_inr":"185.5","deed_number":"DEED-UK-2024-427-0057","deed_type":"Sale Deed / Conveyance","sro_office":"Sub-Registrar Office, Rishikesh Tehsil","execution_date":"2024-05-10","registered_owner":"Mahesh Chandra Joshi","seller_name":"Previous Landholder","consideration_amount_inr":"3500000.0","stamp_duty_inr":"210000.0","survey_sketch_id":"FMB-UK-27-0057","cadastral_sheet_no":"SHT-UK-27","surveyed_area_sqm":"1600.0","survey_status":"SURVEYED","urban_authority":"Rishikesh Tehsil Urban Development & Town Planning Authority","zone_name":"Agricultural / Green Buffer","permitted_land_use":"INDUSTRIAL","building_permission_status":"SANCTIONED","violations_reported":"False","is_encumbered":"True","encumbrance_certificate_number":"EC-UK-00000057-0057","encumbrance_type":"COURT_ATTACHMENT","financial_institution":"","mortgage_amount":"0.0","created_at":"2026-01-15T09:00:00Z","updated_at":"2026-09-24T11:30:00Z"}},{"type":"Feature","geometry":{"type":"Polygon","coordinates":[[[78.51890359534596,31.32887512749443],[78.66675093213595,31.32088926217334],[78.67360108258102,31.462058523147892],[78.50556993739872,31.474004588427135],[78.51890359534596,31.32887512749443]]]},"properties":{"ulpin":"05121564973465","parcel_id":"25d9fc0d-a426-48fc-a9da-7ed8af5615c7","state":"Uttarakhand","state_code":"UK","state_type":"STATE","state_lgd_code":"5","district_lgd_code":"65","district_name":"Dehradun","subdistrict_lgd_code":"510","subdistrict_name":"Rishikesh Tehsil","subdistrict_type":"Tehsil / Taluk","village_lgd_code":"51201","village_name":"Shyampur","khasra_plot_no":"Khasra 340/D58","recorded_area":"8.0","recorded_area_unit":"Bigha-Nali","normalized_area_sqm":"1600.0","gis_area_sqm":"1600.0","land_use_category":"AGRICULTURAL","land_use_raw":"Krishi Bagayat","status":"AMALGAMATED","data_freshness_status":"CURRENT","scenario_index":"17841","use_case_description":"Subdivision or amalgamation history review","mutation_workflow_status":"REJECTED","revenue_record_id":"ROR-UK-2025-1027-0058","revenue_record_type":"Khatauni (Devbhoomi Uttarakhand)","khata_khewat_no":"KHT-77","khatauni_no":"KHN-177","owner_name":"Mahesh Chandra Joshi","owner_name_local":"महेश चंद्र जोशी","co_owners":"","tenure_type":"Government Grant","mutation_status":"REJECTED","active_mutation_id":"MUT-UK-00000058","tax_demand_status":"PAID","annual_tax_inr":"185.5","deed_number":"DEED-UK-2024-427-0058","deed_type":"Sale Deed / Conveyance","sro_office":"Sub-Registrar Office, Rishikesh Tehsil","execution_date":"2024-05-10","registered_owner":"Mahesh Chandra Joshi","seller_name":"Previous Landholder","consideration_amount_inr":"3500000.0","stamp_duty_inr":"210000.0","survey_sketch_id":"FMB-UK-27-0058","cadastral_sheet_no":"SHT-UK-27","surveyed_area_sqm":"1600.0","survey_status":"PENDING","urban_authority":"Rishikesh Tehsil Urban Development & Town Planning Authority","zone_name":"Agricultural / Green Buffer","permitted_land_use":"AGRICULTURAL","building_permission_status":"PENDING","violations_reported":"False","is_encumbered":"True","encumbrance_certificate_number":"EC-UK-00000058-0058","encumbrance_type":"TRIBAL_NON_ALIENATION","financial_institution":"","mortgage_amount":"0.0","created_at":"2026-01-15T09:00:00Z","updated_at":"2026-09-24T11:30:00Z"}},{"type":"Feature","geometry":{"type":"Polygon","coordinates":[[[79.97822961697013,31.103442426359972],[80.10405138254316,31.09929221829317],[80.11868276825791,31.20485361759846],[79.97822961697013,31.205695920552433],[79.97822961697013,31.103442426359972]]]},"properties":{"ulpin":"05479615591209","parcel_id":"37ba514f-41c3-4558-81fc-56c2a204f090","state":"Uttarakhand","state_code":"UK","state_type":"STATE","state_lgd_code":"5","district_lgd_code":"65","district_name":"Dehradun","subdistrict_lgd_code":"510","subdistrict_name":"Rishikesh Tehsil","subdistrict_type":"Tehsil / Taluk","village_lgd_code":"51201","village_name":"Shyampur","khasra_plot_no":"Khasra 340/D59","recorded_area":"8.0","recorded_area_unit":"Bigha-Nali","normalized_area_sqm":"1600.0","gis_area_sqm":"1600.0","land_use_category":"INSTITUTIONAL","land_use_raw":"Krishi Bagayat","status":"DISPUTED","data_freshness_status":"STALE","scenario_index":"17842","use_case_description":"Archived historical record for audit retrieval","mutation_workflow_status":"SLA_BREACHED","revenue_record_id":"ROR-UK-2025-1027-0059","revenue_record_type":"Khatauni (Devbhoomi Uttarakhand)","khata_khewat_no":"KHT-77","khatauni_no":"KHN-177","owner_name":"Mahesh Chandra Joshi","owner_name_local":"महेश चंद्र जोशी","co_owners":"","tenure_type":"Waqf / Religious Trust","mutation_status":"DISPUTED","active_mutation_id":"MUT-UK-00000059","tax_demand_status":"PAID","annual_tax_inr":"185.5","deed_number":"DEED-UK-2024-427-0059","deed_type":"Sale Deed / Conveyance","sro_office":"Sub-Registrar Office, Rishikesh Tehsil","execution_date":"2024-05-10","registered_owner":"Mahesh Chandra Joshi","seller_name":"Previous Landholder","consideration_amount_inr":"3500000.0","stamp_duty_inr":"210000.0","survey_sketch_id":"FMB-UK-27-0059","cadastral_sheet_no":"SHT-UK-27","surveyed_area_sqm":"1600.0","survey_status":"DISPUTED","urban_authority":"Rishikesh Tehsil Urban Development & Town Planning Authority","zone_name":"Agricultural / Green Buffer","permitted_land_use":"INSTITUTIONAL","building_permission_status":"REJECTED","violations_reported":"False","is_encumbered":"True","encumbrance_certificate_number":"EC-UK-00000059-0059","encumbrance_type":"LEASE_CHARGE","financial_institution":"","mortgage_amount":"0.0","created_at":"2026-01-15T09:00:00Z","updated_at":"2026-09-24T11:30:00Z"}},{"type":"Feature","geometry":{"type":"Polygon","coordinates":[[[78.24777037895777,29.98118593934785],[78.37732587016424,29.97612051167836],[78.36288911717975,30.11199931294838],[78.24777037895777,30.11199931294838],[78.24777037895777,29.98118593934785]]]},"properties":{"ulpin":"05845196431705","parcel_id":"ed5ca8d0-81a2-4aa3-a88c-dd8801ae65a7","state":"Uttarakhand","state_code":"UK","state_type":"STATE","state_lgd_code":"5","district_lgd_code":"65","district_name":"Dehradun","subdistrict_lgd_code":"510","subdistrict_name":"Rishikesh Tehsil","subdistrict_type":"Tehsil / Taluk","village_lgd_code":"51201","village_name":"Shyampur","khasra_plot_no":"Khasra 340/D60","recorded_area":"8.0","recorded_area_unit":"Bigha-Nali","normalized_area_sqm":"1600.0","gis_area_sqm":"1600.0","land_use_category":"FOREST_GREEN_BELT","land_use_raw":"Krishi Bagayat","status":"ARCHIVED","data_freshness_status":"UNKNOWN","scenario_index":"17843","use_case_description":"Bank mortgage and active encumbrance","mutation_workflow_status":"SUBMITTED","revenue_record_id":"ROR-UK-2025-1027-0060","revenue_record_type":"Khatauni (Devbhoomi Uttarakhand)","khata_khewat_no":"KHT-77","khatauni_no":"KHN-177","owner_name":"Mahesh Chandra Joshi","owner_name_local":"महेश चंद्र जोशी","co_owners":"","tenure_type":"Tribal Community Tenure","mutation_status":"NONE","active_mutation_id":"MUT-UK-00000060","tax_demand_status":"PAID","annual_tax_inr":"185.5","deed_number":"DEED-UK-2024-427-0060","deed_type":"Sale Deed / Conveyance","sro_office":"Sub-Registrar Office, Rishikesh Tehsil","execution_date":"2024-05-10","registered_owner":"Mahesh Chandra Joshi","seller_name":"Previous Landholder","consideration_amount_inr":"3500000.0","stamp_duty_inr":"210000.0","survey_sketch_id":"FMB-UK-27-0060","cadastral_sheet_no":"SHT-UK-27","surveyed_area_sqm":"1600.0","survey_status":"RESURVEY_REQUIRED","urban_authority":"Rishikesh Tehsil Urban Development & Town Planning Authority","zone_name":"Agricultural / Green Buffer","permitted_land_use":"FOREST_GREEN_BELT","building_permission_status":"NOT_APPLICABLE","violations_reported":"True","is_encumbered":"False","encumbrance_certificate_number":"EC-UK-2024-127-0060","encumbrance_type":"NIL","financial_institution":"","mortgage_amount":"0.0","created_at":"2026-01-15T09:00:00Z","updated_at":"2026-09-24T11:30:00Z"}},{"type":"Feature","geometry":{"type":"Polygon","coordinates":[[[79.11813135228613,30.77918987235125],[79.23526942734296,30.775876450291577],[79.2598818286727,30.904401307275606],[79.11813135228613,30.93048856514009],[79.11813135228613,30.77918987235125]]]},"properties":{"ulpin":"05172826443631","parcel_id":"33883806-bd97-42b0-9acd-fe801c7de896","state":"Uttarakhand","state_code":"UK","state_type":"STATE","state_lgd_code":"5","district_lgd_code":"65","district_name":"Dehradun","subdistrict_lgd_code":"510","subdistrict_name":"Rishikesh Tehsil","subdistrict_type":"Tehsil / Taluk","village_lgd_code":"51201","village_name":"Shyampur","khasra_plot_no":"Khasra 340/D61","recorded_area":"8.0","recorded_area_unit":"Bigha-Nali","normalized_area_sqm":"1600.0","gis_area_sqm":"1600.0","land_use_category":"WATER_BODY","land_use_raw":"Krishi Bagayat","status":"ACTIVE","data_freshness_status":"CURRENT","scenario_index":"17844","use_case_description":"Government revenue lien and tax demand","mutation_workflow_status":"UNDER_VERIFICATION","revenue_record_id":"ROR-UK-2025-1027-0061","revenue_record_type":"Khatauni (Devbhoomi Uttarakhand)","khata_khewat_no":"KHT-77","khatauni_no":"KHN-177","owner_name":"Mahesh Chandra Joshi","owner_name_local":"महेश चंद्र जोशी","co_owners":"","tenure_type":"Bhumiswami / Raiyati with Transferable Rights","mutation_status":"MUTATED","active_mutation_id":"","tax_demand_status":"PAID","annual_tax_inr":"185.5","deed_number":"DEED-UK-2024-427-0061","deed_type":"Sale Deed / Conveyance","sro_office":"Sub-Registrar Office, Rishikesh Tehsil","execution_date":"2024-05-10","registered_owner":"Registry Variance Owner 61","seller_name":"Previous Landholder","consideration_amount_inr":"3500000.0","stamp_duty_inr":"210000.0","survey_sketch_id":"FMB-UK-27-0061","cadastral_sheet_no":"SHT-UK-27","surveyed_area_sqm":"1600.0","survey_status":"SURVEYED","urban_authority":"Rishikesh Tehsil Urban Development & Town Planning Authority","zone_name":"Agricultural / Green Buffer","permitted_land_use":"WATER_BODY","building_permission_status":"SANCTIONED","violations_reported":"False","is_encumbered":"True","encumbrance_certificate_number":"EC-UK-00000061-0061","encumbrance_type":"BANK_MORTGAGE","financial_institution":"","mortgage_amount":"0.0","created_at":"2026-01-15T09:00:00Z","updated_at":"2026-09-24T11:30:00Z"}},{"type":"Feature","geometry":{"type":"Polygon","coordinates":[[[79.02985560994448,30.070258072339755],[79.24097336690505,30.106612273931113],[79.24398554333717,30.261936240009405],[79.02985560994448,30.261936240009405],[79.02985560994448,30.070258072339755]]]},"properties":{"ulpin":"05640484929823","parcel_id":"a038370f-5dc6-4e2f-91a0-0efaf66873bf","state":"Uttarakhand","state_code":"UK","state_type":"STATE","state_lgd_code":"5","district_lgd_code":"65","district_name":"Dehradun","subdistrict_lgd_code":"510","subdistrict_name":"Rishikesh Tehsil","subdistrict_type":"Tehsil / Taluk","village_lgd_code":"51201","village_name":"Shyampur","khasra_plot_no":"Khasra 340/D62","recorded_area":"8.0","recorded_area_unit":"Bigha-Nali","normalized_area_sqm":"1600.0","gis_area_sqm":"1600.0","land_use_category":"MIXED_USE","land_use_raw":"Krishi Bagayat","status":"PENDING_MUTATION","data_freshness_status":"STALE","scenario_index":"17845","use_case_description":"Court attachment and disputed possession","mutation_workflow_status":"NOTICE_PERIOD","revenue_record_id":"ROR-UK-2025-1027-0062","revenue_record_type":"Khatauni (Devbhoomi Uttarakhand)","khata_khewat_no":"KHT-77","khatauni_no":"KHN-177","owner_name":"Mahesh Chandra Joshi","owner_name_local":"महेश चंद्र जोशी","co_owners":"","tenure_type":"Bhumiswami / Freehold","mutation_status":"PENDING","active_mutation_id":"MUT-UK-00000062","tax_demand_status":"PAID","annual_tax_inr":"185.5","deed_number":"DEED-UK-2024-427-0062","deed_type":"Sale Deed / Conveyance","sro_office":"Sub-Registrar Office, Rishikesh Tehsil","execution_date":"2024-05-10","registered_owner":"Mahesh Chandra Joshi","seller_name":"Previous Landholder","consideration_amount_inr":"3500000.0","stamp_duty_inr":"210000.0","survey_sketch_id":"FMB-UK-27-0062","cadastral_sheet_no":"SHT-UK-27","surveyed_area_sqm":"1600.0","survey_status":"PENDING","urban_authority":"Rishikesh Tehsil Urban Development & Town Planning Authority","zone_name":"Agricultural / Green Buffer","permitted_land_use":"MIXED_USE","building_permission_status":"PENDING","violations_reported":"False","is_encumbered":"True","encumbrance_certificate_number":"EC-UK-00000062-0062","encumbrance_type":"GOVT_REVENUE_LIEN","financial_institution":"","mortgage_amount":"0.0","created_at":"2026-01-15T09:00:00Z","updated_at":"2026-09-24T11:30:00Z"}},{"type":"Feature","geometry":{"type":"Polygon","coordinates":[[[80.51627653430569,31.337179239638814],[80.65752503079126,31.32333376340493],[80.65752503079126,31.437163293149396],[80.52791855518872,31.446002212208658],[80.51627653430569,31.337179239638814]]]},"properties":{"ulpin":"05779270245814","parcel_id":"c89750f4-2926-4e4f-bfa9-fd74552cc39d","state":"Uttarakhand","state_code":"UK","state_type":"STATE","state_lgd_code":"5","district_lgd_code":"65","district_name":"Dehradun","subdistrict_lgd_code":"510","subdistrict_name":"Rishikesh Tehsil","subdistrict_type":"Tehsil / Taluk","village_lgd_code":"51201","village_name":"Shyampur","khasra_plot_no":"Khasra 340/D63","recorded_area":"8.0","recorded_area_unit":"Bigha-Nali","normalized_area_sqm":"1600.0","gis_area_sqm":"1600.0","land_use_category":"OTHER","land_use_raw":"Krishi Bagayat","status":"SUBDIVIDED","data_freshness_status":"UNKNOWN","scenario_index":"17846","use_case_description":"Tribal non-alienation protection review","mutation_workflow_status":"HEARING_SCHEDULED","revenue_record_id":"ROR-UK-2025-1027-0063","revenue_record_type":"Khatauni (Devbhoomi Uttarakhand)","khata_khewat_no":"KHT-77","khatauni_no":"KHN-177","owner_name":"Mahesh Chandra Joshi","owner_name_local":"महेश चंद्र जोशी","co_owners":"","tenure_type":"Leasehold","mutation_status":"UNMUTATED_TRANSACTION","active_mutation_id":"MUT-UK-00000063","tax_demand_status":"PAID","annual_tax_inr":"185.5","deed_number":"DEED-UK-2024-427-0063","deed_type":"Sale Deed / Conveyance","sro_office":"Sub-Registrar Office, Rishikesh Tehsil","execution_date":"2024-05-10","registered_owner":"Mahesh Chandra Joshi","seller_name":"Previous Landholder","consideration_amount_inr":"3500000.0","stamp_duty_inr":"210000.0","survey_sketch_id":"FMB-UK-27-0063","cadastral_sheet_no":"SHT-UK-27","surveyed_area_sqm":"1600.0","survey_status":"DISPUTED","urban_authority":"Rishikesh Tehsil Urban Development & Town Planning Authority","zone_name":"Agricultural / Green Buffer","permitted_land_use":"OTHER","building_permission_status":"REJECTED","violations_reported":"False","is_encumbered":"True","encumbrance_certificate_number":"EC-UK-00000063-0063","encumbrance_type":"COURT_ATTACHMENT","financial_institution":"","mortgage_amount":"0.0","created_at":"2026-01-15T09:00:00Z","updated_at":"2026-09-24T11:30:00Z"}},{"type":"Feature","geometry":{"type":"Polygon","coordinates":[[[79.35226330763045,30.51209995904942],[79.51109743283995,30.51209995904942],[79.5021448375756,30.62885270105166],[79.38730724466731,30.656809865468233],[79.35226330763045,30.51209995904942]]]},"properties":{"ulpin":"05006645808593","parcel_id":"609921ef-2da2-40bc-830c-7dd7ad044041","state":"Uttarakhand","state_code":"UK","state_type":"STATE","state_lgd_code":"5","district_lgd_code":"65","district_name":"Dehradun","subdistrict_lgd_code":"510","subdistrict_name":"Rishikesh Tehsil","subdistrict_type":"Tehsil / Taluk","village_lgd_code":"51201","village_name":"Shyampur","khasra_plot_no":"Khasra 340/D64","recorded_area":"8.0","recorded_area_unit":"Bigha-Nali","normalized_area_sqm":"1600.0","gis_area_sqm":"1600.0","land_use_category":"RESIDENTIAL","land_use_raw":"Krishi Bagayat","status":"AMALGAMATED","data_freshness_status":"CURRENT","scenario_index":"17847","use_case_description":"Lease charge and institutional tenancy","mutation_workflow_status":"APPROVED","revenue_record_id":"ROR-UK-2025-1027-0064","revenue_record_type":"Khatauni (Devbhoomi Uttarakhand)","khata_khewat_no":"KHT-77","khatauni_no":"KHN-177","owner_name":"Mahesh Chandra Joshi","owner_name_local":"महेश चंद्र जोशी","co_owners":"","tenure_type":"Government Grant","mutation_status":"REJECTED","active_mutation_id":"MUT-UK-00000064","tax_demand_status":"PAID","annual_tax_inr":"185.5","deed_number":"DEED-UK-2024-427-0064","deed_type":"Sale Deed / Conveyance","sro_office":"Sub-Registrar Office, Rishikesh Tehsil","execution_date":"2024-05-10","registered_owner":"Mahesh Chandra Joshi","seller_name":"Previous Landholder","consideration_amount_inr":"3500000.0","stamp_duty_inr":"210000.0","survey_sketch_id":"FMB-UK-27-0064","cadastral_sheet_no":"SHT-UK-27","surveyed_area_sqm":"1600.0","survey_status":"RESURVEY_REQUIRED","urban_authority":"Rishikesh Tehsil Urban Development & Town Planning Authority","zone_name":"Agricultural / Green Buffer","permitted_land_use":"RESIDENTIAL","building_permission_status":"NOT_APPLICABLE","violations_reported":"False","is_encumbered":"True","encumbrance_certificate_number":"EC-UK-00000064-0064","encumbrance_type":"TRIBAL_NON_ALIENATION","financial_institution":"","mortgage_amount":"0.0","created_at":"2026-01-15T09:00:00Z","updated_at":"2026-09-24T11:30:00Z"}},{"type":"Feature","geometry":{"type":"Polygon","coordinates":[[[80.10405138254316,31.09929221829317],[80.24286574820944,31.115973356145343],[80.2484809993276,31.217489052055704],[80.11868276825791,31.20485361759846],[80.10405138254316,31.09929221829317]]]},"properties":{"ulpin":"05226015875918","parcel_id":"67fb7b11-c008-4f78-84df-5f97bb054cf6","state":"Uttarakhand","state_code":"UK","state_type":"STATE","state_lgd_code":"5","district_lgd_code":"65","district_name":"Dehradun","subdistrict_lgd_code":"510","subdistrict_name":"Rishikesh Tehsil","subdistrict_type":"Tehsil / Taluk","village_lgd_code":"51201","village_name":"Shyampur","khasra_plot_no":"Khasra 340/D65","recorded_area":"8.0","recorded_area_unit":"Bigha-Nali","normalized_area_sqm":"1600.0","gis_area_sqm":"1600.0","land_use_category":"COMMERCIAL","land_use_raw":"Krishi Bagayat","status":"DISPUTED","data_freshness_status":"STALE","scenario_index":"17848","use_case_description":"Subdivision or amalgamation history review","mutation_workflow_status":"REJECTED","revenue_record_id":"ROR-UK-2025-1027-0065","revenue_record_type":"Khatauni (Devbhoomi Uttarakhand)","khata_khewat_no":"KHT-77","khatauni_no":"KHN-177","owner_name":"Mahesh Chandra Joshi","owner_name_local":"महेश चंद्र जोशी","co_owners":"","tenure_type":"Waqf / Religious Trust","mutation_status":"DISPUTED","active_mutation_id":"MUT-UK-00000065","tax_demand_status":"PAID","annual_tax_inr":"185.5","deed_number":"DEED-UK-2024-427-0065","deed_type":"Sale Deed / Conveyance","sro_office":"Sub-Registrar Office, Rishikesh Tehsil","execution_date":"2024-05-10","registered_owner":"Mahesh Chandra Joshi","seller_name":"Previous Landholder","consideration_amount_inr":"3500000.0","stamp_duty_inr":"210000.0","survey_sketch_id":"FMB-UK-27-0065","cadastral_sheet_no":"SHT-UK-27","surveyed_area_sqm":"1600.0","survey_status":"SURVEYED","urban_authority":"Rishikesh Tehsil Urban Development & Town Planning Authority","zone_name":"Agricultural / Green Buffer","permitted_land_use":"COMMERCIAL","building_permission_status":"SANCTIONED","violations_reported":"False","is_encumbered":"True","encumbrance_certificate_number":"EC-UK-00000065-0065","encumbrance_type":"LEASE_CHARGE","financial_institution":"","mortgage_amount":"0.0","created_at":"2026-01-15T09:00:00Z","updated_at":"2026-09-24T11:30:00Z"}},{"type":"Feature","geometry":{"type":"Polygon","coordinates":[[[79.99569315925804,30.24004595175721],[80.1087558556792,30.25645212139558],[80.12945686723317,30.403023793664595],[79.99569315925804,30.403023793664595],[79.99569315925804,30.24004595175721]]]},"properties":{"ulpin":"05001253076923","parcel_id":"02bae254-b95b-46aa-a803-d24da42dabe8","state":"Uttarakhand","state_code":"UK","state_type":"STATE","state_lgd_code":"5","district_lgd_code":"65","district_name":"Dehradun","subdistrict_lgd_code":"510","subdistrict_name":"Rishikesh Tehsil","subdistrict_type":"Tehsil / Taluk","village_lgd_code":"51201","village_name":"Shyampur","khasra_plot_no":"Khasra 340/D66","recorded_area":"8.0","recorded_area_unit":"Bigha-Nali","normalized_area_sqm":"1600.0","gis_area_sqm":"1600.0","land_use_category":"INDUSTRIAL","land_use_raw":"Krishi Bagayat","status":"ARCHIVED","data_freshness_status":"UNKNOWN","scenario_index":"17849","use_case_description":"Archived historical record for audit retrieval","mutation_workflow_status":"SLA_BREACHED","revenue_record_id":"ROR-UK-2025-1027-0066","revenue_record_type":"Khatauni (Devbhoomi Uttarakhand)","khata_khewat_no":"KHT-77","khatauni_no":"KHN-177","owner_name":"Mahesh Chandra Joshi","owner_name_local":"महेश चंद्र जोशी","co_owners":"","tenure_type":"Tribal Community Tenure","mutation_status":"NONE","active_mutation_id":"MUT-UK-00000066","tax_demand_status":"PAID","annual_tax_inr":"185.5","deed_number":"DEED-UK-2024-427-0066","deed_type":"Sale Deed / Conveyance","sro_office":"Sub-Registrar Office, Rishikesh Tehsil","execution_date":"2024-05-10","registered_owner":"Registry Variance Owner 66","seller_name":"Previous Landholder","consideration_amount_inr":"3500000.0","stamp_duty_inr":"210000.0","survey_sketch_id":"FMB-UK-27-0066","cadastral_sheet_no":"SHT-UK-27","surveyed_area_sqm":"1600.0","survey_status":"PENDING","urban_authority":"Rishikesh Tehsil Urban Development & Town Planning Authority","zone_name":"Agricultural / Green Buffer","permitted_land_use":"INDUSTRIAL","building_permission_status":"PENDING","violations_reported":"False","is_encumbered":"False","encumbrance_certificate_number":"EC-UK-2024-127-0066","encumbrance_type":"NIL","financial_institution":"","mortgage_amount":"0.0","created_at":"2026-01-15T09:00:00Z","updated_at":"2026-09-24T11:30:00Z"}},{"type":"Feature","geometry":{"type":"Polygon","coordinates":[[[80.23546879842331,29.63850149137273],[80.36161630508066,29.652879862963278],[80.37878888817185,29.81197243030588],[80.23573452519108,29.808962052234467],[80.23546879842331,29.63850149137273]]]},"properties":{"ulpin":"05984606760413","parcel_id":"2e83ffce-f0e0-4b0f-b0d6-0af348cc4330","state":"Uttarakhand","state_code":"UK","state_type":"STATE","state_lgd_code":"5","district_lgd_code":"65","district_name":"Dehradun","subdistrict_lgd_code":"510","subdistrict_name":"Rishikesh Tehsil","subdistrict_type":"Tehsil / Taluk","village_lgd_code":"51201","village_name":"Shyampur","khasra_plot_no":"Khasra 340/D67","recorded_area":"8.0","recorded_area_unit":"Bigha-Nali","normalized_area_sqm":"1600.0","gis_area_sqm":"1600.0","land_use_category":"AGRICULTURAL","land_use_raw":"Krishi Bagayat","status":"ACTIVE","data_freshness_status":"CURRENT","scenario_index":"17850","use_case_description":"Bank mortgage and active encumbrance","mutation_workflow_status":"SUBMITTED","revenue_record_id":"ROR-UK-2025-1027-0067","revenue_record_type":"Khatauni (Devbhoomi Uttarakhand)","khata_khewat_no":"KHT-77","khatauni_no":"KHN-177","owner_name":"Mahesh Chandra Joshi","owner_name_local":"महेश चंद्र जोशी","co_owners":"","tenure_type":"Bhumiswami / Raiyati with Transferable Rights","mutation_status":"MUTATED","active_mutation_id":"","tax_demand_status":"PAID","annual_tax_inr":"185.5","deed_number":"DEED-UK-2024-427-0067","deed_type":"Sale Deed / Conveyance","sro_office":"Sub-Registrar Office, Rishikesh Tehsil","execution_date":"2024-05-10","registered_owner":"Mahesh Chandra Joshi","seller_name":"Previous Landholder","consideration_amount_inr":"3500000.0","stamp_duty_inr":"210000.0","survey_sketch_id":"FMB-UK-27-0067","cadastral_sheet_no":"SHT-UK-27","surveyed_area_sqm":"1600.0","survey_status":"DISPUTED","urban_authority":"Rishikesh Tehsil Urban Development & Town Planning Authority","zone_name":"Agricultural / Green Buffer","permitted_land_use":"AGRICULTURAL","building_permission_status":"REJECTED","violations_reported":"True","is_encumbered":"True","encumbrance_certificate_number":"EC-UK-00000067-0067","encumbrance_type":"BANK_MORTGAGE","financial_institution":"","mortgage_amount":"0.0","created_at":"2026-01-15T09:00:00Z","updated_at":"2026-09-24T11:30:00Z"}},{"type":"Feature","geometry":{"type":"Polygon","coordinates":[[[79.23087584395854,31.194072454104678],[79.36304200710387,31.189895303268173],[79.3874346006635,31.320064568689627],[79.22987000893023,31.295820333405565],[79.23087584395854,31.194072454104678]]]},"properties":{"ulpin":"05308914387418","parcel_id":"cbd8fa9a-5a7a-425e-9ca6-f0c18c07240a","state":"Uttarakhand","state_code":"UK","state_type":"STATE","state_lgd_code":"5","district_lgd_code":"65","district_name":"Dehradun","subdistrict_lgd_code":"510","subdistrict_name":"Rishikesh Tehsil","subdistrict_type":"Tehsil / Taluk","village_lgd_code":"51201","village_name":"Shyampur","khasra_plot_no":"Khasra 340/D68","recorded_area":"8.0","recorded_area_unit":"Bigha-Nali","normalized_area_sqm":"1600.0","gis_area_sqm":"1600.0","land_use_category":"INSTITUTIONAL","land_use_raw":"Krishi Bagayat","status":"PENDING_MUTATION","data_freshness_status":"STALE","scenario_index":"17851","use_case_description":"Government revenue lien and tax demand","mutation_workflow_status":"UNDER_VERIFICATION","revenue_record_id":"ROR-UK-2025-1027-0068","revenue_record_type":"Khatauni (Devbhoomi Uttarakhand)","khata_khewat_no":"KHT-77","khatauni_no":"KHN-177","owner_name":"Mahesh Chandra Joshi","owner_name_local":"महेश चंद्र जोशी","co_owners":"","tenure_type":"Bhumiswami / Freehold","mutation_status":"PENDING","active_mutation_id":"MUT-UK-00000068","tax_demand_status":"PAID","annual_tax_inr":"185.5","deed_number":"DEED-UK-2024-427-0068","deed_type":"Sale Deed / Conveyance","sro_office":"Sub-Registrar Office, Rishikesh Tehsil","execution_date":"2024-05-10","registered_owner":"Mahesh Chandra Joshi","seller_name":"Previous Landholder","consideration_amount_inr":"3500000.0","stamp_duty_inr":"210000.0","survey_sketch_id":"FMB-UK-27-0068","cadastral_sheet_no":"SHT-UK-27","surveyed_area_sqm":"1600.0","survey_status":"RESURVEY_REQUIRED","urban_authority":"Rishikesh Tehsil Urban Development & Town Planning Authority","zone_name":"Agricultural / Green Buffer","permitted_land_use":"INSTITUTIONAL","building_permission_status":"NOT_APPLICABLE","violations_reported":"False","is_encumbered":"True","encumbrance_certificate_number":"EC-UK-00000068-0068","encumbrance_type":"GOVT_REVENUE_LIEN","financial_institution":"","mortgage_amount":"0.0","created_at":"2026-01-15T09:00:00Z","updated_at":"2026-09-24T11:30:00Z"}},{"type":"Feature","geometry":{"type":"Polygon","coordinates":[[[78.39209462615167,29.841103243746634],[78.52999990767091,29.850847909654366],[78.52008104406696,29.98748275474371],[78.37732587016424,29.97612051167836],[78.39209462615167,29.841103243746634]]]},"properties":{"ulpin":"05196814139394","parcel_id":"6c2254c2-385e-44fe-b4ec-4307141b614e","state":"Uttarakhand","state_code":"UK","state_type":"STATE","state_lgd_code":"5","district_lgd_code":"65","district_name":"Dehradun","subdistrict_lgd_code":"510","subdistrict_name":"Rishikesh Tehsil","subdistrict_type":"Tehsil / Taluk","village_lgd_code":"51201","village_name":"Shyampur","khasra_plot_no":"Khasra 340/D69","recorded_area":"8.0","recorded_area_unit":"Bigha-Nali","normalized_area_sqm":"1600.0","gis_area_sqm":"1600.0","land_use_category":"FOREST_GREEN_BELT","land_use_raw":"Krishi Bagayat","status":"SUBDIVIDED","data_freshness_status":"UNKNOWN","scenario_index":"17852","use_case_description":"Court attachment and disputed possession","mutation_workflow_status":"NOTICE_PERIOD","revenue_record_id":"ROR-UK-2025-1027-0069","revenue_record_type":"Khatauni (Devbhoomi Uttarakhand)","khata_khewat_no":"KHT-77","khatauni_no":"KHN-177","owner_name":"Mahesh Chandra Joshi","owner_name_local":"महेश चंद्र जोशी","co_owners":"","tenure_type":"Leasehold","mutation_status":"UNMUTATED_TRANSACTION","active_mutation_id":"MUT-UK-00000069","tax_demand_status":"PAID","annual_tax_inr":"185.5","deed_number":"DEED-UK-2024-427-0069","deed_type":"Sale Deed / Conveyance","sro_office":"Sub-Registrar Office, Rishikesh Tehsil","execution_date":"2024-05-10","registered_owner":"Mahesh Chandra Joshi","seller_name":"Previous Landholder","consideration_amount_inr":"3500000.0","stamp_duty_inr":"210000.0","survey_sketch_id":"FMB-UK-27-0069","cadastral_sheet_no":"SHT-UK-27","surveyed_area_sqm":"1600.0","survey_status":"SURVEYED","urban_authority":"Rishikesh Tehsil Urban Development & Town Planning Authority","zone_name":"Agricultural / Green Buffer","permitted_land_use":"FOREST_GREEN_BELT","building_permission_status":"SANCTIONED","violations_reported":"False","is_encumbered":"True","encumbrance_certificate_number":"EC-UK-00000069-0069","encumbrance_type":"COURT_ATTACHMENT","financial_institution":"","mortgage_amount":"0.0","created_at":"2026-01-15T09:00:00Z","updated_at":"2026-09-24T11:30:00Z"}},{"type":"Feature","geometry":{"type":"Polygon","coordinates":[[[78.38552320214512,29.285652699056914],[78.49960439490664,29.285652699056914],[78.52538483008603,29.443310239545415],[78.37735706776863,29.415997564262458],[78.38552320214512,29.285652699056914]]]},"properties":{"ulpin":"05231558064683","parcel_id":"53eab816-a076-4791-9931-58f3e27c10b2","state":"Uttarakhand","state_code":"UK","state_type":"STATE","state_lgd_code":"5","district_lgd_code":"65","district_name":"Dehradun","subdistrict_lgd_code":"510","subdistrict_name":"Rishikesh Tehsil","subdistrict_type":"Tehsil / Taluk","village_lgd_code":"51201","village_name":"Shyampur","khasra_plot_no":"Khasra 340/D70","recorded_area":"8.0","recorded_area_unit":"Bigha-Nali","normalized_area_sqm":"1600.0","gis_area_sqm":"1600.0","land_use_category":"WATER_BODY","land_use_raw":"Krishi Bagayat","status":"AMALGAMATED","data_freshness_status":"CURRENT","scenario_index":"17853","use_case_description":"Tribal non-alienation protection review","mutation_workflow_status":"HEARING_SCHEDULED","revenue_record_id":"ROR-UK-2025-1027-0070","revenue_record_type":"Khatauni (Devbhoomi Uttarakhand)","khata_khewat_no":"KHT-77","khatauni_no":"KHN-177","owner_name":"Mahesh Chandra Joshi","owner_name_local":"महेश चंद्र जोशी","co_owners":"","tenure_type":"Government Grant","mutation_status":"REJECTED","active_mutation_id":"MUT-UK-00000070","tax_demand_status":"PAID","annual_tax_inr":"185.5","deed_number":"DEED-UK-2024-427-0070","deed_type":"Sale Deed / Conveyance","sro_office":"Sub-Registrar Office, Rishikesh Tehsil","execution_date":"2024-05-10","registered_owner":"Mahesh Chandra Joshi","seller_name":"Previous Landholder","consideration_amount_inr":"3500000.0","stamp_duty_inr":"210000.0","survey_sketch_id":"FMB-UK-27-0070","cadastral_sheet_no":"SHT-UK-27","surveyed_area_sqm":"1600.0","survey_status":"PENDING","urban_authority":"Rishikesh Tehsil Urban Development & Town Planning Authority","zone_name":"Agricultural / Green Buffer","permitted_land_use":"WATER_BODY","building_permission_status":"PENDING","violations_reported":"False","is_encumbered":"True","encumbrance_certificate_number":"EC-UK-00000070-0070","encumbrance_type":"TRIBAL_NON_ALIENATION","financial_institution":"","mortgage_amount":"0.0","created_at":"2026-01-15T09:00:00Z","updated_at":"2026-09-24T11:30:00Z"}},{"type":"Feature","geometry":{"type":"Polygon","coordinates":[[[78.52908673200747,31.173020777588405],[78.6542996841127,31.206390752411334],[78.66675093213595,31.32088926217334],[78.51890359534596,31.32887512749443],[78.52908673200747,31.173020777588405]]]},"properties":{"ulpin":"05856539023676","parcel_id":"4aa2d29e-b296-4271-8cec-5959f03e92f8","state":"Uttarakhand","state_code":"UK","state_type":"STATE","state_lgd_code":"5","district_lgd_code":"65","district_name":"Dehradun","subdistrict_lgd_code":"510","subdistrict_name":"Rishikesh Tehsil","subdistrict_type":"Tehsil / Taluk","village_lgd_code":"51201","village_name":"Shyampur","khasra_plot_no":"Khasra 340/D71","recorded_area":"8.0","recorded_area_unit":"Bigha-Nali","normalized_area_sqm":"1600.0","gis_area_sqm":"1600.0","land_use_category":"MIXED_USE","land_use_raw":"Krishi Bagayat","status":"DISPUTED","data_freshness_status":"STALE","scenario_index":"17854","use_case_description":"Lease charge and institutional tenancy","mutation_workflow_status":"APPROVED","revenue_record_id":"ROR-UK-2025-1027-0071","revenue_record_type":"Khatauni (Devbhoomi Uttarakhand)","khata_khewat_no":"KHT-77","khatauni_no":"KHN-177","owner_name":"Mahesh Chandra Joshi","owner_name_local":"महेश चंद्र जोशी","co_owners":"","tenure_type":"Waqf / Religious Trust","mutation_status":"DISPUTED","active_mutation_id":"MUT-UK-00000071","tax_demand_status":"PAID","annual_tax_inr":"185.5","deed_number":"DEED-UK-2024-427-0071","deed_type":"Sale Deed / Conveyance","sro_office":"Sub-Registrar Office, Rishikesh Tehsil","execution_date":"2024-05-10","registered_owner":"Registry Variance Owner 71","seller_name":"Previous Landholder","consideration_amount_inr":"3500000.0","stamp_duty_inr":"210000.0","survey_sketch_id":"FMB-UK-27-0071","cadastral_sheet_no":"SHT-UK-27","surveyed_area_sqm":"1600.0","survey_status":"DISPUTED","urban_authority":"Rishikesh Tehsil Urban Development & Town Planning Authority","zone_name":"Agricultural / Green Buffer","permitted_land_use":"MIXED_USE","building_permission_status":"REJECTED","violations_reported":"False","is_encumbered":"True","encumbrance_certificate_number":"EC-UK-00000071-0071","encumbrance_type":"LEASE_CHARGE","financial_institution":"","mortgage_amount":"0.0","created_at":"2026-01-15T09:00:00Z","updated_at":"2026-09-24T11:30:00Z"}},{"type":"Feature","geometry":{"type":"Polygon","coordinates":[[[80.36161630508066,29.652879862963278],[80.49378310321403,29.630100128915064],[80.49378310321403,29.814115202988756],[80.37878888817185,29.81197243030588],[80.36161630508066,29.652879862963278]]]},"properties":{"ulpin":"05870090101697","parcel_id":"7b014a2e-d58b-4e24-b2b7-8e3623bfe19d","state":"Uttarakhand","state_code":"UK","state_type":"STATE","state_lgd_code":"5","district_lgd_code":"65","district_name":"Dehradun","subdistrict_lgd_code":"510","subdistrict_name":"Rishikesh Tehsil","subdistrict_type":"Tehsil / Taluk","village_lgd_code":"51201","village_name":"Shyampur","khasra_plot_no":"Khasra 340/D72","recorded_area":"8.0","recorded_area_unit":"Bigha-Nali","normalized_area_sqm":"1600.0","gis_area_sqm":"1600.0","land_use_category":"OTHER","land_use_raw":"Krishi Bagayat","status":"ARCHIVED","data_freshness_status":"UNKNOWN","scenario_index":"17855","use_case_description":"Cadastral area discrepancy requiring resurvey","mutation_workflow_status":"REJECTED","revenue_record_id":"ROR-UK-2025-1027-0072","revenue_record_type":"Khatauni (Devbhoomi Uttarakhand)","khata_khewat_no":"KHT-77","khatauni_no":"KHN-177","owner_name":"Mahesh Chandra Joshi","owner_name_local":"महेश चंद्र जोशी","co_owners":"","tenure_type":"Tribal Community Tenure","mutation_status":"NONE","active_mutation_id":"MUT-UK-00000072","tax_demand_status":"PAID","annual_tax_inr":"185.5","deed_number":"DEED-UK-2024-427-0072","deed_type":"Sale Deed / Conveyance","sro_office":"Sub-Registrar Office, Rishikesh Tehsil","execution_date":"2024-05-10","registered_owner":"Mahesh Chandra Joshi","seller_name":"Previous Landholder","consideration_amount_inr":"3500000.0","stamp_duty_inr":"210000.0","survey_sketch_id":"FMB-UK-27-0072","cadastral_sheet_no":"SHT-UK-27","surveyed_area_sqm":"1600.0","survey_status":"RESURVEY_REQUIRED","urban_authority":"Rishikesh Tehsil Urban Development & Town Planning Authority","zone_name":"Agricultural / Green Buffer","permitted_land_use":"OTHER","building_permission_status":"NOT_APPLICABLE","violations_reported":"False","is_encumbered":"False","encumbrance_certificate_number":"EC-UK-2024-127-0072","encumbrance_type":"NIL","financial_institution":"","mortgage_amount":"0.0","created_at":"2026-01-15T09:00:00Z","updated_at":"2026-09-24T11:30:00Z"}},{"type":"Feature","geometry":{"type":"Polygon","coordinates":[[[79.2323251214776,29.23315753311796],[79.43573585796628,29.23315753311796],[79.43669471437852,29.388101260123772],[79.23833874651281,29.431503973933367],[79.2323251214776,29.23315753311796]]]},"properties":{"ulpin":"05641422826852","parcel_id":"e88e1dbf-8b26-4632-a333-006a7b36986b","state":"Uttarakhand","state_code":"UK","state_type":"STATE","state_lgd_code":"5","district_lgd_code":"65","district_name":"Dehradun","subdistrict_lgd_code":"510","subdistrict_name":"Rishikesh Tehsil","subdistrict_type":"Tehsil / Taluk","village_lgd_code":"51201","village_name":"Shyampur","khasra_plot_no":"Khasra 340/D73","recorded_area":"8.0","recorded_area_unit":"Bigha-Nali","normalized_area_sqm":"1600.0","gis_area_sqm":"1600.0","land_use_category":"RESIDENTIAL","land_use_raw":"Krishi Bagayat","status":"ACTIVE","data_freshness_status":"CURRENT","scenario_index":"17856","use_case_description":"Archived historical record for audit retrieval","mutation_workflow_status":"SLA_BREACHED","revenue_record_id":"ROR-UK-2025-1027-0073","revenue_record_type":"Khatauni (Devbhoomi Uttarakhand)","khata_khewat_no":"KHT-77","khatauni_no":"KHN-177","owner_name":"Mahesh Chandra Joshi","owner_name_local":"महेश चंद्र जोशी","co_owners":"","tenure_type":"Bhumiswami / Raiyati with Transferable Rights","mutation_status":"MUTATED","active_mutation_id":"","tax_demand_status":"PAID","annual_tax_inr":"185.5","deed_number":"DEED-UK-2024-427-0073","deed_type":"Sale Deed / Conveyance","sro_office":"Sub-Registrar Office, Rishikesh Tehsil","execution_date":"2024-05-10","registered_owner":"Mahesh Chandra Joshi","seller_name":"Previous Landholder","consideration_amount_inr":"3500000.0","stamp_duty_inr":"210000.0","survey_sketch_id":"FMB-UK-27-0073","cadastral_sheet_no":"SHT-UK-27","surveyed_area_sqm":"1600.0","survey_status":"SURVEYED","urban_authority":"Rishikesh Tehsil Urban Development & Town Planning Authority","zone_name":"Agricultural / Green Buffer","permitted_land_use":"RESIDENTIAL","building_permission_status":"SANCTIONED","violations_reported":"False","is_encumbered":"True","encumbrance_certificate_number":"EC-UK-00000073-0073","encumbrance_type":"BANK_MORTGAGE","financial_institution":"","mortgage_amount":"0.0","created_at":"2026-01-15T09:00:00Z","updated_at":"2026-09-24T11:30:00Z"}},{"type":"Feature","geometry":{"type":"Polygon","coordinates":[[[79.6284086463189,31.334322217267772],[79.75182256373938,31.314040374512828],[79.75182256373938,31.44781257098708],[79.61333256837301,31.44781257098708],[79.6284086463189,31.334322217267772]]]},"properties":{"ulpin":"05780914248296","parcel_id":"5c1b63de-99c5-40b3-ae82-c0a5b6056d3d","state":"Uttarakhand","state_code":"UK","state_type":"STATE","state_lgd_code":"5","district_lgd_code":"65","district_name":"Dehradun","subdistrict_lgd_code":"510","subdistrict_name":"Rishikesh Tehsil","subdistrict_type":"Tehsil / Taluk","village_lgd_code":"51201","village_name":"Shyampur","khasra_plot_no":"Khasra 340/D74","recorded_area":"8.0","recorded_area_unit":"Bigha-Nali","normalized_area_sqm":"1600.0","gis_area_sqm":"1600.0","land_use_category":"COMMERCIAL","land_use_raw":"Krishi Bagayat","status":"PENDING_MUTATION","data_freshness_status":"STALE","scenario_index":"17857","use_case_description":"Bank mortgage and active encumbrance","mutation_workflow_status":"SUBMITTED","revenue_record_id":"ROR-UK-2025-1027-0074","revenue_record_type":"Khatauni (Devbhoomi Uttarakhand)","khata_khewat_no":"KHT-77","khatauni_no":"KHN-177","owner_name":"Mahesh Chandra Joshi","owner_name_local":"महेश चंद्र जोशी","co_owners":"","tenure_type":"Bhumiswami / Freehold","mutation_status":"PENDING","active_mutation_id":"MUT-UK-00000074","tax_demand_status":"PAID","annual_tax_inr":"185.5","deed_number":"DEED-UK-2024-427-0074","deed_type":"Sale Deed / Conveyance","sro_office":"Sub-Registrar Office, Rishikesh Tehsil","execution_date":"2024-05-10","registered_owner":"Mahesh Chandra Joshi","seller_name":"Previous Landholder","consideration_amount_inr":"3500000.0","stamp_duty_inr":"210000.0","survey_sketch_id":"FMB-UK-27-0074","cadastral_sheet_no":"SHT-UK-27","surveyed_area_sqm":"1600.0","survey_status":"PENDING","urban_authority":"Rishikesh Tehsil Urban Development & Town Planning Authority","zone_name":"Agricultural / Green Buffer","permitted_land_use":"COMMERCIAL","building_permission_status":"PENDING","violations_reported":"True","is_encumbered":"True","encumbrance_certificate_number":"EC-UK-00000074-0074","encumbrance_type":"GOVT_REVENUE_LIEN","financial_institution":"","mortgage_amount":"0.0","created_at":"2026-01-15T09:00:00Z","updated_at":"2026-09-24T11:30:00Z"}},{"type":"Feature","geometry":{"type":"Polygon","coordinates":[[[78.78621950586407,29.57333001293587],[78.92736291242161,29.56634265261469],[78.92736291242161,29.709614310608345],[78.78348934581824,29.718971949055433],[78.78621950586407,29.57333001293587]]]},"properties":{"ulpin":"05840676746993","parcel_id":"e7a447ae-3ea7-42a8-98b1-6b96457f0db4","state":"Uttarakhand","state_code":"UK","state_type":"STATE","state_lgd_code":"5","district_lgd_code":"65","district_name":"Dehradun","subdistrict_lgd_code":"510","subdistrict_name":"Rishikesh Tehsil","subdistrict_type":"Tehsil / Taluk","village_lgd_code":"51201","village_name":"Shyampur","khasra_plot_no":"Khasra 340/D75","recorded_area":"8.0","recorded_area_unit":"Bigha-Nali","normalized_area_sqm":"1600.0","gis_area_sqm":"1600.0","land_use_category":"INDUSTRIAL","land_use_raw":"Krishi Bagayat","status":"SUBDIVIDED","data_freshness_status":"UNKNOWN","scenario_index":"17858","use_case_description":"Government revenue lien and tax demand","mutation_workflow_status":"UNDER_VERIFICATION","revenue_record_id":"ROR-UK-2025-1027-0075","revenue_record_type":"Khatauni (Devbhoomi Uttarakhand)","khata_khewat_no":"KHT-77","khatauni_no":"KHN-177","owner_name":"Mahesh Chandra Joshi","owner_name_local":"महेश चंद्र जोशी","co_owners":"","tenure_type":"Leasehold","mutation_status":"UNMUTATED_TRANSACTION","active_mutation_id":"MUT-UK-00000075","tax_demand_status":"PAID","annual_tax_inr":"185.5","deed_number":"DEED-UK-2024-427-0075","deed_type":"Sale Deed / Conveyance","sro_office":"Sub-Registrar Office, Rishikesh Tehsil","execution_date":"2024-05-10","registered_owner":"Mahesh Chandra Joshi","seller_name":"Previous Landholder","consideration_amount_inr":"3500000.0","stamp_duty_inr":"210000.0","survey_sketch_id":"FMB-UK-27-0075","cadastral_sheet_no":"SHT-UK-27","surveyed_area_sqm":"1600.0","survey_status":"DISPUTED","urban_authority":"Rishikesh Tehsil Urban Development & Town Planning Authority","zone_name":"Agricultural / Green Buffer","permitted_land_use":"INDUSTRIAL","building_permission_status":"REJECTED","violations_reported":"False","is_encumbered":"True","encumbrance_certificate_number":"EC-UK-00000075-0075","encumbrance_type":"COURT_ATTACHMENT","financial_institution":"","mortgage_amount":"0.0","created_at":"2026-01-15T09:00:00Z","updated_at":"2026-09-24T11:30:00Z"}},{"type":"Feature","geometry":{"type":"Polygon","coordinates":[[[79.23744780322525,29.769906232084942],[79.4064836235005,29.76295717591155],[79.43974755063992,29.91268554830315],[79.20674252944492,29.931540198968776],[79.23744780322525,29.769906232084942]]]},"properties":{"ulpin":"05319087164629","parcel_id":"7fa068c5-0015-49e7-b36b-e8e91a9a6954","state":"Uttarakhand","state_code":"UK","state_type":"STATE","state_lgd_code":"5","district_lgd_code":"65","district_name":"Dehradun","subdistrict_lgd_code":"510","subdistrict_name":"Rishikesh Tehsil","subdistrict_type":"Tehsil / Taluk","village_lgd_code":"51201","village_name":"Shyampur","khasra_plot_no":"Khasra 340/D76","recorded_area":"8.0","recorded_area_unit":"Bigha-Nali","normalized_area_sqm":"1600.0","gis_area_sqm":"1600.0","land_use_category":"AGRICULTURAL","land_use_raw":"Krishi Bagayat","status":"AMALGAMATED","data_freshness_status":"CURRENT","scenario_index":"17859","use_case_description":"Court attachment and disputed possession","mutation_workflow_status":"NOTICE_PERIOD","revenue_record_id":"ROR-UK-2025-1027-0076","revenue_record_type":"Khatauni (Devbhoomi Uttarakhand)","khata_khewat_no":"KHT-77","khatauni_no":"KHN-177","owner_name":"Mahesh Chandra Joshi","owner_name_local":"महेश चंद्र जोशी","co_owners":"","tenure_type":"Government Grant","mutation_status":"REJECTED","active_mutation_id":"MUT-UK-00000076","tax_demand_status":"PAID","annual_tax_inr":"185.5","deed_number":"DEED-UK-2024-427-0076","deed_type":"Sale Deed / Conveyance","sro_office":"Sub-Registrar Office, Rishikesh Tehsil","execution_date":"2024-05-10","registered_owner":"Registry Variance Owner 76","seller_name":"Previous Landholder","consideration_amount_inr":"3500000.0","stamp_duty_inr":"210000.0","survey_sketch_id":"FMB-UK-27-0076","cadastral_sheet_no":"SHT-UK-27","surveyed_area_sqm":"1600.0","survey_status":"RESURVEY_REQUIRED","urban_authority":"Rishikesh Tehsil Urban Development & Town Planning Authority","zone_name":"Agricultural / Green Buffer","permitted_land_use":"AGRICULTURAL","building_permission_status":"NOT_APPLICABLE","violations_reported":"False","is_encumbered":"True","encumbrance_certificate_number":"EC-UK-00000076-0076","encumbrance_type":"TRIBAL_NON_ALIENATION","financial_institution":"","mortgage_amount":"0.0","created_at":"2026-01-15T09:00:00Z","updated_at":"2026-09-24T11:30:00Z"}},{"type":"Feature","geometry":{"type":"Polygon","coordinates":[[[80.1136496411975,30.792724756524716],[80.26357502708727,30.792724756524716],[80.2500957783768,30.888295503306782],[80.10723536548852,30.90900450186621],[80.1136496411975,30.792724756524716]]]},"properties":{"ulpin":"05255193200882","parcel_id":"be69e28a-e637-4711-be1f-ecc82c0882d7","state":"Uttarakhand","state_code":"UK","state_type":"STATE","state_lgd_code":"5","district_lgd_code":"65","district_name":"Dehradun","subdistrict_lgd_code":"510","subdistrict_name":"Rishikesh Tehsil","subdistrict_type":"Tehsil / Taluk","village_lgd_code":"51201","village_name":"Shyampur","khasra_plot_no":"Khasra 340/D77","recorded_area":"8.0","recorded_area_unit":"Bigha-Nali","normalized_area_sqm":"1600.0","gis_area_sqm":"1600.0","land_use_category":"INSTITUTIONAL","land_use_raw":"Krishi Bagayat","status":"DISPUTED","data_freshness_status":"STALE","scenario_index":"17860","use_case_description":"Tribal non-alienation protection review","mutation_workflow_status":"HEARING_SCHEDULED","revenue_record_id":"ROR-UK-2025-1027-0077","revenue_record_type":"Khatauni (Devbhoomi Uttarakhand)","khata_khewat_no":"KHT-77","khatauni_no":"KHN-177","owner_name":"Mahesh Chandra Joshi","owner_name_local":"महेश चंद्र जोशी","co_owners":"","tenure_type":"Waqf / Religious Trust","mutation_status":"DISPUTED","active_mutation_id":"MUT-UK-00000077","tax_demand_status":"PAID","annual_tax_inr":"185.5","deed_number":"DEED-UK-2024-427-0077","deed_type":"Sale Deed / Conveyance","sro_office":"Sub-Registrar Office, Rishikesh Tehsil","execution_date":"2024-05-10","registered_owner":"Mahesh Chandra Joshi","seller_name":"Previous Landholder","consideration_amount_inr":"3500000.0","stamp_duty_inr":"210000.0","survey_sketch_id":"FMB-UK-27-0077","cadastral_sheet_no":"SHT-UK-27","surveyed_area_sqm":"1600.0","survey_status":"SURVEYED","urban_authority":"Rishikesh Tehsil Urban Development & Town Planning Authority","zone_name":"Agricultural / Green Buffer","permitted_land_use":"INSTITUTIONAL","building_permission_status":"SANCTIONED","violations_reported":"False","is_encumbered":"True","encumbrance_certificate_number":"EC-UK-00000077-0077","encumbrance_type":"LEASE_CHARGE","financial_institution":"","mortgage_amount":"0.0","created_at":"2026-01-15T09:00:00Z","updated_at":"2026-09-24T11:30:00Z"}},{"type":"Feature","geometry":{"type":"Polygon","coordinates":[[[78.67682697578286,29.7090534438415],[78.78348934581824,29.718971949055433],[78.80062387541678,29.825300803121024],[78.67302939121042,29.84218408204923],[78.67682697578286,29.7090534438415]]]},"properties":{"ulpin":"05939986712408","parcel_id":"cc7a6af1-ef8f-4948-8a6c-53e61e830e42","state":"Uttarakhand","state_code":"UK","state_type":"STATE","state_lgd_code":"5","district_lgd_code":"65","district_name":"Dehradun","subdistrict_lgd_code":"510","subdistrict_name":"Rishikesh Tehsil","subdistrict_type":"Tehsil / Taluk","village_lgd_code":"51201","village_name":"Shyampur","khasra_plot_no":"Khasra 340/D78","recorded_area":"8.0","recorded_area_unit":"Bigha-Nali","normalized_area_sqm":"1600.0","gis_area_sqm":"1600.0","land_use_category":"FOREST_GREEN_BELT","land_use_raw":"Krishi Bagayat","status":"ARCHIVED","data_freshness_status":"UNKNOWN","scenario_index":"17861","use_case_description":"Tribal non-alienation protection review","mutation_workflow_status":"APPROVED","revenue_record_id":"ROR-UK-2025-1027-0078","revenue_record_type":"Khatauni (Devbhoomi Uttarakhand)","khata_khewat_no":"KHT-77","khatauni_no":"KHN-177","owner_name":"Mahesh Chandra Joshi","owner_name_local":"महेश चंद्र जोशी","co_owners":"","tenure_type":"Tribal Community Tenure","mutation_status":"NONE","active_mutation_id":"MUT-UK-00000078","tax_demand_status":"PAID","annual_tax_inr":"185.5","deed_number":"DEED-UK-2024-427-0078","deed_type":"Sale Deed / Conveyance","sro_office":"Sub-Registrar Office, Rishikesh Tehsil","execution_date":"2024-05-10","registered_owner":"Mahesh Chandra Joshi","seller_name":"Previous Landholder","consideration_amount_inr":"3500000.0","stamp_duty_inr":"210000.0","survey_sketch_id":"FMB-UK-27-0078","cadastral_sheet_no":"SHT-UK-27","surveyed_area_sqm":"1600.0","survey_status":"PENDING","urban_authority":"Rishikesh Tehsil Urban Development & Town Planning Authority","zone_name":"Agricultural / Green Buffer","permitted_land_use":"FOREST_GREEN_BELT","building_permission_status":"PENDING","violations_reported":"False","is_encumbered":"False","encumbrance_certificate_number":"EC-UK-2024-127-0078","encumbrance_type":"NIL","financial_institution":"","mortgage_amount":"0.0","created_at":"2026-01-15T09:00:00Z","updated_at":"2026-09-24T11:30:00Z"}},{"type":"Feature","geometry":{"type":"Polygon","coordinates":[[[78.53902607477121,29.699318746526952],[78.67682697578286,29.7090534438415],[78.67302939121042,29.84218408204923],[78.52999990767091,29.850847909654366],[78.53902607477121,29.699318746526952]]]},"properties":{"ulpin":"05211635243298","parcel_id":"e9a26979-a737-48b8-a851-fda18a031e6d","state":"Uttarakhand","state_code":"UK","state_type":"STATE","state_lgd_code":"5","district_lgd_code":"65","district_name":"Dehradun","subdistrict_lgd_code":"510","subdistrict_name":"Rishikesh Tehsil","subdistrict_type":"Tehsil / Taluk","village_lgd_code":"51201","village_name":"Shyampur","khasra_plot_no":"Khasra 340/D79","recorded_area":"8.0","recorded_area_unit":"Bigha-Nali","normalized_area_sqm":"1600.0","gis_area_sqm":"1600.0","land_use_category":"WATER_BODY","land_use_raw":"Krishi Bagayat","status":"ACTIVE","data_freshness_status":"CURRENT","scenario_index":"17862","use_case_description":"Subdivision or amalgamation history review","mutation_workflow_status":"REJECTED","revenue_record_id":"ROR-UK-2025-1027-0079","revenue_record_type":"Khatauni (Devbhoomi Uttarakhand)","khata_khewat_no":"KHT-77","khatauni_no":"KHN-177","owner_name":"Mahesh Chandra Joshi","owner_name_local":"महेश चंद्र जोशी","co_owners":"","tenure_type":"Bhumiswami / Raiyati with Transferable Rights","mutation_status":"MUTATED","active_mutation_id":"","tax_demand_status":"PAID","annual_tax_inr":"185.5","deed_number":"DEED-UK-2024-427-0079","deed_type":"Sale Deed / Conveyance","sro_office":"Sub-Registrar Office, Rishikesh Tehsil","execution_date":"2024-05-10","registered_owner":"Mahesh Chandra Joshi","seller_name":"Previous Landholder","consideration_amount_inr":"3500000.0","stamp_duty_inr":"210000.0","survey_sketch_id":"FMB-UK-27-0079","cadastral_sheet_no":"SHT-UK-27","surveyed_area_sqm":"1600.0","survey_status":"DISPUTED","urban_authority":"Rishikesh Tehsil Urban Development & Town Planning Authority","zone_name":"Agricultural / Green Buffer","permitted_land_use":"WATER_BODY","building_permission_status":"REJECTED","violations_reported":"False","is_encumbered":"True","encumbrance_certificate_number":"EC-UK-00000079-0079","encumbrance_type":"BANK_MORTGAGE","financial_institution":"","mortgage_amount":"0.0","created_at":"2026-01-15T09:00:00Z","updated_at":"2026-09-24T11:30:00Z"}},{"type":"Feature","geometry":{"type":"Polygon","coordinates":[[[79.99569315925804,29.497931383635397],[80.13776233017946,29.497931383635397],[80.13455844562807,29.648560084744148],[79.99569315925804,29.652429384444964],[79.99569315925804,29.497931383635397]]]},"properties":{"ulpin":"05989401217641","parcel_id":"2c9d4ee6-8f5e-41cc-8369-1ceb495b10aa","state":"Uttarakhand","state_code":"UK","state_type":"STATE","state_lgd_code":"5","district_lgd_code":"65","district_name":"Dehradun","subdistrict_lgd_code":"510","subdistrict_name":"Rishikesh Tehsil","subdistrict_type":"Tehsil / Taluk","village_lgd_code":"51201","village_name":"Shyampur","khasra_plot_no":"Khasra 340/D80","recorded_area":"8.0","recorded_area_unit":"Bigha-Nali","normalized_area_sqm":"1600.0","gis_area_sqm":"1600.0","land_use_category":"MIXED_USE","land_use_raw":"Krishi Bagayat","status":"PENDING_MUTATION","data_freshness_status":"STALE","scenario_index":"17863","use_case_description":"Archived historical record for audit retrieval","mutation_workflow_status":"SLA_BREACHED","revenue_record_id":"ROR-UK-2025-1027-0080","revenue_record_type":"Khatauni (Devbhoomi Uttarakhand)","khata_khewat_no":"KHT-77","khatauni_no":"KHN-177","owner_name":"Mahesh Chandra Joshi","owner_name_local":"महेश चंद्र जोशी","co_owners":"","tenure_type":"Bhumiswami / Freehold","mutation_status":"PENDING","active_mutation_id":"MUT-UK-00000080","tax_demand_status":"PAID","annual_tax_inr":"185.5","deed_number":"DEED-UK-2024-427-0080","deed_type":"Sale Deed / Conveyance","sro_office":"Sub-Registrar Office, Rishikesh Tehsil","execution_date":"2024-05-10","registered_owner":"Mahesh Chandra Joshi","seller_name":"Previous Landholder","consideration_amount_inr":"3500000.0","stamp_duty_inr":"210000.0","survey_sketch_id":"FMB-UK-27-0080","cadastral_sheet_no":"SHT-UK-27","surveyed_area_sqm":"1600.0","survey_status":"RESURVEY_REQUIRED","urban_authority":"Rishikesh Tehsil Urban Development & Town Planning Authority","zone_name":"Agricultural / Green Buffer","permitted_land_use":"MIXED_USE","building_permission_status":"NOT_APPLICABLE","violations_reported":"False","is_encumbered":"True","encumbrance_certificate_number":"EC-UK-00000080-0080","encumbrance_type":"GOVT_REVENUE_LIEN","financial_institution":"","mortgage_amount":"0.0","created_at":"2026-01-15T09:00:00Z","updated_at":"2026-09-24T11:30:00Z"}},{"type":"Feature","geometry":{"type":"Polygon","coordinates":[[[78.52999990767091,29.850847909654366],[78.67302939121042,29.84218408204923],[78.67712762267033,29.985938987930496],[78.52008104406696,29.98748275474371],[78.52999990767091,29.850847909654366]]]},"properties":{"ulpin":"05350500126865","parcel_id":"ae0a98f6-6bdb-4942-b799-094d83675964","state":"Uttarakhand","state_code":"UK","state_type":"STATE","state_lgd_code":"5","district_lgd_code":"65","district_name":"Dehradun","subdistrict_lgd_code":"510","subdistrict_name":"Rishikesh Tehsil","subdistrict_type":"Tehsil / Taluk","village_lgd_code":"51201","village_name":"Shyampur","khasra_plot_no":"Khasra 340/D81","recorded_area":"8.0","recorded_area_unit":"Bigha-Nali","normalized_area_sqm":"1600.0","gis_area_sqm":"1600.0","land_use_category":"OTHER","land_use_raw":"Krishi Bagayat","status":"SUBDIVIDED","data_freshness_status":"UNKNOWN","scenario_index":"17864","use_case_description":"Bank mortgage and active encumbrance","mutation_workflow_status":"SUBMITTED","revenue_record_id":"ROR-UK-2025-1027-0081","revenue_record_type":"Khatauni (Devbhoomi Uttarakhand)","khata_khewat_no":"KHT-77","khatauni_no":"KHN-177","owner_name":"Mahesh Chandra Joshi","owner_name_local":"महेश चंद्र जोशी","co_owners":"","tenure_type":"Leasehold","mutation_status":"UNMUTATED_TRANSACTION","active_mutation_id":"MUT-UK-00000081","tax_demand_status":"PAID","annual_tax_inr":"185.5","deed_number":"DEED-UK-2024-427-0081","deed_type":"Sale Deed / Conveyance","sro_office":"Sub-Registrar Office, Rishikesh Tehsil","execution_date":"2024-05-10","registered_owner":"Registry Variance Owner 81","seller_name":"Previous Landholder","consideration_amount_inr":"3500000.0","stamp_duty_inr":"210000.0","survey_sketch_id":"FMB-UK-27-0081","cadastral_sheet_no":"SHT-UK-27","surveyed_area_sqm":"1600.0","survey_status":"SURVEYED","urban_authority":"Rishikesh Tehsil Urban Development & Town Planning Authority","zone_name":"Agricultural / Green Buffer","permitted_land_use":"OTHER","building_permission_status":"SANCTIONED","violations_reported":"True","is_encumbered":"True","encumbrance_certificate_number":"EC-UK-00000081-0081","encumbrance_type":"COURT_ATTACHMENT","financial_institution":"","mortgage_amount":"0.0","created_at":"2026-01-15T09:00:00Z","updated_at":"2026-09-24T11:30:00Z"}},{"type":"Feature","geometry":{"type":"Polygon","coordinates":[[[78.37735706776863,29.415997564262458],[78.52538483008603,29.443310239545415],[78.50921540714486,29.557602464005857],[78.39435262113145,29.56646935146288],[78.37735706776863,29.415997564262458]]]},"properties":{"ulpin":"05331425691666","parcel_id":"32b87710-efe2-4b88-b546-cb5e50714b24","state":"Uttarakhand","state_code":"UK","state_type":"STATE","state_lgd_code":"5","district_lgd_code":"65","district_name":"Dehradun","subdistrict_lgd_code":"510","subdistrict_name":"Rishikesh Tehsil","subdistrict_type":"Tehsil / Taluk","village_lgd_code":"51201","village_name":"Shyampur","khasra_plot_no":"Khasra 340/D82","recorded_area":"8.0","recorded_area_unit":"Bigha-Nali","normalized_area_sqm":"1600.0","gis_area_sqm":"1600.0","land_use_category":"RESIDENTIAL","land_use_raw":"Krishi Bagayat","status":"AMALGAMATED","data_freshness_status":"CURRENT","scenario_index":"17865","use_case_description":"Government revenue lien and tax demand","mutation_workflow_status":"UNDER_VERIFICATION","revenue_record_id":"ROR-UK-2025-1027-0082","revenue_record_type":"Khatauni (Devbhoomi Uttarakhand)","khata_khewat_no":"KHT-77","khatauni_no":"KHN-177","owner_name":"Mahesh Chandra Joshi","owner_name_local":"महेश चंद्र जोशी","co_owners":"","tenure_type":"Government Grant","mutation_status":"REJECTED","active_mutation_id":"MUT-UK-00000082","tax_demand_status":"PAID","annual_tax_inr":"185.5","deed_number":"DEED-UK-2024-427-0082","deed_type":"Sale Deed / Conveyance","sro_office":"Sub-Registrar Office, Rishikesh Tehsil","execution_date":"2024-05-10","registered_owner":"Mahesh Chandra Joshi","seller_name":"Previous Landholder","consideration_amount_inr":"3500000.0","stamp_duty_inr":"210000.0","survey_sketch_id":"FMB-UK-27-0082","cadastral_sheet_no":"SHT-UK-27","surveyed_area_sqm":"1600.0","survey_status":"PENDING","urban_authority":"Rishikesh Tehsil Urban Development & Town Planning Authority","zone_name":"Agricultural / Green Buffer","permitted_land_use":"RESIDENTIAL","building_permission_status":"PENDING","violations_reported":"False","is_encumbered":"True","encumbrance_certificate_number":"EC-UK-00000082-0082","encumbrance_type":"TRIBAL_NON_ALIENATION","financial_institution":"","mortgage_amount":"0.0","created_at":"2026-01-15T09:00:00Z","updated_at":"2026-09-24T11:30:00Z"}},{"type":"Feature","geometry":{"type":"Polygon","coordinates":[[[80.36599545441204,30.792724756524716],[80.52009851851805,30.792724756524716],[80.51733797069335,30.906878792348767],[80.40024780744776,30.90030529368962],[80.36599545441204,30.792724756524716]]]},"properties":{"ulpin":"05660850531998","parcel_id":"c08184dc-ead3-43f7-9fb3-566ab4f2bafa","state":"Uttarakhand","state_code":"UK","state_type":"STATE","state_lgd_code":"5","district_lgd_code":"65","district_name":"Dehradun","subdistrict_lgd_code":"510","subdistrict_name":"Rishikesh Tehsil","subdistrict_type":"Tehsil / Taluk","village_lgd_code":"51201","village_name":"Shyampur","khasra_plot_no":"Khasra 340/D83","recorded_area":"8.0","recorded_area_unit":"Bigha-Nali","normalized_area_sqm":"1600.0","gis_area_sqm":"1600.0","land_use_category":"COMMERCIAL","land_use_raw":"Krishi Bagayat","status":"DISPUTED","data_freshness_status":"STALE","scenario_index":"17866","use_case_description":"Court attachment and disputed possession","mutation_workflow_status":"NOTICE_PERIOD","revenue_record_id":"ROR-UK-2025-1027-0083","revenue_record_type":"Khatauni (Devbhoomi Uttarakhand)","khata_khewat_no":"KHT-77","khatauni_no":"KHN-177","owner_name":"Mahesh Chandra Joshi","owner_name_local":"महेश चंद्र जोशी","co_owners":"","tenure_type":"Waqf / Religious Trust","mutation_status":"DISPUTED","active_mutation_id":"MUT-UK-00000083","tax_demand_status":"PAID","annual_tax_inr":"185.5","deed_number":"DEED-UK-2024-427-0083","deed_type":"Sale Deed / Conveyance","sro_office":"Sub-Registrar Office, Rishikesh Tehsil","execution_date":"2024-05-10","registered_owner":"Mahesh Chandra Joshi","seller_name":"Previous Landholder","consideration_amount_inr":"3500000.0","stamp_duty_inr":"210000.0","survey_sketch_id":"FMB-UK-27-0083","cadastral_sheet_no":"SHT-UK-27","surveyed_area_sqm":"1600.0","survey_status":"DISPUTED","urban_authority":"Rishikesh Tehsil Urban Development & Town Planning Authority","zone_name":"Agricultural / Green Buffer","permitted_land_use":"COMMERCIAL","building_permission_status":"REJECTED","violations_reported":"False","is_encumbered":"True","encumbrance_certificate_number":"EC-UK-00000083-0083","encumbrance_type":"LEASE_CHARGE","financial_institution":"","mortgage_amount":"0.0","created_at":"2026-01-15T09:00:00Z","updated_at":"2026-09-24T11:30:00Z"}},{"type":"Feature","geometry":{"type":"Polygon","coordinates":[[[79.99569315925804,30.1039895315031],[80.11895474533735,30.08593096831274],[80.1087558556792,30.25645212139558],[79.99569315925804,30.24004595175721],[79.99569315925804,30.1039895315031]]]},"properties":{"ulpin":"05300974152285","parcel_id":"30fbc0d1-17d2-4d8f-9bab-bb83945afa2a","state":"Uttarakhand","state_code":"UK","state_type":"STATE","state_lgd_code":"5","district_lgd_code":"65","district_name":"Dehradun","subdistrict_lgd_code":"510","subdistrict_name":"Rishikesh Tehsil","subdistrict_type":"Tehsil / Taluk","village_lgd_code":"51201","village_name":"Shyampur","khasra_plot_no":"Khasra 340/D84","recorded_area":"8.0","recorded_area_unit":"Bigha-Nali","normalized_area_sqm":"1600.0","gis_area_sqm":"1600.0","land_use_category":"INDUSTRIAL","land_use_raw":"Krishi Bagayat","status":"ARCHIVED","data_freshness_status":"UNKNOWN","scenario_index":"17867","use_case_description":"Pending sale mutation within statutory SLA","mutation_workflow_status":"HEARING_SCHEDULED","revenue_record_id":"ROR-UK-2025-1027-0084","revenue_record_type":"Khatauni (Devbhoomi Uttarakhand)","khata_khewat_no":"KHT-77","khatauni_no":"KHN-177","owner_name":"Mahesh Chandra Joshi","owner_name_local":"महेश चंद्र जोशी","co_owners":"","tenure_type":"Tribal Community Tenure","mutation_status":"NONE","active_mutation_id":"MUT-UK-00000084","tax_demand_status":"PAID","annual_tax_inr":"185.5","deed_number":"DEED-UK-2024-427-0084","deed_type":"Sale Deed / Conveyance","sro_office":"Sub-Registrar Office, Rishikesh Tehsil","execution_date":"2024-05-10","registered_owner":"Mahesh Chandra Joshi","seller_name":"Previous Landholder","consideration_amount_inr":"3500000.0","stamp_duty_inr":"210000.0","survey_sketch_id":"FMB-UK-27-0084","cadastral_sheet_no":"SHT-UK-27","surveyed_area_sqm":"1600.0","survey_status":"RESURVEY_REQUIRED","urban_authority":"Rishikesh Tehsil Urban Development & Town Planning Authority","zone_name":"Agricultural / Green Buffer","permitted_land_use":"INDUSTRIAL","building_permission_status":"NOT_APPLICABLE","violations_reported":"False","is_encumbered":"False","encumbrance_certificate_number":"EC-UK-2024-127-0084","encumbrance_type":"NIL","financial_institution":"","mortgage_amount":"0.0","created_at":"2026-01-15T09:00:00Z","updated_at":"2026-09-24T11:30:00Z"}},{"type":"Feature","geometry":{"type":"Polygon","coordinates":[[[80.39643544300658,31.102854067204923],[80.52302857338877,31.117837331523187],[80.53416005041741,31.215234571845354],[80.3697464826273,31.236013441498358],[80.39643544300658,31.102854067204923]]]},"properties":{"ulpin":"05726082290286","parcel_id":"c1b868e2-23f8-493e-9aa0-c0cc87719433","state":"Uttarakhand","state_code":"UK","state_type":"STATE","state_lgd_code":"5","district_lgd_code":"65","district_name":"Dehradun","subdistrict_lgd_code":"510","subdistrict_name":"Rishikesh Tehsil","subdistrict_type":"Tehsil / Taluk","village_lgd_code":"51201","village_name":"Shyampur","khasra_plot_no":"Khasra 340/D85","recorded_area":"8.0","recorded_area_unit":"Bigha-Nali","normalized_area_sqm":"1600.0","gis_area_sqm":"1600.0","land_use_category":"AGRICULTURAL","land_use_raw":"Krishi Bagayat","status":"ACTIVE","data_freshness_status":"CURRENT","scenario_index":"17868","use_case_description":"Lease charge and institutional tenancy","mutation_workflow_status":"APPROVED","revenue_record_id":"ROR-UK-2025-1027-0085","revenue_record_type":"Khatauni (Devbhoomi Uttarakhand)","khata_khewat_no":"KHT-77","khatauni_no":"KHN-177","owner_name":"Mahesh Chandra Joshi","owner_name_local":"महेश चंद्र जोशी","co_owners":"","tenure_type":"Bhumiswami / Raiyati with Transferable Rights","mutation_status":"MUTATED","active_mutation_id":"","tax_demand_status":"PAID","annual_tax_inr":"185.5","deed_number":"DEED-UK-2024-427-0085","deed_type":"Sale Deed / Conveyance","sro_office":"Sub-Registrar Office, Rishikesh Tehsil","execution_date":"2024-05-10","registered_owner":"Mahesh Chandra Joshi","seller_name":"Previous Landholder","consideration_amount_inr":"3500000.0","stamp_duty_inr":"210000.0","survey_sketch_id":"FMB-UK-27-0085","cadastral_sheet_no":"SHT-UK-27","surveyed_area_sqm":"1600.0","survey_status":"SURVEYED","urban_authority":"Rishikesh Tehsil Urban Development & Town Planning Authority","zone_name":"Agricultural / Green Buffer","permitted_land_use":"AGRICULTURAL","building_permission_status":"SANCTIONED","violations_reported":"False","is_encumbered":"True","encumbrance_certificate_number":"EC-UK-00000085-0085","encumbrance_type":"BANK_MORTGAGE","financial_institution":"","mortgage_amount":"0.0","created_at":"2026-01-15T09:00:00Z","updated_at":"2026-09-24T11:30:00Z"}},{"type":"Feature","geometry":{"type":"Polygon","coordinates":[[[80.3697464826273,31.236013441498358],[80.53416005041741,31.215234571845354],[80.51627653430569,31.337179239638814],[80.39909804695151,31.345482831620558],[80.3697464826273,31.236013441498358]]]},"properties":{"ulpin":"05802178396265","parcel_id":"aefea6da-fe41-43e1-9898-9a647a717560","state":"Uttarakhand","state_code":"UK","state_type":"STATE","state_lgd_code":"5","district_lgd_code":"65","district_name":"Dehradun","subdistrict_lgd_code":"510","subdistrict_name":"Rishikesh Tehsil","subdistrict_type":"Tehsil / Taluk","village_lgd_code":"51201","village_name":"Shyampur","khasra_plot_no":"Khasra 340/D86","recorded_area":"8.0","recorded_area_unit":"Bigha-Nali","normalized_area_sqm":"1600.0","gis_area_sqm":"1600.0","land_use_category":"INSTITUTIONAL","land_use_raw":"Krishi Bagayat","status":"PENDING_MUTATION","data_freshness_status":"STALE","scenario_index":"17869","use_case_description":"Subdivision or amalgamation history review","mutation_workflow_status":"REJECTED","revenue_record_id":"ROR-UK-2025-1027-0086","revenue_record_type":"Khatauni (Devbhoomi Uttarakhand)","khata_khewat_no":"KHT-77","khatauni_no":"KHN-177","owner_name":"Mahesh Chandra Joshi","owner_name_local":"महेश चंद्र जोशी","co_owners":"","tenure_type":"Bhumiswami / Freehold","mutation_status":"PENDING","active_mutation_id":"MUT-UK-00000086","tax_demand_status":"PAID","annual_tax_inr":"185.5","deed_number":"DEED-UK-2024-427-0086","deed_type":"Sale Deed / Conveyance","sro_office":"Sub-Registrar Office, Rishikesh Tehsil","execution_date":"2024-05-10","registered_owner":"Registry Variance Owner 86","seller_name":"Previous Landholder","consideration_amount_inr":"3500000.0","stamp_duty_inr":"210000.0","survey_sketch_id":"FMB-UK-27-0086","cadastral_sheet_no":"SHT-UK-27","surveyed_area_sqm":"1600.0","survey_status":"PENDING","urban_authority":"Rishikesh Tehsil Urban Development & Town Planning Authority","zone_name":"Agricultural / Green Buffer","permitted_land_use":"INSTITUTIONAL","building_permission_status":"PENDING","violations_reported":"False","is_encumbered":"True","encumbrance_certificate_number":"EC-UK-00000086-0086","encumbrance_type":"GOVT_REVENUE_LIEN","financial_institution":"","mortgage_amount":"0.0","created_at":"2026-01-15T09:00:00Z","updated_at":"2026-09-24T11:30:00Z"}},{"type":"Feature","geometry":{"type":"Polygon","coordinates":[[[78.52538483008603,29.443310239545415],[78.65099942808693,29.413884342811013],[78.67009267130058,29.57436790460961],[78.50921540714486,29.557602464005857],[78.52538483008603,29.443310239545415]]]},"properties":{"ulpin":"05515869343694","parcel_id":"80b36e59-1754-4e73-b67c-abfd40c1bcc6","state":"Uttarakhand","state_code":"UK","state_type":"STATE","state_lgd_code":"5","district_lgd_code":"65","district_name":"Dehradun","subdistrict_lgd_code":"510","subdistrict_name":"Rishikesh Tehsil","subdistrict_type":"Tehsil / Taluk","village_lgd_code":"51201","village_name":"Shyampur","khasra_plot_no":"Khasra 340/D87","recorded_area":"8.0","recorded_area_unit":"Bigha-Nali","normalized_area_sqm":"1600.0","gis_area_sqm":"1600.0","land_use_category":"FOREST_GREEN_BELT","land_use_raw":"Krishi Bagayat","status":"SUBDIVIDED","data_freshness_status":"UNKNOWN","scenario_index":"17870","use_case_description":"Archived historical record for audit retrieval","mutation_workflow_status":"SLA_BREACHED","revenue_record_id":"ROR-UK-2025-1027-0087","revenue_record_type":"Khatauni (Devbhoomi Uttarakhand)","khata_khewat_no":"KHT-77","khatauni_no":"KHN-177","owner_name":"Mahesh Chandra Joshi","owner_name_local":"महेश चंद्र जोशी","co_owners":"","tenure_type":"Leasehold","mutation_status":"UNMUTATED_TRANSACTION","active_mutation_id":"MUT-UK-00000087","tax_demand_status":"PAID","annual_tax_inr":"185.5","deed_number":"DEED-UK-2024-427-0087","deed_type":"Sale Deed / Conveyance","sro_office":"Sub-Registrar Office, Rishikesh Tehsil","execution_date":"2024-05-10","registered_owner":"Mahesh Chandra Joshi","seller_name":"Previous Landholder","consideration_amount_inr":"3500000.0","stamp_duty_inr":"210000.0","survey_sketch_id":"FMB-UK-27-0087","cadastral_sheet_no":"SHT-UK-27","surveyed_area_sqm":"1600.0","survey_status":"DISPUTED","urban_authority":"Rishikesh Tehsil Urban Development & Town Planning Authority","zone_name":"Agricultural / Green Buffer","permitted_land_use":"FOREST_GREEN_BELT","building_permission_status":"REJECTED","violations_reported":"False","is_encumbered":"True","encumbrance_certificate_number":"EC-UK-00000087-0087","encumbrance_type":"COURT_ATTACHMENT","financial_institution":"","mortgage_amount":"0.0","created_at":"2026-01-15T09:00:00Z","updated_at":"2026-09-24T11:30:00Z"}},{"type":"Feature","geometry":{"type":"Polygon","coordinates":[[[78.80169915855093,29.985241989750488],[78.92736291242161,29.966348233949958],[78.92736291242161,30.11199931294838],[78.79869615609859,30.11199931294838],[78.80169915855093,29.985241989750488]]]},"properties":{"ulpin":"05028860107537","parcel_id":"f86deb63-e90f-4879-b8ad-144dea03c072","state":"Uttarakhand","state_code":"UK","state_type":"STATE","state_lgd_code":"5","district_lgd_code":"65","district_name":"Dehradun","subdistrict_lgd_code":"510","subdistrict_name":"Rishikesh Tehsil","subdistrict_type":"Tehsil / Taluk","village_lgd_code":"51201","village_name":"Shyampur","khasra_plot_no":"Khasra 340/D88","recorded_area":"8.0","recorded_area_unit":"Bigha-Nali","normalized_area_sqm":"1600.0","gis_area_sqm":"1600.0","land_use_category":"WATER_BODY","land_use_raw":"Krishi Bagayat","status":"AMALGAMATED","data_freshness_status":"CURRENT","scenario_index":"17871","use_case_description":"Bank mortgage and active encumbrance","mutation_workflow_status":"SUBMITTED","revenue_record_id":"ROR-UK-2025-1027-0088","revenue_record_type":"Khatauni (Devbhoomi Uttarakhand)","khata_khewat_no":"KHT-77","khatauni_no":"KHN-177","owner_name":"Mahesh Chandra Joshi","owner_name_local":"महेश चंद्र जोशी","co_owners":"","tenure_type":"Government Grant","mutation_status":"REJECTED","active_mutation_id":"MUT-UK-00000088","tax_demand_status":"PAID","annual_tax_inr":"185.5","deed_number":"DEED-UK-2024-427-0088","deed_type":"Sale Deed / Conveyance","sro_office":"Sub-Registrar Office, Rishikesh Tehsil","execution_date":"2024-05-10","registered_owner":"Mahesh Chandra Joshi","seller_name":"Previous Landholder","consideration_amount_inr":"3500000.0","stamp_duty_inr":"210000.0","survey_sketch_id":"FMB-UK-27-0088","cadastral_sheet_no":"SHT-UK-27","surveyed_area_sqm":"1600.0","survey_status":"RESURVEY_REQUIRED","urban_authority":"Rishikesh Tehsil Urban Development & Town Planning Authority","zone_name":"Agricultural / Green Buffer","permitted_land_use":"WATER_BODY","building_permission_status":"NOT_APPLICABLE","violations_reported":"True","is_encumbered":"True","encumbrance_certificate_number":"EC-UK-00000088-0088","encumbrance_type":"TRIBAL_NON_ALIENATION","financial_institution":"","mortgage_amount":"0.0","created_at":"2026-01-15T09:00:00Z","updated_at":"2026-09-24T11:30:00Z"}},{"type":"Feature","geometry":{"type":"Polygon","coordinates":[[[79.40747996970741,29.555969893023086],[79.6197869751269,29.587658770464287],[79.6197869751269,29.724269070377154],[79.4064836235005,29.76295717591155],[79.40747996970741,29.555969893023086]]]},"properties":{"ulpin":"05806458169850","parcel_id":"506cd0fe-834b-49a9-b104-1e7e7588740a","state":"Uttarakhand","state_code":"UK","state_type":"STATE","state_lgd_code":"5","district_lgd_code":"65","district_name":"Dehradun","subdistrict_lgd_code":"510","subdistrict_name":"Rishikesh Tehsil","subdistrict_type":"Tehsil / Taluk","village_lgd_code":"51201","village_name":"Shyampur","khasra_plot_no":"Khasra 340/D89","recorded_area":"8.0","recorded_area_unit":"Bigha-Nali","normalized_area_sqm":"1600.0","gis_area_sqm":"1600.0","land_use_category":"MIXED_USE","land_use_raw":"Krishi Bagayat","status":"DISPUTED","data_freshness_status":"STALE","scenario_index":"17872","use_case_description":"Government revenue lien and tax demand","mutation_workflow_status":"UNDER_VERIFICATION","revenue_record_id":"ROR-UK-2025-1027-0089","revenue_record_type":"Khatauni (Devbhoomi Uttarakhand)","khata_khewat_no":"KHT-77","khatauni_no":"KHN-177","owner_name":"Mahesh Chandra Joshi","owner_name_local":"महेश चंद्र जोशी","co_owners":"","tenure_type":"Waqf / Religious Trust","mutation_status":"DISPUTED","active_mutation_id":"MUT-UK-00000089","tax_demand_status":"PAID","annual_tax_inr":"185.5","deed_number":"DEED-UK-2024-427-0089","deed_type":"Sale Deed / Conveyance","sro_office":"Sub-Registrar Office, Rishikesh Tehsil","execution_date":"2024-05-10","registered_owner":"Mahesh Chandra Joshi","seller_name":"Previous Landholder","consideration_amount_inr":"3500000.0","stamp_duty_inr":"210000.0","survey_sketch_id":"FMB-UK-27-0089","cadastral_sheet_no":"SHT-UK-27","surveyed_area_sqm":"1600.0","survey_status":"SURVEYED","urban_authority":"Rishikesh Tehsil Urban Development & Town Planning Authority","zone_name":"Agricultural / Green Buffer","permitted_land_use":"MIXED_USE","building_permission_status":"SANCTIONED","violations_reported":"False","is_encumbered":"True","encumbrance_certificate_number":"EC-UK-00000089-0089","encumbrance_type":"LEASE_CHARGE","financial_institution":"","mortgage_amount":"0.0","created_at":"2026-01-15T09:00:00Z","updated_at":"2026-09-24T11:30:00Z"}},{"type":"Feature","geometry":{"type":"Polygon","coordinates":[[[80.24922130158474,31.533270422402097],[80.38655770260347,31.558942073781076],[80.4061058961697,31.651219607942952],[80.24042567332889,31.651219607942952],[80.24922130158474,31.533270422402097]]]},"properties":{"ulpin":"05401358692577","parcel_id":"a7fc68da-9fd4-428e-824e-b0a8690d69cf","state":"Uttarakhand","state_code":"UK","state_type":"STATE","state_lgd_code":"5","district_lgd_code":"65","district_name":"Dehradun","subdistrict_lgd_code":"510","subdistrict_name":"Rishikesh Tehsil","subdistrict_type":"Tehsil / Taluk","village_lgd_code":"51201","village_name":"Shyampur","khasra_plot_no":"Khasra 340/D90","recorded_area":"8.0","recorded_area_unit":"Bigha-Nali","normalized_area_sqm":"1600.0","gis_area_sqm":"1600.0","land_use_category":"OTHER","land_use_raw":"Krishi Bagayat","status":"ARCHIVED","data_freshness_status":"UNKNOWN","scenario_index":"17873","use_case_description":"Bank mortgage and active encumbrance","mutation_workflow_status":"NOTICE_PERIOD","revenue_record_id":"ROR-UK-2025-1027-0090","revenue_record_type":"Khatauni (Devbhoomi Uttarakhand)","khata_khewat_no":"KHT-77","khatauni_no":"KHN-177","owner_name":"Mahesh Chandra Joshi","owner_name_local":"महेश चंद्र जोशी","co_owners":"","tenure_type":"Tribal Community Tenure","mutation_status":"NONE","active_mutation_id":"MUT-UK-00000090","tax_demand_status":"PAID","annual_tax_inr":"185.5","deed_number":"DEED-UK-2024-427-0090","deed_type":"Sale Deed / Conveyance","sro_office":"Sub-Registrar Office, Rishikesh Tehsil","execution_date":"2024-05-10","registered_owner":"Mahesh Chandra Joshi","seller_name":"Previous Landholder","consideration_amount_inr":"3500000.0","stamp_duty_inr":"210000.0","survey_sketch_id":"FMB-UK-27-0090","cadastral_sheet_no":"SHT-UK-27","surveyed_area_sqm":"1600.0","survey_status":"PENDING","urban_authority":"Rishikesh Tehsil Urban Development & Town Planning Authority","zone_name":"Agricultural / Green Buffer","permitted_land_use":"OTHER","building_permission_status":"PENDING","violations_reported":"False","is_encumbered":"False","encumbrance_certificate_number":"EC-UK-2024-127-0090","encumbrance_type":"NIL","financial_institution":"","mortgage_amount":"0.0","created_at":"2026-01-15T09:00:00Z","updated_at":"2026-09-24T11:30:00Z"}},{"type":"Feature","geometry":{"type":"Polygon","coordinates":[[[79.49924040648557,30.918383557272193],[79.63542542013222,30.896951488805712],[79.63653711689582,31.03108678017273],[79.49252782356419,31.0591365374808],[79.49924040648557,30.918383557272193]]]},"properties":{"ulpin":"05257283410859","parcel_id":"cfce0a71-34ac-4a65-b1fb-caff7a9d8d3d","state":"Uttarakhand","state_code":"UK","state_type":"STATE","state_lgd_code":"5","district_lgd_code":"65","district_name":"Dehradun","subdistrict_lgd_code":"510","subdistrict_name":"Rishikesh Tehsil","subdistrict_type":"Tehsil / Taluk","village_lgd_code":"51201","village_name":"Shyampur","khasra_plot_no":"Khasra 340/D91","recorded_area":"8.0","recorded_area_unit":"Bigha-Nali","normalized_area_sqm":"1600.0","gis_area_sqm":"1600.0","land_use_category":"RESIDENTIAL","land_use_raw":"Krishi Bagayat","status":"ACTIVE","data_freshness_status":"CURRENT","scenario_index":"17874","use_case_description":"Tribal non-alienation protection review","mutation_workflow_status":"HEARING_SCHEDULED","revenue_record_id":"ROR-UK-2025-1027-0091","revenue_record_type":"Khatauni (Devbhoomi Uttarakhand)","khata_khewat_no":"KHT-77","khatauni_no":"KHN-177","owner_name":"Mahesh Chandra Joshi","owner_name_local":"महेश चंद्र जोशी","co_owners":"","tenure_type":"Bhumiswami / Raiyati with Transferable Rights","mutation_status":"MUTATED","active_mutation_id":"","tax_demand_status":"PAID","annual_tax_inr":"185.5","deed_number":"DEED-UK-2024-427-0091","deed_type":"Sale Deed / Conveyance","sro_office":"Sub-Registrar Office, Rishikesh Tehsil","execution_date":"2024-05-10","registered_owner":"Registry Variance Owner 91","seller_name":"Previous Landholder","consideration_amount_inr":"3500000.0","stamp_duty_inr":"210000.0","survey_sketch_id":"FMB-UK-27-0091","cadastral_sheet_no":"SHT-UK-27","surveyed_area_sqm":"1600.0","survey_status":"DISPUTED","urban_authority":"Rishikesh Tehsil Urban Development & Town Planning Authority","zone_name":"Agricultural / Green Buffer","permitted_land_use":"RESIDENTIAL","building_permission_status":"REJECTED","violations_reported":"False","is_encumbered":"True","encumbrance_certificate_number":"EC-UK-00000091-0091","encumbrance_type":"BANK_MORTGAGE","financial_institution":"","mortgage_amount":"0.0","created_at":"2026-01-15T09:00:00Z","updated_at":"2026-09-24T11:30:00Z"}},{"type":"Feature","geometry":{"type":"Polygon","coordinates":[[[80.11007798801394,29.957468299112065],[80.23709380322342,29.97187622563392],[80.23720540123072,30.08052998520383],[80.11895474533735,30.08593096831274],[80.11007798801394,29.957468299112065]]]},"properties":{"ulpin":"05528407284302","parcel_id":"8b9781a9-a32b-4501-8e91-bd14a3fafe24","state":"Uttarakhand","state_code":"UK","state_type":"STATE","state_lgd_code":"5","district_lgd_code":"65","district_name":"Dehradun","subdistrict_lgd_code":"510","subdistrict_name":"Rishikesh Tehsil","subdistrict_type":"Tehsil / Taluk","village_lgd_code":"51201","village_name":"Shyampur","khasra_plot_no":"Khasra 340/D92","recorded_area":"8.0","recorded_area_unit":"Bigha-Nali","normalized_area_sqm":"1600.0","gis_area_sqm":"1600.0","land_use_category":"COMMERCIAL","land_use_raw":"Krishi Bagayat","status":"PENDING_MUTATION","data_freshness_status":"STALE","scenario_index":"17875","use_case_description":"Lease charge and institutional tenancy","mutation_workflow_status":"APPROVED","revenue_record_id":"ROR-UK-2025-1027-0092","revenue_record_type":"Khatauni (Devbhoomi Uttarakhand)","khata_khewat_no":"KHT-77","khatauni_no":"KHN-177","owner_name":"Mahesh Chandra Joshi","owner_name_local":"महेश चंद्र जोशी","co_owners":"","tenure_type":"Bhumiswami / Freehold","mutation_status":"PENDING","active_mutation_id":"MUT-UK-00000092","tax_demand_status":"PAID","annual_tax_inr":"185.5","deed_number":"DEED-UK-2024-427-0092","deed_type":"Sale Deed / Conveyance","sro_office":"Sub-Registrar Office, Rishikesh Tehsil","execution_date":"2024-05-10","registered_owner":"Mahesh Chandra Joshi","seller_name":"Previous Landholder","consideration_amount_inr":"3500000.0","stamp_duty_inr":"210000.0","survey_sketch_id":"FMB-UK-27-0092","cadastral_sheet_no":"SHT-UK-27","surveyed_area_sqm":"1600.0","survey_status":"RESURVEY_REQUIRED","urban_authority":"Rishikesh Tehsil Urban Development & Town Planning Authority","zone_name":"Agricultural / Green Buffer","permitted_land_use":"COMMERCIAL","building_permission_status":"NOT_APPLICABLE","violations_reported":"False","is_encumbered":"True","encumbrance_certificate_number":"EC-UK-00000092-0092","encumbrance_type":"GOVT_REVENUE_LIEN","financial_institution":"","mortgage_amount":"0.0","created_at":"2026-01-15T09:00:00Z","updated_at":"2026-09-24T11:30:00Z"}},{"type":"Feature","geometry":{"type":"Polygon","coordinates":[[[80.13455844562807,29.648560084744148],[80.23546879842331,29.63850149137273],[80.23573452519108,29.808962052234467],[80.11544691384145,29.790618605789046],[80.13455844562807,29.648560084744148]]]},"properties":{"ulpin":"05097815324970","parcel_id":"27120c1c-65da-4eaa-84a8-6d73274c6428","state":"Uttarakhand","state_code":"UK","state_type":"STATE","state_lgd_code":"5","district_lgd_code":"65","district_name":"Dehradun","subdistrict_lgd_code":"510","subdistrict_name":"Rishikesh Tehsil","subdistrict_type":"Tehsil / Taluk","village_lgd_code":"51201","village_name":"Shyampur","khasra_plot_no":"Khasra 340/D93","recorded_area":"8.0","recorded_area_unit":"Bigha-Nali","normalized_area_sqm":"1600.0","gis_area_sqm":"1600.0","land_use_category":"INDUSTRIAL","land_use_raw":"Krishi Bagayat","status":"SUBDIVIDED","data_freshness_status":"UNKNOWN","scenario_index":"17876","use_case_description":"Subdivision or amalgamation history review","mutation_workflow_status":"REJECTED","revenue_record_id":"ROR-UK-2025-1027-0093","revenue_record_type":"Khatauni (Devbhoomi Uttarakhand)","khata_khewat_no":"KHT-77","khatauni_no":"KHN-177","owner_name":"Mahesh Chandra Joshi","owner_name_local":"महेश चंद्र जोशी","co_owners":"","tenure_type":"Leasehold","mutation_status":"UNMUTATED_TRANSACTION","active_mutation_id":"MUT-UK-00000093","tax_demand_status":"PAID","annual_tax_inr":"185.5","deed_number":"DEED-UK-2024-427-0093","deed_type":"Sale Deed / Conveyance","sro_office":"Sub-Registrar Office, Rishikesh Tehsil","execution_date":"2024-05-10","registered_owner":"Mahesh Chandra Joshi","seller_name":"Previous Landholder","consideration_amount_inr":"3500000.0","stamp_duty_inr":"210000.0","survey_sketch_id":"FMB-UK-27-0093","cadastral_sheet_no":"SHT-UK-27","surveyed_area_sqm":"1600.0","survey_status":"SURVEYED","urban_authority":"Rishikesh Tehsil Urban Development & Town Planning Authority","zone_name":"Agricultural / Green Buffer","permitted_land_use":"INDUSTRIAL","building_permission_status":"SANCTIONED","violations_reported":"False","is_encumbered":"True","encumbrance_certificate_number":"EC-UK-00000093-0093","encumbrance_type":"COURT_ATTACHMENT","financial_institution":"","mortgage_amount":"0.0","created_at":"2026-01-15T09:00:00Z","updated_at":"2026-09-24T11:30:00Z"}},{"type":"Feature","geometry":{"type":"Polygon","coordinates":[[[78.80062387541678,29.825300803121024],[78.92736291242161,29.820083570903403],[78.92736291242161,29.966348233949958],[78.80169915855093,29.985241989750488],[78.80062387541678,29.825300803121024]]]},"properties":{"ulpin":"05025213908434","parcel_id":"0c1853ef-a5ef-423f-ace1-8dd4ea2d4eae","state":"Uttarakhand","state_code":"UK","state_type":"STATE","state_lgd_code":"5","district_lgd_code":"65","district_name":"Dehradun","subdistrict_lgd_code":"510","subdistrict_name":"Rishikesh Tehsil","subdistrict_type":"Tehsil / Taluk","village_lgd_code":"51201","village_name":"Shyampur","khasra_plot_no":"Khasra 340/D94","recorded_area":"8.0","recorded_area_unit":"Bigha-Nali","normalized_area_sqm":"1600.0","gis_area_sqm":"1600.0","land_use_category":"AGRICULTURAL","land_use_raw":"Krishi Bagayat","status":"AMALGAMATED","data_freshness_status":"CURRENT","scenario_index":"17877","use_case_description":"Archived historical record for audit retrieval","mutation_workflow_status":"SLA_BREACHED","revenue_record_id":"ROR-UK-2025-1027-0094","revenue_record_type":"Khatauni (Devbhoomi Uttarakhand)","khata_khewat_no":"KHT-77","khatauni_no":"KHN-177","owner_name":"Mahesh Chandra Joshi","owner_name_local":"महेश चंद्र जोशी","co_owners":"","tenure_type":"Government Grant","mutation_status":"REJECTED","active_mutation_id":"MUT-UK-00000094","tax_demand_status":"PAID","annual_tax_inr":"185.5","deed_number":"DEED-UK-2024-427-0094","deed_type":"Sale Deed / Conveyance","sro_office":"Sub-Registrar Office, Rishikesh Tehsil","execution_date":"2024-05-10","registered_owner":"Mahesh Chandra Joshi","seller_name":"Previous Landholder","consideration_amount_inr":"3500000.0","stamp_duty_inr":"210000.0","survey_sketch_id":"FMB-UK-27-0094","cadastral_sheet_no":"SHT-UK-27","surveyed_area_sqm":"1600.0","survey_status":"PENDING","urban_authority":"Rishikesh Tehsil Urban Development & Town Planning Authority","zone_name":"Agricultural / Green Buffer","permitted_land_use":"AGRICULTURAL","building_permission_status":"PENDING","violations_reported":"False","is_encumbered":"True","encumbrance_certificate_number":"EC-UK-00000094-0094","encumbrance_type":"TRIBAL_NON_ALIENATION","financial_institution":"","mortgage_amount":"0.0","created_at":"2026-01-15T09:00:00Z","updated_at":"2026-09-24T11:30:00Z"}},{"type":"Feature","geometry":{"type":"Polygon","coordinates":[[[79.26243196945401,30.641370133010184],[79.38730724466731,30.656809865468233],[79.3569457448444,30.774262926974938],[79.23526942734296,30.775876450291577],[79.26243196945401,30.641370133010184]]]},"properties":{"ulpin":"05820644911205","parcel_id":"31b0b0ae-f7fd-43b9-87c3-e36d53f53f95","state":"Uttarakhand","state_code":"UK","state_type":"STATE","state_lgd_code":"5","district_lgd_code":"65","district_name":"Dehradun","subdistrict_lgd_code":"510","subdistrict_name":"Rishikesh Tehsil","subdistrict_type":"Tehsil / Taluk","village_lgd_code":"51201","village_name":"Shyampur","khasra_plot_no":"Khasra 340/D95","recorded_area":"8.0","recorded_area_unit":"Bigha-Nali","normalized_area_sqm":"1600.0","gis_area_sqm":"1600.0","land_use_category":"INSTITUTIONAL","land_use_raw":"Krishi Bagayat","status":"DISPUTED","data_freshness_status":"STALE","scenario_index":"17878","use_case_description":"Bank mortgage and active encumbrance","mutation_workflow_status":"SUBMITTED","revenue_record_id":"ROR-UK-2025-1027-0095","revenue_record_type":"Khatauni (Devbhoomi Uttarakhand)","khata_khewat_no":"KHT-77","khatauni_no":"KHN-177","owner_name":"Mahesh Chandra Joshi","owner_name_local":"महेश चंद्र जोशी","co_owners":"","tenure_type":"Waqf / Religious Trust","mutation_status":"DISPUTED","active_mutation_id":"MUT-UK-00000095","tax_demand_status":"PAID","annual_tax_inr":"185.5","deed_number":"DEED-UK-2024-427-0095","deed_type":"Sale Deed / Conveyance","sro_office":"Sub-Registrar Office, Rishikesh Tehsil","execution_date":"2024-05-10","registered_owner":"Mahesh Chandra Joshi","seller_name":"Previous Landholder","consideration_amount_inr":"3500000.0","stamp_duty_inr":"210000.0","survey_sketch_id":"FMB-UK-27-0095","cadastral_sheet_no":"SHT-UK-27","surveyed_area_sqm":"1600.0","survey_status":"DISPUTED","urban_authority":"Rishikesh Tehsil Urban Development & Town Planning Authority","zone_name":"Agricultural / Green Buffer","permitted_land_use":"INSTITUTIONAL","building_permission_status":"REJECTED","violations_reported":"True","is_encumbered":"True","encumbrance_certificate_number":"EC-UK-00000095-0095","encumbrance_type":"LEASE_CHARGE","financial_institution":"","mortgage_amount":"0.0","created_at":"2026-01-15T09:00:00Z","updated_at":"2026-09-24T11:30:00Z"}},{"type":"Feature","geometry":{"type":"Polygon","coordinates":[[[79.20674252944492,29.931540198968776],[79.43974755063992,29.91268554830315],[79.39492277344402,30.091972706286604],[79.24097336690505,30.106612273931113],[79.20674252944492,29.931540198968776]]]},"properties":{"ulpin":"05669731545393","parcel_id":"66282e1e-a846-415d-8ed9-37aa9f5b43d0","state":"Uttarakhand","state_code":"UK","state_type":"STATE","state_lgd_code":"5","district_lgd_code":"65","district_name":"Dehradun","subdistrict_lgd_code":"510","subdistrict_name":"Rishikesh Tehsil","subdistrict_type":"Tehsil / Taluk","village_lgd_code":"51201","village_name":"Shyampur","khasra_plot_no":"Khasra 340/D96","recorded_area":"8.0","recorded_area_unit":"Bigha-Nali","normalized_area_sqm":"1600.0","gis_area_sqm":"1600.0","land_use_category":"FOREST_GREEN_BELT","land_use_raw":"Krishi Bagayat","status":"ARCHIVED","data_freshness_status":"UNKNOWN","scenario_index":"17879","use_case_description":"Archived historical record for audit retrieval","mutation_workflow_status":"UNDER_VERIFICATION","revenue_record_id":"ROR-UK-2025-1027-0096","revenue_record_type":"Khatauni (Devbhoomi Uttarakhand)","khata_khewat_no":"KHT-77","khatauni_no":"KHN-177","owner_name":"Mahesh Chandra Joshi","owner_name_local":"महेश चंद्र जोशी","co_owners":"","tenure_type":"Tribal Community Tenure","mutation_status":"NONE","active_mutation_id":"MUT-UK-00000096","tax_demand_status":"PAID","annual_tax_inr":"185.5","deed_number":"DEED-UK-2024-427-0096","deed_type":"Sale Deed / Conveyance","sro_office":"Sub-Registrar Office, Rishikesh Tehsil","execution_date":"2024-05-10","registered_owner":"Registry Variance Owner 96","seller_name":"Previous Landholder","consideration_amount_inr":"3500000.0","stamp_duty_inr":"210000.0","survey_sketch_id":"FMB-UK-27-0096","cadastral_sheet_no":"SHT-UK-27","surveyed_area_sqm":"1600.0","survey_status":"RESURVEY_REQUIRED","urban_authority":"Rishikesh Tehsil Urban Development & Town Planning Authority","zone_name":"Agricultural / Green Buffer","permitted_land_use":"FOREST_GREEN_BELT","building_permission_status":"NOT_APPLICABLE","violations_reported":"False","is_encumbered":"False","encumbrance_certificate_number":"EC-UK-2024-127-0096","encumbrance_type":"NIL","financial_institution":"","mortgage_amount":"0.0","created_at":"2026-01-15T09:00:00Z","updated_at":"2026-09-24T11:30:00Z"}},{"type":"Feature","geometry":{"type":"Polygon","coordinates":[[[78.24777037895777,29.68771052007091],[78.3809154096978,29.694132014638335],[78.39209462615167,29.841103243746634],[78.24777037895777,29.82574463939325],[78.24777037895777,29.68771052007091]]]},"properties":{"ulpin":"05811485986147","parcel_id":"32a1ffe6-12b8-44d4-bf50-1c221969a7e2","state":"Uttarakhand","state_code":"UK","state_type":"STATE","state_lgd_code":"5","district_lgd_code":"65","district_name":"Dehradun","subdistrict_lgd_code":"510","subdistrict_name":"Rishikesh Tehsil","subdistrict_type":"Tehsil / Taluk","village_lgd_code":"51201","village_name":"Shyampur","khasra_plot_no":"Khasra 340/D97","recorded_area":"8.0","recorded_area_unit":"Bigha-Nali","normalized_area_sqm":"1600.0","gis_area_sqm":"1600.0","land_use_category":"WATER_BODY","land_use_raw":"Krishi Bagayat","status":"ACTIVE","data_freshness_status":"CURRENT","scenario_index":"17880","use_case_description":"Court attachment and disputed possession","mutation_workflow_status":"NOTICE_PERIOD","revenue_record_id":"ROR-UK-2025-1027-0097","revenue_record_type":"Khatauni (Devbhoomi Uttarakhand)","khata_khewat_no":"KHT-77","khatauni_no":"KHN-177","owner_name":"Mahesh Chandra Joshi","owner_name_local":"महेश चंद्र जोशी","co_owners":"","tenure_type":"Bhumiswami / Raiyati with Transferable Rights","mutation_status":"MUTATED","active_mutation_id":"","tax_demand_status":"PAID","annual_tax_inr":"185.5","deed_number":"DEED-UK-2024-427-0097","deed_type":"Sale Deed / Conveyance","sro_office":"Sub-Registrar Office, Rishikesh Tehsil","execution_date":"2024-05-10","registered_owner":"Mahesh Chandra Joshi","seller_name":"Previous Landholder","consideration_amount_inr":"3500000.0","stamp_duty_inr":"210000.0","survey_sketch_id":"FMB-UK-27-0097","cadastral_sheet_no":"SHT-UK-27","surveyed_area_sqm":"1600.0","survey_status":"SURVEYED","urban_authority":"Rishikesh Tehsil Urban Development & Town Planning Authority","zone_name":"Agricultural / Green Buffer","permitted_land_use":"WATER_BODY","building_permission_status":"SANCTIONED","violations_reported":"False","is_encumbered":"True","encumbrance_certificate_number":"EC-UK-00000097-0097","encumbrance_type":"BANK_MORTGAGE","financial_institution":"","mortgage_amount":"0.0","created_at":"2026-01-15T09:00:00Z","updated_at":"2026-09-24T11:30:00Z"}},{"type":"Feature","geometry":{"type":"Polygon","coordinates":[[[79.11813135228613,31.309108176869735],[79.22987000893023,31.295820333405565],[79.24952967056193,31.44781257098708],[79.11813135228613,31.44781257098708],[79.11813135228613,31.309108176869735]]]},"properties":{"ulpin":"05369201368778","parcel_id":"f01f20ec-ea04-4d13-9fdd-6fdca6328d9e","state":"Uttarakhand","state_code":"UK","state_type":"STATE","state_lgd_code":"5","district_lgd_code":"65","district_name":"Dehradun","subdistrict_lgd_code":"510","subdistrict_name":"Rishikesh Tehsil","subdistrict_type":"Tehsil / Taluk","village_lgd_code":"51201","village_name":"Shyampur","khasra_plot_no":"Khasra 340/D98","recorded_area":"8.0","recorded_area_unit":"Bigha-Nali","normalized_area_sqm":"1600.0","gis_area_sqm":"1600.0","land_use_category":"MIXED_USE","land_use_raw":"Krishi Bagayat","status":"PENDING_MUTATION","data_freshness_status":"STALE","scenario_index":"17881","use_case_description":"Tribal non-alienation protection review","mutation_workflow_status":"HEARING_SCHEDULED","revenue_record_id":"ROR-UK-2025-1027-0098","revenue_record_type":"Khatauni (Devbhoomi Uttarakhand)","khata_khewat_no":"KHT-77","khatauni_no":"KHN-177","owner_name":"Mahesh Chandra Joshi","owner_name_local":"महेश चंद्र जोशी","co_owners":"","tenure_type":"Bhumiswami / Freehold","mutation_status":"PENDING","active_mutation_id":"MUT-UK-00000098","tax_demand_status":"PAID","annual_tax_inr":"185.5","deed_number":"DEED-UK-2024-427-0098","deed_type":"Sale Deed / Conveyance","sro_office":"Sub-Registrar Office, Rishikesh Tehsil","execution_date":"2024-05-10","registered_owner":"Mahesh Chandra Joshi","seller_name":"Previous Landholder","consideration_amount_inr":"3500000.0","stamp_duty_inr":"210000.0","survey_sketch_id":"FMB-UK-27-0098","cadastral_sheet_no":"SHT-UK-27","surveyed_area_sqm":"1600.0","survey_status":"PENDING","urban_authority":"Rishikesh Tehsil Urban Development & Town Planning Authority","zone_name":"Agricultural / Green Buffer","permitted_land_use":"MIXED_USE","building_permission_status":"PENDING","violations_reported":"False","is_encumbered":"True","encumbrance_certificate_number":"EC-UK-00000098-0098","encumbrance_type":"GOVT_REVENUE_LIEN","financial_institution":"","mortgage_amount":"0.0","created_at":"2026-01-15T09:00:00Z","updated_at":"2026-09-24T11:30:00Z"}},{"type":"Feature","geometry":{"type":"Polygon","coordinates":[[[79.23833874651281,29.431503973933367],[79.43669471437852,29.388101260123772],[79.40747996970741,29.555969893023086],[79.25271989840142,29.594849547965598],[79.23833874651281,29.431503973933367]]]},"properties":{"ulpin":"05041950235843","parcel_id":"06f10c3f-65b7-494c-b16c-58a884a75d7a","state":"Uttarakhand","state_code":"UK","state_type":"STATE","state_lgd_code":"5","district_lgd_code":"65","district_name":"Dehradun","subdistrict_lgd_code":"510","subdistrict_name":"Rishikesh Tehsil","subdistrict_type":"Tehsil / Taluk","village_lgd_code":"51201","village_name":"Shyampur","khasra_plot_no":"Khasra 340/D99","recorded_area":"8.0","recorded_area_unit":"Bigha-Nali","normalized_area_sqm":"1600.0","gis_area_sqm":"1600.0","land_use_category":"OTHER","land_use_raw":"Krishi Bagayat","status":"SUBDIVIDED","data_freshness_status":"UNKNOWN","scenario_index":"17882","use_case_description":"Lease charge and institutional tenancy","mutation_workflow_status":"APPROVED","revenue_record_id":"ROR-UK-2025-1027-0099","revenue_record_type":"Khatauni (Devbhoomi Uttarakhand)","khata_khewat_no":"KHT-77","khatauni_no":"KHN-177","owner_name":"Mahesh Chandra Joshi","owner_name_local":"महेश चंद्र जोशी","co_owners":"","tenure_type":"Leasehold","mutation_status":"UNMUTATED_TRANSACTION","active_mutation_id":"MUT-UK-00000099","tax_demand_status":"PAID","annual_tax_inr":"185.5","deed_number":"DEED-UK-2024-427-0099","deed_type":"Sale Deed / Conveyance","sro_office":"Sub-Registrar Office, Rishikesh Tehsil","execution_date":"2024-05-10","registered_owner":"Mahesh Chandra Joshi","seller_name":"Previous Landholder","consideration_amount_inr":"3500000.0","stamp_duty_inr":"210000.0","survey_sketch_id":"FMB-UK-27-0099","cadastral_sheet_no":"SHT-UK-27","surveyed_area_sqm":"1600.0","survey_status":"DISPUTED","urban_authority":"Rishikesh Tehsil Urban Development & Town Planning Authority","zone_name":"Agricultural / Green Buffer","permitted_land_use":"OTHER","building_permission_status":"REJECTED","violations_reported":"False","is_encumbered":"True","encumbrance_certificate_number":"EC-UK-00000099-0099","encumbrance_type":"COURT_ATTACHMENT","financial_institution":"","mortgage_amount":"0.0","created_at":"2026-01-15T09:00:00Z","updated_at":"2026-09-24T11:30:00Z"}},{"type":"Feature","geometry":{"type":"Polygon","coordinates":[[[79.5021448375756,30.62885270105166],[79.61825212879475,30.64757084051757],[79.60706002399596,30.790409948869723],[79.50508498729923,30.775342328055405],[79.5021448375756,30.62885270105166]]]},"properties":{"ulpin":"05527954775746","parcel_id":"14637e2e-d260-49be-9021-2b26cc5234c8","state":"Uttarakhand","state_code":"UK","state_type":"STATE","state_lgd_code":"5","district_lgd_code":"65","district_name":"Dehradun","subdistrict_lgd_code":"510","subdistrict_name":"Rishikesh Tehsil","subdistrict_type":"Tehsil / Taluk","village_lgd_code":"51201","village_name":"Shyampur","khasra_plot_no":"Khasra 340/D100","recorded_area":"8.0","recorded_area_unit":"Bigha-Nali","normalized_area_sqm":"1600.0","gis_area_sqm":"1600.0","land_use_category":"RESIDENTIAL","land_use_raw":"Krishi Bagayat","status":"AMALGAMATED","data_freshness_status":"CURRENT","scenario_index":"17883","use_case_description":"Subdivision or amalgamation history review","mutation_workflow_status":"REJECTED","revenue_record_id":"ROR-UK-2025-1027-0100","revenue_record_type":"Khatauni (Devbhoomi Uttarakhand)","khata_khewat_no":"KHT-77","khatauni_no":"KHN-177","owner_name":"Mahesh Chandra Joshi","owner_name_local":"महेश चंद्र जोशी","co_owners":"","tenure_type":"Government Grant","mutation_status":"REJECTED","active_mutation_id":"MUT-UK-00000100","tax_demand_status":"PAID","annual_tax_inr":"185.5","deed_number":"DEED-UK-2024-427-0100","deed_type":"Sale Deed / Conveyance","sro_office":"Sub-Registrar Office, Rishikesh Tehsil","execution_date":"2024-05-10","registered_owner":"Mahesh Chandra Joshi","seller_name":"Previous Landholder","consideration_amount_inr":"3500000.0","stamp_duty_inr":"210000.0","survey_sketch_id":"FMB-UK-27-0100","cadastral_sheet_no":"SHT-UK-27","surveyed_area_sqm":"1600.0","survey_status":"RESURVEY_REQUIRED","urban_authority":"Rishikesh Tehsil Urban Development & Town Planning Authority","zone_name":"Agricultural / Green Buffer","permitted_land_use":"RESIDENTIAL","building_permission_status":"NOT_APPLICABLE","violations_reported":"False","is_encumbered":"True","encumbrance_certificate_number":"EC-UK-00000100-0100","encumbrance_type":"TRIBAL_NON_ALIENATION","financial_institution":"","mortgage_amount":"0.0","created_at":"2026-01-15T09:00:00Z","updated_at":"2026-09-24T11:30:00Z"}},{"type":"Feature","geometry":{"type":"Polygon","coordinates":[[[78.37226670631615,31.464668629565857],[78.50556993739872,31.474004588427135],[78.49150894959634,31.62407850521331],[78.37226670631615,31.62407850521331],[78.37226670631615,31.464668629565857]]]},"properties":{"ulpin":"05998660955407","parcel_id":"4e289e7d-9711-4c75-8b39-b5332223d586","state":"Uttarakhand","state_code":"UK","state_type":"STATE","state_lgd_code":"5","district_lgd_code":"65","district_name":"Dehradun","subdistrict_lgd_code":"510","subdistrict_name":"Rishikesh Tehsil","subdistrict_type":"Tehsil / Taluk","village_lgd_code":"51201","village_name":"Shyampur","khasra_plot_no":"Khasra 340/D101","recorded_area":"8.0","recorded_area_unit":"Bigha-Nali","normalized_area_sqm":"1600.0","gis_area_sqm":"1600.0","land_use_category":"COMMERCIAL","land_use_raw":"Krishi Bagayat","status":"DISPUTED","data_freshness_status":"STALE","scenario_index":"17884","use_case_description":"Archived historical record for audit retrieval","mutation_workflow_status":"SLA_BREACHED","revenue_record_id":"ROR-UK-2025-1027-0101","revenue_record_type":"Khatauni (Devbhoomi Uttarakhand)","khata_khewat_no":"KHT-77","khatauni_no":"KHN-177","owner_name":"Mahesh Chandra Joshi","owner_name_local":"महेश चंद्र जोशी","co_owners":"","tenure_type":"Waqf / Religious Trust","mutation_status":"DISPUTED","active_mutation_id":"MUT-UK-00000101","tax_demand_status":"PAID","annual_tax_inr":"185.5","deed_number":"DEED-UK-2024-427-0101","deed_type":"Sale Deed / Conveyance","sro_office":"Sub-Registrar Office, Rishikesh Tehsil","execution_date":"2024-05-10","registered_owner":"Registry Variance Owner 101","seller_name":"Previous Landholder","consideration_amount_inr":"3500000.0","stamp_duty_inr":"210000.0","survey_sketch_id":"FMB-UK-27-0101","cadastral_sheet_no":"SHT-UK-27","surveyed_area_sqm":"1600.0","survey_status":"SURVEYED","urban_authority":"Rishikesh Tehsil Urban Development & Town Planning Authority","zone_name":"Agricultural / Green Buffer","permitted_land_use":"COMMERCIAL","building_permission_status":"SANCTIONED","violations_reported":"False","is_encumbered":"True","encumbrance_certificate_number":"EC-UK-00000101-0101","encumbrance_type":"LEASE_CHARGE","financial_institution":"","mortgage_amount":"0.0","created_at":"2026-01-15T09:00:00Z","updated_at":"2026-09-24T11:30:00Z"}},{"type":"Feature","geometry":{"type":"Polygon","coordinates":[[[79.3569457448444,30.774262926974938],[79.50508498729923,30.775342328055405],[79.49924040648557,30.918383557272193],[79.35440873902284,30.913604545308708],[79.3569457448444,30.774262926974938]]]},"properties":{"ulpin":"05338165403763","parcel_id":"67379c3a-e4fe-47e3-b4fd-a2e856c515b0","state":"Uttarakhand","state_code":"UK","state_type":"STATE","state_lgd_code":"5","district_lgd_code":"65","district_name":"Dehradun","subdistrict_lgd_code":"510","subdistrict_name":"Rishikesh Tehsil","subdistrict_type":"Tehsil / Taluk","village_lgd_code":"51201","village_name":"Shyampur","khasra_plot_no":"Khasra 340/D102","recorded_area":"8.0","recorded_area_unit":"Bigha-Nali","normalized_area_sqm":"1600.0","gis_area_sqm":"1600.0","land_use_category":"INDUSTRIAL","land_use_raw":"Krishi Bagayat","status":"ARCHIVED","data_freshness_status":"UNKNOWN","scenario_index":"17885","use_case_description":"Cadastral area discrepancy requiring resurvey","mutation_workflow_status":"SUBMITTED","revenue_record_id":"ROR-UK-2025-1027-0102","revenue_record_type":"Khatauni (Devbhoomi Uttarakhand)","khata_khewat_no":"KHT-77","khatauni_no":"KHN-177","owner_name":"Mahesh Chandra Joshi","owner_name_local":"महेश चंद्र जोशी","co_owners":"","tenure_type":"Tribal Community Tenure","mutation_status":"NONE","active_mutation_id":"MUT-UK-00000102","tax_demand_status":"PAID","annual_tax_inr":"185.5","deed_number":"DEED-UK-2024-427-0102","deed_type":"Sale Deed / Conveyance","sro_office":"Sub-Registrar Office, Rishikesh Tehsil","execution_date":"2024-05-10","registered_owner":"Mahesh Chandra Joshi","seller_name":"Previous Landholder","consideration_amount_inr":"3500000.0","stamp_duty_inr":"210000.0","survey_sketch_id":"FMB-UK-27-0102","cadastral_sheet_no":"SHT-UK-27","surveyed_area_sqm":"1600.0","survey_status":"PENDING","urban_authority":"Rishikesh Tehsil Urban Development & Town Planning Authority","zone_name":"Agricultural / Green Buffer","permitted_land_use":"INDUSTRIAL","building_permission_status":"PENDING","violations_reported":"True","is_encumbered":"False","encumbrance_certificate_number":"EC-UK-2024-127-0102","encumbrance_type":"NIL","financial_institution":"","mortgage_amount":"0.0","created_at":"2026-01-15T09:00:00Z","updated_at":"2026-09-24T11:30:00Z"}},{"type":"Feature","geometry":{"type":"Polygon","coordinates":[[[78.52095317405447,30.75183331294765],[78.65040629987729,30.75183331294765],[78.63502935603951,30.898957238956402],[78.5028565102665,30.886127246954633],[78.52095317405447,30.75183331294765]]]},"properties":{"ulpin":"05918031017279","parcel_id":"568ddb03-2973-47c6-afa4-28f38dffc9f4","state":"Uttarakhand","state_code":"UK","state_type":"STATE","state_lgd_code":"5","district_lgd_code":"65","district_name":"Dehradun","subdistrict_lgd_code":"510","subdistrict_name":"Rishikesh Tehsil","subdistrict_type":"Tehsil / Taluk","village_lgd_code":"51201","village_name":"Shyampur","khasra_plot_no":"Khasra 340/D103","recorded_area":"8.0","recorded_area_unit":"Bigha-Nali","normalized_area_sqm":"1600.0","gis_area_sqm":"1600.0","land_use_category":"AGRICULTURAL","land_use_raw":"Krishi Bagayat","status":"ACTIVE","data_freshness_status":"CURRENT","scenario_index":"17886","use_case_description":"Government revenue lien and tax demand","mutation_workflow_status":"UNDER_VERIFICATION","revenue_record_id":"ROR-UK-2025-1027-0103","revenue_record_type":"Khatauni (Devbhoomi Uttarakhand)","khata_khewat_no":"KHT-77","khatauni_no":"KHN-177","owner_name":"Mahesh Chandra Joshi","owner_name_local":"महेश चंद्र जोशी","co_owners":"","tenure_type":"Bhumiswami / Raiyati with Transferable Rights","mutation_status":"MUTATED","active_mutation_id":"","tax_demand_status":"PAID","annual_tax_inr":"185.5","deed_number":"DEED-UK-2024-427-0103","deed_type":"Sale Deed / Conveyance","sro_office":"Sub-Registrar Office, Rishikesh Tehsil","execution_date":"2024-05-10","registered_owner":"Mahesh Chandra Joshi","seller_name":"Previous Landholder","consideration_amount_inr":"3500000.0","stamp_duty_inr":"210000.0","survey_sketch_id":"FMB-UK-27-0103","cadastral_sheet_no":"SHT-UK-27","surveyed_area_sqm":"1600.0","survey_status":"DISPUTED","urban_authority":"Rishikesh Tehsil Urban Development & Town Planning Authority","zone_name":"Agricultural / Green Buffer","permitted_land_use":"AGRICULTURAL","building_permission_status":"REJECTED","violations_reported":"False","is_encumbered":"True","encumbrance_certificate_number":"EC-UK-00000103-0103","encumbrance_type":"BANK_MORTGAGE","financial_institution":"","mortgage_amount":"0.0","created_at":"2026-01-15T09:00:00Z","updated_at":"2026-09-24T11:30:00Z"}},{"type":"Feature","geometry":{"type":"Polygon","coordinates":[[[78.24777037895777,29.433995183575117],[78.37735706776863,29.415997564262458],[78.39435262113145,29.56646935146288],[78.24777037895777,29.550832916967273],[78.24777037895777,29.433995183575117]]]},"properties":{"ulpin":"05150193107815","parcel_id":"77a673e6-752f-47a7-81f4-11dc7138afca","state":"Uttarakhand","state_code":"UK","state_type":"STATE","state_lgd_code":"5","district_lgd_code":"65","district_name":"Dehradun","subdistrict_lgd_code":"510","subdistrict_name":"Rishikesh Tehsil","subdistrict_type":"Tehsil / Taluk","village_lgd_code":"51201","village_name":"Shyampur","khasra_plot_no":"Khasra 340/D104","recorded_area":"8.0","recorded_area_unit":"Bigha-Nali","normalized_area_sqm":"1600.0","gis_area_sqm":"1600.0","land_use_category":"INSTITUTIONAL","land_use_raw":"Krishi Bagayat","status":"PENDING_MUTATION","data_freshness_status":"STALE","scenario_index":"17887","use_case_description":"Court attachment and disputed possession","mutation_workflow_status":"NOTICE_PERIOD","revenue_record_id":"ROR-UK-2025-1027-0104","revenue_record_type":"Khatauni (Devbhoomi Uttarakhand)","khata_khewat_no":"KHT-77","khatauni_no":"KHN-177","owner_name":"Mahesh Chandra Joshi","owner_name_local":"महेश चंद्र जोशी","co_owners":"","tenure_type":"Bhumiswami / Freehold","mutation_status":"PENDING","active_mutation_id":"MUT-UK-00000104","tax_demand_status":"PAID","annual_tax_inr":"185.5","deed_number":"DEED-UK-2024-427-0104","deed_type":"Sale Deed / Conveyance","sro_office":"Sub-Registrar Office, Rishikesh Tehsil","execution_date":"2024-05-10","registered_owner":"Mahesh Chandra Joshi","seller_name":"Previous Landholder","consideration_amount_inr":"3500000.0","stamp_duty_inr":"210000.0","survey_sketch_id":"FMB-UK-27-0104","cadastral_sheet_no":"SHT-UK-27","surveyed_area_sqm":"1600.0","survey_status":"RESURVEY_REQUIRED","urban_authority":"Rishikesh Tehsil Urban Development & Town Planning Authority","zone_name":"Agricultural / Green Buffer","permitted_land_use":"INSTITUTIONAL","building_permission_status":"NOT_APPLICABLE","violations_reported":"False","is_encumbered":"True","encumbrance_certificate_number":"EC-UK-00000104-0104","encumbrance_type":"GOVT_REVENUE_LIEN","financial_institution":"","mortgage_amount":"0.0","created_at":"2026-01-15T09:00:00Z","updated_at":"2026-09-24T11:30:00Z"}},{"type":"Feature","geometry":{"type":"Polygon","coordinates":[[[80.51733797069335,30.906878792348767],[80.65752503079126,30.894882940579798],[80.65752503079126,31.017959380459732],[80.53747205781791,31.00692488905913],[80.51733797069335,30.906878792348767]]]},"properties":{"ulpin":"05008498804578","parcel_id":"489f9ec0-cda9-4f71-bc82-03968c0b8fa4","state":"Uttarakhand","state_code":"UK","state_type":"STATE","state_lgd_code":"5","district_lgd_code":"65","district_name":"Dehradun","subdistrict_lgd_code":"510","subdistrict_name":"Rishikesh Tehsil","subdistrict_type":"Tehsil / Taluk","village_lgd_code":"51201","village_name":"Shyampur","khasra_plot_no":"Khasra 340/D105","recorded_area":"8.0","recorded_area_unit":"Bigha-Nali","normalized_area_sqm":"1600.0","gis_area_sqm":"1600.0","land_use_category":"FOREST_GREEN_BELT","land_use_raw":"Krishi Bagayat","status":"SUBDIVIDED","data_freshness_status":"UNKNOWN","scenario_index":"17888","use_case_description":"Tribal non-alienation protection review","mutation_workflow_status":"HEARING_SCHEDULED","revenue_record_id":"ROR-UK-2025-1027-0105","revenue_record_type":"Khatauni (Devbhoomi Uttarakhand)","khata_khewat_no":"KHT-77","khatauni_no":"KHN-177","owner_name":"Mahesh Chandra Joshi","owner_name_local":"महेश चंद्र जोशी","co_owners":"","tenure_type":"Leasehold","mutation_status":"UNMUTATED_TRANSACTION","active_mutation_id":"MUT-UK-00000105","tax_demand_status":"PAID","annual_tax_inr":"185.5","deed_number":"DEED-UK-2024-427-0105","deed_type":"Sale Deed / Conveyance","sro_office":"Sub-Registrar Office, Rishikesh Tehsil","execution_date":"2024-05-10","registered_owner":"Mahesh Chandra Joshi","seller_name":"Previous Landholder","consideration_amount_inr":"3500000.0","stamp_duty_inr":"210000.0","survey_sketch_id":"FMB-UK-27-0105","cadastral_sheet_no":"SHT-UK-27","surveyed_area_sqm":"1600.0","survey_status":"SURVEYED","urban_authority":"Rishikesh Tehsil Urban Development & Town Planning Authority","zone_name":"Agricultural / Green Buffer","permitted_land_use":"FOREST_GREEN_BELT","building_permission_status":"SANCTIONED","violations_reported":"False","is_encumbered":"True","encumbrance_certificate_number":"EC-UK-00000105-0105","encumbrance_type":"COURT_ATTACHMENT","financial_institution":"","mortgage_amount":"0.0","created_at":"2026-01-15T09:00:00Z","updated_at":"2026-09-24T11:30:00Z"}},{"type":"Feature","geometry":{"type":"Polygon","coordinates":[[[78.66675093213595,31.32088926217334],[78.80182160779214,31.326688131144987],[78.7986637092328,31.495710428422374],[78.67360108258102,31.462058523147892],[78.66675093213595,31.32088926217334]]]},"properties":{"ulpin":"05895788324227","parcel_id":"97cf2b36-0ef3-4775-9239-402d89e6e4af","state":"Uttarakhand","state_code":"UK","state_type":"STATE","state_lgd_code":"5","district_lgd_code":"65","district_name":"Dehradun","subdistrict_lgd_code":"510","subdistrict_name":"Rishikesh Tehsil","subdistrict_type":"Tehsil / Taluk","village_lgd_code":"51201","village_name":"Shyampur","khasra_plot_no":"Khasra 340/D106","recorded_area":"8.0","recorded_area_unit":"Bigha-Nali","normalized_area_sqm":"1600.0","gis_area_sqm":"1600.0","land_use_category":"WATER_BODY","land_use_raw":"Krishi Bagayat","status":"AMALGAMATED","data_freshness_status":"CURRENT","scenario_index":"17889","use_case_description":"Lease charge and institutional tenancy","mutation_workflow_status":"APPROVED","revenue_record_id":"ROR-UK-2025-1027-0106","revenue_record_type":"Khatauni (Devbhoomi Uttarakhand)","khata_khewat_no":"KHT-77","khatauni_no":"KHN-177","owner_name":"Mahesh Chandra Joshi","owner_name_local":"महेश चंद्र जोशी","co_owners":"","tenure_type":"Government Grant","mutation_status":"REJECTED","active_mutation_id":"MUT-UK-00000106","tax_demand_status":"PAID","annual_tax_inr":"185.5","deed_number":"DEED-UK-2024-427-0106","deed_type":"Sale Deed / Conveyance","sro_office":"Sub-Registrar Office, Rishikesh Tehsil","execution_date":"2024-05-10","registered_owner":"Registry Variance Owner 106","seller_name":"Previous Landholder","consideration_amount_inr":"3500000.0","stamp_duty_inr":"210000.0","survey_sketch_id":"FMB-UK-27-0106","cadastral_sheet_no":"SHT-UK-27","surveyed_area_sqm":"1600.0","survey_status":"PENDING","urban_authority":"Rishikesh Tehsil Urban Development & Town Planning Authority","zone_name":"Agricultural / Green Buffer","permitted_land_use":"WATER_BODY","building_permission_status":"PENDING","violations_reported":"False","is_encumbered":"True","encumbrance_certificate_number":"EC-UK-00000106-0106","encumbrance_type":"TRIBAL_NON_ALIENATION","financial_institution":"","mortgage_amount":"0.0","created_at":"2026-01-15T09:00:00Z","updated_at":"2026-09-24T11:30:00Z"}},{"type":"Feature","geometry":{"type":"Polygon","coordinates":[[[80.40024780744776,30.90030529368962],[80.51733797069335,30.906878792348767],[80.53747205781791,31.00692488905913],[80.38721626795761,31.023343850134463],[80.40024780744776,30.90030529368962]]]},"properties":{"ulpin":"05512204614774","parcel_id":"3463af43-f25c-4944-b09b-8b79c5555be2","state":"Uttarakhand","state_code":"UK","state_type":"STATE","state_lgd_code":"5","district_lgd_code":"65","district_name":"Dehradun","subdistrict_lgd_code":"510","subdistrict_name":"Rishikesh Tehsil","subdistrict_type":"Tehsil / Taluk","village_lgd_code":"51201","village_name":"Shyampur","khasra_plot_no":"Khasra 340/D107","recorded_area":"8.0","recorded_area_unit":"Bigha-Nali","normalized_area_sqm":"1600.0","gis_area_sqm":"1600.0","land_use_category":"MIXED_USE","land_use_raw":"Krishi Bagayat","status":"DISPUTED","data_freshness_status":"STALE","scenario_index":"17890","use_case_description":"Subdivision or amalgamation history review","mutation_workflow_status":"REJECTED","revenue_record_id":"ROR-UK-2025-1027-0107","revenue_record_type":"Khatauni (Devbhoomi Uttarakhand)","khata_khewat_no":"KHT-77","khatauni_no":"KHN-177","owner_name":"Mahesh Chandra Joshi","owner_name_local":"महेश चंद्र जोशी","co_owners":"","tenure_type":"Waqf / Religious Trust","mutation_status":"DISPUTED","active_mutation_id":"MUT-UK-00000107","tax_demand_status":"PAID","annual_tax_inr":"185.5","deed_number":"DEED-UK-2024-427-0107","deed_type":"Sale Deed / Conveyance","sro_office":"Sub-Registrar Office, Rishikesh Tehsil","execution_date":"2024-05-10","registered_owner":"Mahesh Chandra Joshi","seller_name":"Previous Landholder","consideration_amount_inr":"3500000.0","stamp_duty_inr":"210000.0","survey_sketch_id":"FMB-UK-27-0107","cadastral_sheet_no":"SHT-UK-27","surveyed_area_sqm":"1600.0","survey_status":"DISPUTED","urban_authority":"Rishikesh Tehsil Urban Development & Town Planning Authority","zone_name":"Agricultural / Green Buffer","permitted_land_use":"MIXED_USE","building_permission_status":"REJECTED","violations_reported":"False","is_encumbered":"True","encumbrance_certificate_number":"EC-UK-00000107-0107","encumbrance_type":"LEASE_CHARGE","financial_institution":"","mortgage_amount":"0.0","created_at":"2026-01-15T09:00:00Z","updated_at":"2026-09-24T11:30:00Z"}},{"type":"Feature","geometry":{"type":"Polygon","coordinates":[[[80.53747205781791,31.00692488905913],[80.65752503079126,31.017959380459732],[80.65752503079126,31.119722198525423],[80.52302857338877,31.117837331523187],[80.53747205781791,31.00692488905913]]]},"properties":{"ulpin":"05588174365627","parcel_id":"f28765bb-ff1d-4898-8ca7-25242335d7f2","state":"Uttarakhand","state_code":"UK","state_type":"STATE","state_lgd_code":"5","district_lgd_code":"65","district_name":"Dehradun","subdistrict_lgd_code":"510","subdistrict_name":"Rishikesh Tehsil","subdistrict_type":"Tehsil / Taluk","village_lgd_code":"51201","village_name":"Shyampur","khasra_plot_no":"Khasra 340/D108","recorded_area":"8.0","recorded_area_unit":"Bigha-Nali","normalized_area_sqm":"1600.0","gis_area_sqm":"1600.0","land_use_category":"OTHER","land_use_raw":"Krishi Bagayat","status":"ARCHIVED","data_freshness_status":"UNKNOWN","scenario_index":"17891","use_case_description":"Tribal non-alienation protection review","mutation_workflow_status":"SLA_BREACHED","revenue_record_id":"ROR-UK-2025-1027-0108","revenue_record_type":"Khatauni (Devbhoomi Uttarakhand)","khata_khewat_no":"KHT-77","khatauni_no":"KHN-177","owner_name":"Mahesh Chandra Joshi","owner_name_local":"महेश चंद्र जोशी","co_owners":"","tenure_type":"Tribal Community Tenure","mutation_status":"NONE","active_mutation_id":"MUT-UK-00000108","tax_demand_status":"PAID","annual_tax_inr":"185.5","deed_number":"DEED-UK-2024-427-0108","deed_type":"Sale Deed / Conveyance","sro_office":"Sub-Registrar Office, Rishikesh Tehsil","execution_date":"2024-05-10","registered_owner":"Mahesh Chandra Joshi","seller_name":"Previous Landholder","consideration_amount_inr":"3500000.0","stamp_duty_inr":"210000.0","survey_sketch_id":"FMB-UK-27-0108","cadastral_sheet_no":"SHT-UK-27","surveyed_area_sqm":"1600.0","survey_status":"RESURVEY_REQUIRED","urban_authority":"Rishikesh Tehsil Urban Development & Town Planning Authority","zone_name":"Agricultural / Green Buffer","permitted_land_use":"OTHER","building_permission_status":"NOT_APPLICABLE","violations_reported":"False","is_encumbered":"False","encumbrance_certificate_number":"EC-UK-2024-127-0108","encumbrance_type":"NIL","financial_institution":"","mortgage_amount":"0.0","created_at":"2026-01-15T09:00:00Z","updated_at":"2026-09-24T11:30:00Z"}},{"type":"Feature","geometry":{"type":"Polygon","coordinates":[[[78.65099942808693,29.413884342811013],[78.8012895558303,29.402324292214175],[78.78621950586407,29.57333001293587],[78.67009267130058,29.57436790460961],[78.65099942808693,29.413884342811013]]]},"properties":{"ulpin":"05737011519728","parcel_id":"d9efe390-0dab-461e-a6e2-c3f2858e6980","state":"Uttarakhand","state_code":"UK","state_type":"STATE","state_lgd_code":"5","district_lgd_code":"65","district_name":"Dehradun","subdistrict_lgd_code":"510","subdistrict_name":"Rishikesh Tehsil","subdistrict_type":"Tehsil / Taluk","village_lgd_code":"51201","village_name":"Shyampur","khasra_plot_no":"Khasra 340/D109","recorded_area":"8.0","recorded_area_unit":"Bigha-Nali","normalized_area_sqm":"1600.0","gis_area_sqm":"1600.0","land_use_category":"RESIDENTIAL","land_use_raw":"Krishi Bagayat","status":"ACTIVE","data_freshness_status":"CURRENT","scenario_index":"17892","use_case_description":"Bank mortgage and active encumbrance","mutation_workflow_status":"SUBMITTED","revenue_record_id":"ROR-UK-2025-1027-0109","revenue_record_type":"Khatauni (Devbhoomi Uttarakhand)","khata_khewat_no":"KHT-77","khatauni_no":"KHN-177","owner_name":"Mahesh Chandra Joshi","owner_name_local":"महेश चंद्र जोशी","co_owners":"","tenure_type":"Bhumiswami / Raiyati with Transferable Rights","mutation_status":"MUTATED","active_mutation_id":"","tax_demand_status":"PAID","annual_tax_inr":"185.5","deed_number":"DEED-UK-2024-427-0109","deed_type":"Sale Deed / Conveyance","sro_office":"Sub-Registrar Office, Rishikesh Tehsil","execution_date":"2024-05-10","registered_owner":"Mahesh Chandra Joshi","seller_name":"Previous Landholder","consideration_amount_inr":"3500000.0","stamp_duty_inr":"210000.0","survey_sketch_id":"FMB-UK-27-0109","cadastral_sheet_no":"SHT-UK-27","surveyed_area_sqm":"1600.0","survey_status":"SURVEYED","urban_authority":"Rishikesh Tehsil Urban Development & Town Planning Authority","zone_name":"Agricultural / Green Buffer","permitted_land_use":"RESIDENTIAL","building_permission_status":"SANCTIONED","violations_reported":"True","is_encumbered":"True","encumbrance_certificate_number":"EC-UK-00000109-0109","encumbrance_type":"BANK_MORTGAGE","financial_institution":"","mortgage_amount":"0.0","created_at":"2026-01-15T09:00:00Z","updated_at":"2026-09-24T11:30:00Z"}},{"type":"Feature","geometry":{"type":"Polygon","coordinates":[[[79.25271989840142,29.594849547965598],[79.40747996970741,29.555969893023086],[79.4064836235005,29.76295717591155],[79.23744780322525,29.769906232084942],[79.25271989840142,29.594849547965598]]]},"properties":{"ulpin":"05850375025878","parcel_id":"34b17cde-49ef-4b64-bc3f-0c923fdf2074","state":"Uttarakhand","state_code":"UK","state_type":"STATE","state_lgd_code":"5","district_lgd_code":"65","district_name":"Dehradun","subdistrict_lgd_code":"510","subdistrict_name":"Rishikesh Tehsil","subdistrict_type":"Tehsil / Taluk","village_lgd_code":"51201","village_name":"Shyampur","khasra_plot_no":"Khasra 340/D110","recorded_area":"8.0","recorded_area_unit":"Bigha-Nali","normalized_area_sqm":"1600.0","gis_area_sqm":"1600.0","land_use_category":"COMMERCIAL","land_use_raw":"Krishi Bagayat","status":"PENDING_MUTATION","data_freshness_status":"STALE","scenario_index":"17893","use_case_description":"Government revenue lien and tax demand","mutation_workflow_status":"UNDER_VERIFICATION","revenue_record_id":"ROR-UK-2025-1027-0110","revenue_record_type":"Khatauni (Devbhoomi Uttarakhand)","khata_khewat_no":"KHT-77","khatauni_no":"KHN-177","owner_name":"Mahesh Chandra Joshi","owner_name_local":"महेश चंद्र जोशी","co_owners":"","tenure_type":"Bhumiswami / Freehold","mutation_status":"PENDING","active_mutation_id":"MUT-UK-00000110","tax_demand_status":"PAID","annual_tax_inr":"185.5","deed_number":"DEED-UK-2024-427-0110","deed_type":"Sale Deed / Conveyance","sro_office":"Sub-Registrar Office, Rishikesh Tehsil","execution_date":"2024-05-10","registered_owner":"Mahesh Chandra Joshi","seller_name":"Previous Landholder","consideration_amount_inr":"3500000.0","stamp_duty_inr":"210000.0","survey_sketch_id":"FMB-UK-27-0110","cadastral_sheet_no":"SHT-UK-27","surveyed_area_sqm":"1600.0","survey_status":"PENDING","urban_authority":"Rishikesh Tehsil Urban Development & Town Planning Authority","zone_name":"Agricultural / Green Buffer","permitted_land_use":"COMMERCIAL","building_permission_status":"PENDING","violations_reported":"False","is_encumbered":"True","encumbrance_certificate_number":"EC-UK-00000110-0110","encumbrance_type":"GOVT_REVENUE_LIEN","financial_institution":"","mortgage_amount":"0.0","created_at":"2026-01-15T09:00:00Z","updated_at":"2026-09-24T11:30:00Z"}},{"type":"Feature","geometry":{"type":"Polygon","coordinates":[[[79.63176598080231,30.51209995904942],[79.75182256373938,30.51209995904942],[79.75182256373938,30.6657046264363],[79.61825212879475,30.64757084051757],[79.63176598080231,30.51209995904942]]]},"properties":{"ulpin":"05898015683045","parcel_id":"ed528231-71dc-4610-82dd-f4fb8690413b","state":"Uttarakhand","state_code":"UK","state_type":"STATE","state_lgd_code":"5","district_lgd_code":"65","district_name":"Dehradun","subdistrict_lgd_code":"510","subdistrict_name":"Rishikesh Tehsil","subdistrict_type":"Tehsil / Taluk","village_lgd_code":"51201","village_name":"Shyampur","khasra_plot_no":"Khasra 340/D111","recorded_area":"8.0","recorded_area_unit":"Bigha-Nali","normalized_area_sqm":"1600.0","gis_area_sqm":"1600.0","land_use_category":"INDUSTRIAL","land_use_raw":"Krishi Bagayat","status":"SUBDIVIDED","data_freshness_status":"UNKNOWN","scenario_index":"17894","use_case_description":"Court attachment and disputed possession","mutation_workflow_status":"NOTICE_PERIOD","revenue_record_id":"ROR-UK-2025-1027-0111","revenue_record_type":"Khatauni (Devbhoomi Uttarakhand)","khata_khewat_no":"KHT-77","khatauni_no":"KHN-177","owner_name":"Mahesh Chandra Joshi","owner_name_local":"महेश चंद्र जोशी","co_owners":"","tenure_type":"Leasehold","mutation_status":"UNMUTATED_TRANSACTION","active_mutation_id":"MUT-UK-00000111","tax_demand_status":"PAID","annual_tax_inr":"185.5","deed_number":"DEED-UK-2024-427-0111","deed_type":"Sale Deed / Conveyance","sro_office":"Sub-Registrar Office, Rishikesh Tehsil","execution_date":"2024-05-10","registered_owner":"Registry Variance Owner 111","seller_name":"Previous Landholder","consideration_amount_inr":"3500000.0","stamp_duty_inr":"210000.0","survey_sketch_id":"FMB-UK-27-0111","cadastral_sheet_no":"SHT-UK-27","surveyed_area_sqm":"1600.0","survey_status":"DISPUTED","urban_authority":"Rishikesh Tehsil Urban Development & Town Planning Authority","zone_name":"Agricultural / Green Buffer","permitted_land_use":"INDUSTRIAL","building_permission_status":"REJECTED","violations_reported":"False","is_encumbered":"True","encumbrance_certificate_number":"EC-UK-00000111-0111","encumbrance_type":"COURT_ATTACHMENT","financial_institution":"","mortgage_amount":"0.0","created_at":"2026-01-15T09:00:00Z","updated_at":"2026-09-24T11:30:00Z"}},{"type":"Feature","geometry":{"type":"Polygon","coordinates":[[[79.60706002399596,30.790409948869723],[79.75182256373938,30.776636386440547],[79.75182256373938,30.912620842691535],[79.63542542013222,30.896951488805712],[79.60706002399596,30.790409948869723]]]},"properties":{"ulpin":"05436727856699","parcel_id":"63fcad80-314b-42d9-9ee8-44e73cc0c7fd","state":"Uttarakhand","state_code":"UK","state_type":"STATE","state_lgd_code":"5","district_lgd_code":"65","district_name":"Dehradun","subdistrict_lgd_code":"510","subdistrict_name":"Rishikesh Tehsil","subdistrict_type":"Tehsil / Taluk","village_lgd_code":"51201","village_name":"Shyampur","khasra_plot_no":"Khasra 340/D112","recorded_area":"8.0","recorded_area_unit":"Bigha-Nali","normalized_area_sqm":"1600.0","gis_area_sqm":"1600.0","land_use_category":"AGRICULTURAL","land_use_raw":"Krishi Bagayat","status":"AMALGAMATED","data_freshness_status":"CURRENT","scenario_index":"17895","use_case_description":"Tribal non-alienation protection review","mutation_workflow_status":"HEARING_SCHEDULED","revenue_record_id":"ROR-UK-2025-1027-0112","revenue_record_type":"Khatauni (Devbhoomi Uttarakhand)","khata_khewat_no":"KHT-77","khatauni_no":"KHN-177","owner_name":"Mahesh Chandra Joshi","owner_name_local":"महेश चंद्र जोशी","co_owners":"","tenure_type":"Government Grant","mutation_status":"REJECTED","active_mutation_id":"MUT-UK-00000112","tax_demand_status":"PAID","annual_tax_inr":"185.5","deed_number":"DEED-UK-2024-427-0112","deed_type":"Sale Deed / Conveyance","sro_office":"Sub-Registrar Office, Rishikesh Tehsil","execution_date":"2024-05-10","registered_owner":"Mahesh Chandra Joshi","seller_name":"Previous Landholder","consideration_amount_inr":"3500000.0","stamp_duty_inr":"210000.0","survey_sketch_id":"FMB-UK-27-0112","cadastral_sheet_no":"SHT-UK-27","surveyed_area_sqm":"1600.0","survey_status":"RESURVEY_REQUIRED","urban_authority":"Rishikesh Tehsil Urban Development & Town Planning Authority","zone_name":"Agricultural / Green Buffer","permitted_land_use":"AGRICULTURAL","building_permission_status":"NOT_APPLICABLE","violations_reported":"False","is_encumbered":"True","encumbrance_certificate_number":"EC-UK-00000112-0112","encumbrance_type":"TRIBAL_NON_ALIENATION","financial_institution":"","mortgage_amount":"0.0","created_at":"2026-01-15T09:00:00Z","updated_at":"2026-09-24T11:30:00Z"}},{"type":"Feature","geometry":{"type":"Polygon","coordinates":[[[80.38370964537036,30.09947532368566],[80.49378310321403,30.085730658266435],[80.49378310321403,30.23192804863403],[80.38604567162604,30.257804788404513],[80.38370964537036,30.09947532368566]]]},"properties":{"ulpin":"05671555943808","parcel_id":"d0d79b43-11c9-48e0-a79d-afab911933f0","state":"Uttarakhand","state_code":"UK","state_type":"STATE","state_lgd_code":"5","district_lgd_code":"65","district_name":"Dehradun","subdistrict_lgd_code":"510","subdistrict_name":"Rishikesh Tehsil","subdistrict_type":"Tehsil / Taluk","village_lgd_code":"51201","village_name":"Shyampur","khasra_plot_no":"Khasra 340/D113","recorded_area":"8.0","recorded_area_unit":"Bigha-Nali","normalized_area_sqm":"1600.0","gis_area_sqm":"1600.0","land_use_category":"INSTITUTIONAL","land_use_raw":"Krishi Bagayat","status":"DISPUTED","data_freshness_status":"STALE","scenario_index":"17896","use_case_description":"Lease charge and institutional tenancy","mutation_workflow_status":"APPROVED","revenue_record_id":"ROR-UK-2025-1027-0113","revenue_record_type":"Khatauni (Devbhoomi Uttarakhand)","khata_khewat_no":"KHT-77","khatauni_no":"KHN-177","owner_name":"Mahesh Chandra Joshi","owner_name_local":"महेश चंद्र जोशी","co_owners":"","tenure_type":"Waqf / Religious Trust","mutation_status":"DISPUTED","active_mutation_id":"MUT-UK-00000113","tax_demand_status":"PAID","annual_tax_inr":"185.5","deed_number":"DEED-UK-2024-427-0113","deed_type":"Sale Deed / Conveyance","sro_office":"Sub-Registrar Office, Rishikesh Tehsil","execution_date":"2024-05-10","registered_owner":"Mahesh Chandra Joshi","seller_name":"Previous Landholder","consideration_amount_inr":"3500000.0","stamp_duty_inr":"210000.0","survey_sketch_id":"FMB-UK-27-0113","cadastral_sheet_no":"SHT-UK-27","surveyed_area_sqm":"1600.0","survey_status":"SURVEYED","urban_authority":"Rishikesh Tehsil Urban Development & Town Planning Authority","zone_name":"Agricultural / Green Buffer","permitted_land_use":"INSTITUTIONAL","building_permission_status":"SANCTIONED","violations_reported":"False","is_encumbered":"True","encumbrance_certificate_number":"EC-UK-00000113-0113","encumbrance_type":"LEASE_CHARGE","financial_institution":"","mortgage_amount":"0.0","created_at":"2026-01-15T09:00:00Z","updated_at":"2026-09-24T11:30:00Z"}},{"type":"Feature","geometry":{"type":"Polygon","coordinates":[[[79.24097336690505,30.106612273931113],[79.39492277344402,30.091972706286604],[79.40853660593167,30.261936240009405],[79.24398554333717,30.261936240009405],[79.24097336690505,30.106612273931113]]]},"properties":{"ulpin":"05654762873343","parcel_id":"85cfd667-c2d5-43dc-bd15-3b608ffc183b","state":"Uttarakhand","state_code":"UK","state_type":"STATE","state_lgd_code":"5","district_lgd_code":"65","district_name":"Dehradun","subdistrict_lgd_code":"510","subdistrict_name":"Rishikesh Tehsil","subdistrict_type":"Tehsil / Taluk","village_lgd_code":"51201","village_name":"Shyampur","khasra_plot_no":"Khasra 340/D114","recorded_area":"8.0","recorded_area_unit":"Bigha-Nali","normalized_area_sqm":"1600.0","gis_area_sqm":"1600.0","land_use_category":"FOREST_GREEN_BELT","land_use_raw":"Krishi Bagayat","status":"ARCHIVED","data_freshness_status":"UNKNOWN","scenario_index":"17897","use_case_description":"Pending sale mutation within statutory SLA","mutation_workflow_status":"REJECTED","revenue_record_id":"ROR-UK-2025-1027-0114","revenue_record_type":"Khatauni (Devbhoomi Uttarakhand)","khata_khewat_no":"KHT-77","khatauni_no":"KHN-177","owner_name":"Mahesh Chandra Joshi","owner_name_local":"महेश चंद्र जोशी","co_owners":"","tenure_type":"Tribal Community Tenure","mutation_status":"NONE","active_mutation_id":"MUT-UK-00000114","tax_demand_status":"PAID","annual_tax_inr":"185.5","deed_number":"DEED-UK-2024-427-0114","deed_type":"Sale Deed / Conveyance","sro_office":"Sub-Registrar Office, Rishikesh Tehsil","execution_date":"2024-05-10","registered_owner":"Mahesh Chandra Joshi","seller_name":"Previous Landholder","consideration_amount_inr":"3500000.0","stamp_duty_inr":"210000.0","survey_sketch_id":"FMB-UK-27-0114","cadastral_sheet_no":"SHT-UK-27","surveyed_area_sqm":"1600.0","survey_status":"PENDING","urban_authority":"Rishikesh Tehsil Urban Development & Town Planning Authority","zone_name":"Agricultural / Green Buffer","permitted_land_use":"FOREST_GREEN_BELT","building_permission_status":"PENDING","violations_reported":"False","is_encumbered":"False","encumbrance_certificate_number":"EC-UK-2024-127-0114","encumbrance_type":"NIL","financial_institution":"","mortgage_amount":"0.0","created_at":"2026-01-15T09:00:00Z","updated_at":"2026-09-24T11:30:00Z"}},{"type":"Feature","geometry":{"type":"Polygon","coordinates":[[[79.61825212879475,30.64757084051757],[79.75182256373938,30.6657046264363],[79.75182256373938,30.776636386440547],[79.60706002399596,30.790409948869723],[79.61825212879475,30.64757084051757]]]},"properties":{"ulpin":"05460626229628","parcel_id":"d2c97dc5-747c-4528-8f07-48ceb12b6a6b","state":"Uttarakhand","state_code":"UK","state_type":"STATE","state_lgd_code":"5","district_lgd_code":"65","district_name":"Dehradun","subdistrict_lgd_code":"510","subdistrict_name":"Rishikesh Tehsil","subdistrict_type":"Tehsil / Taluk","village_lgd_code":"51201","village_name":"Shyampur","khasra_plot_no":"Khasra 340/D115","recorded_area":"8.0","recorded_area_unit":"Bigha-Nali","normalized_area_sqm":"1600.0","gis_area_sqm":"1600.0","land_use_category":"WATER_BODY","land_use_raw":"Krishi Bagayat","status":"ACTIVE","data_freshness_status":"CURRENT","scenario_index":"17898","use_case_description":"Archived historical record for audit retrieval","mutation_workflow_status":"SLA_BREACHED","revenue_record_id":"ROR-UK-2025-1027-0115","revenue_record_type":"Khatauni (Devbhoomi Uttarakhand)","khata_khewat_no":"KHT-77","khatauni_no":"KHN-177","owner_name":"Mahesh Chandra Joshi","owner_name_local":"महेश चंद्र जोशी","co_owners":"","tenure_type":"Bhumiswami / Raiyati with Transferable Rights","mutation_status":"MUTATED","active_mutation_id":"","tax_demand_status":"PAID","annual_tax_inr":"185.5","deed_number":"DEED-UK-2024-427-0115","deed_type":"Sale Deed / Conveyance","sro_office":"Sub-Registrar Office, Rishikesh Tehsil","execution_date":"2024-05-10","registered_owner":"Mahesh Chandra Joshi","seller_name":"Previous Landholder","consideration_amount_inr":"3500000.0","stamp_duty_inr":"210000.0","survey_sketch_id":"FMB-UK-27-0115","cadastral_sheet_no":"SHT-UK-27","surveyed_area_sqm":"1600.0","survey_status":"DISPUTED","urban_authority":"Rishikesh Tehsil Urban Development & Town Planning Authority","zone_name":"Agricultural / Green Buffer","permitted_land_use":"WATER_BODY","building_permission_status":"REJECTED","violations_reported":"False","is_encumbered":"True","encumbrance_certificate_number":"EC-UK-00000115-0115","encumbrance_type":"BANK_MORTGAGE","financial_institution":"","mortgage_amount":"0.0","created_at":"2026-01-15T09:00:00Z","updated_at":"2026-09-24T11:30:00Z"}},{"type":"Feature","geometry":{"type":"Polygon","coordinates":[[[79.22987000893023,31.295820333405565],[79.3874346006635,31.320064568689627],[79.36224437402575,31.44781257098708],[79.24952967056193,31.44781257098708],[79.22987000893023,31.295820333405565]]]},"properties":{"ulpin":"05693683027734","parcel_id":"6fb9dd33-bd7a-4ee7-9b41-939c6a284d8e","state":"Uttarakhand","state_code":"UK","state_type":"STATE","state_lgd_code":"5","district_lgd_code":"65","district_name":"Dehradun","subdistrict_lgd_code":"510","subdistrict_name":"Rishikesh Tehsil","subdistrict_type":"Tehsil / Taluk","village_lgd_code":"51201","village_name":"Shyampur","khasra_plot_no":"Khasra 340/D116","recorded_area":"8.0","recorded_area_unit":"Bigha-Nali","normalized_area_sqm":"1600.0","gis_area_sqm":"1600.0","land_use_category":"MIXED_USE","land_use_raw":"Krishi Bagayat","status":"PENDING_MUTATION","data_freshness_status":"STALE","scenario_index":"17899","use_case_description":"Bank mortgage and active encumbrance","mutation_workflow_status":"SUBMITTED","revenue_record_id":"ROR-UK-2025-1027-0116","revenue_record_type":"Khatauni (Devbhoomi Uttarakhand)","khata_khewat_no":"KHT-77","khatauni_no":"KHN-177","owner_name":"Mahesh Chandra Joshi","owner_name_local":"महेश चंद्र जोशी","co_owners":"","tenure_type":"Bhumiswami / Freehold","mutation_status":"PENDING","active_mutation_id":"MUT-UK-00000116","tax_demand_status":"PAID","annual_tax_inr":"185.5","deed_number":"DEED-UK-2024-427-0116","deed_type":"Sale Deed / Conveyance","sro_office":"Sub-Registrar Office, Rishikesh Tehsil","execution_date":"2024-05-10","registered_owner":"Registry Variance Owner 116","seller_name":"Previous Landholder","consideration_amount_inr":"3500000.0","stamp_duty_inr":"210000.0","survey_sketch_id":"FMB-UK-27-0116","cadastral_sheet_no":"SHT-UK-27","surveyed_area_sqm":"1600.0","survey_status":"RESURVEY_REQUIRED","urban_authority":"Rishikesh Tehsil Urban Development & Town Planning Authority","zone_name":"Agricultural / Green Buffer","permitted_land_use":"MIXED_USE","building_permission_status":"NOT_APPLICABLE","violations_reported":"True","is_encumbered":"True","encumbrance_certificate_number":"EC-UK-00000116-0116","encumbrance_type":"GOVT_REVENUE_LIEN","financial_institution":"","mortgage_amount":"0.0","created_at":"2026-01-15T09:00:00Z","updated_at":"2026-09-24T11:30:00Z"}},{"type":"Feature","geometry":{"type":"Polygon","coordinates":[[[78.24777037895777,29.285652699056914],[78.38552320214512,29.285652699056914],[78.37735706776863,29.415997564262458],[78.24777037895777,29.433995183575117],[78.24777037895777,29.285652699056914]]]},"properties":{"ulpin":"05938762852504","parcel_id":"9cb2cc12-63f6-4e8e-b42a-104be297a720","state":"Uttarakhand","state_code":"UK","state_type":"STATE","state_lgd_code":"5","district_lgd_code":"65","district_name":"Dehradun","subdistrict_lgd_code":"510","subdistrict_name":"Rishikesh Tehsil","subdistrict_type":"Tehsil / Taluk","village_lgd_code":"51201","village_name":"Shyampur","khasra_plot_no":"Khasra 340/D117","recorded_area":"8.0","recorded_area_unit":"Bigha-Nali","normalized_area_sqm":"1600.0","gis_area_sqm":"1600.0","land_use_category":"OTHER","land_use_raw":"Krishi Bagayat","status":"SUBDIVIDED","data_freshness_status":"UNKNOWN","scenario_index":"17900","use_case_description":"Government revenue lien and tax demand","mutation_workflow_status":"UNDER_VERIFICATION","revenue_record_id":"ROR-UK-2025-1027-0117","revenue_record_type":"Khatauni (Devbhoomi Uttarakhand)","khata_khewat_no":"KHT-77","khatauni_no":"KHN-177","owner_name":"Mahesh Chandra Joshi","owner_name_local":"महेश चंद्र जोशी","co_owners":"","tenure_type":"Leasehold","mutation_status":"UNMUTATED_TRANSACTION","active_mutation_id":"MUT-UK-00000117","tax_demand_status":"PAID","annual_tax_inr":"185.5","deed_number":"DEED-UK-2024-427-0117","deed_type":"Sale Deed / Conveyance","sro_office":"Sub-Registrar Office, Rishikesh Tehsil","execution_date":"2024-05-10","registered_owner":"Mahesh Chandra Joshi","seller_name":"Previous Landholder","consideration_amount_inr":"3500000.0","stamp_duty_inr":"210000.0","survey_sketch_id":"FMB-UK-27-0117","cadastral_sheet_no":"SHT-UK-27","surveyed_area_sqm":"1600.0","survey_status":"SURVEYED","urban_authority":"Rishikesh Tehsil Urban Development & Town Planning Authority","zone_name":"Agricultural / Green Buffer","permitted_land_use":"OTHER","building_permission_status":"SANCTIONED","violations_reported":"False","is_encumbered":"True","encumbrance_certificate_number":"EC-UK-00000117-0117","encumbrance_type":"COURT_ATTACHMENT","financial_institution":"","mortgage_amount":"0.0","created_at":"2026-01-15T09:00:00Z","updated_at":"2026-09-24T11:30:00Z"}},{"type":"Feature","geometry":{"type":"Polygon","coordinates":[[[78.52008104406696,29.98748275474371],[78.67712762267033,29.985938987930496],[78.63699220111668,30.11199931294838],[78.51377779259802,30.11199931294838],[78.52008104406696,29.98748275474371]]]},"properties":{"ulpin":"05430536583428","parcel_id":"9293a3ec-1735-411b-b314-6ce9bacf327c","state":"Uttarakhand","state_code":"UK","state_type":"STATE","state_lgd_code":"5","district_lgd_code":"65","district_name":"Dehradun","subdistrict_lgd_code":"510","subdistrict_name":"Rishikesh Tehsil","subdistrict_type":"Tehsil / Taluk","village_lgd_code":"51201","village_name":"Shyampur","khasra_plot_no":"Khasra 340/D118","recorded_area":"8.0","recorded_area_unit":"Bigha-Nali","normalized_area_sqm":"1600.0","gis_area_sqm":"1600.0","land_use_category":"RESIDENTIAL","land_use_raw":"Krishi Bagayat","status":"AMALGAMATED","data_freshness_status":"CURRENT","scenario_index":"17901","use_case_description":"Court attachment and disputed possession","mutation_workflow_status":"NOTICE_PERIOD","revenue_record_id":"ROR-UK-2025-1027-0118","revenue_record_type":"Khatauni (Devbhoomi Uttarakhand)","khata_khewat_no":"KHT-77","khatauni_no":"KHN-177","owner_name":"Mahesh Chandra Joshi","owner_name_local":"महेश चंद्र जोशी","co_owners":"","tenure_type":"Government Grant","mutation_status":"REJECTED","active_mutation_id":"MUT-UK-00000118","tax_demand_status":"PAID","annual_tax_inr":"185.5","deed_number":"DEED-UK-2024-427-0118","deed_type":"Sale Deed / Conveyance","sro_office":"Sub-Registrar Office, Rishikesh Tehsil","execution_date":"2024-05-10","registered_owner":"Mahesh Chandra Joshi","seller_name":"Previous Landholder","consideration_amount_inr":"3500000.0","stamp_duty_inr":"210000.0","survey_sketch_id":"FMB-UK-27-0118","cadastral_sheet_no":"SHT-UK-27","surveyed_area_sqm":"1600.0","survey_status":"PENDING","urban_authority":"Rishikesh Tehsil Urban Development & Town Planning Authority","zone_name":"Agricultural / Green Buffer","permitted_land_use":"RESIDENTIAL","building_permission_status":"PENDING","violations_reported":"False","is_encumbered":"True","encumbrance_certificate_number":"EC-UK-00000118-0118","encumbrance_type":"TRIBAL_NON_ALIENATION","financial_institution":"","mortgage_amount":"0.0","created_at":"2026-01-15T09:00:00Z","updated_at":"2026-09-24T11:30:00Z"}},{"type":"Feature","geometry":{"type":"Polygon","coordinates":[[[79.02985560994448,29.91197617975804],[79.20674252944492,29.931540198968776],[79.24097336690505,30.106612273931113],[79.02985560994448,30.070258072339755],[79.02985560994448,29.91197617975804]]]},"properties":{"ulpin":"05271750892655","parcel_id":"4547ade8-b588-4883-bef6-5edd7a485675","state":"Uttarakhand","state_code":"UK","state_type":"STATE","state_lgd_code":"5","district_lgd_code":"65","district_name":"Dehradun","subdistrict_lgd_code":"510","subdistrict_name":"Rishikesh Tehsil","subdistrict_type":"Tehsil / Taluk","village_lgd_code":"51201","village_name":"Shyampur","khasra_plot_no":"Khasra 340/D119","recorded_area":"8.0","recorded_area_unit":"Bigha-Nali","normalized_area_sqm":"1600.0","gis_area_sqm":"1600.0","land_use_category":"COMMERCIAL","land_use_raw":"Krishi Bagayat","status":"DISPUTED","data_freshness_status":"STALE","scenario_index":"17902","use_case_description":"Tribal non-alienation protection review","mutation_workflow_status":"HEARING_SCHEDULED","revenue_record_id":"ROR-UK-2025-1027-0119","revenue_record_type":"Khatauni (Devbhoomi Uttarakhand)","khata_khewat_no":"KHT-77","khatauni_no":"KHN-177","owner_name":"Mahesh Chandra Joshi","owner_name_local":"महेश चंद्र जोशी","co_owners":"","tenure_type":"Waqf / Religious Trust","mutation_status":"DISPUTED","active_mutation_id":"MUT-UK-00000119","tax_demand_status":"PAID","annual_tax_inr":"185.5","deed_number":"DEED-UK-2024-427-0119","deed_type":"Sale Deed / Conveyance","sro_office":"Sub-Registrar Office, Rishikesh Tehsil","execution_date":"2024-05-10","registered_owner":"Mahesh Chandra Joshi","seller_name":"Previous Landholder","consideration_amount_inr":"3500000.0","stamp_duty_inr":"210000.0","survey_sketch_id":"FMB-UK-27-0119","cadastral_sheet_no":"SHT-UK-27","surveyed_area_sqm":"1600.0","survey_status":"DISPUTED","urban_authority":"Rishikesh Tehsil Urban Development & Town Planning Authority","zone_name":"Agricultural / Green Buffer","permitted_land_use":"COMMERCIAL","building_permission_status":"REJECTED","violations_reported":"False","is_encumbered":"True","encumbrance_certificate_number":"EC-UK-00000119-0119","encumbrance_type":"LEASE_CHARGE","financial_institution":"","mortgage_amount":"0.0","created_at":"2026-01-15T09:00:00Z","updated_at":"2026-09-24T11:30:00Z"}},{"type":"Feature","geometry":{"type":"Polygon","coordinates":[[[79.97822961697013,31.434569632360088],[80.12201859490813,31.451224102144284],[80.10875694626537,31.551945943662723],[79.97822961697013,31.549836462496582],[79.97822961697013,31.434569632360088]]]},"properties":{"ulpin":"05764459049068","parcel_id":"4565f102-bc90-4a1a-8232-21d0658dd92f","state":"Uttarakhand","state_code":"UK","state_type":"STATE","state_lgd_code":"5","district_lgd_code":"65","district_name":"Dehradun","subdistrict_lgd_code":"510","subdistrict_name":"Rishikesh Tehsil","subdistrict_type":"Tehsil / Taluk","village_lgd_code":"51201","village_name":"Shyampur","khasra_plot_no":"Khasra 340/D120","recorded_area":"8.0","recorded_area_unit":"Bigha-Nali","normalized_area_sqm":"1600.0","gis_area_sqm":"1600.0","land_use_category":"INDUSTRIAL","land_use_raw":"Krishi Bagayat","status":"ARCHIVED","data_freshness_status":"UNKNOWN","scenario_index":"17903","use_case_description":"Bank mortgage and active encumbrance","mutation_workflow_status":"APPROVED","revenue_record_id":"ROR-UK-2025-1027-0120","revenue_record_type":"Khatauni (Devbhoomi Uttarakhand)","khata_khewat_no":"KHT-77","khatauni_no":"KHN-177","owner_name":"Mahesh Chandra Joshi","owner_name_local":"महेश चंद्र जोशी","co_owners":"","tenure_type":"Tribal Community Tenure","mutation_status":"NONE","active_mutation_id":"MUT-UK-00000120","tax_demand_status":"PAID","annual_tax_inr":"185.5","deed_number":"DEED-UK-2024-427-0120","deed_type":"Sale Deed / Conveyance","sro_office":"Sub-Registrar Office, Rishikesh Tehsil","execution_date":"2024-05-10","registered_owner":"Mahesh Chandra Joshi","seller_name":"Previous Landholder","consideration_amount_inr":"3500000.0","stamp_duty_inr":"210000.0","survey_sketch_id":"FMB-UK-27-0120","cadastral_sheet_no":"SHT-UK-27","surveyed_area_sqm":"1600.0","survey_status":"RESURVEY_REQUIRED","urban_authority":"Rishikesh Tehsil Urban Development & Town Planning Authority","zone_name":"Agricultural / Green Buffer","permitted_land_use":"INDUSTRIAL","building_permission_status":"NOT_APPLICABLE","violations_reported":"False","is_encumbered":"False","encumbrance_certificate_number":"EC-UK-2024-127-0120","encumbrance_type":"NIL","financial_institution":"","mortgage_amount":"0.0","created_at":"2026-01-15T09:00:00Z","updated_at":"2026-09-24T11:30:00Z"}},{"type":"Feature","geometry":{"type":"Polygon","coordinates":[[[78.3809154096978,29.694132014638335],[78.53902607477121,29.699318746526952],[78.52999990767091,29.850847909654366],[78.39209462615167,29.841103243746634],[78.3809154096978,29.694132014638335]]]},"properties":{"ulpin":"05763248766933","parcel_id":"6984d696-2153-49c1-9a86-1569c6601b69","state":"Uttarakhand","state_code":"UK","state_type":"STATE","state_lgd_code":"5","district_lgd_code":"65","district_name":"Dehradun","subdistrict_lgd_code":"510","subdistrict_name":"Rishikesh Tehsil","subdistrict_type":"Tehsil / Taluk","village_lgd_code":"51201","village_name":"Shyampur","khasra_plot_no":"Khasra 340/D121","recorded_area":"8.0","recorded_area_unit":"Bigha-Nali","normalized_area_sqm":"1600.0","gis_area_sqm":"1600.0","land_use_category":"AGRICULTURAL","land_use_raw":"Krishi Bagayat","status":"ACTIVE","data_freshness_status":"CURRENT","scenario_index":"17904","use_case_description":"Subdivision or amalgamation history review","mutation_workflow_status":"REJECTED","revenue_record_id":"ROR-UK-2025-1027-0121","revenue_record_type":"Khatauni (Devbhoomi Uttarakhand)","khata_khewat_no":"KHT-77","khatauni_no":"KHN-177","owner_name":"Mahesh Chandra Joshi","owner_name_local":"महेश चंद्र जोशी","co_owners":"","tenure_type":"Bhumiswami / Raiyati with Transferable Rights","mutation_status":"MUTATED","active_mutation_id":"","tax_demand_status":"PAID","annual_tax_inr":"185.5","deed_number":"DEED-UK-2024-427-0121","deed_type":"Sale Deed / Conveyance","sro_office":"Sub-Registrar Office, Rishikesh Tehsil","execution_date":"2024-05-10","registered_owner":"Registry Variance Owner 121","seller_name":"Previous Landholder","consideration_amount_inr":"3500000.0","stamp_duty_inr":"210000.0","survey_sketch_id":"FMB-UK-27-0121","cadastral_sheet_no":"SHT-UK-27","surveyed_area_sqm":"1600.0","survey_status":"SURVEYED","urban_authority":"Rishikesh Tehsil Urban Development & Town Planning Authority","zone_name":"Agricultural / Green Buffer","permitted_land_use":"AGRICULTURAL","building_permission_status":"SANCTIONED","violations_reported":"False","is_encumbered":"True","encumbrance_certificate_number":"EC-UK-00000121-0121","encumbrance_type":"BANK_MORTGAGE","financial_institution":"","mortgage_amount":"0.0","created_at":"2026-01-15T09:00:00Z","updated_at":"2026-09-24T11:30:00Z"}},{"type":"Feature","geometry":{"type":"Polygon","coordinates":[[[80.26050937013392,31.011648849604207],[80.38721626795761,31.023343850134463],[80.39643544300658,31.102854067204923],[80.24286574820944,31.115973356145343],[80.26050937013392,31.011648849604207]]]},"properties":{"ulpin":"05142941212313","parcel_id":"0fb415d6-58ef-4868-9f1d-871c96f39173","state":"Uttarakhand","state_code":"UK","state_type":"STATE","state_lgd_code":"5","district_lgd_code":"65","district_name":"Dehradun","subdistrict_lgd_code":"510","subdistrict_name":"Rishikesh Tehsil","subdistrict_type":"Tehsil / Taluk","village_lgd_code":"51201","village_name":"Shyampur","khasra_plot_no":"Khasra 340/D122","recorded_area":"8.0","recorded_area_unit":"Bigha-Nali","normalized_area_sqm":"1600.0","gis_area_sqm":"1600.0","land_use_category":"INSTITUTIONAL","land_use_raw":"Krishi Bagayat","status":"PENDING_MUTATION","data_freshness_status":"STALE","scenario_index":"17905","use_case_description":"Archived historical record for audit retrieval","mutation_workflow_status":"SLA_BREACHED","revenue_record_id":"ROR-UK-2025-1027-0122","revenue_record_type":"Khatauni (Devbhoomi Uttarakhand)","khata_khewat_no":"KHT-77","khatauni_no":"KHN-177","owner_name":"Mahesh Chandra Joshi","owner_name_local":"महेश चंद्र जोशी","co_owners":"","tenure_type":"Bhumiswami / Freehold","mutation_status":"PENDING","active_mutation_id":"MUT-UK-00000122","tax_demand_status":"PAID","annual_tax_inr":"185.5","deed_number":"DEED-UK-2024-427-0122","deed_type":"Sale Deed / Conveyance","sro_office":"Sub-Registrar Office, Rishikesh Tehsil","execution_date":"2024-05-10","registered_owner":"Mahesh Chandra Joshi","seller_name":"Previous Landholder","consideration_amount_inr":"3500000.0","stamp_duty_inr":"210000.0","survey_sketch_id":"FMB-UK-27-0122","cadastral_sheet_no":"SHT-UK-27","surveyed_area_sqm":"1600.0","survey_status":"PENDING","urban_authority":"Rishikesh Tehsil Urban Development & Town Planning Authority","zone_name":"Agricultural / Green Buffer","permitted_land_use":"INSTITUTIONAL","building_permission_status":"PENDING","violations_reported":"False","is_encumbered":"True","encumbrance_certificate_number":"EC-UK-00000122-0122","encumbrance_type":"GOVT_REVENUE_LIEN","financial_institution":"","mortgage_amount":"0.0","created_at":"2026-01-15T09:00:00Z","updated_at":"2026-09-24T11:30:00Z"}},{"type":"Feature","geometry":{"type":"Polygon","coordinates":[[[79.43974755063992,29.91268554830315],[79.6197869751269,29.93660982996423],[79.6197869751269,30.07578422742083],[79.39492277344402,30.091972706286604],[79.43974755063992,29.91268554830315]]]},"properties":{"ulpin":"05556528334606","parcel_id":"5aba4f7f-6726-4ff7-aa81-0877677e7491","state":"Uttarakhand","state_code":"UK","state_type":"STATE","state_lgd_code":"5","district_lgd_code":"65","district_name":"Dehradun","subdistrict_lgd_code":"510","subdistrict_name":"Rishikesh Tehsil","subdistrict_type":"Tehsil / Taluk","village_lgd_code":"51201","village_name":"Shyampur","khasra_plot_no":"Khasra 340/D123","recorded_area":"8.0","recorded_area_unit":"Bigha-Nali","normalized_area_sqm":"1600.0","gis_area_sqm":"1600.0","land_use_category":"FOREST_GREEN_BELT","land_use_raw":"Krishi Bagayat","status":"SUBDIVIDED","data_freshness_status":"UNKNOWN","scenario_index":"17906","use_case_description":"Bank mortgage and active encumbrance","mutation_workflow_status":"SUBMITTED","revenue_record_id":"ROR-UK-2025-1027-0123","revenue_record_type":"Khatauni (Devbhoomi Uttarakhand)","khata_khewat_no":"KHT-77","khatauni_no":"KHN-177","owner_name":"Mahesh Chandra Joshi","owner_name_local":"महेश चंद्र जोशी","co_owners":"","tenure_type":"Leasehold","mutation_status":"UNMUTATED_TRANSACTION","active_mutation_id":"MUT-UK-00000123","tax_demand_status":"PAID","annual_tax_inr":"185.5","deed_number":"DEED-UK-2024-427-0123","deed_type":"Sale Deed / Conveyance","sro_office":"Sub-Registrar Office, Rishikesh Tehsil","execution_date":"2024-05-10","registered_owner":"Mahesh Chandra Joshi","seller_name":"Previous Landholder","consideration_amount_inr":"3500000.0","stamp_duty_inr":"210000.0","survey_sketch_id":"FMB-UK-27-0123","cadastral_sheet_no":"SHT-UK-27","surveyed_area_sqm":"1600.0","survey_status":"DISPUTED","urban_authority":"Rishikesh Tehsil Urban Development & Town Planning Authority","zone_name":"Agricultural / Green Buffer","permitted_land_use":"FOREST_GREEN_BELT","building_permission_status":"REJECTED","violations_reported":"True","is_encumbered":"True","encumbrance_certificate_number":"EC-UK-00000123-0123","encumbrance_type":"COURT_ATTACHMENT","financial_institution":"","mortgage_amount":"0.0","created_at":"2026-01-15T09:00:00Z","updated_at":"2026-09-24T11:30:00Z"}},{"type":"Feature","geometry":{"type":"Polygon","coordinates":[[[78.67009267130058,29.57436790460961],[78.78621950586407,29.57333001293587],[78.78348934581824,29.718971949055433],[78.67682697578286,29.7090534438415],[78.67009267130058,29.57436790460961]]]},"properties":{"ulpin":"05431566330084","parcel_id":"cc953ff8-2b18-4b93-9b67-0b385ff1a18c","state":"Uttarakhand","state_code":"UK","state_type":"STATE","state_lgd_code":"5","district_lgd_code":"65","district_name":"Dehradun","subdistrict_lgd_code":"510","subdistrict_name":"Rishikesh Tehsil","subdistrict_type":"Tehsil / Taluk","village_lgd_code":"51201","village_name":"Shyampur","khasra_plot_no":"Khasra 340/D124","recorded_area":"8.0","recorded_area_unit":"Bigha-Nali","normalized_area_sqm":"1600.0","gis_area_sqm":"1600.0","land_use_category":"WATER_BODY","land_use_raw":"Krishi Bagayat","status":"AMALGAMATED","data_freshness_status":"CURRENT","scenario_index":"17907","use_case_description":"Government revenue lien and tax demand","mutation_workflow_status":"UNDER_VERIFICATION","revenue_record_id":"ROR-UK-2025-1027-0124","revenue_record_type":"Khatauni (Devbhoomi Uttarakhand)","khata_khewat_no":"KHT-77","khatauni_no":"KHN-177","owner_name":"Mahesh Chandra Joshi","owner_name_local":"महेश चंद्र जोशी","co_owners":"","tenure_type":"Government Grant","mutation_status":"REJECTED","active_mutation_id":"MUT-UK-00000124","tax_demand_status":"PAID","annual_tax_inr":"185.5","deed_number":"DEED-UK-2024-427-0124","deed_type":"Sale Deed / Conveyance","sro_office":"Sub-Registrar Office, Rishikesh Tehsil","execution_date":"2024-05-10","registered_owner":"Mahesh Chandra Joshi","seller_name":"Previous Landholder","consideration_amount_inr":"3500000.0","stamp_duty_inr":"210000.0","survey_sketch_id":"FMB-UK-27-0124","cadastral_sheet_no":"SHT-UK-27","surveyed_area_sqm":"1600.0","survey_status":"RESURVEY_REQUIRED","urban_authority":"Rishikesh Tehsil Urban Development & Town Planning Authority","zone_name":"Agricultural / Green Buffer","permitted_land_use":"WATER_BODY","building_permission_status":"NOT_APPLICABLE","violations_reported":"False","is_encumbered":"True","encumbrance_certificate_number":"EC-UK-00000124-0124","encumbrance_type":"TRIBAL_NON_ALIENATION","financial_institution":"","mortgage_amount":"0.0","created_at":"2026-01-15T09:00:00Z","updated_at":"2026-09-24T11:30:00Z"}},{"type":"Feature","geometry":{"type":"Polygon","coordinates":[[[79.99569315925804,29.652429384444964],[80.13455844562807,29.648560084744148],[80.11544691384145,29.790618605789046],[79.99569315925804,29.80383217280339],[79.99569315925804,29.652429384444964]]]},"properties":{"ulpin":"05914828297100","parcel_id":"0d785740-735b-482a-8147-45da50b58bb5","state":"Uttarakhand","state_code":"UK","state_type":"STATE","state_lgd_code":"5","district_lgd_code":"65","district_name":"Dehradun","subdistrict_lgd_code":"510","subdistrict_name":"Rishikesh Tehsil","subdistrict_type":"Tehsil / Taluk","village_lgd_code":"51201","village_name":"Shyampur","khasra_plot_no":"Khasra 340/D125","recorded_area":"8.0","recorded_area_unit":"Bigha-Nali","normalized_area_sqm":"1600.0","gis_area_sqm":"1600.0","land_use_category":"MIXED_USE","land_use_raw":"Krishi Bagayat","status":"DISPUTED","data_freshness_status":"STALE","scenario_index":"17908","use_case_description":"Court attachment and disputed possession","mutation_workflow_status":"NOTICE_PERIOD","revenue_record_id":"ROR-UK-2025-1027-0125","revenue_record_type":"Khatauni (Devbhoomi Uttarakhand)","khata_khewat_no":"KHT-77","khatauni_no":"KHN-177","owner_name":"Mahesh Chandra Joshi","owner_name_local":"महेश चंद्र जोशी","co_owners":"","tenure_type":"Waqf / Religious Trust","mutation_status":"DISPUTED","active_mutation_id":"MUT-UK-00000125","tax_demand_status":"PAID","annual_tax_inr":"185.5","deed_number":"DEED-UK-2024-427-0125","deed_type":"Sale Deed / Conveyance","sro_office":"Sub-Registrar Office, Rishikesh Tehsil","execution_date":"2024-05-10","registered_owner":"Mahesh Chandra Joshi","seller_name":"Previous Landholder","consideration_amount_inr":"3500000.0","stamp_duty_inr":"210000.0","survey_sketch_id":"FMB-UK-27-0125","cadastral_sheet_no":"SHT-UK-27","surveyed_area_sqm":"1600.0","survey_status":"SURVEYED","urban_authority":"Rishikesh Tehsil Urban Development & Town Planning Authority","zone_name":"Agricultural / Green Buffer","permitted_land_use":"MIXED_USE","building_permission_status":"SANCTIONED","violations_reported":"False","is_encumbered":"True","encumbrance_certificate_number":"EC-UK-00000125-0125","encumbrance_type":"LEASE_CHARGE","financial_institution":"","mortgage_amount":"0.0","created_at":"2026-01-15T09:00:00Z","updated_at":"2026-09-24T11:30:00Z"}},{"type":"Feature","geometry":{"type":"Polygon","coordinates":[[[79.99569315925804,29.957987748252407],[80.11007798801394,29.957468299112065],[80.11895474533735,30.08593096831274],[79.99569315925804,30.1039895315031],[79.99569315925804,29.957987748252407]]]},"properties":{"ulpin":"05532304315272","parcel_id":"ca6b4493-8b03-49e0-9de7-4c525f5a00a8","state":"Uttarakhand","state_code":"UK","state_type":"STATE","state_lgd_code":"5","district_lgd_code":"65","district_name":"Dehradun","subdistrict_lgd_code":"510","subdistrict_name":"Rishikesh Tehsil","subdistrict_type":"Tehsil / Taluk","village_lgd_code":"51201","village_name":"Shyampur","khasra_plot_no":"Khasra 340/D126","recorded_area":"8.0","recorded_area_unit":"Bigha-Nali","normalized_area_sqm":"1600.0","gis_area_sqm":"1600.0","land_use_category":"OTHER","land_use_raw":"Krishi Bagayat","status":"ARCHIVED","data_freshness_status":"UNKNOWN","scenario_index":"17909","use_case_description":"Archived historical record for audit retrieval","mutation_workflow_status":"HEARING_SCHEDULED","revenue_record_id":"ROR-UK-2025-1027-0126","revenue_record_type":"Khatauni (Devbhoomi Uttarakhand)","khata_khewat_no":"KHT-77","khatauni_no":"KHN-177","owner_name":"Mahesh Chandra Joshi","owner_name_local":"महेश चंद्र जोशी","co_owners":"","tenure_type":"Tribal Community Tenure","mutation_status":"NONE","active_mutation_id":"MUT-UK-00000126","tax_demand_status":"PAID","annual_tax_inr":"185.5","deed_number":"DEED-UK-2024-427-0126","deed_type":"Sale Deed / Conveyance","sro_office":"Sub-Registrar Office, Rishikesh Tehsil","execution_date":"2024-05-10","registered_owner":"Registry Variance Owner 126","seller_name":"Previous Landholder","consideration_amount_inr":"3500000.0","stamp_duty_inr":"210000.0","survey_sketch_id":"FMB-UK-27-0126","cadastral_sheet_no":"SHT-UK-27","surveyed_area_sqm":"1600.0","survey_status":"PENDING","urban_authority":"Rishikesh Tehsil Urban Development & Town Planning Authority","zone_name":"Agricultural / Green Buffer","permitted_land_use":"OTHER","building_permission_status":"PENDING","violations_reported":"False","is_encumbered":"False","encumbrance_certificate_number":"EC-UK-2024-127-0126","encumbrance_type":"NIL","financial_institution":"","mortgage_amount":"0.0","created_at":"2026-01-15T09:00:00Z","updated_at":"2026-09-24T11:30:00Z"}},{"type":"Feature","geometry":{"type":"Polygon","coordinates":[[[79.43669471437852,29.388101260123772],[79.6197869751269,29.378260060572913],[79.6197869751269,29.587658770464287],[79.40747996970741,29.555969893023086],[79.43669471437852,29.388101260123772]]]},"properties":{"ulpin":"05644439992144","parcel_id":"50075d18-6304-4926-9294-927afe79323b","state":"Uttarakhand","state_code":"UK","state_type":"STATE","state_lgd_code":"5","district_lgd_code":"65","district_name":"Dehradun","subdistrict_lgd_code":"510","subdistrict_name":"Rishikesh Tehsil","subdistrict_type":"Tehsil / Taluk","village_lgd_code":"51201","village_name":"Shyampur","khasra_plot_no":"Khasra 340/D127","recorded_area":"8.0","recorded_area_unit":"Bigha-Nali","normalized_area_sqm":"1600.0","gis_area_sqm":"1600.0","land_use_category":"RESIDENTIAL","land_use_raw":"Krishi Bagayat","status":"ACTIVE","data_freshness_status":"CURRENT","scenario_index":"17910","use_case_description":"Lease charge and institutional tenancy","mutation_workflow_status":"APPROVED","revenue_record_id":"ROR-UK-2025-1027-0127","revenue_record_type":"Khatauni (Devbhoomi Uttarakhand)","khata_khewat_no":"KHT-77","khatauni_no":"KHN-177","owner_name":"Mahesh Chandra Joshi","owner_name_local":"महेश चंद्र जोशी","co_owners":"","tenure_type":"Bhumiswami / Raiyati with Transferable Rights","mutation_status":"MUTATED","active_mutation_id":"","tax_demand_status":"PAID","annual_tax_inr":"185.5","deed_number":"DEED-UK-2024-427-0127","deed_type":"Sale Deed / Conveyance","sro_office":"Sub-Registrar Office, Rishikesh Tehsil","execution_date":"2024-05-10","registered_owner":"Mahesh Chandra Joshi","seller_name":"Previous Landholder","consideration_amount_inr":"3500000.0","stamp_duty_inr":"210000.0","survey_sketch_id":"FMB-UK-27-0127","cadastral_sheet_no":"SHT-UK-27","surveyed_area_sqm":"1600.0","survey_status":"DISPUTED","urban_authority":"Rishikesh Tehsil Urban Development & Town Planning Authority","zone_name":"Agricultural / Green Buffer","permitted_land_use":"RESIDENTIAL","building_permission_status":"REJECTED","violations_reported":"False","is_encumbered":"True","encumbrance_certificate_number":"EC-UK-00000127-0127","encumbrance_type":"BANK_MORTGAGE","financial_institution":"","mortgage_amount":"0.0","created_at":"2026-01-15T09:00:00Z","updated_at":"2026-09-24T11:30:00Z"}},{"type":"Feature","geometry":{"type":"Polygon","coordinates":[[[79.23681472508652,31.032787764438375],[79.38287854393236,31.037353814454985],[79.36304200710387,31.189895303268173],[79.23087584395854,31.194072454104678],[79.23681472508652,31.032787764438375]]]},"properties":{"ulpin":"05237104209394","parcel_id":"10eff2df-1ed8-4a15-91be-c24a447bcc14","state":"Uttarakhand","state_code":"UK","state_type":"STATE","state_lgd_code":"5","district_lgd_code":"65","district_name":"Dehradun","subdistrict_lgd_code":"510","subdistrict_name":"Rishikesh Tehsil","subdistrict_type":"Tehsil / Taluk","village_lgd_code":"51201","village_name":"Shyampur","khasra_plot_no":"Khasra 340/D128","recorded_area":"8.0","recorded_area_unit":"Bigha-Nali","normalized_area_sqm":"1600.0","gis_area_sqm":"1600.0","land_use_category":"COMMERCIAL","land_use_raw":"Krishi Bagayat","status":"PENDING_MUTATION","data_freshness_status":"STALE","scenario_index":"17911","use_case_description":"Subdivision or amalgamation history review","mutation_workflow_status":"REJECTED","revenue_record_id":"ROR-UK-2025-1027-0128","revenue_record_type":"Khatauni (Devbhoomi Uttarakhand)","khata_khewat_no":"KHT-77","khatauni_no":"KHN-177","owner_name":"Mahesh Chandra Joshi","owner_name_local":"महेश चंद्र जोशी","co_owners":"","tenure_type":"Bhumiswami / Freehold","mutation_status":"PENDING","active_mutation_id":"MUT-UK-00000128","tax_demand_status":"PAID","annual_tax_inr":"185.5","deed_number":"DEED-UK-2024-427-0128","deed_type":"Sale Deed / Conveyance","sro_office":"Sub-Registrar Office, Rishikesh Tehsil","execution_date":"2024-05-10","registered_owner":"Mahesh Chandra Joshi","seller_name":"Previous Landholder","consideration_amount_inr":"3500000.0","stamp_duty_inr":"210000.0","survey_sketch_id":"FMB-UK-27-0128","cadastral_sheet_no":"SHT-UK-27","surveyed_area_sqm":"1600.0","survey_status":"RESURVEY_REQUIRED","urban_authority":"Rishikesh Tehsil Urban Development & Town Planning Authority","zone_name":"Agricultural / Green Buffer","permitted_land_use":"COMMERCIAL","building_permission_status":"NOT_APPLICABLE","violations_reported":"False","is_encumbered":"True","encumbrance_certificate_number":"EC-UK-00000128-0128","encumbrance_type":"GOVT_REVENUE_LIEN","financial_institution":"","mortgage_amount":"0.0","created_at":"2026-01-15T09:00:00Z","updated_at":"2026-09-24T11:30:00Z"}},{"type":"Feature","geometry":{"type":"Polygon","coordinates":[[[78.37226670631615,30.906881828601627],[78.5028565102665,30.886127246954633],[78.5019000341976,31.025341573543766],[78.37226670631615,31.0381551465934],[78.37226670631615,30.906881828601627]]]},"properties":{"ulpin":"05933575148992","parcel_id":"3cc4e9b9-f448-428c-8441-feadd8d2e63d","state":"Uttarakhand","state_code":"UK","state_type":"STATE","state_lgd_code":"5","district_lgd_code":"65","district_name":"Dehradun","subdistrict_lgd_code":"510","subdistrict_name":"Rishikesh Tehsil","subdistrict_type":"Tehsil / Taluk","village_lgd_code":"51201","village_name":"Shyampur","khasra_plot_no":"Khasra 340/D129","recorded_area":"8.0","recorded_area_unit":"Bigha-Nali","normalized_area_sqm":"1600.0","gis_area_sqm":"1600.0","land_use_category":"INDUSTRIAL","land_use_raw":"Krishi Bagayat","status":"SUBDIVIDED","data_freshness_status":"UNKNOWN","scenario_index":"17912","use_case_description":"Archived historical record for audit retrieval","mutation_workflow_status":"SLA_BREACHED","revenue_record_id":"ROR-UK-2025-1027-0129","revenue_record_type":"Khatauni (Devbhoomi Uttarakhand)","khata_khewat_no":"KHT-77","khatauni_no":"KHN-177","owner_name":"Mahesh Chandra Joshi","owner_name_local":"महेश चंद्र जोशी","co_owners":"","tenure_type":"Leasehold","mutation_status":"UNMUTATED_TRANSACTION","active_mutation_id":"MUT-UK-00000129","tax_demand_status":"PAID","annual_tax_inr":"185.5","deed_number":"DEED-UK-2024-427-0129","deed_type":"Sale Deed / Conveyance","sro_office":"Sub-Registrar Office, Rishikesh Tehsil","execution_date":"2024-05-10","registered_owner":"Mahesh Chandra Joshi","seller_name":"Previous Landholder","consideration_amount_inr":"3500000.0","stamp_duty_inr":"210000.0","survey_sketch_id":"FMB-UK-27-0129","cadastral_sheet_no":"SHT-UK-27","surveyed_area_sqm":"1600.0","survey_status":"SURVEYED","urban_authority":"Rishikesh Tehsil Urban Development & Town Planning Authority","zone_name":"Agricultural / Green Buffer","permitted_land_use":"INDUSTRIAL","building_permission_status":"SANCTIONED","violations_reported":"False","is_encumbered":"True","encumbrance_certificate_number":"EC-UK-00000129-0129","encumbrance_type":"COURT_ATTACHMENT","financial_institution":"","mortgage_amount":"0.0","created_at":"2026-01-15T09:00:00Z","updated_at":"2026-09-24T11:30:00Z"}},{"type":"Feature","geometry":{"type":"Polygon","coordinates":[[[78.8012895558303,29.402324292214175],[78.92736291242161,29.42790800301516],[78.92736291242161,29.56634265261469],[78.78621950586407,29.57333001293587],[78.8012895558303,29.402324292214175]]]},"properties":{"ulpin":"05970023668548","parcel_id":"e6d5b6d4-13f5-42cc-9290-e68b31a92bbd","state":"Uttarakhand","state_code":"UK","state_type":"STATE","state_lgd_code":"5","district_lgd_code":"65","district_name":"Dehradun","subdistrict_lgd_code":"510","subdistrict_name":"Rishikesh Tehsil","subdistrict_type":"Tehsil / Taluk","village_lgd_code":"51201","village_name":"Shyampur","khasra_plot_no":"Khasra 340/D130","recorded_area":"8.0","recorded_area_unit":"Bigha-Nali","normalized_area_sqm":"1600.0","gis_area_sqm":"1600.0","land_use_category":"AGRICULTURAL","land_use_raw":"Krishi Bagayat","status":"AMALGAMATED","data_freshness_status":"CURRENT","scenario_index":"17913","use_case_description":"Bank mortgage and active encumbrance","mutation_workflow_status":"SUBMITTED","revenue_record_id":"ROR-UK-2025-1027-0130","revenue_record_type":"Khatauni (Devbhoomi Uttarakhand)","khata_khewat_no":"KHT-77","khatauni_no":"KHN-177","owner_name":"Mahesh Chandra Joshi","owner_name_local":"महेश चंद्र जोशी","co_owners":"","tenure_type":"Government Grant","mutation_status":"REJECTED","active_mutation_id":"MUT-UK-00000130","tax_demand_status":"PAID","annual_tax_inr":"185.5","deed_number":"DEED-UK-2024-427-0130","deed_type":"Sale Deed / Conveyance","sro_office":"Sub-Registrar Office, Rishikesh Tehsil","execution_date":"2024-05-10","registered_owner":"Mahesh Chandra Joshi","seller_name":"Previous Landholder","consideration_amount_inr":"3500000.0","stamp_duty_inr":"210000.0","survey_sketch_id":"FMB-UK-27-0130","cadastral_sheet_no":"SHT-UK-27","surveyed_area_sqm":"1600.0","survey_status":"PENDING","urban_authority":"Rishikesh Tehsil Urban Development & Town Planning Authority","zone_name":"Agricultural / Green Buffer","permitted_land_use":"AGRICULTURAL","building_permission_status":"PENDING","violations_reported":"True","is_encumbered":"True","encumbrance_certificate_number":"EC-UK-00000130-0130","encumbrance_type":"TRIBAL_NON_ALIENATION","financial_institution":"","mortgage_amount":"0.0","created_at":"2026-01-15T09:00:00Z","updated_at":"2026-09-24T11:30:00Z"}},{"type":"Feature","geometry":{"type":"Polygon","coordinates":[[[78.37226670631615,31.341010868564656],[78.51890359534596,31.32887512749443],[78.50556993739872,31.474004588427135],[78.37226670631615,31.464668629565857],[78.37226670631615,31.341010868564656]]]},"properties":{"ulpin":"05888778178625","parcel_id":"8805633a-2375-44ed-84ef-fcdf78bc045f","state":"Uttarakhand","state_code":"UK","state_type":"STATE","state_lgd_code":"5","district_lgd_code":"65","district_name":"Dehradun","subdistrict_lgd_code":"510","subdistrict_name":"Rishikesh Tehsil","subdistrict_type":"Tehsil / Taluk","village_lgd_code":"51201","village_name":"Shyampur","khasra_plot_no":"Khasra 340/D131","recorded_area":"8.0","recorded_area_unit":"Bigha-Nali","normalized_area_sqm":"1600.0","gis_area_sqm":"1600.0","land_use_category":"INSTITUTIONAL","land_use_raw":"Krishi Bagayat","status":"DISPUTED","data_freshness_status":"STALE","scenario_index":"17914","use_case_description":"Government revenue lien and tax demand","mutation_workflow_status":"UNDER_VERIFICATION","revenue_record_id":"ROR-UK-2025-1027-0131","revenue_record_type":"Khatauni (Devbhoomi Uttarakhand)","khata_khewat_no":"KHT-77","khatauni_no":"KHN-177","owner_name":"Mahesh Chandra Joshi","owner_name_local":"महेश चंद्र जोशी","co_owners":"","tenure_type":"Waqf / Religious Trust","mutation_status":"DISPUTED","active_mutation_id":"MUT-UK-00000131","tax_demand_status":"PAID","annual_tax_inr":"185.5","deed_number":"DEED-UK-2024-427-0131","deed_type":"Sale Deed / Conveyance","sro_office":"Sub-Registrar Office, Rishikesh Tehsil","execution_date":"2024-05-10","registered_owner":"Registry Variance Owner 131","seller_name":"Previous Landholder","consideration_amount_inr":"3500000.0","stamp_duty_inr":"210000.0","survey_sketch_id":"FMB-UK-27-0131","cadastral_sheet_no":"SHT-UK-27","surveyed_area_sqm":"1600.0","survey_status":"DISPUTED","urban_authority":"Rishikesh Tehsil Urban Development & Town Planning Authority","zone_name":"Agricultural / Green Buffer","permitted_land_use":"INSTITUTIONAL","building_permission_status":"REJECTED","violations_reported":"False","is_encumbered":"True","encumbrance_certificate_number":"EC-UK-00000131-0131","encumbrance_type":"LEASE_CHARGE","financial_institution":"","mortgage_amount":"0.0","created_at":"2026-01-15T09:00:00Z","updated_at":"2026-09-24T11:30:00Z"}},{"type":"Feature","geometry":{"type":"Polygon","coordinates":[[[78.7986637092328,31.495710428422374],[78.93504563877035,31.465625387275164],[78.93504563877035,31.62407850521331],[78.81066828380597,31.62407850521331],[78.7986637092328,31.495710428422374]]]},"properties":{"ulpin":"05435236824854","parcel_id":"09b06322-3ff1-4789-8751-2775ebad1742","state":"Uttarakhand","state_code":"UK","state_type":"STATE","state_lgd_code":"5","district_lgd_code":"65","district_name":"Dehradun","subdistrict_lgd_code":"510","subdistrict_name":"Rishikesh Tehsil","subdistrict_type":"Tehsil / Taluk","village_lgd_code":"51201","village_name":"Shyampur","khasra_plot_no":"Khasra 340/D132","recorded_area":"8.0","recorded_area_unit":"Bigha-Nali","normalized_area_sqm":"1600.0","gis_area_sqm":"1600.0","land_use_category":"FOREST_GREEN_BELT","land_use_raw":"Krishi Bagayat","status":"ARCHIVED","data_freshness_status":"UNKNOWN","scenario_index":"17915","use_case_description":"Cadastral area discrepancy requiring resurvey","mutation_workflow_status":"NOTICE_PERIOD","revenue_record_id":"ROR-UK-2025-1027-0132","revenue_record_type":"Khatauni (Devbhoomi Uttarakhand)","khata_khewat_no":"KHT-77","khatauni_no":"KHN-177","owner_name":"Mahesh Chandra Joshi","owner_name_local":"महेश चंद्र जोशी","co_owners":"","tenure_type":"Tribal Community Tenure","mutation_status":"NONE","active_mutation_id":"MUT-UK-00000132","tax_demand_status":"PAID","annual_tax_inr":"185.5","deed_number":"DEED-UK-2024-427-0132","deed_type":"Sale Deed / Conveyance","sro_office":"Sub-Registrar Office, Rishikesh Tehsil","execution_date":"2024-05-10","registered_owner":"Mahesh Chandra Joshi","seller_name":"Previous Landholder","consideration_amount_inr":"3500000.0","stamp_duty_inr":"210000.0","survey_sketch_id":"FMB-UK-27-0132","cadastral_sheet_no":"SHT-UK-27","surveyed_area_sqm":"1600.0","survey_status":"RESURVEY_REQUIRED","urban_authority":"Rishikesh Tehsil Urban Development & Town Planning Authority","zone_name":"Agricultural / Green Buffer","permitted_land_use":"FOREST_GREEN_BELT","building_permission_status":"NOT_APPLICABLE","violations_reported":"False","is_encumbered":"False","encumbrance_certificate_number":"EC-UK-2024-127-0132","encumbrance_type":"NIL","financial_institution":"","mortgage_amount":"0.0","created_at":"2026-01-15T09:00:00Z","updated_at":"2026-09-24T11:30:00Z"}},{"type":"Feature","geometry":{"type":"Polygon","coordinates":[[[79.48823666455968,31.159564714910015],[79.63739237236035,31.201159565376283],[79.6284086463189,31.334322217267772],[79.49830412526251,31.299418624942007],[79.48823666455968,31.159564714910015]]]},"properties":{"ulpin":"05231559876306","parcel_id":"ad94d8f5-bfac-45ef-b5a1-c9621e6a8f18","state":"Uttarakhand","state_code":"UK","state_type":"STATE","state_lgd_code":"5","district_lgd_code":"65","district_name":"Dehradun","subdistrict_lgd_code":"510","subdistrict_name":"Rishikesh Tehsil","subdistrict_type":"Tehsil / Taluk","village_lgd_code":"51201","village_name":"Shyampur","khasra_plot_no":"Khasra 340/D133","recorded_area":"8.0","recorded_area_unit":"Bigha-Nali","normalized_area_sqm":"1600.0","gis_area_sqm":"1600.0","land_use_category":"WATER_BODY","land_use_raw":"Krishi Bagayat","status":"ACTIVE","data_freshness_status":"CURRENT","scenario_index":"17916","use_case_description":"Tribal non-alienation protection review","mutation_workflow_status":"HEARING_SCHEDULED","revenue_record_id":"ROR-UK-2025-1027-0133","revenue_record_type":"Khatauni (Devbhoomi Uttarakhand)","khata_khewat_no":"KHT-77","khatauni_no":"KHN-177","owner_name":"Mahesh Chandra Joshi","owner_name_local":"महेश चंद्र जोशी","co_owners":"","tenure_type":"Bhumiswami / Raiyati with Transferable Rights","mutation_status":"MUTATED","active_mutation_id":"","tax_demand_status":"PAID","annual_tax_inr":"185.5","deed_number":"DEED-UK-2024-427-0133","deed_type":"Sale Deed / Conveyance","sro_office":"Sub-Registrar Office, Rishikesh Tehsil","execution_date":"2024-05-10","registered_owner":"Mahesh Chandra Joshi","seller_name":"Previous Landholder","consideration_amount_inr":"3500000.0","stamp_duty_inr":"210000.0","survey_sketch_id":"FMB-UK-27-0133","cadastral_sheet_no":"SHT-UK-27","surveyed_area_sqm":"1600.0","survey_status":"SURVEYED","urban_authority":"Rishikesh Tehsil Urban Development & Town Planning Authority","zone_name":"Agricultural / Green Buffer","permitted_land_use":"WATER_BODY","building_permission_status":"SANCTIONED","violations_reported":"False","is_encumbered":"True","encumbrance_certificate_number":"EC-UK-00000133-0133","encumbrance_type":"BANK_MORTGAGE","financial_institution":"","mortgage_amount":"0.0","created_at":"2026-01-15T09:00:00Z","updated_at":"2026-09-24T11:30:00Z"}},{"type":"Feature","geometry":{"type":"Polygon","coordinates":[[[78.24777037895777,29.82574463939325],[78.39209462615167,29.841103243746634],[78.37732587016424,29.97612051167836],[78.24777037895777,29.98118593934785],[78.24777037895777,29.82574463939325]]]},"properties":{"ulpin":"05782177675748","parcel_id":"6e70303b-3ea2-49c8-a862-e226a537b682","state":"Uttarakhand","state_code":"UK","state_type":"STATE","state_lgd_code":"5","district_lgd_code":"65","district_name":"Dehradun","subdistrict_lgd_code":"510","subdistrict_name":"Rishikesh Tehsil","subdistrict_type":"Tehsil / Taluk","village_lgd_code":"51201","village_name":"Shyampur","khasra_plot_no":"Khasra 340/D134","recorded_area":"8.0","recorded_area_unit":"Bigha-Nali","normalized_area_sqm":"1600.0","gis_area_sqm":"1600.0","land_use_category":"MIXED_USE","land_use_raw":"Krishi Bagayat","status":"PENDING_MUTATION","data_freshness_status":"STALE","scenario_index":"17917","use_case_description":"Lease charge and institutional tenancy","mutation_workflow_status":"APPROVED","revenue_record_id":"ROR-UK-2025-1027-0134","revenue_record_type":"Khatauni (Devbhoomi Uttarakhand)","khata_khewat_no":"KHT-77","khatauni_no":"KHN-177","owner_name":"Mahesh Chandra Joshi","owner_name_local":"महेश चंद्र जोशी","co_owners":"","tenure_type":"Bhumiswami / Freehold","mutation_status":"PENDING","active_mutation_id":"MUT-UK-00000134","tax_demand_status":"PAID","annual_tax_inr":"185.5","deed_number":"DEED-UK-2024-427-0134","deed_type":"Sale Deed / Conveyance","sro_office":"Sub-Registrar Office, Rishikesh Tehsil","execution_date":"2024-05-10","registered_owner":"Mahesh Chandra Joshi","seller_name":"Previous Landholder","consideration_amount_inr":"3500000.0","stamp_duty_inr":"210000.0","survey_sketch_id":"FMB-UK-27-0134","cadastral_sheet_no":"SHT-UK-27","surveyed_area_sqm":"1600.0","survey_status":"PENDING","urban_authority":"Rishikesh Tehsil Urban Development & Town Planning Authority","zone_name":"Agricultural / Green Buffer","permitted_land_use":"MIXED_USE","building_permission_status":"PENDING","violations_reported":"False","is_encumbered":"True","encumbrance_certificate_number":"EC-UK-00000134-0134","encumbrance_type":"GOVT_REVENUE_LIEN","financial_institution":"","mortgage_amount":"0.0","created_at":"2026-01-15T09:00:00Z","updated_at":"2026-09-24T11:30:00Z"}},{"type":"Feature","geometry":{"type":"Polygon","coordinates":[[[79.11813135228613,31.059604966183525],[79.23681472508652,31.032787764438375],[79.23087584395854,31.194072454104678],[79.11813135228613,31.16267664146103],[79.11813135228613,31.059604966183525]]]},"properties":{"ulpin":"05632059019080","parcel_id":"1ff2f5ea-7905-48da-ade9-50bbce5baa55","state":"Uttarakhand","state_code":"UK","state_type":"STATE","state_lgd_code":"5","district_lgd_code":"65","district_name":"Dehradun","subdistrict_lgd_code":"510","subdistrict_name":"Rishikesh Tehsil","subdistrict_type":"Tehsil / Taluk","village_lgd_code":"51201","village_name":"Shyampur","khasra_plot_no":"Khasra 340/D135","recorded_area":"8.0","recorded_area_unit":"Bigha-Nali","normalized_area_sqm":"1600.0","gis_area_sqm":"1600.0","land_use_category":"OTHER","land_use_raw":"Krishi Bagayat","status":"SUBDIVIDED","data_freshness_status":"UNKNOWN","scenario_index":"17918","use_case_description":"Subdivision or amalgamation history review","mutation_workflow_status":"REJECTED","revenue_record_id":"ROR-UK-2025-1027-0135","revenue_record_type":"Khatauni (Devbhoomi Uttarakhand)","khata_khewat_no":"KHT-77","khatauni_no":"KHN-177","owner_name":"Mahesh Chandra Joshi","owner_name_local":"महेश चंद्र जोशी","co_owners":"","tenure_type":"Leasehold","mutation_status":"UNMUTATED_TRANSACTION","active_mutation_id":"MUT-UK-00000135","tax_demand_status":"PAID","annual_tax_inr":"185.5","deed_number":"DEED-UK-2024-427-0135","deed_type":"Sale Deed / Conveyance","sro_office":"Sub-Registrar Office, Rishikesh Tehsil","execution_date":"2024-05-10","registered_owner":"Mahesh Chandra Joshi","seller_name":"Previous Landholder","consideration_amount_inr":"3500000.0","stamp_duty_inr":"210000.0","survey_sketch_id":"FMB-UK-27-0135","cadastral_sheet_no":"SHT-UK-27","surveyed_area_sqm":"1600.0","survey_status":"DISPUTED","urban_authority":"Rishikesh Tehsil Urban Development & Town Planning Authority","zone_name":"Agricultural / Green Buffer","permitted_land_use":"OTHER","building_permission_status":"REJECTED","violations_reported":"False","is_encumbered":"True","encumbrance_certificate_number":"EC-UK-00000135-0135","encumbrance_type":"COURT_ATTACHMENT","financial_institution":"","mortgage_amount":"0.0","created_at":"2026-01-15T09:00:00Z","updated_at":"2026-09-24T11:30:00Z"}},{"type":"Feature","geometry":{"type":"Polygon","coordinates":[[[80.37878888817185,29.81197243030588],[80.49378310321403,29.814115202988756],[80.49378310321403,29.945906243781604],[80.35976050684837,29.97348466109924],[80.37878888817185,29.81197243030588]]]},"properties":{"ulpin":"05029580396403","parcel_id":"89fe92eb-e335-44d4-9e0f-b71dacd6d8df","state":"Uttarakhand","state_code":"UK","state_type":"STATE","state_lgd_code":"5","district_lgd_code":"65","district_name":"Dehradun","subdistrict_lgd_code":"510","subdistrict_name":"Rishikesh Tehsil","subdistrict_type":"Tehsil / Taluk","village_lgd_code":"51201","village_name":"Shyampur","khasra_plot_no":"Khasra 340/D136","recorded_area":"8.0","recorded_area_unit":"Bigha-Nali","normalized_area_sqm":"1600.0","gis_area_sqm":"1600.0","land_use_category":"RESIDENTIAL","land_use_raw":"Krishi Bagayat","status":"AMALGAMATED","data_freshness_status":"CURRENT","scenario_index":"17919","use_case_description":"Archived historical record for audit retrieval","mutation_workflow_status":"SLA_BREACHED","revenue_record_id":"ROR-UK-2025-1027-0136","revenue_record_type":"Khatauni (Devbhoomi Uttarakhand)","khata_khewat_no":"KHT-77","khatauni_no":"KHN-177","owner_name":"Mahesh Chandra Joshi","owner_name_local":"महेश चंद्र जोशी","co_owners":"","tenure_type":"Government Grant","mutation_status":"REJECTED","active_mutation_id":"MUT-UK-00000136","tax_demand_status":"PAID","annual_tax_inr":"185.5","deed_number":"DEED-UK-2024-427-0136","deed_type":"Sale Deed / Conveyance","sro_office":"Sub-Registrar Office, Rishikesh Tehsil","execution_date":"2024-05-10","registered_owner":"Registry Variance Owner 136","seller_name":"Previous Landholder","consideration_amount_inr":"3500000.0","stamp_duty_inr":"210000.0","survey_sketch_id":"FMB-UK-27-0136","cadastral_sheet_no":"SHT-UK-27","surveyed_area_sqm":"1600.0","survey_status":"RESURVEY_REQUIRED","urban_authority":"Rishikesh Tehsil Urban Development & Town Planning Authority","zone_name":"Agricultural / Green Buffer","permitted_land_use":"RESIDENTIAL","building_permission_status":"NOT_APPLICABLE","violations_reported":"False","is_encumbered":"True","encumbrance_certificate_number":"EC-UK-00000136-0136","encumbrance_type":"TRIBAL_NON_ALIENATION","financial_institution":"","mortgage_amount":"0.0","created_at":"2026-01-15T09:00:00Z","updated_at":"2026-09-24T11:30:00Z"}},{"type":"Feature","geometry":{"type":"Polygon","coordinates":[[[80.25351004143039,30.2581945741319],[80.38604567162604,30.257804788404513],[80.35189601746816,30.403023793664595],[80.2384219653145,30.403023793664595],[80.25351004143039,30.2581945741319]]]},"properties":{"ulpin":"05803297743576","parcel_id":"5dc5e000-cd17-497f-8f0e-1febf149be4f","state":"Uttarakhand","state_code":"UK","state_type":"STATE","state_lgd_code":"5","district_lgd_code":"65","district_name":"Dehradun","subdistrict_lgd_code":"510","subdistrict_name":"Rishikesh Tehsil","subdistrict_type":"Tehsil / Taluk","village_lgd_code":"51201","village_name":"Shyampur","khasra_plot_no":"Khasra 340/D137","recorded_area":"8.0","recorded_area_unit":"Bigha-Nali","normalized_area_sqm":"1600.0","gis_area_sqm":"1600.0","land_use_category":"COMMERCIAL","land_use_raw":"Krishi Bagayat","status":"DISPUTED","data_freshness_status":"STALE","scenario_index":"17920","use_case_description":"Bank mortgage and active encumbrance","mutation_workflow_status":"SUBMITTED","revenue_record_id":"ROR-UK-2025-1027-0137","revenue_record_type":"Khatauni (Devbhoomi Uttarakhand)","khata_khewat_no":"KHT-77","khatauni_no":"KHN-177","owner_name":"Mahesh Chandra Joshi","owner_name_local":"महेश चंद्र जोशी","co_owners":"","tenure_type":"Waqf / Religious Trust","mutation_status":"DISPUTED","active_mutation_id":"MUT-UK-00000137","tax_demand_status":"PAID","annual_tax_inr":"185.5","deed_number":"DEED-UK-2024-427-0137","deed_type":"Sale Deed / Conveyance","sro_office":"Sub-Registrar Office, Rishikesh Tehsil","execution_date":"2024-05-10","registered_owner":"Mahesh Chandra Joshi","seller_name":"Previous Landholder","consideration_amount_inr":"3500000.0","stamp_duty_inr":"210000.0","survey_sketch_id":"FMB-UK-27-0137","cadastral_sheet_no":"SHT-UK-27","surveyed_area_sqm":"1600.0","survey_status":"SURVEYED","urban_authority":"Rishikesh Tehsil Urban Development & Town Planning Authority","zone_name":"Agricultural / Green Buffer","permitted_land_use":"COMMERCIAL","building_permission_status":"SANCTIONED","violations_reported":"True","is_encumbered":"True","encumbrance_certificate_number":"EC-UK-00000137-0137","encumbrance_type":"LEASE_CHARGE","financial_institution":"","mortgage_amount":"0.0","created_at":"2026-01-15T09:00:00Z","updated_at":"2026-09-24T11:30:00Z"}},{"type":"Feature","geometry":{"type":"Polygon","coordinates":[[[79.4064836235005,29.76295717591155],[79.6197869751269,29.724269070377154],[79.6197869751269,29.93660982996423],[79.43974755063992,29.91268554830315],[79.4064836235005,29.76295717591155]]]},"properties":{"ulpin":"05039589777409","parcel_id":"70f9458b-48df-42f6-892a-49e525cd0694","state":"Uttarakhand","state_code":"UK","state_type":"STATE","state_lgd_code":"5","district_lgd_code":"65","district_name":"Dehradun","subdistrict_lgd_code":"510","subdistrict_name":"Rishikesh Tehsil","subdistrict_type":"Tehsil / Taluk","village_lgd_code":"51201","village_name":"Shyampur","khasra_plot_no":"Khasra 340/D138","recorded_area":"8.0","recorded_area_unit":"Bigha-Nali","normalized_area_sqm":"1600.0","gis_area_sqm":"1600.0","land_use_category":"INDUSTRIAL","land_use_raw":"Krishi Bagayat","status":"ARCHIVED","data_freshness_status":"UNKNOWN","scenario_index":"17921","use_case_description":"Tribal non-alienation protection review","mutation_workflow_status":"UNDER_VERIFICATION","revenue_record_id":"ROR-UK-2025-1027-0138","revenue_record_type":"Khatauni (Devbhoomi Uttarakhand)","khata_khewat_no":"KHT-77","khatauni_no":"KHN-177","owner_name":"Mahesh Chandra Joshi","owner_name_local":"महेश चंद्र जोशी","co_owners":"","tenure_type":"Tribal Community Tenure","mutation_status":"NONE","active_mutation_id":"MUT-UK-00000138","tax_demand_status":"PAID","annual_tax_inr":"185.5","deed_number":"DEED-UK-2024-427-0138","deed_type":"Sale Deed / Conveyance","sro_office":"Sub-Registrar Office, Rishikesh Tehsil","execution_date":"2024-05-10","registered_owner":"Mahesh Chandra Joshi","seller_name":"Previous Landholder","consideration_amount_inr":"3500000.0","stamp_duty_inr":"210000.0","survey_sketch_id":"FMB-UK-27-0138","cadastral_sheet_no":"SHT-UK-27","surveyed_area_sqm":"1600.0","survey_status":"PENDING","urban_authority":"Rishikesh Tehsil Urban Development & Town Planning Authority","zone_name":"Agricultural / Green Buffer","permitted_land_use":"INDUSTRIAL","building_permission_status":"PENDING","violations_reported":"False","is_encumbered":"False","encumbrance_certificate_number":"EC-UK-2024-127-0138","encumbrance_type":"NIL","financial_institution":"","mortgage_amount":"0.0","created_at":"2026-01-15T09:00:00Z","updated_at":"2026-09-24T11:30:00Z"}},{"type":"Feature","geometry":{"type":"Polygon","coordinates":[[[78.64975030445811,31.05117376557433],[78.80936400674217,31.04402003129185],[78.78695319956505,31.19194020906166],[78.6542996841127,31.206390752411334],[78.64975030445811,31.05117376557433]]]},"properties":{"ulpin":"05653951663238","parcel_id":"1beeb077-b5ed-433b-abf4-c8102e05a5b6","state":"Uttarakhand","state_code":"UK","state_type":"STATE","state_lgd_code":"5","district_lgd_code":"65","district_name":"Dehradun","subdistrict_lgd_code":"510","subdistrict_name":"Rishikesh Tehsil","subdistrict_type":"Tehsil / Taluk","village_lgd_code":"51201","village_name":"Shyampur","khasra_plot_no":"Khasra 340/D139","recorded_area":"8.0","recorded_area_unit":"Bigha-Nali","normalized_area_sqm":"1600.0","gis_area_sqm":"1600.0","land_use_category":"AGRICULTURAL","land_use_raw":"Krishi Bagayat","status":"ACTIVE","data_freshness_status":"CURRENT","scenario_index":"17922","use_case_description":"Court attachment and disputed possession","mutation_workflow_status":"NOTICE_PERIOD","revenue_record_id":"ROR-UK-2025-1027-0139","revenue_record_type":"Khatauni (Devbhoomi Uttarakhand)","khata_khewat_no":"KHT-77","khatauni_no":"KHN-177","owner_name":"Mahesh Chandra Joshi","owner_name_local":"महेश चंद्र जोशी","co_owners":"","tenure_type":"Bhumiswami / Raiyati with Transferable Rights","mutation_status":"MUTATED","active_mutation_id":"","tax_demand_status":"PAID","annual_tax_inr":"185.5","deed_number":"DEED-UK-2024-427-0139","deed_type":"Sale Deed / Conveyance","sro_office":"Sub-Registrar Office, Rishikesh Tehsil","execution_date":"2024-05-10","registered_owner":"Mahesh Chandra Joshi","seller_name":"Previous Landholder","consideration_amount_inr":"3500000.0","stamp_duty_inr":"210000.0","survey_sketch_id":"FMB-UK-27-0139","cadastral_sheet_no":"SHT-UK-27","surveyed_area_sqm":"1600.0","survey_status":"DISPUTED","urban_authority":"Rishikesh Tehsil Urban Development & Town Planning Authority","zone_name":"Agricultural / Green Buffer","permitted_land_use":"AGRICULTURAL","building_permission_status":"REJECTED","violations_reported":"False","is_encumbered":"True","encumbrance_certificate_number":"EC-UK-00000139-0139","encumbrance_type":"BANK_MORTGAGE","financial_institution":"","mortgage_amount":"0.0","created_at":"2026-01-15T09:00:00Z","updated_at":"2026-09-24T11:30:00Z"}},{"type":"Feature","geometry":{"type":"Polygon","coordinates":[[[80.52302857338877,31.117837331523187],[80.65752503079126,31.119722198525423],[80.65752503079126,31.232848187398275],[80.53416005041741,31.215234571845354],[80.52302857338877,31.117837331523187]]]},"properties":{"ulpin":"05218410695494","parcel_id":"fa8f1705-4a32-41af-b1ce-9440482525a2","state":"Uttarakhand","state_code":"UK","state_type":"STATE","state_lgd_code":"5","district_lgd_code":"65","district_name":"Dehradun","subdistrict_lgd_code":"510","subdistrict_name":"Rishikesh Tehsil","subdistrict_type":"Tehsil / Taluk","village_lgd_code":"51201","village_name":"Shyampur","khasra_plot_no":"Khasra 340/D140","recorded_area":"8.0","recorded_area_unit":"Bigha-Nali","normalized_area_sqm":"1600.0","gis_area_sqm":"1600.0","land_use_category":"INSTITUTIONAL","land_use_raw":"Krishi Bagayat","status":"PENDING_MUTATION","data_freshness_status":"STALE","scenario_index":"17923","use_case_description":"Tribal non-alienation protection review","mutation_workflow_status":"HEARING_SCHEDULED","revenue_record_id":"ROR-UK-2025-1027-0140","revenue_record_type":"Khatauni (Devbhoomi Uttarakhand)","khata_khewat_no":"KHT-77","khatauni_no":"KHN-177","owner_name":"Mahesh Chandra Joshi","owner_name_local":"महेश चंद्र जोशी","co_owners":"","tenure_type":"Bhumiswami / Freehold","mutation_status":"PENDING","active_mutation_id":"MUT-UK-00000140","tax_demand_status":"PAID","annual_tax_inr":"185.5","deed_number":"DEED-UK-2024-427-0140","deed_type":"Sale Deed / Conveyance","sro_office":"Sub-Registrar Office, Rishikesh Tehsil","execution_date":"2024-05-10","registered_owner":"Mahesh Chandra Joshi","seller_name":"Previous Landholder","consideration_amount_inr":"3500000.0","stamp_duty_inr":"210000.0","survey_sketch_id":"FMB-UK-27-0140","cadastral_sheet_no":"SHT-UK-27","surveyed_area_sqm":"1600.0","survey_status":"RESURVEY_REQUIRED","urban_authority":"Rishikesh Tehsil Urban Development & Town Planning Authority","zone_name":"Agricultural / Green Buffer","permitted_land_use":"INSTITUTIONAL","building_permission_status":"NOT_APPLICABLE","violations_reported":"False","is_encumbered":"True","encumbrance_certificate_number":"EC-UK-00000140-0140","encumbrance_type":"GOVT_REVENUE_LIEN","financial_institution":"","mortgage_amount":"0.0","created_at":"2026-01-15T09:00:00Z","updated_at":"2026-09-24T11:30:00Z"}},{"type":"Feature","geometry":{"type":"Polygon","coordinates":[[[80.23720540123072,30.08052998520383],[80.38370964537036,30.09947532368566],[80.38604567162604,30.257804788404513],[80.25351004143039,30.2581945741319],[80.23720540123072,30.08052998520383]]]},"properties":{"ulpin":"05232383670263","parcel_id":"933fc9d5-eee9-4a89-a1d6-5462b1b5fe99","state":"Uttarakhand","state_code":"UK","state_type":"STATE","state_lgd_code":"5","district_lgd_code":"65","district_name":"Dehradun","subdistrict_lgd_code":"510","subdistrict_name":"Rishikesh Tehsil","subdistrict_type":"Tehsil / Taluk","village_lgd_code":"51201","village_name":"Shyampur","khasra_plot_no":"Khasra 340/D141","recorded_area":"8.0","recorded_area_unit":"Bigha-Nali","normalized_area_sqm":"1600.0","gis_area_sqm":"1600.0","land_use_category":"FOREST_GREEN_BELT","land_use_raw":"Krishi Bagayat","status":"SUBDIVIDED","data_freshness_status":"UNKNOWN","scenario_index":"17924","use_case_description":"Lease charge and institutional tenancy","mutation_workflow_status":"APPROVED","revenue_record_id":"ROR-UK-2025-1027-0141","revenue_record_type":"Khatauni (Devbhoomi Uttarakhand)","khata_khewat_no":"KHT-77","khatauni_no":"KHN-177","owner_name":"Mahesh Chandra Joshi","owner_name_local":"महेश चंद्र जोशी","co_owners":"","tenure_type":"Leasehold","mutation_status":"UNMUTATED_TRANSACTION","active_mutation_id":"MUT-UK-00000141","tax_demand_status":"PAID","annual_tax_inr":"185.5","deed_number":"DEED-UK-2024-427-0141","deed_type":"Sale Deed / Conveyance","sro_office":"Sub-Registrar Office, Rishikesh Tehsil","execution_date":"2024-05-10","registered_owner":"Registry Variance Owner 141","seller_name":"Previous Landholder","consideration_amount_inr":"3500000.0","stamp_duty_inr":"210000.0","survey_sketch_id":"FMB-UK-27-0141","cadastral_sheet_no":"SHT-UK-27","surveyed_area_sqm":"1600.0","survey_status":"SURVEYED","urban_authority":"Rishikesh Tehsil Urban Development & Town Planning Authority","zone_name":"Agricultural / Green Buffer","permitted_land_use":"FOREST_GREEN_BELT","building_permission_status":"SANCTIONED","violations_reported":"False","is_encumbered":"True","encumbrance_certificate_number":"EC-UK-00000141-0141","encumbrance_type":"COURT_ATTACHMENT","financial_institution":"","mortgage_amount":"0.0","created_at":"2026-01-15T09:00:00Z","updated_at":"2026-09-24T11:30:00Z"}},{"type":"Feature","geometry":{"type":"Polygon","coordinates":[[[80.38604567162604,30.257804788404513],[80.49378310321403,30.23192804863403],[80.49378310321403,30.403023793664595],[80.35189601746816,30.403023793664595],[80.38604567162604,30.257804788404513]]]},"properties":{"ulpin":"05519821000769","parcel_id":"562773bc-2f3d-4605-9c9b-fb4c43a1b360","state":"Uttarakhand","state_code":"UK","state_type":"STATE","state_lgd_code":"5","district_lgd_code":"65","district_name":"Dehradun","subdistrict_lgd_code":"510","subdistrict_name":"Rishikesh Tehsil","subdistrict_type":"Tehsil / Taluk","village_lgd_code":"51201","village_name":"Shyampur","khasra_plot_no":"Khasra 340/D142","recorded_area":"8.0","recorded_area_unit":"Bigha-Nali","normalized_area_sqm":"1600.0","gis_area_sqm":"1600.0","land_use_category":"WATER_BODY","land_use_raw":"Krishi Bagayat","status":"AMALGAMATED","data_freshness_status":"CURRENT","scenario_index":"17925","use_case_description":"Subdivision or amalgamation history review","mutation_workflow_status":"REJECTED","revenue_record_id":"ROR-UK-2025-1027-0142","revenue_record_type":"Khatauni (Devbhoomi Uttarakhand)","khata_khewat_no":"KHT-77","khatauni_no":"KHN-177","owner_name":"Mahesh Chandra Joshi","owner_name_local":"महेश चंद्र जोशी","co_owners":"","tenure_type":"Government Grant","mutation_status":"REJECTED","active_mutation_id":"MUT-UK-00000142","tax_demand_status":"PAID","annual_tax_inr":"185.5","deed_number":"DEED-UK-2024-427-0142","deed_type":"Sale Deed / Conveyance","sro_office":"Sub-Registrar Office, Rishikesh Tehsil","execution_date":"2024-05-10","registered_owner":"Mahesh Chandra Joshi","seller_name":"Previous Landholder","consideration_amount_inr":"3500000.0","stamp_duty_inr":"210000.0","survey_sketch_id":"FMB-UK-27-0142","cadastral_sheet_no":"SHT-UK-27","surveyed_area_sqm":"1600.0","survey_status":"PENDING","urban_authority":"Rishikesh Tehsil Urban Development & Town Planning Authority","zone_name":"Agricultural / Green Buffer","permitted_land_use":"WATER_BODY","building_permission_status":"PENDING","violations_reported":"False","is_encumbered":"True","encumbrance_certificate_number":"EC-UK-00000142-0142","encumbrance_type":"TRIBAL_NON_ALIENATION","financial_institution":"","mortgage_amount":"0.0","created_at":"2026-01-15T09:00:00Z","updated_at":"2026-09-24T11:30:00Z"}},{"type":"Feature","geometry":{"type":"Polygon","coordinates":[[[78.79982957088745,30.917510403460636],[78.93504563877035,30.877828061395547],[78.93504563877035,31.048961543813817],[78.80936400674217,31.04402003129185],[78.79982957088745,30.917510403460636]]]},"properties":{"ulpin":"05572520020498","parcel_id":"cea1b3ca-9294-4c51-aa23-fbc9ec7e32b3","state":"Uttarakhand","state_code":"UK","state_type":"STATE","state_lgd_code":"5","district_lgd_code":"65","district_name":"Dehradun","subdistrict_lgd_code":"510","subdistrict_name":"Rishikesh Tehsil","subdistrict_type":"Tehsil / Taluk","village_lgd_code":"51201","village_name":"Shyampur","khasra_plot_no":"Khasra 340/D143","recorded_area":"8.0","recorded_area_unit":"Bigha-Nali","normalized_area_sqm":"1600.0","gis_area_sqm":"1600.0","land_use_category":"MIXED_USE","land_use_raw":"Krishi Bagayat","status":"DISPUTED","data_freshness_status":"STALE","scenario_index":"17926","use_case_description":"Archived historical record for audit retrieval","mutation_workflow_status":"SLA_BREACHED","revenue_record_id":"ROR-UK-2025-1027-0143","revenue_record_type":"Khatauni (Devbhoomi Uttarakhand)","khata_khewat_no":"KHT-77","khatauni_no":"KHN-177","owner_name":"Mahesh Chandra Joshi","owner_name_local":"महेश चंद्र जोशी","co_owners":"","tenure_type":"Waqf / Religious Trust","mutation_status":"DISPUTED","active_mutation_id":"MUT-UK-00000143","tax_demand_status":"PAID","annual_tax_inr":"185.5","deed_number":"DEED-UK-2024-427-0143","deed_type":"Sale Deed / Conveyance","sro_office":"Sub-Registrar Office, Rishikesh Tehsil","execution_date":"2024-05-10","registered_owner":"Mahesh Chandra Joshi","seller_name":"Previous Landholder","consideration_amount_inr":"3500000.0","stamp_duty_inr":"210000.0","survey_sketch_id":"FMB-UK-27-0143","cadastral_sheet_no":"SHT-UK-27","surveyed_area_sqm":"1600.0","survey_status":"DISPUTED","urban_authority":"Rishikesh Tehsil Urban Development & Town Planning Authority","zone_name":"Agricultural / Green Buffer","permitted_land_use":"MIXED_USE","building_permission_status":"REJECTED","violations_reported":"False","is_encumbered":"True","encumbrance_certificate_number":"EC-UK-00000143-0143","encumbrance_type":"LEASE_CHARGE","financial_institution":"","mortgage_amount":"0.0","created_at":"2026-01-15T09:00:00Z","updated_at":"2026-09-24T11:30:00Z"}},{"type":"Feature","geometry":{"type":"Polygon","coordinates":[[[79.11813135228613,31.16267664146103],[79.23087584395854,31.194072454104678],[79.22987000893023,31.295820333405565],[79.11813135228613,31.309108176869735],[79.11813135228613,31.16267664146103]]]},"properties":{"ulpin":"05456543251072","parcel_id":"c33b867a-9eb5-434a-a85c-1d8e86e11e03","state":"Uttarakhand","state_code":"UK","state_type":"STATE","state_lgd_code":"5","district_lgd_code":"65","district_name":"Dehradun","subdistrict_lgd_code":"510","subdistrict_name":"Rishikesh Tehsil","subdistrict_type":"Tehsil / Taluk","village_lgd_code":"51201","village_name":"Shyampur","khasra_plot_no":"Khasra 340/D144","recorded_area":"8.0","recorded_area_unit":"Bigha-Nali","normalized_area_sqm":"1600.0","gis_area_sqm":"1600.0","land_use_category":"OTHER","land_use_raw":"Krishi Bagayat","status":"ARCHIVED","data_freshness_status":"UNKNOWN","scenario_index":"17927","use_case_description":"Pending sale mutation within statutory SLA","mutation_workflow_status":"SUBMITTED","revenue_record_id":"ROR-UK-2025-1027-0144","revenue_record_type":"Khatauni (Devbhoomi Uttarakhand)","khata_khewat_no":"KHT-77","khatauni_no":"KHN-177","owner_name":"Mahesh Chandra Joshi","owner_name_local":"महेश चंद्र जोशी","co_owners":"","tenure_type":"Tribal Community Tenure","mutation_status":"NONE","active_mutation_id":"MUT-UK-00000144","tax_demand_status":"PAID","annual_tax_inr":"185.5","deed_number":"DEED-UK-2024-427-0144","deed_type":"Sale Deed / Conveyance","sro_office":"Sub-Registrar Office, Rishikesh Tehsil","execution_date":"2024-05-10","registered_owner":"Mahesh Chandra Joshi","seller_name":"Previous Landholder","consideration_amount_inr":"3500000.0","stamp_duty_inr":"210000.0","survey_sketch_id":"FMB-UK-27-0144","cadastral_sheet_no":"SHT-UK-27","surveyed_area_sqm":"1600.0","survey_status":"RESURVEY_REQUIRED","urban_authority":"Rishikesh Tehsil Urban Development & Town Planning Authority","zone_name":"Agricultural / Green Buffer","permitted_land_use":"OTHER","building_permission_status":"NOT_APPLICABLE","violations_reported":"True","is_encumbered":"False","encumbrance_certificate_number":"EC-UK-2024-127-0144","encumbrance_type":"NIL","financial_institution":"","mortgage_amount":"0.0","created_at":"2026-01-15T09:00:00Z","updated_at":"2026-09-24T11:30:00Z"}},{"type":"Feature","geometry":{"type":"Polygon","coordinates":[[[79.02985560994448,29.23315753311796],[79.2323251214776,29.23315753311796],[79.23833874651281,29.431503973933367],[79.02985560994448,29.37804857728105],[79.02985560994448,29.23315753311796]]]},"properties":{"ulpin":"05935200122786","parcel_id":"5cbb7fa9-0fa4-476a-86cf-ee71e2f1f743","state":"Uttarakhand","state_code":"UK","state_type":"STATE","state_lgd_code":"5","district_lgd_code":"65","district_name":"Dehradun","subdistrict_lgd_code":"510","subdistrict_name":"Rishikesh Tehsil","subdistrict_type":"Tehsil / Taluk","village_lgd_code":"51201","village_name":"Shyampur","khasra_plot_no":"Khasra 340/D145","recorded_area":"8.0","recorded_area_unit":"Bigha-Nali","normalized_area_sqm":"1600.0","gis_area_sqm":"1600.0","land_use_category":"RESIDENTIAL","land_use_raw":"Krishi Bagayat","status":"ACTIVE","data_freshness_status":"CURRENT","scenario_index":"17928","use_case_description":"Government revenue lien and tax demand","mutation_workflow_status":"UNDER_VERIFICATION","revenue_record_id":"ROR-UK-2025-1027-0145","revenue_record_type":"Khatauni (Devbhoomi Uttarakhand)","khata_khewat_no":"KHT-77","khatauni_no":"KHN-177","owner_name":"Mahesh Chandra Joshi","owner_name_local":"महेश चंद्र जोशी","co_owners":"","tenure_type":"Bhumiswami / Raiyati with Transferable Rights","mutation_status":"MUTATED","active_mutation_id":"","tax_demand_status":"PAID","annual_tax_inr":"185.5","deed_number":"DEED-UK-2024-427-0145","deed_type":"Sale Deed / Conveyance","sro_office":"Sub-Registrar Office, Rishikesh Tehsil","execution_date":"2024-05-10","registered_owner":"Mahesh Chandra Joshi","seller_name":"Previous Landholder","consideration_amount_inr":"3500000.0","stamp_duty_inr":"210000.0","survey_sketch_id":"FMB-UK-27-0145","cadastral_sheet_no":"SHT-UK-27","surveyed_area_sqm":"1600.0","survey_status":"SURVEYED","urban_authority":"Rishikesh Tehsil Urban Development & Town Planning Authority","zone_name":"Agricultural / Green Buffer","permitted_land_use":"RESIDENTIAL","building_permission_status":"SANCTIONED","violations_reported":"False","is_encumbered":"True","encumbrance_certificate_number":"EC-UK-00000145-0145","encumbrance_type":"BANK_MORTGAGE","financial_institution":"","mortgage_amount":"0.0","created_at":"2026-01-15T09:00:00Z","updated_at":"2026-09-24T11:30:00Z"}},{"type":"Feature","geometry":{"type":"Polygon","coordinates":[[[79.97822961697013,31.205695920552433],[80.11868276825791,31.20485361759846],[80.13232456979182,31.33168823856238],[79.97822961697013,31.344855590924006],[79.97822961697013,31.205695920552433]]]},"properties":{"ulpin":"05813359063370","parcel_id":"6a05e885-ce0f-4e9a-9d67-a8bcf643641c","state":"Uttarakhand","state_code":"UK","state_type":"STATE","state_lgd_code":"5","district_lgd_code":"65","district_name":"Dehradun","subdistrict_lgd_code":"510","subdistrict_name":"Rishikesh Tehsil","subdistrict_type":"Tehsil / Taluk","village_lgd_code":"51201","village_name":"Shyampur","khasra_plot_no":"Khasra 340/D146","recorded_area":"8.0","recorded_area_unit":"Bigha-Nali","normalized_area_sqm":"1600.0","gis_area_sqm":"1600.0","land_use_category":"COMMERCIAL","land_use_raw":"Krishi Bagayat","status":"PENDING_MUTATION","data_freshness_status":"STALE","scenario_index":"17929","use_case_description":"Court attachment and disputed possession","mutation_workflow_status":"NOTICE_PERIOD","revenue_record_id":"ROR-UK-2025-1027-0146","revenue_record_type":"Khatauni (Devbhoomi Uttarakhand)","khata_khewat_no":"KHT-77","khatauni_no":"KHN-177","owner_name":"Mahesh Chandra Joshi","owner_name_local":"महेश चंद्र जोशी","co_owners":"","tenure_type":"Bhumiswami / Freehold","mutation_status":"PENDING","active_mutation_id":"MUT-UK-00000146","tax_demand_status":"PAID","annual_tax_inr":"185.5","deed_number":"DEED-UK-2024-427-0146","deed_type":"Sale Deed / Conveyance","sro_office":"Sub-Registrar Office, Rishikesh Tehsil","execution_date":"2024-05-10","registered_owner":"Registry Variance Owner 146","seller_name":"Previous Landholder","consideration_amount_inr":"3500000.0","stamp_duty_inr":"210000.0","survey_sketch_id":"FMB-UK-27-0146","cadastral_sheet_no":"SHT-UK-27","surveyed_area_sqm":"1600.0","survey_status":"PENDING","urban_authority":"Rishikesh Tehsil Urban Development & Town Planning Authority","zone_name":"Agricultural / Green Buffer","permitted_land_use":"COMMERCIAL","building_permission_status":"PENDING","violations_reported":"False","is_encumbered":"True","encumbrance_certificate_number":"EC-UK-00000146-0146","encumbrance_type":"GOVT_REVENUE_LIEN","financial_institution":"","mortgage_amount":"0.0","created_at":"2026-01-15T09:00:00Z","updated_at":"2026-09-24T11:30:00Z"}},{"type":"Feature","geometry":{"type":"Polygon","coordinates":[[[78.24777037895777,29.550832916967273],[78.39435262113145,29.56646935146288],[78.3809154096978,29.694132014638335],[78.24777037895777,29.68771052007091],[78.24777037895777,29.550832916967273]]]},"properties":{"ulpin":"05466886144655","parcel_id":"a4d5cc0c-7268-4a07-bff8-f632121460d2","state":"Uttarakhand","state_code":"UK","state_type":"STATE","state_lgd_code":"5","district_lgd_code":"65","district_name":"Dehradun","subdistrict_lgd_code":"510","subdistrict_name":"Rishikesh Tehsil","subdistrict_type":"Tehsil / Taluk","village_lgd_code":"51201","village_name":"Shyampur","khasra_plot_no":"Khasra 340/D147","recorded_area":"8.0","recorded_area_unit":"Bigha-Nali","normalized_area_sqm":"1600.0","gis_area_sqm":"1600.0","land_use_category":"INDUSTRIAL","land_use_raw":"Krishi Bagayat","status":"SUBDIVIDED","data_freshness_status":"UNKNOWN","scenario_index":"17930","use_case_description":"Tribal non-alienation protection review","mutation_workflow_status":"HEARING_SCHEDULED","revenue_record_id":"ROR-UK-2025-1027-0147","revenue_record_type":"Khatauni (Devbhoomi Uttarakhand)","khata_khewat_no":"KHT-77","khatauni_no":"KHN-177","owner_name":"Mahesh Chandra Joshi","owner_name_local":"महेश चंद्र जोशी","co_owners":"","tenure_type":"Leasehold","mutation_status":"UNMUTATED_TRANSACTION","active_mutation_id":"MUT-UK-00000147","tax_demand_status":"PAID","annual_tax_inr":"185.5","deed_number":"DEED-UK-2024-427-0147","deed_type":"Sale Deed / Conveyance","sro_office":"Sub-Registrar Office, Rishikesh Tehsil","execution_date":"2024-05-10","registered_owner":"Mahesh Chandra Joshi","seller_name":"Previous Landholder","consideration_amount_inr":"3500000.0","stamp_duty_inr":"210000.0","survey_sketch_id":"FMB-UK-27-0147","cadastral_sheet_no":"SHT-UK-27","surveyed_area_sqm":"1600.0","survey_status":"DISPUTED","urban_authority":"Rishikesh Tehsil Urban Development & Town Planning Authority","zone_name":"Agricultural / Green Buffer","permitted_land_use":"INDUSTRIAL","building_permission_status":"REJECTED","violations_reported":"False","is_encumbered":"True","encumbrance_certificate_number":"EC-UK-00000147-0147","encumbrance_type":"COURT_ATTACHMENT","financial_institution":"","mortgage_amount":"0.0","created_at":"2026-01-15T09:00:00Z","updated_at":"2026-09-24T11:30:00Z"}},{"type":"Feature","geometry":{"type":"Polygon","coordinates":[[[79.02985560994448,29.75139174379142],[79.23744780322525,29.769906232084942],[79.20674252944492,29.931540198968776],[79.02985560994448,29.91197617975804],[79.02985560994448,29.75139174379142]]]},"properties":{"ulpin":"05278492346201","parcel_id":"6550c5bb-7c94-4c59-8039-cefa67e44697","state":"Uttarakhand","state_code":"UK","state_type":"STATE","state_lgd_code":"5","district_lgd_code":"65","district_name":"Dehradun","subdistrict_lgd_code":"510","subdistrict_name":"Rishikesh Tehsil","subdistrict_type":"Tehsil / Taluk","village_lgd_code":"51201","village_name":"Shyampur","khasra_plot_no":"Khasra 340/D148","recorded_area":"8.0","recorded_area_unit":"Bigha-Nali","normalized_area_sqm":"1600.0","gis_area_sqm":"1600.0","land_use_category":"AGRICULTURAL","land_use_raw":"Krishi Bagayat","status":"AMALGAMATED","data_freshness_status":"CURRENT","scenario_index":"17931","use_case_description":"Lease charge and institutional tenancy","mutation_workflow_status":"APPROVED","revenue_record_id":"ROR-UK-2025-1027-0148","revenue_record_type":"Khatauni (Devbhoomi Uttarakhand)","khata_khewat_no":"KHT-77","khatauni_no":"KHN-177","owner_name":"Mahesh Chandra Joshi","owner_name_local":"महेश चंद्र जोशी","co_owners":"","tenure_type":"Government Grant","mutation_status":"REJECTED","active_mutation_id":"MUT-UK-00000148","tax_demand_status":"PAID","annual_tax_inr":"185.5","deed_number":"DEED-UK-2024-427-0148","deed_type":"Sale Deed / Conveyance","sro_office":"Sub-Registrar Office, Rishikesh Tehsil","execution_date":"2024-05-10","registered_owner":"Mahesh Chandra Joshi","seller_name":"Previous Landholder","consideration_amount_inr":"3500000.0","stamp_duty_inr":"210000.0","survey_sketch_id":"FMB-UK-27-0148","cadastral_sheet_no":"SHT-UK-27","surveyed_area_sqm":"1600.0","survey_status":"RESURVEY_REQUIRED","urban_authority":"Rishikesh Tehsil Urban Development & Town Planning Authority","zone_name":"Agricultural / Green Buffer","permitted_land_use":"AGRICULTURAL","building_permission_status":"NOT_APPLICABLE","violations_reported":"False","is_encumbered":"True","encumbrance_certificate_number":"EC-UK-00000148-0148","encumbrance_type":"TRIBAL_NON_ALIENATION","financial_institution":"","mortgage_amount":"0.0","created_at":"2026-01-15T09:00:00Z","updated_at":"2026-09-24T11:30:00Z"}},{"type":"Feature","geometry":{"type":"Polygon","coordinates":[[[78.49960439490664,29.285652699056914],[78.6471050170661,29.285652699056914],[78.65099942808693,29.413884342811013],[78.52538483008603,29.443310239545415],[78.49960439490664,29.285652699056914]]]},"properties":{"ulpin":"05037384500992","parcel_id":"eca64093-6961-413f-837d-3e788730f101","state":"Uttarakhand","state_code":"UK","state_type":"STATE","state_lgd_code":"5","district_lgd_code":"65","district_name":"Dehradun","subdistrict_lgd_code":"510","subdistrict_name":"Rishikesh Tehsil","subdistrict_type":"Tehsil / Taluk","village_lgd_code":"51201","village_name":"Shyampur","khasra_plot_no":"Khasra 340/D149","recorded_area":"8.0","recorded_area_unit":"Bigha-Nali","normalized_area_sqm":"1600.0","gis_area_sqm":"1600.0","land_use_category":"INSTITUTIONAL","land_use_raw":"Krishi Bagayat","status":"DISPUTED","data_freshness_status":"STALE","scenario_index":"17932","use_case_description":"Subdivision or amalgamation history review","mutation_workflow_status":"REJECTED","revenue_record_id":"ROR-UK-2025-1027-0149","revenue_record_type":"Khatauni (Devbhoomi Uttarakhand)","khata_khewat_no":"KHT-77","khatauni_no":"KHN-177","owner_name":"Mahesh Chandra Joshi","owner_name_local":"महेश चंद्र जोशी","co_owners":"","tenure_type":"Waqf / Religious Trust","mutation_status":"DISPUTED","active_mutation_id":"MUT-UK-00000149","tax_demand_status":"PAID","annual_tax_inr":"185.5","deed_number":"DEED-UK-2024-427-0149","deed_type":"Sale Deed / Conveyance","sro_office":"Sub-Registrar Office, Rishikesh Tehsil","execution_date":"2024-05-10","registered_owner":"Mahesh Chandra Joshi","seller_name":"Previous Landholder","consideration_amount_inr":"3500000.0","stamp_duty_inr":"210000.0","survey_sketch_id":"FMB-UK-27-0149","cadastral_sheet_no":"SHT-UK-27","surveyed_area_sqm":"1600.0","survey_status":"SURVEYED","urban_authority":"Rishikesh Tehsil Urban Development & Town Planning Authority","zone_name":"Agricultural / Green Buffer","permitted_land_use":"INSTITUTIONAL","building_permission_status":"SANCTIONED","violations_reported":"False","is_encumbered":"True","encumbrance_certificate_number":"EC-UK-00000149-0149","encumbrance_type":"LEASE_CHARGE","financial_institution":"","mortgage_amount":"0.0","created_at":"2026-01-15T09:00:00Z","updated_at":"2026-09-24T11:30:00Z"}},{"type":"Feature","geometry":{"type":"Polygon","coordinates":[[[80.24191187429112,31.32068303783689],[80.39909804695151,31.345482831620558],[80.4058861935602,31.437865167188658],[80.2423036141602,31.44029807301753],[80.24191187429112,31.32068303783689]]]},"properties":{"ulpin":"05362580561482","parcel_id":"d053611d-0a41-4296-a469-1d6e73194c04","state":"Uttarakhand","state_code":"UK","state_type":"STATE","state_lgd_code":"5","district_lgd_code":"65","district_name":"Dehradun","subdistrict_lgd_code":"510","subdistrict_name":"Rishikesh Tehsil","subdistrict_type":"Tehsil / Taluk","village_lgd_code":"51201","village_name":"Shyampur","khasra_plot_no":"Khasra 340/D150","recorded_area":"8.0","recorded_area_unit":"Bigha-Nali","normalized_area_sqm":"1600.0","gis_area_sqm":"1600.0","land_use_category":"FOREST_GREEN_BELT","land_use_raw":"Krishi Bagayat","status":"ARCHIVED","data_freshness_status":"UNKNOWN","scenario_index":"17933","use_case_description":"Bank mortgage and active encumbrance","mutation_workflow_status":"SLA_BREACHED","revenue_record_id":"ROR-UK-2025-1027-0150","revenue_record_type":"Khatauni (Devbhoomi Uttarakhand)","khata_khewat_no":"KHT-77","khatauni_no":"KHN-177","owner_name":"Mahesh Chandra Joshi","owner_name_local":"महेश चंद्र जोशी","co_owners":"","tenure_type":"Tribal Community Tenure","mutation_status":"NONE","active_mutation_id":"MUT-UK-00000150","tax_demand_status":"PAID","annual_tax_inr":"185.5","deed_number":"DEED-UK-2024-427-0150","deed_type":"Sale Deed / Conveyance","sro_office":"Sub-Registrar Office, Rishikesh Tehsil","execution_date":"2024-05-10","registered_owner":"Mahesh Chandra Joshi","seller_name":"Previous Landholder","consideration_amount_inr":"3500000.0","stamp_duty_inr":"210000.0","survey_sketch_id":"FMB-UK-27-0150","cadastral_sheet_no":"SHT-UK-27","surveyed_area_sqm":"1600.0","survey_status":"PENDING","urban_authority":"Rishikesh Tehsil Urban Development & Town Planning Authority","zone_name":"Agricultural / Green Buffer","permitted_land_use":"FOREST_GREEN_BELT","building_permission_status":"PENDING","violations_reported":"False","is_encumbered":"False","encumbrance_certificate_number":"EC-UK-2024-127-0150","encumbrance_type":"NIL","financial_institution":"","mortgage_amount":"0.0","created_at":"2026-01-15T09:00:00Z","updated_at":"2026-09-24T11:30:00Z"}},{"type":"Feature","geometry":{"type":"Polygon","coordinates":[[[80.11868276825791,31.20485361759846],[80.2484809993276,31.217489052055704],[80.24191187429112,31.32068303783689],[80.13232456979182,31.33168823856238],[80.11868276825791,31.20485361759846]]]},"properties":{"ulpin":"05112863390421","parcel_id":"1bc047ae-d042-442d-b7ce-952242559799","state":"Uttarakhand","state_code":"UK","state_type":"STATE","state_lgd_code":"5","district_lgd_code":"65","district_name":"Dehradun","subdistrict_lgd_code":"510","subdistrict_name":"Rishikesh Tehsil","subdistrict_type":"Tehsil / Taluk","village_lgd_code":"51201","village_name":"Shyampur","khasra_plot_no":"Khasra 340/D151","recorded_area":"8.0","recorded_area_unit":"Bigha-Nali","normalized_area_sqm":"1600.0","gis_area_sqm":"1600.0","land_use_category":"WATER_BODY","land_use_raw":"Krishi Bagayat","status":"ACTIVE","data_freshness_status":"CURRENT","scenario_index":"17934","use_case_description":"Bank mortgage and active encumbrance","mutation_workflow_status":"SUBMITTED","revenue_record_id":"ROR-UK-2025-1027-0151","revenue_record_type":"Khatauni (Devbhoomi Uttarakhand)","khata_khewat_no":"KHT-77","khatauni_no":"KHN-177","owner_name":"Mahesh Chandra Joshi","owner_name_local":"महेश चंद्र जोशी","co_owners":"","tenure_type":"Bhumiswami / Raiyati with Transferable Rights","mutation_status":"MUTATED","active_mutation_id":"","tax_demand_status":"PAID","annual_tax_inr":"185.5","deed_number":"DEED-UK-2024-427-0151","deed_type":"Sale Deed / Conveyance","sro_office":"Sub-Registrar Office, Rishikesh Tehsil","execution_date":"2024-05-10","registered_owner":"Registry Variance Owner 151","seller_name":"Previous Landholder","consideration_amount_inr":"3500000.0","stamp_duty_inr":"210000.0","survey_sketch_id":"FMB-UK-27-0151","cadastral_sheet_no":"SHT-UK-27","surveyed_area_sqm":"1600.0","survey_status":"DISPUTED","urban_authority":"Rishikesh Tehsil Urban Development & Town Planning Authority","zone_name":"Agricultural / Green Buffer","permitted_land_use":"WATER_BODY","building_permission_status":"REJECTED","violations_reported":"True","is_encumbered":"True","encumbrance_certificate_number":"EC-UK-00000151-0151","encumbrance_type":"BANK_MORTGAGE","financial_institution":"","mortgage_amount":"0.0","created_at":"2026-01-15T09:00:00Z","updated_at":"2026-09-24T11:30:00Z"}},{"type":"Feature","geometry":{"type":"Polygon","coordinates":[[[79.38287854393236,31.037353814454985],[79.49252782356419,31.0591365374808],[79.48823666455968,31.159564714910015],[79.36304200710387,31.189895303268173],[79.38287854393236,31.037353814454985]]]},"properties":{"ulpin":"05396843797775","parcel_id":"bb57cb3a-3d1a-499f-a1ff-2be8cb3c335f","state":"Uttarakhand","state_code":"UK","state_type":"STATE","state_lgd_code":"5","district_lgd_code":"65","district_name":"Dehradun","subdistrict_lgd_code":"510","subdistrict_name":"Rishikesh Tehsil","subdistrict_type":"Tehsil / Taluk","village_lgd_code":"51201","village_name":"Shyampur","khasra_plot_no":"Khasra 340/D152","recorded_area":"8.0","recorded_area_unit":"Bigha-Nali","normalized_area_sqm":"1600.0","gis_area_sqm":"1600.0","land_use_category":"MIXED_USE","land_use_raw":"Krishi Bagayat","status":"PENDING_MUTATION","data_freshness_status":"STALE","scenario_index":"17935","use_case_description":"Government revenue lien and tax demand","mutation_workflow_status":"UNDER_VERIFICATION","revenue_record_id":"ROR-UK-2025-1027-0152","revenue_record_type":"Khatauni (Devbhoomi Uttarakhand)","khata_khewat_no":"KHT-77","khatauni_no":"KHN-177","owner_name":"Mahesh Chandra Joshi","owner_name_local":"महेश चंद्र जोशी","co_owners":"","tenure_type":"Bhumiswami / Freehold","mutation_status":"PENDING","active_mutation_id":"MUT-UK-00000152","tax_demand_status":"PAID","annual_tax_inr":"185.5","deed_number":"DEED-UK-2024-427-0152","deed_type":"Sale Deed / Conveyance","sro_office":"Sub-Registrar Office, Rishikesh Tehsil","execution_date":"2024-05-10","registered_owner":"Mahesh Chandra Joshi","seller_name":"Previous Landholder","consideration_amount_inr":"3500000.0","stamp_duty_inr":"210000.0","survey_sketch_id":"FMB-UK-27-0152","cadastral_sheet_no":"SHT-UK-27","surveyed_area_sqm":"1600.0","survey_status":"RESURVEY_REQUIRED","urban_authority":"Rishikesh Tehsil Urban Development & Town Planning Authority","zone_name":"Agricultural / Green Buffer","permitted_land_use":"MIXED_USE","building_permission_status":"NOT_APPLICABLE","violations_reported":"False","is_encumbered":"True","encumbrance_certificate_number":"EC-UK-00000152-0152","encumbrance_type":"GOVT_REVENUE_LIEN","financial_institution":"","mortgage_amount":"0.0","created_at":"2026-01-15T09:00:00Z","updated_at":"2026-09-24T11:30:00Z"}},{"type":"Feature","geometry":{"type":"Polygon","coordinates":[[[78.37732587016424,29.97612051167836],[78.52008104406696,29.98748275474371],[78.51377779259802,30.11199931294838],[78.36288911717975,30.11199931294838],[78.37732587016424,29.97612051167836]]]},"properties":{"ulpin":"05602476774672","parcel_id":"7f808c9d-398b-473d-b96e-e6d83a25a18d","state":"Uttarakhand","state_code":"UK","state_type":"STATE","state_lgd_code":"5","district_lgd_code":"65","district_name":"Dehradun","subdistrict_lgd_code":"510","subdistrict_name":"Rishikesh Tehsil","subdistrict_type":"Tehsil / Taluk","village_lgd_code":"51201","village_name":"Shyampur","khasra_plot_no":"Khasra 340/D153","recorded_area":"8.0","recorded_area_unit":"Bigha-Nali","normalized_area_sqm":"1600.0","gis_area_sqm":"1600.0","land_use_category":"OTHER","land_use_raw":"Krishi Bagayat","status":"SUBDIVIDED","data_freshness_status":"UNKNOWN","scenario_index":"17936","use_case_description":"Court attachment and disputed possession","mutation_workflow_status":"NOTICE_PERIOD","revenue_record_id":"ROR-UK-2025-1027-0153","revenue_record_type":"Khatauni (Devbhoomi Uttarakhand)","khata_khewat_no":"KHT-77","khatauni_no":"KHN-177","owner_name":"Mahesh Chandra Joshi","owner_name_local":"महेश चंद्र जोशी","co_owners":"","tenure_type":"Leasehold","mutation_status":"UNMUTATED_TRANSACTION","active_mutation_id":"MUT-UK-00000153","tax_demand_status":"PAID","annual_tax_inr":"185.5","deed_number":"DEED-UK-2024-427-0153","deed_type":"Sale Deed / Conveyance","sro_office":"Sub-Registrar Office, Rishikesh Tehsil","execution_date":"2024-05-10","registered_owner":"Mahesh Chandra Joshi","seller_name":"Previous Landholder","consideration_amount_inr":"3500000.0","stamp_duty_inr":"210000.0","survey_sketch_id":"FMB-UK-27-0153","cadastral_sheet_no":"SHT-UK-27","surveyed_area_sqm":"1600.0","survey_status":"SURVEYED","urban_authority":"Rishikesh Tehsil Urban Development & Town Planning Authority","zone_name":"Agricultural / Green Buffer","permitted_land_use":"OTHER","building_permission_status":"SANCTIONED","violations_reported":"False","is_encumbered":"True","encumbrance_certificate_number":"EC-UK-00000153-0153","encumbrance_type":"COURT_ATTACHMENT","financial_institution":"","mortgage_amount":"0.0","created_at":"2026-01-15T09:00:00Z","updated_at":"2026-09-24T11:30:00Z"}},{"type":"Feature","geometry":{"type":"Polygon","coordinates":[[[78.5028565102665,30.886127246954633],[78.63502935603951,30.898957238956402],[78.64975030445811,31.05117376557433],[78.5019000341976,31.025341573543766],[78.5028565102665,30.886127246954633]]]},"properties":{"ulpin":"05435847984352","parcel_id":"e04e835c-9fdb-4792-b914-fe1e5be62b1d","state":"Uttarakhand","state_code":"UK","state_type":"STATE","state_lgd_code":"5","district_lgd_code":"65","district_name":"Dehradun","subdistrict_lgd_code":"510","subdistrict_name":"Rishikesh Tehsil","subdistrict_type":"Tehsil / Taluk","village_lgd_code":"51201","village_name":"Shyampur","khasra_plot_no":"Khasra 340/D154","recorded_area":"8.0","recorded_area_unit":"Bigha-Nali","normalized_area_sqm":"1600.0","gis_area_sqm":"1600.0","land_use_category":"RESIDENTIAL","land_use_raw":"Krishi Bagayat","status":"AMALGAMATED","data_freshness_status":"CURRENT","scenario_index":"17937","use_case_description":"Tribal non-alienation protection review","mutation_workflow_status":"HEARING_SCHEDULED","revenue_record_id":"ROR-UK-2025-1027-0154","revenue_record_type":"Khatauni (Devbhoomi Uttarakhand)","khata_khewat_no":"KHT-77","khatauni_no":"KHN-177","owner_name":"Mahesh Chandra Joshi","owner_name_local":"महेश चंद्र जोशी","co_owners":"","tenure_type":"Government Grant","mutation_status":"REJECTED","active_mutation_id":"MUT-UK-00000154","tax_demand_status":"PAID","annual_tax_inr":"185.5","deed_number":"DEED-UK-2024-427-0154","deed_type":"Sale Deed / Conveyance","sro_office":"Sub-Registrar Office, Rishikesh Tehsil","execution_date":"2024-05-10","registered_owner":"Mahesh Chandra Joshi","seller_name":"Previous Landholder","consideration_amount_inr":"3500000.0","stamp_duty_inr":"210000.0","survey_sketch_id":"FMB-UK-27-0154","cadastral_sheet_no":"SHT-UK-27","surveyed_area_sqm":"1600.0","survey_status":"PENDING","urban_authority":"Rishikesh Tehsil Urban Development & Town Planning Authority","zone_name":"Agricultural / Green Buffer","permitted_land_use":"RESIDENTIAL","building_permission_status":"PENDING","violations_reported":"False","is_encumbered":"True","encumbrance_certificate_number":"EC-UK-00000154-0154","encumbrance_type":"TRIBAL_NON_ALIENATION","financial_institution":"","mortgage_amount":"0.0","created_at":"2026-01-15T09:00:00Z","updated_at":"2026-09-24T11:30:00Z"}},{"type":"Feature","geometry":{"type":"Polygon","coordinates":[[[79.97822961697013,30.892881278915436],[80.10723536548852,30.90900450186621],[80.12133038868446,31.002081678648363],[79.97822961697013,30.992404215923603],[79.97822961697013,30.892881278915436]]]},"properties":{"ulpin":"05896571202042","parcel_id":"81da8c7b-903e-493c-aca1-f1b6647c1dbb","state":"Uttarakhand","state_code":"UK","state_type":"STATE","state_lgd_code":"5","district_lgd_code":"65","district_name":"Dehradun","subdistrict_lgd_code":"510","subdistrict_name":"Rishikesh Tehsil","subdistrict_type":"Tehsil / Taluk","village_lgd_code":"51201","village_name":"Shyampur","khasra_plot_no":"Khasra 340/D155","recorded_area":"8.0","recorded_area_unit":"Bigha-Nali","normalized_area_sqm":"1600.0","gis_area_sqm":"1600.0","land_use_category":"COMMERCIAL","land_use_raw":"Krishi Bagayat","status":"DISPUTED","data_freshness_status":"STALE","scenario_index":"17938","use_case_description":"Lease charge and institutional tenancy","mutation_workflow_status":"APPROVED","revenue_record_id":"ROR-UK-2025-1027-0155","revenue_record_type":"Khatauni (Devbhoomi Uttarakhand)","khata_khewat_no":"KHT-77","khatauni_no":"KHN-177","owner_name":"Mahesh Chandra Joshi","owner_name_local":"महेश चंद्र जोशी","co_owners":"","tenure_type":"Waqf / Religious Trust","mutation_status":"DISPUTED","active_mutation_id":"MUT-UK-00000155","tax_demand_status":"PAID","annual_tax_inr":"185.5","deed_number":"DEED-UK-2024-427-0155","deed_type":"Sale Deed / Conveyance","sro_office":"Sub-Registrar Office, Rishikesh Tehsil","execution_date":"2024-05-10","registered_owner":"Mahesh Chandra Joshi","seller_name":"Previous Landholder","consideration_amount_inr":"3500000.0","stamp_duty_inr":"210000.0","survey_sketch_id":"FMB-UK-27-0155","cadastral_sheet_no":"SHT-UK-27","surveyed_area_sqm":"1600.0","survey_status":"DISPUTED","urban_authority":"Rishikesh Tehsil Urban Development & Town Planning Authority","zone_name":"Agricultural / Green Buffer","permitted_land_use":"COMMERCIAL","building_permission_status":"REJECTED","violations_reported":"False","is_encumbered":"True","encumbrance_certificate_number":"EC-UK-00000155-0155","encumbrance_type":"LEASE_CHARGE","financial_institution":"","mortgage_amount":"0.0","created_at":"2026-01-15T09:00:00Z","updated_at":"2026-09-24T11:30:00Z"}},{"type":"Feature","geometry":{"type":"Polygon","coordinates":[[[78.65040629987729,30.75183331294765],[78.79755593763996,30.75183331294765],[78.79982957088745,30.917510403460636],[78.63502935603951,30.898957238956402],[78.65040629987729,30.75183331294765]]]},"properties":{"ulpin":"05231934818668","parcel_id":"41bbf8da-3269-4df3-8d66-ecf21479a271","state":"Uttarakhand","state_code":"UK","state_type":"STATE","state_lgd_code":"5","district_lgd_code":"65","district_name":"Dehradun","subdistrict_lgd_code":"510","subdistrict_name":"Rishikesh Tehsil","subdistrict_type":"Tehsil / Taluk","village_lgd_code":"51201","village_name":"Shyampur","khasra_plot_no":"Khasra 340/D156","recorded_area":"8.0","recorded_area_unit":"Bigha-Nali","normalized_area_sqm":"1600.0","gis_area_sqm":"1600.0","land_use_category":"INDUSTRIAL","land_use_raw":"Krishi Bagayat","status":"ARCHIVED","data_freshness_status":"UNKNOWN","scenario_index":"17939","use_case_description":"Archived historical record for audit retrieval","mutation_workflow_status":"REJECTED","revenue_record_id":"ROR-UK-2025-1027-0156","revenue_record_type":"Khatauni (Devbhoomi Uttarakhand)","khata_khewat_no":"KHT-77","khatauni_no":"KHN-177","owner_name":"Mahesh Chandra Joshi","owner_name_local":"महेश चंद्र जोशी","co_owners":"","tenure_type":"Tribal Community Tenure","mutation_status":"NONE","active_mutation_id":"MUT-UK-00000156","tax_demand_status":"PAID","annual_tax_inr":"185.5","deed_number":"DEED-UK-2024-427-0156","deed_type":"Sale Deed / Conveyance","sro_office":"Sub-Registrar Office, Rishikesh Tehsil","execution_date":"2024-05-10","registered_owner":"Registry Variance Owner 156","seller_name":"Previous Landholder","consideration_amount_inr":"3500000.0","stamp_duty_inr":"210000.0","survey_sketch_id":"FMB-UK-27-0156","cadastral_sheet_no":"SHT-UK-27","surveyed_area_sqm":"1600.0","survey_status":"RESURVEY_REQUIRED","urban_authority":"Rishikesh Tehsil Urban Development & Town Planning Authority","zone_name":"Agricultural / Green Buffer","permitted_land_use":"INDUSTRIAL","building_permission_status":"NOT_APPLICABLE","violations_reported":"False","is_encumbered":"False","encumbrance_certificate_number":"EC-UK-2024-127-0156","encumbrance_type":"NIL","financial_institution":"","mortgage_amount":"0.0","created_at":"2026-01-15T09:00:00Z","updated_at":"2026-09-24T11:30:00Z"}},{"type":"Feature","geometry":{"type":"Polygon","coordinates":[[[79.39492277344402,30.091972706286604],[79.6197869751269,30.07578422742083],[79.6197869751269,30.261936240009405],[79.40853660593167,30.261936240009405],[79.39492277344402,30.091972706286604]]]},"properties":{"ulpin":"05020525661207","parcel_id":"e5986592-2b04-4026-930d-e4977eeb777f","state":"Uttarakhand","state_code":"UK","state_type":"STATE","state_lgd_code":"5","district_lgd_code":"65","district_name":"Dehradun","subdistrict_lgd_code":"510","subdistrict_name":"Rishikesh Tehsil","subdistrict_type":"Tehsil / Taluk","village_lgd_code":"51201","village_name":"Shyampur","khasra_plot_no":"Khasra 340/D157","recorded_area":"8.0","recorded_area_unit":"Bigha-Nali","normalized_area_sqm":"1600.0","gis_area_sqm":"1600.0","land_use_category":"AGRICULTURAL","land_use_raw":"Krishi Bagayat","status":"ACTIVE","data_freshness_status":"CURRENT","scenario_index":"17940","use_case_description":"Archived historical record for audit retrieval","mutation_workflow_status":"SLA_BREACHED","revenue_record_id":"ROR-UK-2025-1027-0157","revenue_record_type":"Khatauni (Devbhoomi Uttarakhand)","khata_khewat_no":"KHT-77","khatauni_no":"KHN-177","owner_name":"Mahesh Chandra Joshi","owner_name_local":"महेश चंद्र जोशी","co_owners":"","tenure_type":"Bhumiswami / Raiyati with Transferable Rights","mutation_status":"MUTATED","active_mutation_id":"","tax_demand_status":"PAID","annual_tax_inr":"185.5","deed_number":"DEED-UK-2024-427-0157","deed_type":"Sale Deed / Conveyance","sro_office":"Sub-Registrar Office, Rishikesh Tehsil","execution_date":"2024-05-10","registered_owner":"Mahesh Chandra Joshi","seller_name":"Previous Landholder","consideration_amount_inr":"3500000.0","stamp_duty_inr":"210000.0","survey_sketch_id":"FMB-UK-27-0157","cadastral_sheet_no":"SHT-UK-27","surveyed_area_sqm":"1600.0","survey_status":"SURVEYED","urban_authority":"Rishikesh Tehsil Urban Development & Town Planning Authority","zone_name":"Agricultural / Green Buffer","permitted_land_use":"AGRICULTURAL","building_permission_status":"SANCTIONED","violations_reported":"False","is_encumbered":"True","encumbrance_certificate_number":"EC-UK-00000157-0157","encumbrance_type":"BANK_MORTGAGE","financial_institution":"","mortgage_amount":"0.0","created_at":"2026-01-15T09:00:00Z","updated_at":"2026-09-24T11:30:00Z"}},{"type":"Feature","geometry":{"type":"Polygon","coordinates":[[[79.51109743283995,30.51209995904942],[79.63176598080231,30.51209995904942],[79.61825212879475,30.64757084051757],[79.5021448375756,30.62885270105166],[79.51109743283995,30.51209995904942]]]},"properties":{"ulpin":"05231074580685","parcel_id":"48db90dc-ee22-422a-825f-31a215800d7e","state":"Uttarakhand","state_code":"UK","state_type":"STATE","state_lgd_code":"5","district_lgd_code":"65","district_name":"Dehradun","subdistrict_lgd_code":"510","subdistrict_name":"Rishikesh Tehsil","subdistrict_type":"Tehsil / Taluk","village_lgd_code":"51201","village_name":"Shyampur","khasra_plot_no":"Khasra 340/D158","recorded_area":"8.0","recorded_area_unit":"Bigha-Nali","normalized_area_sqm":"1600.0","gis_area_sqm":"1600.0","land_use_category":"INSTITUTIONAL","land_use_raw":"Krishi Bagayat","status":"PENDING_MUTATION","data_freshness_status":"STALE","scenario_index":"17941","use_case_description":"Bank mortgage and active encumbrance","mutation_workflow_status":"SUBMITTED","revenue_record_id":"ROR-UK-2025-1027-0158","revenue_record_type":"Khatauni (Devbhoomi Uttarakhand)","khata_khewat_no":"KHT-77","khatauni_no":"KHN-177","owner_name":"Mahesh Chandra Joshi","owner_name_local":"महेश चंद्र जोशी","co_owners":"","tenure_type":"Bhumiswami / Freehold","mutation_status":"PENDING","active_mutation_id":"MUT-UK-00000158","tax_demand_status":"PAID","annual_tax_inr":"185.5","deed_number":"DEED-UK-2024-427-0158","deed_type":"Sale Deed / Conveyance","sro_office":"Sub-Registrar Office, Rishikesh Tehsil","execution_date":"2024-05-10","registered_owner":"Mahesh Chandra Joshi","seller_name":"Previous Landholder","consideration_amount_inr":"3500000.0","stamp_duty_inr":"210000.0","survey_sketch_id":"FMB-UK-27-0158","cadastral_sheet_no":"SHT-UK-27","surveyed_area_sqm":"1600.0","survey_status":"PENDING","urban_authority":"Rishikesh Tehsil Urban Development & Town Planning Authority","zone_name":"Agricultural / Green Buffer","permitted_land_use":"INSTITUTIONAL","building_permission_status":"PENDING","violations_reported":"True","is_encumbered":"True","encumbrance_certificate_number":"EC-UK-00000158-0158","encumbrance_type":"GOVT_REVENUE_LIEN","financial_institution":"","mortgage_amount":"0.0","created_at":"2026-01-15T09:00:00Z","updated_at":"2026-09-24T11:30:00Z"}},{"type":"Feature","geometry":{"type":"Polygon","coordinates":[[[78.6471050170661,29.285652699056914],[78.78217279408696,29.285652699056914],[78.8012895558303,29.402324292214175],[78.65099942808693,29.413884342811013],[78.6471050170661,29.285652699056914]]]},"properties":{"ulpin":"05186117784886","parcel_id":"ee142d9b-5543-4331-a3b2-236398b37371","state":"Uttarakhand","state_code":"UK","state_type":"STATE","state_lgd_code":"5","district_lgd_code":"65","district_name":"Dehradun","subdistrict_lgd_code":"510","subdistrict_name":"Rishikesh Tehsil","subdistrict_type":"Tehsil / Taluk","village_lgd_code":"51201","village_name":"Shyampur","khasra_plot_no":"Khasra 340/D159","recorded_area":"8.0","recorded_area_unit":"Bigha-Nali","normalized_area_sqm":"1600.0","gis_area_sqm":"1600.0","land_use_category":"FOREST_GREEN_BELT","land_use_raw":"Krishi Bagayat","status":"SUBDIVIDED","data_freshness_status":"UNKNOWN","scenario_index":"17942","use_case_description":"Government revenue lien and tax demand","mutation_workflow_status":"UNDER_VERIFICATION","revenue_record_id":"ROR-UK-2025-1027-0159","revenue_record_type":"Khatauni (Devbhoomi Uttarakhand)","khata_khewat_no":"KHT-77","khatauni_no":"KHN-177","owner_name":"Mahesh Chandra Joshi","owner_name_local":"महेश चंद्र जोशी","co_owners":"","tenure_type":"Leasehold","mutation_status":"UNMUTATED_TRANSACTION","active_mutation_id":"MUT-UK-00000159","tax_demand_status":"PAID","annual_tax_inr":"185.5","deed_number":"DEED-UK-2024-427-0159","deed_type":"Sale Deed / Conveyance","sro_office":"Sub-Registrar Office, Rishikesh Tehsil","execution_date":"2024-05-10","registered_owner":"Mahesh Chandra Joshi","seller_name":"Previous Landholder","consideration_amount_inr":"3500000.0","stamp_duty_inr":"210000.0","survey_sketch_id":"FMB-UK-27-0159","cadastral_sheet_no":"SHT-UK-27","surveyed_area_sqm":"1600.0","survey_status":"DISPUTED","urban_authority":"Rishikesh Tehsil Urban Development & Town Planning Authority","zone_name":"Agricultural / Green Buffer","permitted_land_use":"FOREST_GREEN_BELT","building_permission_status":"REJECTED","violations_reported":"False","is_encumbered":"True","encumbrance_certificate_number":"EC-UK-00000159-0159","encumbrance_type":"COURT_ATTACHMENT","financial_institution":"","mortgage_amount":"0.0","created_at":"2026-01-15T09:00:00Z","updated_at":"2026-09-24T11:30:00Z"}},{"type":"Feature","geometry":{"type":"Polygon","coordinates":[[[79.49252782356419,31.0591365374808],[79.63653711689582,31.03108678017273],[79.63739237236035,31.201159565376283],[79.48823666455968,31.159564714910015],[79.49252782356419,31.0591365374808]]]},"properties":{"ulpin":"05124437622842","parcel_id":"becd3f5a-3901-4377-8167-435e7f71c021","state":"Uttarakhand","state_code":"UK","state_type":"STATE","state_lgd_code":"5","district_lgd_code":"65","district_name":"Dehradun","subdistrict_lgd_code":"510","subdistrict_name":"Rishikesh Tehsil","subdistrict_type":"Tehsil / Taluk","village_lgd_code":"51201","village_name":"Shyampur","khasra_plot_no":"Khasra 340/D160","recorded_area":"8.0","recorded_area_unit":"Bigha-Nali","normalized_area_sqm":"1600.0","gis_area_sqm":"1600.0","land_use_category":"WATER_BODY","land_use_raw":"Krishi Bagayat","status":"AMALGAMATED","data_freshness_status":"CURRENT","scenario_index":"17943","use_case_description":"Court attachment and disputed possession","mutation_workflow_status":"NOTICE_PERIOD","revenue_record_id":"ROR-UK-2025-1027-0160","revenue_record_type":"Khatauni (Devbhoomi Uttarakhand)","khata_khewat_no":"KHT-77","khatauni_no":"KHN-177","owner_name":"Mahesh Chandra Joshi","owner_name_local":"महेश चंद्र जोशी","co_owners":"","tenure_type":"Government Grant","mutation_status":"REJECTED","active_mutation_id":"MUT-UK-00000160","tax_demand_status":"PAID","annual_tax_inr":"185.5","deed_number":"DEED-UK-2024-427-0160","deed_type":"Sale Deed / Conveyance","sro_office":"Sub-Registrar Office, Rishikesh Tehsil","execution_date":"2024-05-10","registered_owner":"Mahesh Chandra Joshi","seller_name":"Previous Landholder","consideration_amount_inr":"3500000.0","stamp_duty_inr":"210000.0","survey_sketch_id":"FMB-UK-27-0160","cadastral_sheet_no":"SHT-UK-27","surveyed_area_sqm":"1600.0","survey_status":"RESURVEY_REQUIRED","urban_authority":"Rishikesh Tehsil Urban Development & Town Planning Authority","zone_name":"Agricultural / Green Buffer","permitted_land_use":"WATER_BODY","building_permission_status":"NOT_APPLICABLE","violations_reported":"False","is_encumbered":"True","encumbrance_certificate_number":"EC-UK-00000160-0160","encumbrance_type":"TRIBAL_NON_ALIENATION","financial_institution":"","mortgage_amount":"0.0","created_at":"2026-01-15T09:00:00Z","updated_at":"2026-09-24T11:30:00Z"}},{"type":"Feature","geometry":{"type":"Polygon","coordinates":[[[79.49830412526251,31.299418624942007],[79.6284086463189,31.334322217267772],[79.61333256837301,31.44781257098708],[79.50985147091968,31.44781257098708],[79.49830412526251,31.299418624942007]]]},"properties":{"ulpin":"05770723515752","parcel_id":"5f0ea3f4-9610-4e38-a9dc-bfde5fc00047","state":"Uttarakhand","state_code":"UK","state_type":"STATE","state_lgd_code":"5","district_lgd_code":"65","district_name":"Dehradun","subdistrict_lgd_code":"510","subdistrict_name":"Rishikesh Tehsil","subdistrict_type":"Tehsil / Taluk","village_lgd_code":"51201","village_name":"Shyampur","khasra_plot_no":"Khasra 340/D161","recorded_area":"8.0","recorded_area_unit":"Bigha-Nali","normalized_area_sqm":"1600.0","gis_area_sqm":"1600.0","land_use_category":"MIXED_USE","land_use_raw":"Krishi Bagayat","status":"DISPUTED","data_freshness_status":"STALE","scenario_index":"17944","use_case_description":"Tribal non-alienation protection review","mutation_workflow_status":"HEARING_SCHEDULED","revenue_record_id":"ROR-UK-2025-1027-0161","revenue_record_type":"Khatauni (Devbhoomi Uttarakhand)","khata_khewat_no":"KHT-77","khatauni_no":"KHN-177","owner_name":"Mahesh Chandra Joshi","owner_name_local":"महेश चंद्र जोशी","co_owners":"","tenure_type":"Waqf / Religious Trust","mutation_status":"DISPUTED","active_mutation_id":"MUT-UK-00000161","tax_demand_status":"PAID","annual_tax_inr":"185.5","deed_number":"DEED-UK-2024-427-0161","deed_type":"Sale Deed / Conveyance","sro_office":"Sub-Registrar Office, Rishikesh Tehsil","execution_date":"2024-05-10","registered_owner":"Registry Variance Owner 161","seller_name":"Previous Landholder","consideration_amount_inr":"3500000.0","stamp_duty_inr":"210000.0","survey_sketch_id":"FMB-UK-27-0161","cadastral_sheet_no":"SHT-UK-27","surveyed_area_sqm":"1600.0","survey_status":"SURVEYED","urban_authority":"Rishikesh Tehsil Urban Development & Town Planning Authority","zone_name":"Agricultural / Green Buffer","permitted_land_use":"MIXED_USE","building_permission_status":"SANCTIONED","violations_reported":"False","is_encumbered":"True","encumbrance_certificate_number":"EC-UK-00000161-0161","encumbrance_type":"LEASE_CHARGE","financial_institution":"","mortgage_amount":"0.0","created_at":"2026-01-15T09:00:00Z","updated_at":"2026-09-24T11:30:00Z"}},{"type":"Feature","geometry":{"type":"Polygon","coordinates":[[[80.23709380322342,29.97187622563392],[80.35976050684837,29.97348466109924],[80.38370964537036,30.09947532368566],[80.23720540123072,30.08052998520383],[80.23709380322342,29.97187622563392]]]},"properties":{"ulpin":"05040548465972","parcel_id":"31db5a48-fc3e-475b-9b9b-98024ddfdf44","state":"Uttarakhand","state_code":"UK","state_type":"STATE","state_lgd_code":"5","district_lgd_code":"65","district_name":"Dehradun","subdistrict_lgd_code":"510","subdistrict_name":"Rishikesh Tehsil","subdistrict_type":"Tehsil / Taluk","village_lgd_code":"51201","village_name":"Shyampur","khasra_plot_no":"Khasra 340/D162","recorded_area":"8.0","recorded_area_unit":"Bigha-Nali","normalized_area_sqm":"1600.0","gis_area_sqm":"1600.0","land_use_category":"OTHER","land_use_raw":"Krishi Bagayat","status":"ARCHIVED","data_freshness_status":"UNKNOWN","scenario_index":"17945","use_case_description":"Cadastral area discrepancy requiring resurvey","mutation_workflow_status":"APPROVED","revenue_record_id":"ROR-UK-2025-1027-0162","revenue_record_type":"Khatauni (Devbhoomi Uttarakhand)","khata_khewat_no":"KHT-77","khatauni_no":"KHN-177","owner_name":"Mahesh Chandra Joshi","owner_name_local":"महेश चंद्र जोशी","co_owners":"","tenure_type":"Tribal Community Tenure","mutation_status":"NONE","active_mutation_id":"MUT-UK-00000162","tax_demand_status":"PAID","annual_tax_inr":"185.5","deed_number":"DEED-UK-2024-427-0162","deed_type":"Sale Deed / Conveyance","sro_office":"Sub-Registrar Office, Rishikesh Tehsil","execution_date":"2024-05-10","registered_owner":"Mahesh Chandra Joshi","seller_name":"Previous Landholder","consideration_amount_inr":"3500000.0","stamp_duty_inr":"210000.0","survey_sketch_id":"FMB-UK-27-0162","cadastral_sheet_no":"SHT-UK-27","surveyed_area_sqm":"1600.0","survey_status":"PENDING","urban_authority":"Rishikesh Tehsil Urban Development & Town Planning Authority","zone_name":"Agricultural / Green Buffer","permitted_land_use":"OTHER","building_permission_status":"PENDING","violations_reported":"False","is_encumbered":"False","encumbrance_certificate_number":"EC-UK-2024-127-0162","encumbrance_type":"NIL","financial_institution":"","mortgage_amount":"0.0","created_at":"2026-01-15T09:00:00Z","updated_at":"2026-09-24T11:30:00Z"}},{"type":"Feature","geometry":{"type":"Polygon","coordinates":[[[78.63502935603951,30.898957238956402],[78.79982957088745,30.917510403460636],[78.80936400674217,31.04402003129185],[78.64975030445811,31.05117376557433],[78.63502935603951,30.898957238956402]]]},"properties":{"ulpin":"05887856645554","parcel_id":"7b593cd3-f822-4a20-8779-9a43f7472b69","state":"Uttarakhand","state_code":"UK","state_type":"STATE","state_lgd_code":"5","district_lgd_code":"65","district_name":"Dehradun","subdistrict_lgd_code":"510","subdistrict_name":"Rishikesh Tehsil","subdistrict_type":"Tehsil / Taluk","village_lgd_code":"51201","village_name":"Shyampur","khasra_plot_no":"Khasra 340/D163","recorded_area":"8.0","recorded_area_unit":"Bigha-Nali","normalized_area_sqm":"1600.0","gis_area_sqm":"1600.0","land_use_category":"RESIDENTIAL","land_use_raw":"Krishi Bagayat","status":"ACTIVE","data_freshness_status":"CURRENT","scenario_index":"17946","use_case_description":"Subdivision or amalgamation history review","mutation_workflow_status":"REJECTED","revenue_record_id":"ROR-UK-2025-1027-0163","revenue_record_type":"Khatauni (Devbhoomi Uttarakhand)","khata_khewat_no":"KHT-77","khatauni_no":"KHN-177","owner_name":"Mahesh Chandra Joshi","owner_name_local":"महेश चंद्र जोशी","co_owners":"","tenure_type":"Bhumiswami / Raiyati with Transferable Rights","mutation_status":"MUTATED","active_mutation_id":"","tax_demand_status":"PAID","annual_tax_inr":"185.5","deed_number":"DEED-UK-2024-427-0163","deed_type":"Sale Deed / Conveyance","sro_office":"Sub-Registrar Office, Rishikesh Tehsil","execution_date":"2024-05-10","registered_owner":"Mahesh Chandra Joshi","seller_name":"Previous Landholder","consideration_amount_inr":"3500000.0","stamp_duty_inr":"210000.0","survey_sketch_id":"FMB-UK-27-0163","cadastral_sheet_no":"SHT-UK-27","surveyed_area_sqm":"1600.0","survey_status":"DISPUTED","urban_authority":"Rishikesh Tehsil Urban Development & Town Planning Authority","zone_name":"Agricultural / Green Buffer","permitted_land_use":"RESIDENTIAL","building_permission_status":"REJECTED","violations_reported":"False","is_encumbered":"True","encumbrance_certificate_number":"EC-UK-00000163-0163","encumbrance_type":"BANK_MORTGAGE","financial_institution":"","mortgage_amount":"0.0","created_at":"2026-01-15T09:00:00Z","updated_at":"2026-09-24T11:30:00Z"}},{"type":"Feature","geometry":{"type":"Polygon","coordinates":[[[80.10723536548852,30.90900450186621],[80.2500957783768,30.888295503306782],[80.26050937013392,31.011648849604207],[80.12133038868446,31.002081678648363],[80.10723536548852,30.90900450186621]]]},"properties":{"ulpin":"05396027282609","parcel_id":"376952e7-316b-4a92-ac2a-0068a23500e5","state":"Uttarakhand","state_code":"UK","state_type":"STATE","state_lgd_code":"5","district_lgd_code":"65","district_name":"Dehradun","subdistrict_lgd_code":"510","subdistrict_name":"Rishikesh Tehsil","subdistrict_type":"Tehsil / Taluk","village_lgd_code":"51201","village_name":"Shyampur","khasra_plot_no":"Khasra 340/D164","recorded_area":"8.0","recorded_area_unit":"Bigha-Nali","normalized_area_sqm":"1600.0","gis_area_sqm":"1600.0","land_use_category":"COMMERCIAL","land_use_raw":"Krishi Bagayat","status":"PENDING_MUTATION","data_freshness_status":"STALE","scenario_index":"17947","use_case_description":"Archived historical record for audit retrieval","mutation_workflow_status":"SLA_BREACHED","revenue_record_id":"ROR-UK-2025-1027-0164","revenue_record_type":"Khatauni (Devbhoomi Uttarakhand)","khata_khewat_no":"KHT-77","khatauni_no":"KHN-177","owner_name":"Mahesh Chandra Joshi","owner_name_local":"महेश चंद्र जोशी","co_owners":"","tenure_type":"Bhumiswami / Freehold","mutation_status":"PENDING","active_mutation_id":"MUT-UK-00000164","tax_demand_status":"PAID","annual_tax_inr":"185.5","deed_number":"DEED-UK-2024-427-0164","deed_type":"Sale Deed / Conveyance","sro_office":"Sub-Registrar Office, Rishikesh Tehsil","execution_date":"2024-05-10","registered_owner":"Mahesh Chandra Joshi","seller_name":"Previous Landholder","consideration_amount_inr":"3500000.0","stamp_duty_inr":"210000.0","survey_sketch_id":"FMB-UK-27-0164","cadastral_sheet_no":"SHT-UK-27","surveyed_area_sqm":"1600.0","survey_status":"RESURVEY_REQUIRED","urban_authority":"Rishikesh Tehsil Urban Development & Town Planning Authority","zone_name":"Agricultural / Green Buffer","permitted_land_use":"COMMERCIAL","building_permission_status":"NOT_APPLICABLE","violations_reported":"False","is_encumbered":"True","encumbrance_certificate_number":"EC-UK-00000164-0164","encumbrance_type":"GOVT_REVENUE_LIEN","financial_institution":"","mortgage_amount":"0.0","created_at":"2026-01-15T09:00:00Z","updated_at":"2026-09-24T11:30:00Z"}},{"type":"Feature","geometry":{"type":"Polygon","coordinates":[[[78.37226670631615,31.181308010460064],[78.52908673200747,31.173020777588405],[78.51890359534596,31.32887512749443],[78.37226670631615,31.341010868564656],[78.37226670631615,31.181308010460064]]]},"properties":{"ulpin":"05931533276080","parcel_id":"d7b75ca3-dd7d-4c19-8ab2-9664d80d534a","state":"Uttarakhand","state_code":"UK","state_type":"STATE","state_lgd_code":"5","district_lgd_code":"65","district_name":"Dehradun","subdistrict_lgd_code":"510","subdistrict_name":"Rishikesh Tehsil","subdistrict_type":"Tehsil / Taluk","village_lgd_code":"51201","village_name":"Shyampur","khasra_plot_no":"Khasra 340/D165","recorded_area":"8.0","recorded_area_unit":"Bigha-Nali","normalized_area_sqm":"1600.0","gis_area_sqm":"1600.0","land_use_category":"INDUSTRIAL","land_use_raw":"Krishi Bagayat","status":"SUBDIVIDED","data_freshness_status":"UNKNOWN","scenario_index":"17948","use_case_description":"Bank mortgage and active encumbrance","mutation_workflow_status":"SUBMITTED","revenue_record_id":"ROR-UK-2025-1027-0165","revenue_record_type":"Khatauni (Devbhoomi Uttarakhand)","khata_khewat_no":"KHT-77","khatauni_no":"KHN-177","owner_name":"Mahesh Chandra Joshi","owner_name_local":"महेश चंद्र जोशी","co_owners":"","tenure_type":"Leasehold","mutation_status":"UNMUTATED_TRANSACTION","active_mutation_id":"MUT-UK-00000165","tax_demand_status":"PAID","annual_tax_inr":"185.5","deed_number":"DEED-UK-2024-427-0165","deed_type":"Sale Deed / Conveyance","sro_office":"Sub-Registrar Office, Rishikesh Tehsil","execution_date":"2024-05-10","registered_owner":"Mahesh Chandra Joshi","seller_name":"Previous Landholder","consideration_amount_inr":"3500000.0","stamp_duty_inr":"210000.0","survey_sketch_id":"FMB-UK-27-0165","cadastral_sheet_no":"SHT-UK-27","surveyed_area_sqm":"1600.0","survey_status":"SURVEYED","urban_authority":"Rishikesh Tehsil Urban Development & Town Planning Authority","zone_name":"Agricultural / Green Buffer","permitted_land_use":"INDUSTRIAL","building_permission_status":"SANCTIONED","violations_reported":"True","is_encumbered":"True","encumbrance_certificate_number":"EC-UK-00000165-0165","encumbrance_type":"COURT_ATTACHMENT","financial_institution":"","mortgage_amount":"0.0","created_at":"2026-01-15T09:00:00Z","updated_at":"2026-09-24T11:30:00Z"}},{"type":"Feature","geometry":{"type":"Polygon","coordinates":[[[78.37226670631615,31.0381551465934],[78.5019000341976,31.025341573543766],[78.52908673200747,31.173020777588405],[78.37226670631615,31.181308010460064],[78.37226670631615,31.0381551465934]]]},"properties":{"ulpin":"05969535997467","parcel_id":"50a55930-def8-48ff-a191-c99b3942dd4b","state":"Uttarakhand","state_code":"UK","state_type":"STATE","state_lgd_code":"5","district_lgd_code":"65","district_name":"Dehradun","subdistrict_lgd_code":"510","subdistrict_name":"Rishikesh Tehsil","subdistrict_type":"Tehsil / Taluk","village_lgd_code":"51201","village_name":"Shyampur","khasra_plot_no":"Khasra 340/D166","recorded_area":"8.0","recorded_area_unit":"Bigha-Nali","normalized_area_sqm":"1600.0","gis_area_sqm":"1600.0","land_use_category":"AGRICULTURAL","land_use_raw":"Krishi Bagayat","status":"AMALGAMATED","data_freshness_status":"CURRENT","scenario_index":"17949","use_case_description":"Government revenue lien and tax demand","mutation_workflow_status":"UNDER_VERIFICATION","revenue_record_id":"ROR-UK-2025-1027-0166","revenue_record_type":"Khatauni (Devbhoomi Uttarakhand)","khata_khewat_no":"KHT-77","khatauni_no":"KHN-177","owner_name":"Mahesh Chandra Joshi","owner_name_local":"महेश चंद्र जोशी","co_owners":"","tenure_type":"Government Grant","mutation_status":"REJECTED","active_mutation_id":"MUT-UK-00000166","tax_demand_status":"PAID","annual_tax_inr":"185.5","deed_number":"DEED-UK-2024-427-0166","deed_type":"Sale Deed / Conveyance","sro_office":"Sub-Registrar Office, Rishikesh Tehsil","execution_date":"2024-05-10","registered_owner":"Registry Variance Owner 166","seller_name":"Previous Landholder","consideration_amount_inr":"3500000.0","stamp_duty_inr":"210000.0","survey_sketch_id":"FMB-UK-27-0166","cadastral_sheet_no":"SHT-UK-27","surveyed_area_sqm":"1600.0","survey_status":"PENDING","urban_authority":"Rishikesh Tehsil Urban Development & Town Planning Authority","zone_name":"Agricultural / Green Buffer","permitted_land_use":"AGRICULTURAL","building_permission_status":"PENDING","violations_reported":"False","is_encumbered":"True","encumbrance_certificate_number":"EC-UK-00000166-0166","encumbrance_type":"TRIBAL_NON_ALIENATION","financial_institution":"","mortgage_amount":"0.0","created_at":"2026-01-15T09:00:00Z","updated_at":"2026-09-24T11:30:00Z"}},{"type":"Feature","geometry":{"type":"Polygon","coordinates":[[[80.38655770260347,31.558942073781076],[80.50016536201095,31.5511075641204],[80.52203206535476,31.651219607942952],[80.4061058961697,31.651219607942952],[80.38655770260347,31.558942073781076]]]},"properties":{"ulpin":"05521814944291","parcel_id":"251805e2-291a-4e11-b5a8-90a937d57b59","state":"Uttarakhand","state_code":"UK","state_type":"STATE","state_lgd_code":"5","district_lgd_code":"65","district_name":"Dehradun","subdistrict_lgd_code":"510","subdistrict_name":"Rishikesh Tehsil","subdistrict_type":"Tehsil / Taluk","village_lgd_code":"51201","village_name":"Shyampur","khasra_plot_no":"Khasra 340/D167","recorded_area":"8.0","recorded_area_unit":"Bigha-Nali","normalized_area_sqm":"1600.0","gis_area_sqm":"1600.0","land_use_category":"INSTITUTIONAL","land_use_raw":"Krishi Bagayat","status":"DISPUTED","data_freshness_status":"STALE","scenario_index":"17950","use_case_description":"Court attachment and disputed possession","mutation_workflow_status":"NOTICE_PERIOD","revenue_record_id":"ROR-UK-2025-1027-0167","revenue_record_type":"Khatauni (Devbhoomi Uttarakhand)","khata_khewat_no":"KHT-77","khatauni_no":"KHN-177","owner_name":"Mahesh Chandra Joshi","owner_name_local":"महेश चंद्र जोशी","co_owners":"","tenure_type":"Waqf / Religious Trust","mutation_status":"DISPUTED","active_mutation_id":"MUT-UK-00000167","tax_demand_status":"PAID","annual_tax_inr":"185.5","deed_number":"DEED-UK-2024-427-0167","deed_type":"Sale Deed / Conveyance","sro_office":"Sub-Registrar Office, Rishikesh Tehsil","execution_date":"2024-05-10","registered_owner":"Mahesh Chandra Joshi","seller_name":"Previous Landholder","consideration_amount_inr":"3500000.0","stamp_duty_inr":"210000.0","survey_sketch_id":"FMB-UK-27-0167","cadastral_sheet_no":"SHT-UK-27","surveyed_area_sqm":"1600.0","survey_status":"DISPUTED","urban_authority":"Rishikesh Tehsil Urban Development & Town Planning Authority","zone_name":"Agricultural / Green Buffer","permitted_land_use":"INSTITUTIONAL","building_permission_status":"REJECTED","violations_reported":"False","is_encumbered":"True","encumbrance_certificate_number":"EC-UK-00000167-0167","encumbrance_type":"LEASE_CHARGE","financial_institution":"","mortgage_amount":"0.0","created_at":"2026-01-15T09:00:00Z","updated_at":"2026-09-24T11:30:00Z"}}]}